{
  "authorDailyContributionsMap": {
    "pekchinsiongbrian": [
      {
        "insertions": 1,
        "deletions": 1,
        "date": "2020-02-26",
        "commitResults": [
          {
            "hash": "90f108c477a135e5956e2ea4055c064c6632faf4",
            "messageTitle": "Initial Commit",
            "messageBody": "",
            "insertions": 1,
            "deletions": 1
          }
        ]
      },
      {
        "insertions": 23,
        "deletions": 272,
        "date": "2020-02-27",
        "commitResults": [
          {
            "hash": "2fccedaea910ad45272e985d1373d55dadbabf22",
            "messageTitle": "tutorial-removing-field",
            "messageBody": "",
            "insertions": 23,
            "deletions": 215
          },
          {
            "hash": "c9460d0347a85e56836bc5cc45d48d33c43c5915",
            "messageTitle": "deleted Address class",
            "messageBody": "",
            "insertions": 0,
            "deletions": 57
          }
        ]
      },
      {
        "insertions": 48,
        "deletions": 94,
        "date": "2020-03-02",
        "commitResults": [
          {
            "hash": "374f77994d0378056c0f60ec12e5b5fb92469261",
            "messageTitle": "tutorial-removing-field",
            "messageBody": "",
            "insertions": 22,
            "deletions": 39
          },
          {
            "hash": "ec3b4effc6d25b45a14a752045b9f535ebfa731f",
            "messageTitle": "tutorial-removing-field",
            "messageBody": "",
            "insertions": 26,
            "deletions": 43
          },
          {
            "hash": "2094a2169b6fe72449180efd12310c2078ab1fd2",
            "messageTitle": "tutorial-removing-field",
            "messageBody": "",
            "insertions": 0,
            "deletions": 11
          },
          {
            "hash": "f1f8aa63e5a59d495bb872a086a181c902c7fce6",
            "messageTitle": "Deleted redundant text file from ininitial commit",
            "messageBody": "",
            "insertions": 0,
            "deletions": 1
          }
        ]
      },
      {
        "insertions": 2,
        "deletions": 2,
        "date": "2020-03-04",
        "commitResults": [
          {
            "hash": "a7369be96e8b7c5e1ec10fe00f1aa89a0e41ed6b",
            "messageTitle": "Updated build.gradle, UG and DG repoURL to reflect team repoURL",
            "messageBody": "",
            "insertions": 2,
            "deletions": 2
          }
        ]
      },
      {
        "insertions": 532,
        "deletions": 644,
        "date": "2020-03-11",
        "commitResults": [
          {
            "hash": "31d1f0dd3ce84470310c3cfe63aa45224b480679",
            "messageTitle": "Morphed AddressBook into RecipeBook",
            "messageBody": "",
            "insertions": 474,
            "deletions": 473
          },
          {
            "hash": "ab6e0ac61bcf6bf79441c137b03a7132b2e4186b",
            "messageTitle": "Removed remaining Address fields",
            "messageBody": "",
            "insertions": 11,
            "deletions": 11
          },
          {
            "hash": "5540189dbad7797e2bf482345709a47258d02760",
            "messageTitle": "Fixed checkstyle",
            "messageBody": "",
            "insertions": 6,
            "deletions": 6
          },
          {
            "hash": "6bf235457ba74ab645a4f9c82856580578a38583",
            "messageTitle": "Edited test cases",
            "messageBody": "",
            "insertions": 14,
            "deletions": 14
          },
          {
            "hash": "69d040f28609ad76011941bcecd83e93abe3cefa",
            "messageTitle": "Fixed checkstyle",
            "messageBody": "",
            "insertions": 8,
            "deletions": 7
          },
          {
            "hash": "2de3a3c6081ef51e11af3ad3931a1ea7d66ffc13",
            "messageTitle": "Updated tests",
            "messageBody": "",
            "insertions": 3,
            "deletions": 3
          },
          {
            "hash": "5009f1bb3ff850b43e5fa3bbc2dedc624faa0d04",
            "messageTitle": "Updated tests",
            "messageBody": "",
            "insertions": 1,
            "deletions": 2
          },
          {
            "hash": "e679d2f043b722f136dfc92e41e86a6ca25d869f",
            "messageTitle": "Commented out several faulty lines of test code - review in future",
            "messageBody": "",
            "insertions": 5,
            "deletions": 3
          },
          {
            "hash": "436419d5e2942425d7ad67051995134abf92b4af",
            "messageTitle": "Fixed checkstyle",
            "messageBody": "",
            "insertions": 8,
            "deletions": 4
          },
          {
            "hash": "a2c49f980d346a92b01c23d551d88fb6c63dcc8d",
            "messageTitle": "Revert \"Merge remote-tracking branch \u0027upstream/master\u0027 into addressbook-to-recipebook\"",
            "messageBody": "This reverts commit 84fd10249a8f5d465f9e8ec12c4da668bc2a70a1, reversing\nchanges made to 436419d5e2942425d7ad67051995134abf92b4af.\n",
            "insertions": 0,
            "deletions": 114
          },
          {
            "hash": "cbab3070ced0f7abe564fb8cc915f63ae35d38f0",
            "messageTitle": "Fixed bug in tests",
            "messageBody": "",
            "insertions": 2,
            "deletions": 7
          }
        ]
      },
      {
        "insertions": 216,
        "deletions": 98,
        "date": "2020-03-16",
        "commitResults": [
          {
            "hash": "7dbb715f253d371d9d6f4425455ba57e7238ca88",
            "messageTitle": "Added steps as a list attribute to Recipe",
            "messageBody": "",
            "insertions": 216,
            "deletions": 98
          }
        ]
      },
      {
        "insertions": 47,
        "deletions": 28,
        "date": "2020-03-17",
        "commitResults": [
          {
            "hash": "8a611a69aa8b4cc342fbe6afcc1aba7e69ffd15d",
            "messageTitle": "Edited test cases to cater to new implementations",
            "messageBody": "",
            "insertions": 41,
            "deletions": 22
          },
          {
            "hash": "f26a31d10a3dfb485ce6e09fc7588af9ba718d01",
            "messageTitle": "Added database to tracking and changed access modifiers of some JUnit test parameters",
            "messageBody": "",
            "insertions": 6,
            "deletions": 6
          }
        ]
      },
      {
        "insertions": 424,
        "deletions": 54,
        "date": "2020-03-18",
        "commitResults": [
          {
            "hash": "a1883d8fb5f5f973e256665cfb061f254e97471d",
            "messageTitle": "Added favourites and unfavourites command, enhanced delete feature",
            "messageBody": "",
            "insertions": 310,
            "deletions": 14
          },
          {
            "hash": "291d084a6b4b73718f129b4e56401f95a0fdfd02",
            "messageTitle": "Completed favourite and unfavourite feature and updated JUnit tests for delete function",
            "messageBody": "",
            "insertions": 114,
            "deletions": 40
          }
        ]
      },
      {
        "insertions": 324,
        "deletions": 45,
        "date": "2020-03-21",
        "commitResults": [
          {
            "hash": "915306ac3671cfdbe822d4997ca9326e24f5e716",
            "messageTitle": "Minor changes to favourite and unfavourite command",
            "messageBody": "",
            "insertions": 4,
            "deletions": 2
          },
          {
            "hash": "e0e68ab8bb4777af01d086d2fadcce1aff3d2563",
            "messageTitle": "Added advanced filter feature",
            "messageBody": "",
            "insertions": 317,
            "deletions": 40
          },
          {
            "hash": "0d69c477b1c4c51ac6dc8e72bf8fd57444a928c3",
            "messageTitle": "Removed debugging line",
            "messageBody": "",
            "insertions": 0,
            "deletions": 1
          },
          {
            "hash": "7df7634d45df5cad10395dc743125e7ac60381f3",
            "messageTitle": "Updated equals() method for RecipeMatchesKeywordsPredicate class",
            "messageBody": "",
            "insertions": 3,
            "deletions": 2
          }
        ]
      },
      {
        "insertions": 395,
        "deletions": 36,
        "date": "2020-03-22",
        "commitResults": [
          {
            "hash": "2ad2096f2ce0d15d630b71e391ca645b559bdbb2",
            "messageTitle": "Completed Advanced Filter feature",
            "messageBody": "",
            "insertions": 390,
            "deletions": 31
          },
          {
            "hash": "1d67d7323a2b9e7b8a76980467dbeebde891b374",
            "messageTitle": "Minor edits to ParserUtil javadocs",
            "messageBody": "",
            "insertions": 5,
            "deletions": 5
          }
        ]
      },
      {
        "insertions": 220,
        "deletions": 72,
        "date": "2020-03-23",
        "commitResults": [
          {
            "hash": "f3975c0f81d4bc3522aae7990d119ffbd9867232",
            "messageTitle": "Added ability to exclude ingredients in filter feature",
            "messageBody": "",
            "insertions": 55,
            "deletions": 8
          },
          {
            "hash": "08a7401fe93126cb8f55017511983141628e8623",
            "messageTitle": "Modularized code and added javadocs to new methods",
            "messageBody": "",
            "insertions": 124,
            "deletions": 40
          },
          {
            "hash": "2ac500793a8ea7ec8d7a525dfb1f3e7fb54b9804",
            "messageTitle": "Added padding to Ingredients and Steps in RecipeCard",
            "messageBody": "",
            "insertions": 3,
            "deletions": 0
          },
          {
            "hash": "331136884d60b13751abbf4ab7c3f9178997e21a",
            "messageTitle": "Minor edits to adhere to checkstyle",
            "messageBody": "",
            "insertions": 1,
            "deletions": 1
          },
          {
            "hash": "963af180cbe0aac63b642ca59cba60ca671f1924",
            "messageTitle": "Fixed bug in predicate testing for ingredients",
            "messageBody": "",
            "insertions": 2,
            "deletions": 2
          },
          {
            "hash": "7a8734dffccbf2acddfdf021f3882b6775625c2e",
            "messageTitle": "Fixed bug where editing a recipe will remove the recipe from favourites",
            "messageBody": "",
            "insertions": 1,
            "deletions": 14
          },
          {
            "hash": "406d65c3acc7f9404453b6a9038452729d1c978e",
            "messageTitle": "Edited RecipeCard (UI)",
            "messageBody": "",
            "insertions": 34,
            "deletions": 7
          }
        ]
      },
      {
        "insertions": 416,
        "deletions": 82,
        "date": "2020-03-24",
        "commitResults": [
          {
            "hash": "ed185694ad7a023c023eea0b942aabd1ebe3b57a",
            "messageTitle": "Undo and redo features",
            "messageBody": "",
            "insertions": 240,
            "deletions": 13
          },
          {
            "hash": "f6f919c53029ee0a90e9d432859555f244fb4965",
            "messageTitle": "Enhanced undo and redo feature to allow for multiple undo and redo operations",
            "messageBody": "",
            "insertions": 155,
            "deletions": 50
          },
          {
            "hash": "395985a8438fdf017b0fc5d5b6bfdb9ff46acd94",
            "messageTitle": "Minor edits to variable name, method used, and Ingredients comparator",
            "messageBody": "",
            "insertions": 21,
            "deletions": 19
          }
        ]
      },
      {
        "insertions": 1153,
        "deletions": 52,
        "date": "2020-03-25",
        "commitResults": [
          {
            "hash": "c1cfa1695203ceb6654c1dc7717925f95331d2d2",
            "messageTitle": "Added addStep command",
            "messageBody": "",
            "insertions": 157,
            "deletions": 27
          },
          {
            "hash": "411d342c066a8025462d7d687cb95f2b0faa8ad5",
            "messageTitle": "Added deleteStep command halfway",
            "messageBody": "",
            "insertions": 120,
            "deletions": 0
          },
          {
            "hash": "a4509f0ce2b1a838f244ceec3ff3273d9359c868",
            "messageTitle": "Added deleteStep command",
            "messageBody": "",
            "insertions": 56,
            "deletions": 17
          },
          {
            "hash": "cdd3b7cb52f0a5a925f24c5bc259768d5584ec3d",
            "messageTitle": "Added deleteStep command",
            "messageBody": "",
            "insertions": 8,
            "deletions": 0
          },
          {
            "hash": "35cd33e416fd0ab1b932f81f6be26ec3d99397ca",
            "messageTitle": "Added editStep command",
            "messageBody": "",
            "insertions": 154,
            "deletions": 5
          },
          {
            "hash": "f4399129af49b50fb6acf25bfb6e5f2d63410d5a",
            "messageTitle": "Added addIngredient command",
            "messageBody": "",
            "insertions": 323,
            "deletions": 3
          },
          {
            "hash": "367afc55d5220593194085b42d56f7be520067a5",
            "messageTitle": "Added deleteIngredient command",
            "messageBody": "",
            "insertions": 335,
            "deletions": 0
          }
        ]
      },
      {
        "insertions": 440,
        "deletions": 32,
        "date": "2020-03-26",
        "commitResults": [
          {
            "hash": "b726afb97c2eb731cc8d423f94ce0281e1279106",
            "messageTitle": "Added editIngredient command",
            "messageBody": "",
            "insertions": 413,
            "deletions": 20
          },
          {
            "hash": "9b0eaeb536ddd12b09a6aa4aba43f24980faf089",
            "messageTitle": "Added method to remove extra whitespaces between words in recipe name and ingredient name",
            "messageBody": "",
            "insertions": 19,
            "deletions": 7
          },
          {
            "hash": "bebfa87349cb5973fe780c9863a6de30ca1ddb42",
            "messageTitle": "Removed unnecessary comments and udpated javadocs",
            "messageBody": "",
            "insertions": 8,
            "deletions": 5
          }
        ]
      },
      {
        "insertions": 23,
        "deletions": 99,
        "date": "2020-03-27",
        "commitResults": [
          {
            "hash": "86f36012206f63258084f74e166108bcb6ba21cd",
            "messageTitle": "Edited DG and updated FilterCommandParser to make it leaner",
            "messageBody": "",
            "insertions": 23,
            "deletions": 99
          }
        ]
      },
      {
        "insertions": 161,
        "deletions": 77,
        "date": "2020-03-30",
        "commitResults": [
          {
            "hash": "a175ada852d219ff1d01019085c82dae3cef7352",
            "messageTitle": "Urgent fixes for various commands",
            "messageBody": "",
            "insertions": 152,
            "deletions": 59
          },
          {
            "hash": "4e182a45cb9d8038f93a92ab4cd5b745d9bfec5d",
            "messageTitle": "Fixed edit command behavior",
            "messageBody": "",
            "insertions": 5,
            "deletions": 0
          },
          {
            "hash": "59af18a5594c25f09749178481aef2e8b8b278b6",
            "messageTitle": "Removed unnecessary catch block in EditStepCommandParser",
            "messageBody": "",
            "insertions": 0,
            "deletions": 2
          },
          {
            "hash": "43c3c6de5496d69955d510cf4cc0572ef495d057",
            "messageTitle": "Updated DG for Advanced Filter",
            "messageBody": "",
            "insertions": 4,
            "deletions": 16
          }
        ]
      }
    ],
    "tharshita": [
      {
        "insertions": 69,
        "deletions": 333,
        "date": "2020-02-26",
        "commitResults": [
          {
            "hash": "5ae3652e8b1d9dffad064af25d29d413ed824df4",
            "messageTitle": "initial commit test",
            "messageBody": "",
            "insertions": 1,
            "deletions": 1
          },
          {
            "hash": "58fd82ddd3c16b7acf935b277546505681071bda",
            "messageTitle": "deleted addresses, test cases pass",
            "messageBody": "",
            "insertions": 68,
            "deletions": 332
          }
        ]
      },
      {
        "insertions": 8,
        "deletions": 57,
        "date": "2020-03-05",
        "commitResults": [
          {
            "hash": "53845dfdec632fb074e9f2cb1affdcedfc4e288c",
            "messageTitle": "passed checkstyle main and test",
            "messageBody": "",
            "insertions": 8,
            "deletions": 57
          }
        ]
      },
      {
        "insertions": 1889,
        "deletions": 1888,
        "date": "2020-03-06",
        "commitResults": [
          {
            "hash": "423faa2da2cefb7f7c6267053919da2936dda6d0",
            "messageTitle": "morphed all person to recipe",
            "messageBody": "",
            "insertions": 1250,
            "deletions": 1250
          },
          {
            "hash": "9d30d972c789b69e15c484dbe099dd0c6ec5e6bb",
            "messageTitle": "morphed all tags to goals",
            "messageBody": "",
            "insertions": 340,
            "deletions": 340
          },
          {
            "hash": "688029f3941f38a9acc3aa6b4b9c2a8ac8145cfb",
            "messageTitle": "added time field and removed all phone fields in recipe",
            "messageBody": "",
            "insertions": 299,
            "deletions": 298
          }
        ]
      },
      {
        "insertions": 321,
        "deletions": 354,
        "date": "2020-03-14",
        "commitResults": [
          {
            "hash": "fc0559771db0b5a6c68f4e20e461a6a87974825a",
            "messageTitle": "email refactored to step",
            "messageBody": "",
            "insertions": 273,
            "deletions": 273
          },
          {
            "hash": "0833e388047279caaff9a8e066427aa24310870b",
            "messageTitle": "passed checkstyle",
            "messageBody": "",
            "insertions": 33,
            "deletions": 32
          },
          {
            "hash": "6ed574bc38ee229a3fdf28e5163230153607a6bf",
            "messageTitle": "adds a singular non-empty step to recipe",
            "messageBody": "",
            "insertions": 8,
            "deletions": 23
          },
          {
            "hash": "bfa3dbea6bff7f1b6c5e054ea9faf2c35f8a3efe",
            "messageTitle": "test cases fixed and checkstyle passed",
            "messageBody": "",
            "insertions": 6,
            "deletions": 25
          },
          {
            "hash": "04d55a27a9f18a0cee8ec4fcb2475ec81a817a93",
            "messageTitle": "reverted changes to docs",
            "messageBody": "",
            "insertions": 1,
            "deletions": 1
          }
        ]
      },
      {
        "insertions": 47,
        "deletions": 5,
        "date": "2020-03-18",
        "commitResults": [
          {
            "hash": "c66f9d22c7db0111381f95b9ca54f3314dc4355c",
            "messageTitle": "resolved merge error",
            "messageBody": "",
            "insertions": 40,
            "deletions": 4
          },
          {
            "hash": "f83baad3acfe509e849b7d0e0c1f288a7d730dd9",
            "messageTitle": "editted new files",
            "messageBody": "",
            "insertions": 1,
            "deletions": 1
          },
          {
            "hash": "9e5c5533b6498488f66ff0683f648e627e03d9e8",
            "messageTitle": "passed checkstyle",
            "messageBody": "",
            "insertions": 6,
            "deletions": 0
          }
        ]
      },
      {
        "insertions": 334,
        "deletions": 71,
        "date": "2020-03-25",
        "commitResults": [
          {
            "hash": "f2da804f12b1345e82e6e406d20180a4d18bce78",
            "messageTitle": "reset head",
            "messageBody": "",
            "insertions": 5,
            "deletions": 42
          },
          {
            "hash": "b5b7a66398ea3ebbf3c0c0f8940a639441c7f277",
            "messageTitle": "added listgoals command",
            "messageBody": "",
            "insertions": 24,
            "deletions": 5
          },
          {
            "hash": "444002e67abe67d4e544341ebca6bb07f84aa2fc",
            "messageTitle": "command can be in any case",
            "messageBody": "",
            "insertions": 2,
            "deletions": 2
          },
          {
            "hash": "25af376c9a83a502a734bb9f5a0d35637b16484f",
            "messageTitle": "added tabs and switch command",
            "messageBody": "",
            "insertions": 251,
            "deletions": 21
          },
          {
            "hash": "f498987206c0b39847e0800c4df5bcc21f8df641",
            "messageTitle": "added test cases for switch command",
            "messageBody": "",
            "insertions": 31,
            "deletions": 0
          },
          {
            "hash": "a4d8ec54f0bf2f4443aa88141b9dd94fbc11cee7",
            "messageTitle": "added test cases for listgoals command",
            "messageBody": "",
            "insertions": 20,
            "deletions": 0
          },
          {
            "hash": "95eeaefdfef74c30fce6a0be12c9d87cc3ff5c97",
            "messageTitle": "added newline",
            "messageBody": "",
            "insertions": 1,
            "deletions": 1
          }
        ]
      },
      {
        "insertions": 732,
        "deletions": 121,
        "date": "2020-03-30",
        "commitResults": [
          {
            "hash": "f27d35d0feb67caa39cf7388c1ea9dae8939ffa5",
            "messageTitle": "to work on jsonadaptedcooked record and cooked record",
            "messageBody": "",
            "insertions": 277,
            "deletions": 3
          },
          {
            "hash": "185cb9874073417d443b95c470ce0415ca11d032",
            "messageTitle": "cooked records in model",
            "messageBody": "",
            "insertions": 153,
            "deletions": 15
          },
          {
            "hash": "1cf5b30ac4c46f740177a4f0e3f1f757ca772e6b",
            "messageTitle": "added cooked command to model and parser",
            "messageBody": "",
            "insertions": 302,
            "deletions": 103
          }
        ]
      },
      {
        "insertions": 576,
        "deletions": 191,
        "date": "2020-03-31",
        "commitResults": [
          {
            "hash": "a947c3d2fb475d2a006df0a41efc1c8a0e9cde95",
            "messageTitle": "fixed errors in storage and model, logic and file path needs to be fixed",
            "messageBody": "",
            "insertions": 105,
            "deletions": 38
          },
          {
            "hash": "52729f8cf37c66ae43d088041f424a757dd17c06",
            "messageTitle": "editted logic and model, successful build",
            "messageBody": "",
            "insertions": 149,
            "deletions": 16
          },
          {
            "hash": "23779d86faddef1391d6428d9805f90649f77a36",
            "messageTitle": "fixed naming of cookedrecordbook",
            "messageBody": "",
            "insertions": 46,
            "deletions": 45
          },
          {
            "hash": "59d0ecce94e5d2921c6948a497f78a9e492da72a",
            "messageTitle": "tests pass",
            "messageBody": "",
            "insertions": 250,
            "deletions": 42
          },
          {
            "hash": "5c147d6434408b6c2c05255e409e68018d21c7c5",
            "messageTitle": "passed all checks",
            "messageBody": "",
            "insertions": 4,
            "deletions": 6
          },
          {
            "hash": "46e4d8c676753f0901b604d3bdd6b80eef23386e",
            "messageTitle": "fixed merge conflicts in commands",
            "messageBody": "",
            "insertions": 22,
            "deletions": 44
          }
        ]
      },
      {
        "insertions": 91,
        "deletions": 123,
        "date": "2020-04-01",
        "commitResults": [
          {
            "hash": "f07326101aded7f3744e426aba280176c4a84004",
            "messageTitle": "fixed all merge conflicts",
            "messageBody": "",
            "insertions": 25,
            "deletions": 64
          },
          {
            "hash": "7da4e25a71ad6b90772f2cbfcb6efd19b7bfee14",
            "messageTitle": "passed all checks",
            "messageBody": "",
            "insertions": 10,
            "deletions": 5
          },
          {
            "hash": "c32ea070ba957507928d95508316737c5737fb28",
            "messageTitle": "camelcase string",
            "messageBody": "",
            "insertions": 2,
            "deletions": 2
          },
          {
            "hash": "e4755502a9fde9e806366a8ff92570a829dc3a84",
            "messageTitle": "modified plannedDate to Date class",
            "messageBody": "",
            "insertions": 54,
            "deletions": 52
          }
        ]
      }
    ],
    "YuuTon9": [],
    "beatricetay": [
      {
        "insertions": 1,
        "deletions": 0,
        "date": "2020-02-19",
        "commitResults": [
          {
            "hash": "db5943d165f15eb399878b48c7a4388a7878e896",
            "messageTitle": "Create text.txt",
            "messageBody": "",
            "insertions": 1,
            "deletions": 0
          }
        ]
      },
      {
        "insertions": 204,
        "deletions": 7,
        "date": "2020-03-10",
        "commitResults": [
          {
            "hash": "36e0489182d7a008b76f58e099c7288394cf8a42",
            "messageTitle": "added Ingredient classes and updated tags",
            "messageBody": "",
            "insertions": 92,
            "deletions": 0
          },
          {
            "hash": "85f1b3dfd88368fb9c15506b4b5f02dae326cd69",
            "messageTitle": "conformed to checkstyle, added javadoc header comments",
            "messageBody": "",
            "insertions": 22,
            "deletions": 0
          },
          {
            "hash": "cd7d8abf279e1d2f925564aad4cfabb686adb6f8",
            "messageTitle": "add ingredient field",
            "messageBody": "",
            "insertions": 90,
            "deletions": 7
          }
        ]
      },
      {
        "insertions": 846,
        "deletions": 577,
        "date": "2020-03-14",
        "commitResults": [
          {
            "hash": "fd9ff9eb2985170d93753458f731a718e236126e",
            "messageTitle": "created ingredient classes",
            "messageBody": "",
            "insertions": 77,
            "deletions": 0
          },
          {
            "hash": "6ad259d8c53cf94182047b3cc1efd6d41cd5e743",
            "messageTitle": "updated constructor, editing storage",
            "messageBody": "",
            "insertions": 118,
            "deletions": 23
          },
          {
            "hash": "575cc9c48a715b344dc05eb9a233cfe8c896aeec",
            "messageTitle": "storage reads ingredients",
            "messageBody": "",
            "insertions": 34,
            "deletions": 15
          },
          {
            "hash": "29d51c10fa80cd643276985bbd0c71543198a4eb",
            "messageTitle": "added ingredients field to fxml",
            "messageBody": "",
            "insertions": 5,
            "deletions": 0
          },
          {
            "hash": "fe9112f2383920202597527095d337e96b13eebc",
            "messageTitle": "reformated the order of parameters in Recipe constructor to make it more intuitive",
            "messageBody": "",
            "insertions": 34,
            "deletions": 24
          },
          {
            "hash": "d2a194e22db8d0e39787c3e1276bd25de4548240",
            "messageTitle": "added the ability to read the quantity and type of each ingredient in the storage",
            "messageBody": "",
            "insertions": 28,
            "deletions": 9
          },
          {
            "hash": "bf3128d3e4bd1ac21662dfa62400858ba426e27a",
            "messageTitle": "changed typical recipes",
            "messageBody": "",
            "insertions": 362,
            "deletions": 306
          },
          {
            "hash": "404a83efad28794f2422be5a33832cc31faeb6fd",
            "messageTitle": "changed the @jsonValue of JsonAdaptedIngredient and resolved several tests",
            "messageBody": "",
            "insertions": 75,
            "deletions": 30
          },
          {
            "hash": "285985c67179b07442ff11b96979efb10364fa10",
            "messageTitle": "changed typicalrecipes json and java file",
            "messageBody": "",
            "insertions": 11,
            "deletions": 4
          },
          {
            "hash": "89121122e820ff2448e7910c65eeedd5888be920",
            "messageTitle": "updated toString method of Ingredient",
            "messageBody": "",
            "insertions": 2,
            "deletions": 8
          },
          {
            "hash": "688f6741f622f4e9324f94208cac6a0f074ce533",
            "messageTitle": "cleaned up code according to checkstyle",
            "messageBody": "",
            "insertions": 86,
            "deletions": 147
          },
          {
            "hash": "8dfcba17baae0f7c4d76e6dd7cf6c3a154c90f39",
            "messageTitle": "cleaned up code according to checkstyle",
            "messageBody": "",
            "insertions": 14,
            "deletions": 11
          }
        ]
      },
      {
        "insertions": 2,
        "deletions": 7,
        "date": "2020-03-15",
        "commitResults": [
          {
            "hash": "7f2aeaf19a18d9e6b5951fee1365efad2f439385",
            "messageTitle": "Updated javadocs in sampleDataUtil and resolved the merge conflict that was commented out",
            "messageBody": "",
            "insertions": 2,
            "deletions": 7
          }
        ]
      },
      {
        "insertions": 411,
        "deletions": 49,
        "date": "2020-03-17",
        "commitResults": [
          {
            "hash": "30156abca5ef2245ab0e1b9354a8ba7704c494ce",
            "messageTitle": "Updated cliSyntax and added SetCommand",
            "messageBody": "",
            "insertions": 91,
            "deletions": 1
          },
          {
            "hash": "f6bbb3c112b4971c9efac507485b37c36172cce7",
            "messageTitle": "Updated message usage in add command",
            "messageBody": "",
            "insertions": 8,
            "deletions": 0
          },
          {
            "hash": "d039c2a404c61273bcb4a2598f47067dea1fe48d",
            "messageTitle": "Edited AddCommandarser and ParserUtil to allow all 4 categories of ingredients to be parsed",
            "messageBody": "",
            "insertions": 133,
            "deletions": 5
          },
          {
            "hash": "24306950483383bf87ef0f58ea37baf77a6001c6",
            "messageTitle": "Updated message usage string in AddCommand class",
            "messageBody": "",
            "insertions": 3,
            "deletions": 0
          },
          {
            "hash": "97a7fb3e05a80d92561aebca9342166cef393e91",
            "messageTitle": "Refactored edit command and edit command parser to allow editing of ingredients",
            "messageBody": "",
            "insertions": 176,
            "deletions": 43
          }
        ]
      },
      {
        "insertions": 144,
        "deletions": 92,
        "date": "2020-03-18",
        "commitResults": [
          {
            "hash": "00ec90d5a4c9dc70b54e9fd1ce334e6d08019286",
            "messageTitle": "debugged test cases",
            "messageBody": "",
            "insertions": 52,
            "deletions": 18
          },
          {
            "hash": "5c154c4dbd31c689d4c722f95b61b84fa245aa30",
            "messageTitle": "cleaned up code according to checkstyle",
            "messageBody": "",
            "insertions": 23,
            "deletions": 16
          },
          {
            "hash": "0a681c7447893b01c68fe97f4ff996095880abcb",
            "messageTitle": "added comments to ingredient class",
            "messageBody": "",
            "insertions": 1,
            "deletions": 1
          },
          {
            "hash": "75a69e48fc9f2b254c04e380515502dada44c5d1",
            "messageTitle": "shifted the ingredient package into the recipe package",
            "messageBody": "",
            "insertions": 30,
            "deletions": 30
          },
          {
            "hash": "7a2b02370a0c2fa2a3056a02cfaf6f59911cfb18",
            "messageTitle": "Cleaned up code",
            "messageBody": "",
            "insertions": 17,
            "deletions": 5
          },
          {
            "hash": "f84c50fe397b4786859361c658c0752c0d676ab1",
            "messageTitle": "Cleaned up code according to checkstyle",
            "messageBody": "",
            "insertions": 21,
            "deletions": 22
          }
        ]
      },
      {
        "insertions": 922,
        "deletions": 458,
        "date": "2020-03-19",
        "commitResults": [
          {
            "hash": "b712753b3a84bdcad9b1e2855fdec095c0f37bfc",
            "messageTitle": "Converted structure of Recipe model to hold 4 separate sets of treesets for the ingredients, instead of having just one treeset:",
            "messageBody": "",
            "insertions": 123,
            "deletions": 115
          },
          {
            "hash": "485fef21339133073b04db54244837dc28aa15e5",
            "messageTitle": "Converted edit command to have 4 attributes for ingredients",
            "messageBody": "",
            "insertions": 28,
            "deletions": 14
          },
          {
            "hash": "b48d64f3efcecb9a4309bbe307d6c29dc8d66168",
            "messageTitle": "Updated edit command and add command to accept 4 sets of each category for the ingredients",
            "messageBody": "",
            "insertions": 146,
            "deletions": 44
          },
          {
            "hash": "132c233840588bdb9309263069dfd7a4113068c0",
            "messageTitle": "Updated the storage management files to include JsonAdaptedVegetable, ...",
            "messageBody": "",
            "insertions": 278,
            "deletions": 106
          },
          {
            "hash": "8f9965b12a115e7e62159d45fa4814340a0cedbc",
            "messageTitle": "added todo flags",
            "messageBody": "",
            "insertions": 2,
            "deletions": 2
          },
          {
            "hash": "cb68d0a10ec0d54ed27e2b9aedc6b9d6fe186a29",
            "messageTitle": "updated typical recipes",
            "messageBody": "",
            "insertions": 109,
            "deletions": 30
          },
          {
            "hash": "0fd4d0510c653cc7f09251fca459830ee2364892",
            "messageTitle": "updated test json docs",
            "messageBody": "",
            "insertions": 1,
            "deletions": 2
          },
          {
            "hash": "26e9a55b4e5c855f7eafc98cc5050718e5b09345",
            "messageTitle": "passed tests",
            "messageBody": "",
            "insertions": 58,
            "deletions": 32
          },
          {
            "hash": "0d5078147985165e616f55a7dcfb9fa7cb057036",
            "messageTitle": "Fixed failing tests",
            "messageBody": "",
            "insertions": 156,
            "deletions": 73
          },
          {
            "hash": "4262ade50210175133ee7704dfb4acdc5677bdaa",
            "messageTitle": "fixed failing tests",
            "messageBody": "",
            "insertions": 13,
            "deletions": 8
          },
          {
            "hash": "e8e77c20ec1cc04fd3e1a8c71a07695b6188018f",
            "messageTitle": "removed ingredientType class",
            "messageBody": "",
            "insertions": 4,
            "deletions": 30
          },
          {
            "hash": "77d82c25026fb1711633747c7e507eedf4a4e0eb",
            "messageTitle": "updated units",
            "messageBody": "",
            "insertions": 4,
            "deletions": 2
          }
        ]
      },
      {
        "insertions": 801,
        "deletions": 232,
        "date": "2020-03-21",
        "commitResults": [
          {
            "hash": "9f5af02610c4f348d80ab9f9c04d2b161cd813b0",
            "messageTitle": "added units, and the parsing of units in command and memory",
            "messageBody": "",
            "insertions": 225,
            "deletions": 39
          },
          {
            "hash": "7eccf2d1ad90fdcecef8bc96ba93f26741b7e0a2",
            "messageTitle": "added units to typicalrecipes",
            "messageBody": "",
            "insertions": 13,
            "deletions": 13
          },
          {
            "hash": "97c8b7369d29a8ffe09609952df4944d93e5cb9f",
            "messageTitle": "Updated test files to support units",
            "messageBody": "",
            "insertions": 15,
            "deletions": 12
          },
          {
            "hash": "e2b1d69e46f31b115be98bfebd766cf5f63923cf",
            "messageTitle": "refactored and cleaned up code",
            "messageBody": "",
            "insertions": 9,
            "deletions": 48
          },
          {
            "hash": "2f39ca4f44203265bb2c9e06b7f099e72ce9fc38",
            "messageTitle": "cleaned up code",
            "messageBody": "",
            "insertions": 48,
            "deletions": 39
          },
          {
            "hash": "e5b412959eaa29e863832a8fb76dd1669928e407",
            "messageTitle": "cleaned up code",
            "messageBody": "",
            "insertions": 13,
            "deletions": 7
          },
          {
            "hash": "b8a7f95dc0ed219310525cc6201b1d2b347dba2e",
            "messageTitle": "added fruits class",
            "messageBody": "",
            "insertions": 28,
            "deletions": 2
          },
          {
            "hash": "13e7d8b24802ac57b3dc46e020424cc01e1aa404",
            "messageTitle": "edited tests, add, edit to include fruits",
            "messageBody": "",
            "insertions": 253,
            "deletions": 10
          },
          {
            "hash": "7a60a3b6fdea8aa53c9fb18953eb67122f0cce7a",
            "messageTitle": "added jackson fruit class",
            "messageBody": "",
            "insertions": 55,
            "deletions": 0
          },
          {
            "hash": "e3d68a19f4ab441e06cd22bee674d43548efddf5",
            "messageTitle": "cleaned up json file for all ingredients",
            "messageBody": "",
            "insertions": 17,
            "deletions": 20
          },
          {
            "hash": "655bce263155af8846d6e9b3fedab59999e89f92",
            "messageTitle": "added fruits to jsonadaptedrecipe",
            "messageBody": "",
            "insertions": 16,
            "deletions": 1
          },
          {
            "hash": "4752f30ce65bb3e108c5966b484059a2657f455c",
            "messageTitle": "added fruits to fxml",
            "messageBody": "",
            "insertions": 4,
            "deletions": 0
          },
          {
            "hash": "ef09e477ac4c7637a7753ee92e5e0d83101dc8b6",
            "messageTitle": "fixed failing tests",
            "messageBody": "",
            "insertions": 103,
            "deletions": 22
          },
          {
            "hash": "c1ce1ca08c3655d3f1418f5679e6898fc6d003c8",
            "messageTitle": "Cleaned up code, removed debugging print",
            "messageBody": "",
            "insertions": 0,
            "deletions": 6
          },
          {
            "hash": "6429097fc533da6fcf5293debb14c0987e928891",
            "messageTitle": "Updated the Missing Field message for ingredient",
            "messageBody": "",
            "insertions": 1,
            "deletions": 1
          },
          {
            "hash": "cd655a59f5183aee4fe22424a498d5a61dc4d137",
            "messageTitle": "resolved merge conflicts in test files",
            "messageBody": "",
            "insertions": 1,
            "deletions": 12
          }
        ]
      },
      {
        "insertions": 10,
        "deletions": 16,
        "date": "2020-03-24",
        "commitResults": [
          {
            "hash": "5992d24d20edd6cf9ea3533e772f7ae04160d8b3",
            "messageTitle": "removed unused prefix nextStep",
            "messageBody": "",
            "insertions": 0,
            "deletions": 1
          },
          {
            "hash": "df0b257a1c5fb408ab9d85386e141124e464db36",
            "messageTitle": "updated execute command in setCommand",
            "messageBody": "",
            "insertions": 10,
            "deletions": 15
          }
        ]
      },
      {
        "insertions": 358,
        "deletions": 130,
        "date": "2020-03-25",
        "commitResults": [
          {
            "hash": "0d898e6e3464f3e2a0d566b7869998c3778dc49b",
            "messageTitle": "added schedule command",
            "messageBody": "",
            "insertions": 293,
            "deletions": 94
          },
          {
            "hash": "d73831928465f0b7758df94447937d61a181ac38",
            "messageTitle": "fixed failing test",
            "messageBody": "",
            "insertions": 10,
            "deletions": 0
          },
          {
            "hash": "fb229bfc5f25b540cb6e9e27e8d1fcd03d202e2f",
            "messageTitle": "multiple recipes can be scheduled on one day",
            "messageBody": "",
            "insertions": 17,
            "deletions": 11
          },
          {
            "hash": "02b1dd1e5087ec3e3844c2d91d1bb62bebee88f1",
            "messageTitle": "added more functionalities to planning feature",
            "messageBody": "",
            "insertions": 19,
            "deletions": 1
          },
          {
            "hash": "b8762a36ccfc4289efdd6e20e17f8c1c07352aa3",
            "messageTitle": "resolved conflicts",
            "messageBody": "",
            "insertions": 0,
            "deletions": 3
          },
          {
            "hash": "448fd70666720f1fa2d11b09bd87d9aed65d4bc2",
            "messageTitle": "commented out incomplete methods that will be implemented in the future",
            "messageBody": "",
            "insertions": 2,
            "deletions": 2
          },
          {
            "hash": "6103aca633717100b29dc9777324122a29a80805",
            "messageTitle": "added checkstyle back to travis and cleaned up code",
            "messageBody": "",
            "insertions": 16,
            "deletions": 18
          },
          {
            "hash": "306f75af72c587c2e33fadce9e1584d20dd0d4a3",
            "messageTitle": "updated version number",
            "messageBody": "",
            "insertions": 1,
            "deletions": 1
          }
        ]
      },
      {
        "insertions": 1245,
        "deletions": 1219,
        "date": "2020-03-26",
        "commitResults": [
          {
            "hash": "e7bfc5f14c1e92953ab4e3dd2a5f585467ef42a1",
            "messageTitle": "renamed package",
            "messageBody": "",
            "insertions": 1168,
            "deletions": 1168
          },
          {
            "hash": "af39e39953d3cfa2eea1fbb0422ab5f70eff05f2",
            "messageTitle": "fixed failing jar",
            "messageBody": "",
            "insertions": 34,
            "deletions": 18
          },
          {
            "hash": "2866708d9e1f995870c8651652818dafd31505d4",
            "messageTitle": "names for recipe and ingredients accept specific special chars",
            "messageBody": "",
            "insertions": 4,
            "deletions": 3
          },
          {
            "hash": "b1aea42a69c179c877fd954ab50aae328c359317",
            "messageTitle": "conformed to checkstyle",
            "messageBody": "",
            "insertions": 2,
            "deletions": 2
          },
          {
            "hash": "86bae05473eec86534022da61a058cc013a1ff6a",
            "messageTitle": "fixed",
            "messageBody": "",
            "insertions": 7,
            "deletions": 6
          },
          {
            "hash": "d97869ae05ebfb2ec0efbaa18fbab5e188038c5e",
            "messageTitle": "fixed failing tests",
            "messageBody": "",
            "insertions": 4,
            "deletions": 2
          },
          {
            "hash": "746883606531feb38f071228d7c0327e7b773a94",
            "messageTitle": "step is no longer a required parameter",
            "messageBody": "",
            "insertions": 4,
            "deletions": 5
          },
          {
            "hash": "3a079c2d9e5ccbd5f431004eea9f0df361be189a",
            "messageTitle": "steps are now optional",
            "messageBody": "",
            "insertions": 15,
            "deletions": 5
          },
          {
            "hash": "32ad9817c99481b044ba7168a09bac99e3303e14",
            "messageTitle": "added ability to parse \u0027/\u0027 character",
            "messageBody": "",
            "insertions": 7,
            "deletions": 10
          }
        ]
      },
      {
        "insertions": 385,
        "deletions": 83,
        "date": "2020-03-28",
        "commitResults": [
          {
            "hash": "36b3c4f98ff9678171e004215aa2f6820499ce44",
            "messageTitle": "names can have the special chars , and \u0027",
            "messageBody": "",
            "insertions": 72,
            "deletions": 38
          },
          {
            "hash": "9ab1cc05e30413c175c93aecdde38302a0ffb1f3",
            "messageTitle": "ingredients field is compulsory from user input",
            "messageBody": "",
            "insertions": 16,
            "deletions": 16
          },
          {
            "hash": "db21b305f03369832bbf86ad2aa5bdf5b4748fc8",
            "messageTitle": "fixed failing tests",
            "messageBody": "",
            "insertions": 20,
            "deletions": 9
          },
          {
            "hash": "6896372382f3d1a626d565aa341d136f46f45a9c",
            "messageTitle": "created the javafx files for the schedule tab",
            "messageBody": "",
            "insertions": 277,
            "deletions": 20
          }
        ]
      },
      {
        "insertions": 604,
        "deletions": 240,
        "date": "2020-03-29",
        "commitResults": [
          {
            "hash": "09558dac0040b25485df7404b696547b8f20660c",
            "messageTitle": "converted scheduleMap to an observableMap and converted schedule classes to follow recipebook\u0027s OOP design",
            "messageBody": "",
            "insertions": 197,
            "deletions": 26
          },
          {
            "hash": "7e6d04d4890fd224ae5406318189095de4aed605",
            "messageTitle": "standardised naming",
            "messageBody": "",
            "insertions": 106,
            "deletions": 110
          },
          {
            "hash": "ad1b026459567aed9b5fcf89ef4a98796d149987",
            "messageTitle": "renamed all references of schedule to plan",
            "messageBody": "",
            "insertions": 21,
            "deletions": 21
          },
          {
            "hash": "300ed61513dca97dcb0addbd0d3b1c8d5c24b789",
            "messageTitle": "added functionalities to obtain observableMap that keeps track of planned recipes",
            "messageBody": "",
            "insertions": 21,
            "deletions": 19
          },
          {
            "hash": "cb6bba0d14f9d3427f648a3b770ca817966eafba",
            "messageTitle": "created calendar ui",
            "messageBody": "",
            "insertions": 78,
            "deletions": 12
          },
          {
            "hash": "cff1c8e956579ba6548a66df9d320b2d2848b0f8",
            "messageTitle": "added daycard",
            "messageBody": "",
            "insertions": 82,
            "deletions": 1
          },
          {
            "hash": "5c8326523f187f828bc2b669107c25713b373acc",
            "messageTitle": "card is able to parse list of recipes",
            "messageBody": "",
            "insertions": 28,
            "deletions": 8
          },
          {
            "hash": "2f7d37b8e1fcbb16bd95dd1d9b1791e40e665cd2",
            "messageTitle": "cleaned up map panel",
            "messageBody": "",
            "insertions": 2,
            "deletions": 2
          },
          {
            "hash": "f445bea134232a5e7e7e2dba618d09ae20e81485",
            "messageTitle": "converted list to observable list, converted calendar to datetime",
            "messageBody": "",
            "insertions": 54,
            "deletions": 27
          },
          {
            "hash": "e70ea02ef9c32e09d5d4b3d34d65fdff91e771aa",
            "messageTitle": "removed calendar references",
            "messageBody": "",
            "insertions": 15,
            "deletions": 14
          }
        ]
      },
      {
        "insertions": 783,
        "deletions": 508,
        "date": "2020-03-30",
        "commitResults": [
          {
            "hash": "5d802f86ba3da379c02ec1bb73618edf61812355",
            "messageTitle": "converted DS to list",
            "messageBody": "",
            "insertions": 186,
            "deletions": 149
          },
          {
            "hash": "a11a3ea19c523fbfe2ed720596d0231f4f16e367",
            "messageTitle": "list of planned recipes is now updated",
            "messageBody": "",
            "insertions": 151,
            "deletions": 224
          },
          {
            "hash": "9966f394ac2e7afa3431b8cfbe490e23097db6a3",
            "messageTitle": "updated ui, implementing filter",
            "messageBody": "",
            "insertions": 66,
            "deletions": 6
          },
          {
            "hash": "be2d9101600becb505b0cb8551f47c8d9d1ef5ce",
            "messageTitle": "added view command",
            "messageBody": "",
            "insertions": 90,
            "deletions": 9
          },
          {
            "hash": "2910c047a63d5959b709e1d3374865d02c60e659",
            "messageTitle": "planned recipes are deleted when recipe is deleted",
            "messageBody": "",
            "insertions": 63,
            "deletions": 0
          },
          {
            "hash": "80c97ac44cec0a90e5f43a0117e897951a165fc6",
            "messageTitle": "edit command updates plannedrecipes",
            "messageBody": "",
            "insertions": 23,
            "deletions": 3
          },
          {
            "hash": "8355e8e71eef23e9e5585d0159f2e8528b8d480e",
            "messageTitle": "Cleaned up code and added javadoc",
            "messageBody": "",
            "insertions": 44,
            "deletions": 65
          },
          {
            "hash": "9f8bb3a1a4680978806f1a7cb0f4bd1165e03f6d",
            "messageTitle": "Cleaned up code and added javadoc",
            "messageBody": "",
            "insertions": 26,
            "deletions": 10
          },
          {
            "hash": "caa25f1e5fdb78e7086babb369e4c76c50c1759d",
            "messageTitle": "updated test files",
            "messageBody": "",
            "insertions": 74,
            "deletions": 28
          },
          {
            "hash": "a6befed82b76eff1f804945d21c205ddfa55023a",
            "messageTitle": "fixed failing tests",
            "messageBody": "",
            "insertions": 13,
            "deletions": 9
          },
          {
            "hash": "bb414cb4108ce2ec52248c3719366c6a7c8af9c3",
            "messageTitle": "cleaned up code",
            "messageBody": "",
            "insertions": 2,
            "deletions": 4
          },
          {
            "hash": "dc446f64798556c91d36b9670c8afbf83df621e9",
            "messageTitle": "added storage files for planning",
            "messageBody": "",
            "insertions": 45,
            "deletions": 1
          }
        ]
      },
      {
        "insertions": 610,
        "deletions": 214,
        "date": "2020-03-31",
        "commitResults": [
          {
            "hash": "f8ce8dab0709f186a298f4be03f8d233df4d854a",
            "messageTitle": "storage files for planned recipe",
            "messageBody": "",
            "insertions": 319,
            "deletions": 17
          },
          {
            "hash": "a3114c24b6807130a91ac201558a73768601ed60",
            "messageTitle": "plannedbook load and save",
            "messageBody": "",
            "insertions": 31,
            "deletions": 2
          },
          {
            "hash": "765e6e2447c090059fb6eff3ef71dafe1cce9d32",
            "messageTitle": "passed tests",
            "messageBody": "",
            "insertions": 20,
            "deletions": 4
          },
          {
            "hash": "5dc0fbdb49fc03fab0da90b8a04f7aeeb6c2488c",
            "messageTitle": "cleaned up code",
            "messageBody": "",
            "insertions": 20,
            "deletions": 8
          },
          {
            "hash": "a23b261a3100f5408e984552549f20e7591a407d",
            "messageTitle": "improvements from reviews",
            "messageBody": "",
            "insertions": 6,
            "deletions": 4
          },
          {
            "hash": "dad21153ade89c66957580a7a43466a7b77d1e70",
            "messageTitle": "fixed planned list update after editing",
            "messageBody": "",
            "insertions": 32,
            "deletions": 5
          },
          {
            "hash": "19dbe1572975adc6d2e4cd74471e1efb4ebe05b4",
            "messageTitle": "updated data structure of plannedRecipe",
            "messageBody": "",
            "insertions": 101,
            "deletions": 25
          },
          {
            "hash": "2347439ea19468443f461ad1e85ae2d6070f982f",
            "messageTitle": "fixed storage",
            "messageBody": "",
            "insertions": 48,
            "deletions": 38
          },
          {
            "hash": "d35bcfd839435929f608ad6e0f6df67da725d769",
            "messageTitle": "planned recipes now display recipes by date",
            "messageBody": "",
            "insertions": 10,
            "deletions": 3
          },
          {
            "hash": "6c82bfa09a68cdd02509dc28e1f658df6203e8b5",
            "messageTitle": "cleaned up ui",
            "messageBody": "",
            "insertions": 10,
            "deletions": 99
          },
          {
            "hash": "063f25e50e09cf845803b71aa258d342355a9a62",
            "messageTitle": "replaced placeholders in ui",
            "messageBody": "",
            "insertions": 11,
            "deletions": 5
          },
          {
            "hash": "9d43bb605dae8a8ee980da5f54afdf295aed6b44",
            "messageTitle": "removed unnecessary imports",
            "messageBody": "",
            "insertions": 2,
            "deletions": 4
          }
        ]
      },
      {
        "insertions": 688,
        "deletions": 332,
        "date": "2020-04-01",
        "commitResults": [
          {
            "hash": "4b6914c548a3d43ab8f51150436d36240b5785a4",
            "messageTitle": "ordered list",
            "messageBody": "",
            "insertions": 29,
            "deletions": 22
          },
          {
            "hash": "c5bcbde40988837b78925a062c72b7395dd3dec9",
            "messageTitle": "Planned list is sorted by increasing date",
            "messageBody": "",
            "insertions": 25,
            "deletions": 22
          },
          {
            "hash": "2e359f01141c94972795bc5ddcf64d5ae63cc387",
            "messageTitle": "cleaned up code",
            "messageBody": "",
            "insertions": 1,
            "deletions": 12
          },
          {
            "hash": "380fdc1490274ae012ff4aded1d339821abb111d",
            "messageTitle": "fixed typo in javadoc",
            "messageBody": "",
            "insertions": 5,
            "deletions": 1
          },
          {
            "hash": "f2079a59e2c3fa1b242404eaeef4ebfcb116fe82",
            "messageTitle": "javadoc",
            "messageBody": "",
            "insertions": 3,
            "deletions": 1
          },
          {
            "hash": "4ab4d86bb9c23528fec73ac1bd6ca1172dc3bc27",
            "messageTitle": "created new command",
            "messageBody": "",
            "insertions": 121,
            "deletions": 16
          },
          {
            "hash": "0b710ac90d485f8b80339c913ff6aba48e6cb461",
            "messageTitle": "added filtered planned recipes predicates",
            "messageBody": "",
            "insertions": 15,
            "deletions": 13
          },
          {
            "hash": "efdc425b2077e5dfe4d333f4a3e382d183b396a4",
            "messageTitle": "deleteplan command added",
            "messageBody": "",
            "insertions": 162,
            "deletions": 51
          },
          {
            "hash": "83ef6bba283a5055acc61715d0323624a9e813f3",
            "messageTitle": "implementing duplicate recipe planned check",
            "messageBody": "",
            "insertions": 85,
            "deletions": 25
          },
          {
            "hash": "a8d3945ed87886491e511d7d94fd9ee88e6d2628",
            "messageTitle": "catch exception",
            "messageBody": "",
            "insertions": 9,
            "deletions": 6
          },
          {
            "hash": "fce5172a1e1bdec8c9c6814a7b0883ed49dced5a",
            "messageTitle": "edited commands in plannedBook to make some private",
            "messageBody": "",
            "insertions": 205,
            "deletions": 151
          },
          {
            "hash": "c594e674774c806e6b22e8be0e366c5729916773",
            "messageTitle": "added clear plan",
            "messageBody": "",
            "insertions": 17,
            "deletions": 9
          },
          {
            "hash": "7bbf25324fcc5926677abbda9ce2befccb1f9864",
            "messageTitle": "checkstyle",
            "messageBody": "",
            "insertions": 11,
            "deletions": 3
          }
        ]
      }
    ]
  },
  "authorFinalContributionMap": {
    "pekchinsiongbrian": 3477,
    "tharshita": 2706,
    "YuuTon9": 0,
    "beatricetay": 4980
  },
  "authorFileTypeContributionMap": {
    "pekchinsiongbrian": {
      "java": 3470,
      "md": 0,
      "fxml": 5,
      "sh": 0,
      "bat": 0,
      "gradle": 2,
      "txt": 0
    },
    "tharshita": {
      "java": 2663,
      "md": 0,
      "fxml": 43,
      "sh": 0,
      "bat": 0,
      "gradle": 0,
      "txt": 0
    },
    "YuuTon9": {
      "java": 0,
      "md": 0,
      "fxml": 0,
      "sh": 0,
      "bat": 0,
      "gradle": 0,
      "txt": 0
    },
    "beatricetay": {
      "java": 4906,
      "md": 0,
      "fxml": 72,
      "sh": 0,
      "bat": 0,
      "gradle": 2,
      "txt": 0
    }
  },
  "authorContributionVariance": {
    "pekchinsiongbrian": 71789.61,
    "tharshita": 319429.44,
    "YuuTon9": 0.0,
    "beatricetay": 267628.97
  },
  "authorDisplayNameMap": {
    "pekchinsiongbrian": "CS2103T-T10-1 PEK ..RIAN",
    "tharshita": "CS2103T-T10-1 TIYA..HITA",
    "YuuTon9": "CS2103T-T10-1 LEE ..TONG",
    "beatricetay": "CS2103T-T10-1 TAY ..RICE"
  }
}
