{
  "authorDailyContributionsMap": {
    "pekchinsiongbrian": [
      {
        "insertions": 1,
        "deletions": 1,
        "date": "2020-02-26",
        "commitResults": [
          {
            "hash": "90f108c477a135e5956e2ea4055c064c6632faf4",
            "messageTitle": "Initial Commit",
            "messageBody": "",
            "insertions": 1,
            "deletions": 1
          }
        ]
      },
      {
        "insertions": 23,
        "deletions": 272,
        "date": "2020-02-27",
        "commitResults": [
          {
            "hash": "2fccedaea910ad45272e985d1373d55dadbabf22",
            "messageTitle": "tutorial-removing-field",
            "messageBody": "",
            "insertions": 23,
            "deletions": 215
          },
          {
            "hash": "c9460d0347a85e56836bc5cc45d48d33c43c5915",
            "messageTitle": "deleted Address class",
            "messageBody": "",
            "insertions": 0,
            "deletions": 57
          }
        ]
      },
      {
        "insertions": 48,
        "deletions": 94,
        "date": "2020-03-02",
        "commitResults": [
          {
            "hash": "374f77994d0378056c0f60ec12e5b5fb92469261",
            "messageTitle": "tutorial-removing-field",
            "messageBody": "",
            "insertions": 22,
            "deletions": 39
          },
          {
            "hash": "ec3b4effc6d25b45a14a752045b9f535ebfa731f",
            "messageTitle": "tutorial-removing-field",
            "messageBody": "",
            "insertions": 26,
            "deletions": 43
          },
          {
            "hash": "2094a2169b6fe72449180efd12310c2078ab1fd2",
            "messageTitle": "tutorial-removing-field",
            "messageBody": "",
            "insertions": 0,
            "deletions": 11
          },
          {
            "hash": "f1f8aa63e5a59d495bb872a086a181c902c7fce6",
            "messageTitle": "Deleted redundant text file from ininitial commit",
            "messageBody": "",
            "insertions": 0,
            "deletions": 1
          }
        ]
      },
      {
        "insertions": 2,
        "deletions": 2,
        "date": "2020-03-04",
        "commitResults": [
          {
            "hash": "a7369be96e8b7c5e1ec10fe00f1aa89a0e41ed6b",
            "messageTitle": "Updated build.gradle, UG and DG repoURL to reflect team repoURL",
            "messageBody": "",
            "insertions": 2,
            "deletions": 2
          }
        ]
      },
      {
        "insertions": 532,
        "deletions": 644,
        "date": "2020-03-11",
        "commitResults": [
          {
            "hash": "31d1f0dd3ce84470310c3cfe63aa45224b480679",
            "messageTitle": "Morphed AddressBook into RecipeBook",
            "messageBody": "",
            "insertions": 474,
            "deletions": 473
          },
          {
            "hash": "ab6e0ac61bcf6bf79441c137b03a7132b2e4186b",
            "messageTitle": "Removed remaining Address fields",
            "messageBody": "",
            "insertions": 11,
            "deletions": 11
          },
          {
            "hash": "5540189dbad7797e2bf482345709a47258d02760",
            "messageTitle": "Fixed checkstyle",
            "messageBody": "",
            "insertions": 6,
            "deletions": 6
          },
          {
            "hash": "6bf235457ba74ab645a4f9c82856580578a38583",
            "messageTitle": "Edited test cases",
            "messageBody": "",
            "insertions": 14,
            "deletions": 14
          },
          {
            "hash": "69d040f28609ad76011941bcecd83e93abe3cefa",
            "messageTitle": "Fixed checkstyle",
            "messageBody": "",
            "insertions": 8,
            "deletions": 7
          },
          {
            "hash": "2de3a3c6081ef51e11af3ad3931a1ea7d66ffc13",
            "messageTitle": "Updated tests",
            "messageBody": "",
            "insertions": 3,
            "deletions": 3
          },
          {
            "hash": "5009f1bb3ff850b43e5fa3bbc2dedc624faa0d04",
            "messageTitle": "Updated tests",
            "messageBody": "",
            "insertions": 1,
            "deletions": 2
          },
          {
            "hash": "e679d2f043b722f136dfc92e41e86a6ca25d869f",
            "messageTitle": "Commented out several faulty lines of test code - review in future",
            "messageBody": "",
            "insertions": 5,
            "deletions": 3
          },
          {
            "hash": "436419d5e2942425d7ad67051995134abf92b4af",
            "messageTitle": "Fixed checkstyle",
            "messageBody": "",
            "insertions": 8,
            "deletions": 4
          },
          {
            "hash": "a2c49f980d346a92b01c23d551d88fb6c63dcc8d",
            "messageTitle": "Revert \"Merge remote-tracking branch \u0027upstream/master\u0027 into addressbook-to-recipebook\"",
            "messageBody": "This reverts commit 84fd10249a8f5d465f9e8ec12c4da668bc2a70a1, reversing\nchanges made to 436419d5e2942425d7ad67051995134abf92b4af.\n",
            "insertions": 0,
            "deletions": 114
          },
          {
            "hash": "cbab3070ced0f7abe564fb8cc915f63ae35d38f0",
            "messageTitle": "Fixed bug in tests",
            "messageBody": "",
            "insertions": 2,
            "deletions": 7
          }
        ]
      },
      {
        "insertions": 216,
        "deletions": 98,
        "date": "2020-03-16",
        "commitResults": [
          {
            "hash": "7dbb715f253d371d9d6f4425455ba57e7238ca88",
            "messageTitle": "Added steps as a list attribute to Recipe",
            "messageBody": "",
            "insertions": 216,
            "deletions": 98
          }
        ]
      },
      {
        "insertions": 47,
        "deletions": 28,
        "date": "2020-03-17",
        "commitResults": [
          {
            "hash": "8a611a69aa8b4cc342fbe6afcc1aba7e69ffd15d",
            "messageTitle": "Edited test cases to cater to new implementations",
            "messageBody": "",
            "insertions": 41,
            "deletions": 22
          },
          {
            "hash": "f26a31d10a3dfb485ce6e09fc7588af9ba718d01",
            "messageTitle": "Added database to tracking and changed access modifiers of some JUnit test parameters",
            "messageBody": "",
            "insertions": 6,
            "deletions": 6
          }
        ]
      },
      {
        "insertions": 424,
        "deletions": 54,
        "date": "2020-03-18",
        "commitResults": [
          {
            "hash": "a1883d8fb5f5f973e256665cfb061f254e97471d",
            "messageTitle": "Added favourites and unfavourites command, enhanced delete feature",
            "messageBody": "",
            "insertions": 310,
            "deletions": 14
          },
          {
            "hash": "291d084a6b4b73718f129b4e56401f95a0fdfd02",
            "messageTitle": "Completed favourite and unfavourite feature and updated JUnit tests for delete function",
            "messageBody": "",
            "insertions": 114,
            "deletions": 40
          }
        ]
      }
    ],
    "tharshita": [
      {
        "insertions": 69,
        "deletions": 333,
        "date": "2020-02-26",
        "commitResults": [
          {
            "hash": "5ae3652e8b1d9dffad064af25d29d413ed824df4",
            "messageTitle": "initial commit test",
            "messageBody": "",
            "insertions": 1,
            "deletions": 1
          },
          {
            "hash": "58fd82ddd3c16b7acf935b277546505681071bda",
            "messageTitle": "deleted addresses, test cases pass",
            "messageBody": "",
            "insertions": 68,
            "deletions": 332
          }
        ]
      },
      {
        "insertions": 8,
        "deletions": 57,
        "date": "2020-03-05",
        "commitResults": [
          {
            "hash": "53845dfdec632fb074e9f2cb1affdcedfc4e288c",
            "messageTitle": "passed checkstyle main and test",
            "messageBody": "",
            "insertions": 8,
            "deletions": 57
          }
        ]
      },
      {
        "insertions": 1889,
        "deletions": 1888,
        "date": "2020-03-06",
        "commitResults": [
          {
            "hash": "423faa2da2cefb7f7c6267053919da2936dda6d0",
            "messageTitle": "morphed all person to recipe",
            "messageBody": "",
            "insertions": 1250,
            "deletions": 1250
          },
          {
            "hash": "9d30d972c789b69e15c484dbe099dd0c6ec5e6bb",
            "messageTitle": "morphed all tags to goals",
            "messageBody": "",
            "insertions": 340,
            "deletions": 340
          },
          {
            "hash": "688029f3941f38a9acc3aa6b4b9c2a8ac8145cfb",
            "messageTitle": "added time field and removed all phone fields in recipe",
            "messageBody": "",
            "insertions": 299,
            "deletions": 298
          }
        ]
      },
      {
        "insertions": 321,
        "deletions": 354,
        "date": "2020-03-14",
        "commitResults": [
          {
            "hash": "fc0559771db0b5a6c68f4e20e461a6a87974825a",
            "messageTitle": "email refactored to step",
            "messageBody": "",
            "insertions": 273,
            "deletions": 273
          },
          {
            "hash": "0833e388047279caaff9a8e066427aa24310870b",
            "messageTitle": "passed checkstyle",
            "messageBody": "",
            "insertions": 33,
            "deletions": 32
          },
          {
            "hash": "6ed574bc38ee229a3fdf28e5163230153607a6bf",
            "messageTitle": "adds a singular non-empty step to recipe",
            "messageBody": "",
            "insertions": 8,
            "deletions": 23
          },
          {
            "hash": "bfa3dbea6bff7f1b6c5e054ea9faf2c35f8a3efe",
            "messageTitle": "test cases fixed and checkstyle passed",
            "messageBody": "",
            "insertions": 6,
            "deletions": 25
          },
          {
            "hash": "04d55a27a9f18a0cee8ec4fcb2475ec81a817a93",
            "messageTitle": "reverted changes to docs",
            "messageBody": "",
            "insertions": 1,
            "deletions": 1
          }
        ]
      },
      {
        "insertions": 47,
        "deletions": 5,
        "date": "2020-03-18",
        "commitResults": [
          {
            "hash": "c66f9d22c7db0111381f95b9ca54f3314dc4355c",
            "messageTitle": "resolved merge error",
            "messageBody": "",
            "insertions": 40,
            "deletions": 4
          },
          {
            "hash": "f83baad3acfe509e849b7d0e0c1f288a7d730dd9",
            "messageTitle": "editted new files",
            "messageBody": "",
            "insertions": 1,
            "deletions": 1
          },
          {
            "hash": "9e5c5533b6498488f66ff0683f648e627e03d9e8",
            "messageTitle": "passed checkstyle",
            "messageBody": "",
            "insertions": 6,
            "deletions": 0
          }
        ]
      }
    ],
    "YuuTon9": [],
    "beatricetay": [
      {
        "insertions": 1,
        "deletions": 0,
        "date": "2020-02-19",
        "commitResults": [
          {
            "hash": "db5943d165f15eb399878b48c7a4388a7878e896",
            "messageTitle": "Create text.txt",
            "messageBody": "",
            "insertions": 1,
            "deletions": 0
          }
        ]
      },
      {
        "insertions": 204,
        "deletions": 7,
        "date": "2020-03-10",
        "commitResults": [
          {
            "hash": "36e0489182d7a008b76f58e099c7288394cf8a42",
            "messageTitle": "added Ingredient classes and updated tags",
            "messageBody": "",
            "insertions": 92,
            "deletions": 0
          },
          {
            "hash": "85f1b3dfd88368fb9c15506b4b5f02dae326cd69",
            "messageTitle": "conformed to checkstyle, added javadoc header comments",
            "messageBody": "",
            "insertions": 22,
            "deletions": 0
          },
          {
            "hash": "cd7d8abf279e1d2f925564aad4cfabb686adb6f8",
            "messageTitle": "add ingredient field",
            "messageBody": "",
            "insertions": 90,
            "deletions": 7
          }
        ]
      },
      {
        "insertions": 846,
        "deletions": 577,
        "date": "2020-03-14",
        "commitResults": [
          {
            "hash": "fd9ff9eb2985170d93753458f731a718e236126e",
            "messageTitle": "created ingredient classes",
            "messageBody": "",
            "insertions": 77,
            "deletions": 0
          },
          {
            "hash": "6ad259d8c53cf94182047b3cc1efd6d41cd5e743",
            "messageTitle": "updated constructor, editing storage",
            "messageBody": "",
            "insertions": 118,
            "deletions": 23
          },
          {
            "hash": "575cc9c48a715b344dc05eb9a233cfe8c896aeec",
            "messageTitle": "storage reads ingredients",
            "messageBody": "",
            "insertions": 34,
            "deletions": 15
          },
          {
            "hash": "29d51c10fa80cd643276985bbd0c71543198a4eb",
            "messageTitle": "added ingredients field to fxml",
            "messageBody": "",
            "insertions": 5,
            "deletions": 0
          },
          {
            "hash": "fe9112f2383920202597527095d337e96b13eebc",
            "messageTitle": "reformated the order of parameters in Recipe constructor to make it more intuitive",
            "messageBody": "",
            "insertions": 34,
            "deletions": 24
          },
          {
            "hash": "d2a194e22db8d0e39787c3e1276bd25de4548240",
            "messageTitle": "added the ability to read the quantity and type of each ingredient in the storage",
            "messageBody": "",
            "insertions": 28,
            "deletions": 9
          },
          {
            "hash": "bf3128d3e4bd1ac21662dfa62400858ba426e27a",
            "messageTitle": "changed typical recipes",
            "messageBody": "",
            "insertions": 362,
            "deletions": 306
          },
          {
            "hash": "404a83efad28794f2422be5a33832cc31faeb6fd",
            "messageTitle": "changed the @jsonValue of JsonAdaptedIngredient and resolved several tests",
            "messageBody": "",
            "insertions": 75,
            "deletions": 30
          },
          {
            "hash": "285985c67179b07442ff11b96979efb10364fa10",
            "messageTitle": "changed typicalrecipes json and java file",
            "messageBody": "",
            "insertions": 11,
            "deletions": 4
          },
          {
            "hash": "89121122e820ff2448e7910c65eeedd5888be920",
            "messageTitle": "updated toString method of Ingredient",
            "messageBody": "",
            "insertions": 2,
            "deletions": 8
          },
          {
            "hash": "688f6741f622f4e9324f94208cac6a0f074ce533",
            "messageTitle": "cleaned up code according to checkstyle",
            "messageBody": "",
            "insertions": 86,
            "deletions": 147
          },
          {
            "hash": "8dfcba17baae0f7c4d76e6dd7cf6c3a154c90f39",
            "messageTitle": "cleaned up code according to checkstyle",
            "messageBody": "",
            "insertions": 14,
            "deletions": 11
          }
        ]
      },
      {
        "insertions": 2,
        "deletions": 7,
        "date": "2020-03-15",
        "commitResults": [
          {
            "hash": "7f2aeaf19a18d9e6b5951fee1365efad2f439385",
            "messageTitle": "Updated javadocs in sampleDataUtil and resolved the merge conflict that was commented out",
            "messageBody": "",
            "insertions": 2,
            "deletions": 7
          }
        ]
      },
      {
        "insertions": 320,
        "deletions": 48,
        "date": "2020-03-17",
        "commitResults": [
          {
            "hash": "f6bbb3c112b4971c9efac507485b37c36172cce7",
            "messageTitle": "Updated message usage in add command",
            "messageBody": "",
            "insertions": 8,
            "deletions": 0
          },
          {
            "hash": "d039c2a404c61273bcb4a2598f47067dea1fe48d",
            "messageTitle": "Edited AddCommandarser and ParserUtil to allow all 4 categories of ingredients to be parsed",
            "messageBody": "",
            "insertions": 133,
            "deletions": 5
          },
          {
            "hash": "24306950483383bf87ef0f58ea37baf77a6001c6",
            "messageTitle": "Updated message usage string in AddCommand class",
            "messageBody": "",
            "insertions": 3,
            "deletions": 0
          },
          {
            "hash": "97a7fb3e05a80d92561aebca9342166cef393e91",
            "messageTitle": "Refactored edit command and edit command parser to allow editing of ingredients",
            "messageBody": "",
            "insertions": 176,
            "deletions": 43
          }
        ]
      },
      {
        "insertions": 144,
        "deletions": 92,
        "date": "2020-03-18",
        "commitResults": [
          {
            "hash": "00ec90d5a4c9dc70b54e9fd1ce334e6d08019286",
            "messageTitle": "debugged test cases",
            "messageBody": "",
            "insertions": 52,
            "deletions": 18
          },
          {
            "hash": "5c154c4dbd31c689d4c722f95b61b84fa245aa30",
            "messageTitle": "cleaned up code according to checkstyle",
            "messageBody": "",
            "insertions": 23,
            "deletions": 16
          },
          {
            "hash": "0a681c7447893b01c68fe97f4ff996095880abcb",
            "messageTitle": "added comments to ingredient class",
            "messageBody": "",
            "insertions": 1,
            "deletions": 1
          },
          {
            "hash": "75a69e48fc9f2b254c04e380515502dada44c5d1",
            "messageTitle": "shifted the ingredient package into the recipe package",
            "messageBody": "",
            "insertions": 30,
            "deletions": 30
          },
          {
            "hash": "7a2b02370a0c2fa2a3056a02cfaf6f59911cfb18",
            "messageTitle": "Cleaned up code",
            "messageBody": "",
            "insertions": 17,
            "deletions": 5
          },
          {
            "hash": "f84c50fe397b4786859361c658c0752c0d676ab1",
            "messageTitle": "Cleaned up code according to checkstyle",
            "messageBody": "",
            "insertions": 21,
            "deletions": 22
          }
        ]
      }
    ]
  },
  "authorFinalContributionMap": {
    "pekchinsiongbrian": 1091,
    "tharshita": 1524,
    "YuuTon9": 0,
    "beatricetay": 1019
  },
  "authorFileTypeContributionMap": {
    "pekchinsiongbrian": {
      "java": 1086,
      "md": 0,
      "fxml": 3,
      "sh": 0,
      "bat": 0,
      "gradle": 2,
      "txt": 0
    },
    "tharshita": {
      "java": 1489,
      "md": 0,
      "fxml": 35,
      "sh": 0,
      "bat": 0,
      "gradle": 0,
      "txt": 0
    },
    "YuuTon9": {
      "java": 0,
      "md": 0,
      "fxml": 0,
      "sh": 0,
      "bat": 0,
      "gradle": 0,
      "txt": 0
    },
    "beatricetay": {
      "java": 1018,
      "md": 0,
      "fxml": 1,
      "sh": 0,
      "bat": 0,
      "gradle": 0,
      "txt": 0
    }
  },
  "authorContributionVariance": {
    "pekchinsiongbrian": 48268.223,
    "tharshita": 416561.7,
    "YuuTon9": 0.0,
    "beatricetay": 62118.22
  },
  "authorDisplayNameMap": {
    "pekchinsiongbrian": "CS2103T-T10-1 PEK ..RIAN",
    "tharshita": "CS2103T-T10-1 TIYA..HITA",
    "YuuTon9": "CS2103T-T10-1 LEE ..TONG",
    "beatricetay": "CS2103T-T10-1 TAY ..RICE"
  }
}
