{
  "authorDailyContributionsMap": {
    "XinPei-ng": [
      {
        "insertions": 288,
        "deletions": 918,
        "date": "2020-03-13",
        "commitResults": [
          {
            "hash": "df78c7ec3d5057b220f4b899f7ca1d55ab964436",
            "messageTitle": "Checkstyle",
            "messageBody": "",
            "insertions": 4,
            "deletions": 3
          },
          {
            "hash": "82bcb25555025f2e7cd1514ab4dd651e77df21dd",
            "messageTitle": "Ui (#73)",
            "messageBody": "* Add UI Image\r\n\r\n* Edit README and UserGuide\r\n\r\n* Edit DevGuide\r\n\r\n* Remove q\r\n\r\n* Add an\r\n\r\n* Change UI\r\n\r\n* Checkstyle\r\n\r\nCo-authored-by: Ng Xinpei \u003cngxinpei@Ngs-MacBook-Pro.local\u003e",
            "insertions": 38,
            "deletions": 17
          },
          {
            "hash": "075f38e95102402c290447a132066f8b0cd59aa3",
            "messageTitle": "Delete Id class",
            "messageBody": "",
            "insertions": 76,
            "deletions": 372
          },
          {
            "hash": "815f6faf825701acaeffadd8feaae92bffa94c1a",
            "messageTitle": "Deleted ID class and added prefix for command types (#77)",
            "messageBody": "* Add UI Image\r\n\r\n* Edit README and UserGuide\r\n\r\n* Edit DevGuide\r\n\r\n* Remove q\r\n\r\n* Add an\r\n\r\n* Change UI\r\n\r\n* Checkstyle\r\n\r\n* Ui (#73)\r\n\r\n* Add UI Image\r\n\r\n* Edit README and UserGuide\r\n\r\n* Edit DevGuide\r\n\r\n* Remove q\r\n\r\n* Add an\r\n\r\n* Change UI\r\n\r\n* Checkstyle\r\n\r\nCo-authored-by: Ng Xinpei \u003cngxinpei@Ngs-MacBook-Pro.local\u003e\r\n\r\n* Delete Id class\r\n\r\nCo-authored-by: Ng Xinpei \u003cngxinpei@Ngs-MacBook-Pro.local\u003e",
            "insertions": 112,
            "deletions": 387
          },
          {
            "hash": "0e023366fe1e9a33f0aca5dc8a1366f49df7c33d",
            "messageTitle": "Remove command prefix",
            "messageBody": "",
            "insertions": 2,
            "deletions": 5
          },
          {
            "hash": "8f16546baa20afea4bf3ec5ddf0767b655710582",
            "messageTitle": "Change Expenditure class",
            "messageBody": "",
            "insertions": 56,
            "deletions": 134
          }
        ]
      },
      {
        "insertions": 75,
        "deletions": 151,
        "date": "2020-03-14",
        "commitResults": [
          {
            "hash": "8dd61124d47cc45c1316a3aa7b76eb83baa870a4",
            "messageTitle": "V1.2 (#81)",
            "messageBody": "* Add UI Image\r\n\r\n* Edit README and UserGuide\r\n\r\n* Edit DevGuide\r\n\r\n* Remove q\r\n\r\n* Add an\r\n\r\n* Change UI\r\n\r\n* Checkstyle\r\n\r\n* Ui (#73)\r\n\r\n* Add UI Image\r\n\r\n* Edit README and UserGuide\r\n\r\n* Edit DevGuide\r\n\r\n* Remove q\r\n\r\n* Add an\r\n\r\n* Change UI\r\n\r\n* Checkstyle\r\n\r\nCo-authored-by: Ng Xinpei \u003cngxinpei@Ngs-MacBook-Pro.local\u003e\r\n\r\n* Delete Id class\r\n\r\n* Remove command prefix\r\n\r\n* Change Expenditure class\r\n\r\nCo-authored-by: Ng Xinpei \u003cngxinpei@Ngs-MacBook-Pro.local\u003e",
            "insertions": 58,
            "deletions": 138
          },
          {
            "hash": "a41165e9b2efa0ad989e8eef922460d425fb5125",
            "messageTitle": "Fix Expenditure tests",
            "messageBody": "",
            "insertions": 17,
            "deletions": 13
          }
        ]
      },
      {
        "insertions": 129,
        "deletions": 13,
        "date": "2020-03-16",
        "commitResults": [
          {
            "hash": "4cb0c42aeee33b243af5e9c2ce2d02006a90f1d9",
            "messageTitle": "Add Report Window",
            "messageBody": "",
            "insertions": 129,
            "deletions": 13
          }
        ]
      },
      {
        "insertions": 241,
        "deletions": 98,
        "date": "2020-03-17",
        "commitResults": [
          {
            "hash": "c9e72c1d7e73bb8fa9b23703ed502fffb7230454",
            "messageTitle": "Edit ExportReport and ViewReport Parser",
            "messageBody": "",
            "insertions": 80,
            "deletions": 7
          },
          {
            "hash": "8904bbb0dbdc196471befadf9aca1357df7f738f",
            "messageTitle": "Fix some checkstyle",
            "messageBody": "",
            "insertions": 67,
            "deletions": 46
          },
          {
            "hash": "c33a9c4b8b73a900114cd526789c0010b7ba986d",
            "messageTitle": "Fix date for report",
            "messageBody": "",
            "insertions": 6,
            "deletions": 8
          },
          {
            "hash": "5e486821825c4f81ce7b99b4fba4d5a8054c3c30",
            "messageTitle": "Edit ExpSetBudget Command and Parser",
            "messageBody": "",
            "insertions": 44,
            "deletions": 4
          },
          {
            "hash": "cd61828db1bbad55a6506b611ac6ce08348b2954",
            "messageTitle": "Change ExpSetBudget Command and Parser",
            "messageBody": "",
            "insertions": 35,
            "deletions": 16
          },
          {
            "hash": "13ef97011277dc9cd7da0886e36080b84e783b07",
            "messageTitle": "Checkstyle",
            "messageBody": "",
            "insertions": 9,
            "deletions": 17
          }
        ]
      },
      {
        "insertions": 50,
        "deletions": 12,
        "date": "2020-03-18",
        "commitResults": [
          {
            "hash": "40f7d2ec38b3a0983ced36a1fd959020eeef3462",
            "messageTitle": "Edit SetBudget Parser to support YYYY-MM",
            "messageBody": "",
            "insertions": 20,
            "deletions": 1
          },
          {
            "hash": "8f4f64a9ea9f64199b83c7bc1e0ec7ad1fd4c7e5",
            "messageTitle": "Changed UniqueExpenditureList contains method",
            "messageBody": "",
            "insertions": 3,
            "deletions": 4
          },
          {
            "hash": "43034e0404510ecd8b4f21728ae47a7605c221e9",
            "messageTitle": "Uncommented ExpExitCommandTest, failing tests",
            "messageBody": "",
            "insertions": 0,
            "deletions": 4
          },
          {
            "hash": "7dd18b6635fb77539abe85ac451239bc95316c77",
            "messageTitle": "Add Repeat Class",
            "messageBody": "",
            "insertions": 21,
            "deletions": 1
          },
          {
            "hash": "57e9b1e5afdc241053f60c125063bfd7097cc907",
            "messageTitle": "Add pie chart to report and change background to dark",
            "messageBody": "",
            "insertions": 6,
            "deletions": 2
          }
        ]
      },
      {
        "insertions": 23,
        "deletions": 8,
        "date": "2020-03-19",
        "commitResults": [
          {
            "hash": "0574927eded0d92824a1d50444511b857193134a",
            "messageTitle": "Change UI: app name, icon and report button",
            "messageBody": "",
            "insertions": 23,
            "deletions": 8
          }
        ]
      },
      {
        "insertions": 0,
        "deletions": 5,
        "date": "2020-03-20",
        "commitResults": [
          {
            "hash": "6867956cc7bc04a8cbadfafa15fc7b869bf83112",
            "messageTitle": "Checkstyle main",
            "messageBody": "",
            "insertions": 0,
            "deletions": 5
          }
        ]
      },
      {
        "insertions": 372,
        "deletions": 225,
        "date": "2020-03-22",
        "commitResults": [
          {
            "hash": "47735f20435ec83804dea3dacd30abfd3126a1b3",
            "messageTitle": "Edit report parser and actual implementation for piechart gen via cli",
            "messageBody": "",
            "insertions": 257,
            "deletions": 57
          },
          {
            "hash": "9790785ef8a1b62dceb54858d180b72b43d70acb",
            "messageTitle": "Change expenditure to only 1 tag",
            "messageBody": "",
            "insertions": 115,
            "deletions": 168
          }
        ]
      },
      {
        "insertions": 28,
        "deletions": 16,
        "date": "2020-03-24",
        "commitResults": [
          {
            "hash": "e9498f9b2afa0f945c4287883278a5c3965b0227",
            "messageTitle": "Edit parser and UI",
            "messageBody": "",
            "insertions": 28,
            "deletions": 16
          }
        ]
      },
      {
        "insertions": 556,
        "deletions": 90,
        "date": "2020-03-25",
        "commitResults": [
          {
            "hash": "d6fcd6d8c25cee39b0a94318a856e579a10f09d9",
            "messageTitle": "Add CLI for report window",
            "messageBody": "",
            "insertions": 528,
            "deletions": 67
          },
          {
            "hash": "d76bd1426d0bbfa22670981ea8ae5c67333c1968",
            "messageTitle": "Rmv resizable property false",
            "messageBody": "",
            "insertions": 0,
            "deletions": 1
          },
          {
            "hash": "96c841ad74011c742d53b0a1a64a65526a1c254e",
            "messageTitle": "Add error messge: Account (name) already exists",
            "messageBody": "",
            "insertions": 9,
            "deletions": 7
          },
          {
            "hash": "d42d36d2c9fa872201389aff0c54821023d5e466",
            "messageTitle": " Hook report button up with report command",
            "messageBody": "",
            "insertions": 6,
            "deletions": 3
          },
          {
            "hash": "ec8d9a9e7127621ba1ec40ab50d729a2d6d110f1",
            "messageTitle": "Checkstyle fix",
            "messageBody": "",
            "insertions": 6,
            "deletions": 6
          },
          {
            "hash": "f79ae5a2b53a17953108d8a4029e9f1430fe6ab1",
            "messageTitle": "Edit error message for dup account",
            "messageBody": "",
            "insertions": 2,
            "deletions": 1
          },
          {
            "hash": "b44341c5d5a69a9ff5a9b73b9971bba59f21189b",
            "messageTitle": "Fix checkstyle",
            "messageBody": "",
            "insertions": 2,
            "deletions": 2
          },
          {
            "hash": "904c6f5d108b15d3d00c112b429e3219e9aea671",
            "messageTitle": "Edit error message for report",
            "messageBody": "",
            "insertions": 3,
            "deletions": 3
          }
        ]
      },
      {
        "insertions": 254,
        "deletions": 97,
        "date": "2020-03-27",
        "commitResults": [
          {
            "hash": "ef26902dd901d74fadebfbcc2c76ae48589f17f5",
            "messageTitle": "Change windows style and bug for report window",
            "messageBody": "",
            "insertions": 76,
            "deletions": 30
          },
          {
            "hash": "4f3a377b12929b80344b546ff2f7d5785bb24f83",
            "messageTitle": "Added bar graph",
            "messageBody": "",
            "insertions": 178,
            "deletions": 67
          }
        ]
      },
      {
        "insertions": 6,
        "deletions": 0,
        "date": "2020-03-30",
        "commitResults": [
          {
            "hash": "5f7d22acd7619b2d75967bb23170d0c4bf33c288",
            "messageTitle": "Some changes to report window",
            "messageBody": "",
            "insertions": 6,
            "deletions": 0
          }
        ]
      },
      {
        "insertions": 653,
        "deletions": 329,
        "date": "2020-03-31",
        "commitResults": [
          {
            "hash": "71603dc4c631bfb2e0f1ec9aeaab402b7e3e84db",
            "messageTitle": "Change style of report window and graph classes",
            "messageBody": "",
            "insertions": 220,
            "deletions": 163
          },
          {
            "hash": "adfbca23be74b209088edc45b604039baffdf644",
            "messageTitle": "Config bar and pie to same style",
            "messageBody": "",
            "insertions": 14,
            "deletions": 10
          },
          {
            "hash": "75ece33695a690b7f9ce96216e928f407800876c",
            "messageTitle": "Checkstyle",
            "messageBody": "",
            "insertions": 16,
            "deletions": 28
          },
          {
            "hash": "4d20e88b8d1f022e25dc85edc638e6769d5a4af0",
            "messageTitle": "Checkstyle",
            "messageBody": "",
            "insertions": 14,
            "deletions": 2
          },
          {
            "hash": "69418f96e243b8fafa50befa4b11783930de3a05",
            "messageTitle": "Add in empty mtds for export",
            "messageBody": "",
            "insertions": 127,
            "deletions": 59
          },
          {
            "hash": "b37d83c8a316842aa3ac5bd791227ede8670ae34",
            "messageTitle": "Print",
            "messageBody": "",
            "insertions": 38,
            "deletions": 4
          },
          {
            "hash": "8507aa4f00978571d2d3490181a205bd1311f55a",
            "messageTitle": "Add print feature for CLI ONLY",
            "messageBody": "",
            "insertions": 224,
            "deletions": 63
          }
        ]
      },
      {
        "insertions": 532,
        "deletions": 279,
        "date": "2020-04-01",
        "commitResults": [
          {
            "hash": "92273239ee6c86bf84e9e971c3c78af4260cd7a4",
            "messageTitle": "Fix tests and print for menu",
            "messageBody": "",
            "insertions": 123,
            "deletions": 41
          },
          {
            "hash": "633a05049293be63a921bdd99345592bd99f69bc",
            "messageTitle": "Solve bugs for printer and export half done",
            "messageBody": "",
            "insertions": 139,
            "deletions": 93
          },
          {
            "hash": "c44253c00201cb6911cf2ecfbb2bab1916d4ba18",
            "messageTitle": "Checkstyle",
            "messageBody": "",
            "insertions": 1,
            "deletions": 1
          },
          {
            "hash": "97c05f3ee3085421b318a40de0d8382f08628515",
            "messageTitle": "fix err0r",
            "messageBody": "",
            "insertions": 1,
            "deletions": 1
          },
          {
            "hash": "a876939eb4e674bb54a1cb5a7a21e81aba80a67c",
            "messageTitle": "Change report command formats to using prefixes",
            "messageBody": "",
            "insertions": 179,
            "deletions": 128
          },
          {
            "hash": "daf7c0ca1a5ba0cb665344534dd9cb4195a357c2",
            "messageTitle": "PLEASE CHECK: added calculation for daily repeats only",
            "messageBody": "",
            "insertions": 88,
            "deletions": 15
          },
          {
            "hash": "773f669465236d461ca2442a07d3649691df6b9d",
            "messageTitle": "TODO",
            "messageBody": "",
            "insertions": 1,
            "deletions": 0
          }
        ]
      },
      {
        "insertions": 3,
        "deletions": 9,
        "date": "2020-04-02",
        "commitResults": [
          {
            "hash": "a648c1003664e73061ec6a20484391f008773404",
            "messageTitle": "Edit UG",
            "messageBody": "",
            "insertions": 1,
            "deletions": 8
          },
          {
            "hash": "15d83d393062471e6f84a9d3818b838de0a10ef5",
            "messageTitle": "fix cs",
            "messageBody": "",
            "insertions": 1,
            "deletions": 0
          },
          {
            "hash": "0c53833cd61fe31d082405bb9ecc782bb890ab69",
            "messageTitle": "checkstyle",
            "messageBody": "",
            "insertions": 1,
            "deletions": 1
          }
        ]
      },
      {
        "insertions": 259,
        "deletions": 359,
        "date": "2020-04-04",
        "commitResults": [
          {
            "hash": "b141f1678391c6a84cd1cc92021ce10032418816",
            "messageTitle": "Reorganised my code",
            "messageBody": "",
            "insertions": 201,
            "deletions": 294
          },
          {
            "hash": "bd8749df45f55f358bdd5bd0a5ac3f993241009e",
            "messageTitle": "Checkstyle",
            "messageBody": "",
            "insertions": 54,
            "deletions": 61
          },
          {
            "hash": "91801803b1387a53767da5c64a09684206a38d58",
            "messageTitle": "Editted some diagrams, please vet",
            "messageBody": "",
            "insertions": 4,
            "deletions": 4
          }
        ]
      },
      {
        "insertions": 697,
        "deletions": 261,
        "date": "2020-04-06",
        "commitResults": [
          {
            "hash": "05910cad86a282664837be95a0268c965ea6e9a5",
            "messageTitle": "Export only in Main CLI in PNG format",
            "messageBody": "",
            "insertions": 53,
            "deletions": 16
          },
          {
            "hash": "56c8245c3c2b8aea98d1cd6134cccd555502a108",
            "messageTitle": "Correct spelling error in response message",
            "messageBody": "",
            "insertions": 7,
            "deletions": 7
          },
          {
            "hash": "6cf38e474627a61828532cbf2ef3a888065624cc",
            "messageTitle": "Calculation for repeat weekly, monthly and annually",
            "messageBody": "",
            "insertions": 269,
            "deletions": 74
          },
          {
            "hash": "7b8938ac3e021870394c9e5dd26644b6833a285f",
            "messageTitle": "Some changes",
            "messageBody": "",
            "insertions": 27,
            "deletions": 17
          },
          {
            "hash": "3b891bad11c5a4252e05409ebf8451642a93fa16",
            "messageTitle": "Edit export to take in file names",
            "messageBody": "",
            "insertions": 133,
            "deletions": 52
          },
          {
            "hash": "7e65ad869423b3024e5b1e9eba288ac239b73f7b",
            "messageTitle": "added export for report window",
            "messageBody": "",
            "insertions": 208,
            "deletions": 95
          }
        ]
      },
      {
        "insertions": 431,
        "deletions": 388,
        "date": "2020-04-07",
        "commitResults": [
          {
            "hash": "4ec4840ec9063f6d04f38e92b7f90a98e2719ca7",
            "messageTitle": "Added help to report window",
            "messageBody": "",
            "insertions": 47,
            "deletions": 102
          },
          {
            "hash": "52d5b39d071223a60b0467c11d1e8914ab100cbe",
            "messageTitle": "Checkstyle",
            "messageBody": "",
            "insertions": 267,
            "deletions": 202
          },
          {
            "hash": "0ca880337d8f1b2802abed851b2a72d6afd5590a",
            "messageTitle": "Make graphType non case sensitive",
            "messageBody": "",
            "insertions": 7,
            "deletions": 7
          },
          {
            "hash": "d3f1a2b5c518503f855908c001e574f960a58e2d",
            "messageTitle": "Test",
            "messageBody": "",
            "insertions": 1,
            "deletions": 1
          },
          {
            "hash": "1dafced83d4bf80d987c8befd76047612c8e8b04",
            "messageTitle": "Fix test",
            "messageBody": "",
            "insertions": 97,
            "deletions": 63
          },
          {
            "hash": "29a0c88dc7563a48409f524b53a1ae39dbe65afe",
            "messageTitle": "checkstyle test",
            "messageBody": "",
            "insertions": 12,
            "deletions": 13
          }
        ]
      },
      {
        "insertions": 978,
        "deletions": 396,
        "date": "2020-04-08",
        "commitResults": [
          {
            "hash": "593c63892e58b8c58c5627b73d77263db89d8acc",
            "messageTitle": "final changes",
            "messageBody": "",
            "insertions": 672,
            "deletions": 219
          },
          {
            "hash": "d61b458a6b6d0b3242cf1e85af21adea5465a2cf",
            "messageTitle": "checkStyle",
            "messageBody": "",
            "insertions": 71,
            "deletions": 80
          },
          {
            "hash": "56734476649767e2cd1a6d9a4692a952db666b41",
            "messageTitle": "checkstylemain",
            "messageBody": "",
            "insertions": 57,
            "deletions": 29
          },
          {
            "hash": "39246d926729ee37409133594123031e1d0f4679",
            "messageTitle": "Graph type only lower case",
            "messageBody": "",
            "insertions": 14,
            "deletions": 11
          },
          {
            "hash": "cbe7be702d626e41f0b9949ab611b69cebd4927f",
            "messageTitle": "checkstyle and pass tests",
            "messageBody": "",
            "insertions": 162,
            "deletions": 54
          },
          {
            "hash": "7d3f11ea9667a5e12a0df590eeb310acdb989745",
            "messageTitle": "Update Report.java",
            "messageBody": "",
            "insertions": 0,
            "deletions": 1
          },
          {
            "hash": "7abfe05a13ee952f0f84fadaa7a485f4686f856e",
            "messageTitle": "cs",
            "messageBody": "",
            "insertions": 2,
            "deletions": 2
          }
        ]
      },
      {
        "insertions": 815,
        "deletions": 55,
        "date": "2020-04-09",
        "commitResults": [
          {
            "hash": "a01090dbd02584e417ac31ad53160829920cefc8",
            "messageTitle": "Order the data by date",
            "messageBody": "",
            "insertions": 38,
            "deletions": 15
          },
          {
            "hash": "69dff4d77ca940a30a674629d527fb29b6b1f143",
            "messageTitle": "Set report window unresizable",
            "messageBody": "",
            "insertions": 1,
            "deletions": 1
          },
          {
            "hash": "d99322dc4d9463eee8b482f18f2f961aaf48c120",
            "messageTitle": "Solve repeat calculation bug",
            "messageBody": "",
            "insertions": 23,
            "deletions": 14
          },
          {
            "hash": "308c5b4def530e8dd0e58672af2a2b3e82e75e9f",
            "messageTitle": "cs",
            "messageBody": "",
            "insertions": 4,
            "deletions": 2
          },
          {
            "hash": "1270268ad20ceb2e69f4e9323d833c6bf9577f8f",
            "messageTitle": "Remove legend for bar chart",
            "messageBody": "",
            "insertions": 5,
            "deletions": 0
          },
          {
            "hash": "4894e3a421c96241f784b5a12bc4c9fbfec98fde",
            "messageTitle": "Edit date constraint message to account for 2020-12-32 etc kinda date",
            "messageBody": "",
            "insertions": 1,
            "deletions": 1
          },
          {
            "hash": "62800e6af67d68941cb9977bacfba3539cdac557",
            "messageTitle": "add assertion",
            "messageBody": "",
            "insertions": 4,
            "deletions": 1
          },
          {
            "hash": "1854ab23efc3ed446631fa0644f804d372320834",
            "messageTitle": "Fix bug stated and add test",
            "messageBody": "",
            "insertions": 737,
            "deletions": 18
          },
          {
            "hash": "e2bfa8e3a773e73ec30d84ee4da79d0ff50cbf2b",
            "messageTitle": "Rmv the sys.print",
            "messageBody": "",
            "insertions": 2,
            "deletions": 3
          }
        ]
      },
      {
        "insertions": 73,
        "deletions": 39,
        "date": "2020-04-10",
        "commitResults": [
          {
            "hash": "fa742153c808ee9668a427cc19adbafac3f4583c",
            "messageTitle": "Solve exponent prob for report",
            "messageBody": "",
            "insertions": 15,
            "deletions": 11
          },
          {
            "hash": "a0099a340deb375515523b57769e047629789a05",
            "messageTitle": "Calculation bug agn:acct for if date range within same mth",
            "messageBody": "",
            "insertions": 28,
            "deletions": 6
          },
          {
            "hash": "f7613ab37fe31aafde97c72df3e8d1d34fa4c125",
            "messageTitle": "Fix bugs",
            "messageBody": "",
            "insertions": 30,
            "deletions": 22
          }
        ]
      },
      {
        "insertions": 366,
        "deletions": 403,
        "date": "2020-04-11",
        "commitResults": [
          {
            "hash": "6a1442f189011ff0f526a59ac28e5574edb3cef7",
            "messageTitle": "Catch no printer",
            "messageBody": "",
            "insertions": 5,
            "deletions": 1
          },
          {
            "hash": "cdeb3991683a757436e03ab9f8bf5dad562349af",
            "messageTitle": "Edit error msg",
            "messageBody": "",
            "insertions": 1,
            "deletions": 1
          },
          {
            "hash": "dec39c4230d331a0d2445cb8681ef79ae18b8bec",
            "messageTitle": "Solve bug report",
            "messageBody": "",
            "insertions": 45,
            "deletions": 41
          },
          {
            "hash": "9937a697cc4422e54a3a2af7c9dec6960d6359bd",
            "messageTitle": "Regorganised code",
            "messageBody": "",
            "insertions": 306,
            "deletions": 284
          },
          {
            "hash": "b0aaa8547a7579d05383aebdc6423e7382d121c9",
            "messageTitle": "Update DG, rmv unused mtd from CommandResult",
            "messageBody": "",
            "insertions": 0,
            "deletions": 8
          },
          {
            "hash": "39648473c7534d3ffd7bcda8115bcc264d806da4",
            "messageTitle": "Solve bug",
            "messageBody": "",
            "insertions": 5,
            "deletions": 65
          },
          {
            "hash": "1fc77823c807c1db041c6c38da1825ac0f1dbfac",
            "messageTitle": "CS",
            "messageBody": "",
            "insertions": 4,
            "deletions": 3
          }
        ]
      },
      {
        "insertions": 31,
        "deletions": 18,
        "date": "2020-04-12",
        "commitResults": [
          {
            "hash": "ce81eaa57adb50d8416a6c37089023f02a667e37",
            "messageTitle": "Standardise the error msg",
            "messageBody": "",
            "insertions": 6,
            "deletions": 4
          },
          {
            "hash": "63249f5a1413c7ca5886042a7cd94c309a1d78ef",
            "messageTitle": "Edit error message for print/export when no graph",
            "messageBody": "",
            "insertions": 2,
            "deletions": 2
          },
          {
            "hash": "000d794e5f057283bf75c289d3b6b087e0dd3ef8",
            "messageTitle": "Fix export bug",
            "messageBody": "",
            "insertions": 23,
            "deletions": 12
          }
        ]
      },
      {
        "insertions": 8,
        "deletions": 9,
        "date": "2020-04-13",
        "commitResults": [
          {
            "hash": "1eab5a55e38c4ff45d9e553a116ba03a97ec0d81",
            "messageTitle": "Update error message and test",
            "messageBody": "",
            "insertions": 3,
            "deletions": 3
          },
          {
            "hash": "0c54fd13be812dc75de814d1725afb4b96522b34",
            "messageTitle": "change to isExist",
            "messageBody": "",
            "insertions": 1,
            "deletions": 1
          },
          {
            "hash": "040f99ecc6feb1d050f63bc21f430b76a1733513",
            "messageTitle": "Fix styling bug",
            "messageBody": "",
            "insertions": 3,
            "deletions": 3
          },
          {
            "hash": "d70b41f3a5450fe8588ea7a59602f1eb7d6ac210",
            "messageTitle": "Set min size for report window",
            "messageBody": "",
            "insertions": 1,
            "deletions": 2
          }
        ]
      }
    ],
    "sp-shaopeng": [
      {
        "insertions": 521,
        "deletions": 247,
        "date": "2020-03-13",
        "commitResults": [
          {
            "hash": "9b556683ec951b8c1d8e254c75300d0dd13ac79d",
            "messageTitle": "add in new code in command but no logic is implemented, restructure the parser test, and add in TODO FOR TEST (#75)",
            "messageBody": "",
            "insertions": 278,
            "deletions": 247
          },
          {
            "hash": "09c0e7b0b1418e689cb520128f9049fe55764c58",
            "messageTitle": "fxml and calender view UI",
            "messageBody": "",
            "insertions": 243,
            "deletions": 0
          }
        ]
      },
      {
        "insertions": 407,
        "deletions": 205,
        "date": "2020-03-15",
        "commitResults": [
          {
            "hash": "1cc3ba10779de5999cce5a0b1a1a2463d90fe762",
            "messageTitle": "slowly add in calendar",
            "messageBody": "",
            "insertions": 197,
            "deletions": 108
          },
          {
            "hash": "efbd3c1732706fba515b690a8b828bc629c8acc1",
            "messageTitle": "add in calendar UI",
            "messageBody": "",
            "insertions": 86,
            "deletions": 30
          },
          {
            "hash": "64337bcc0925f49241af8a2f1ca7eeca9e22b71f",
            "messageTitle": "add in calendar UI, have not link with other logic parts",
            "messageBody": "",
            "insertions": 91,
            "deletions": 35
          },
          {
            "hash": "03d744b60fa17399d0df4ec8f3335ed88a00c5e0",
            "messageTitle": "fix leap year",
            "messageBody": "",
            "insertions": 1,
            "deletions": 4
          },
          {
            "hash": "e9eff459aa070c8ee09954dff869d6b244364a02",
            "messageTitle": "fix leap year",
            "messageBody": "",
            "insertions": 2,
            "deletions": 3
          },
          {
            "hash": "4b633a9e6662cdce4ab301e8e54e3c97bd27ebc2",
            "messageTitle": "fix leap year",
            "messageBody": "",
            "insertions": 1,
            "deletions": 9
          },
          {
            "hash": "479a7c51e87205bf9e974e48e00ead30cd0d67a5",
            "messageTitle": "fix leap year",
            "messageBody": "",
            "insertions": 5,
            "deletions": 7
          },
          {
            "hash": "7f694e48c744806a6871d82cf5a34caa2fe7f3c4",
            "messageTitle": "fix calendar view code",
            "messageBody": "",
            "insertions": 24,
            "deletions": 9
          }
        ]
      },
      {
        "insertions": 305,
        "deletions": 136,
        "date": "2020-03-18",
        "commitResults": [
          {
            "hash": "e1d2e1eece840a934c0660d3ae4c375790018682",
            "messageTitle": "work on parser and command",
            "messageBody": "",
            "insertions": 182,
            "deletions": 53
          },
          {
            "hash": "66b639d1a673f106f8c75f55bce9357d927d2e76",
            "messageTitle": "Update calendar class as per discussed",
            "messageBody": "",
            "insertions": 81,
            "deletions": 47
          },
          {
            "hash": "d561b3e8b5c86131558b7bb8c2a45fa819840b83",
            "messageTitle": "update calendar",
            "messageBody": "",
            "insertions": 11,
            "deletions": 16
          },
          {
            "hash": "35ad601e287438307510b09e6eb2a5b6b4386f37",
            "messageTitle": "update checkstyle",
            "messageBody": "",
            "insertions": 18,
            "deletions": 13
          },
          {
            "hash": "42db813d426dce47c684bfe4d9177497e4f87efb",
            "messageTitle": "fix some test",
            "messageBody": "",
            "insertions": 13,
            "deletions": 7
          }
        ]
      },
      {
        "insertions": 84,
        "deletions": 17,
        "date": "2020-03-19",
        "commitResults": [
          {
            "hash": "14b518469b56fc423e86d1bc8e28e9b1c6bbcda7",
            "messageTitle": " implement acc commands",
            "messageBody": "",
            "insertions": 76,
            "deletions": 12
          },
          {
            "hash": "31448475f5c546004c719b0dfd9ec534aad4c6a9",
            "messageTitle": "fix checkstyle",
            "messageBody": "",
            "insertions": 8,
            "deletions": 5
          }
        ]
      },
      {
        "insertions": 377,
        "deletions": 21,
        "date": "2020-03-20",
        "commitResults": [
          {
            "hash": "308557aff1782ebc8ead04019b08a9e93a93f075",
            "messageTitle": " add in repeat class",
            "messageBody": "",
            "insertions": 105,
            "deletions": 9
          },
          {
            "hash": "7db473617599df43a54d6b6fdfe28d8389561745",
            "messageTitle": " add in skeleton files for repeat",
            "messageBody": "",
            "insertions": 272,
            "deletions": 12
          }
        ]
      },
      {
        "insertions": 22,
        "deletions": 8,
        "date": "2020-03-21",
        "commitResults": [
          {
            "hash": "9b9844aaefe85bb5eb489409ebfdd23fecc22bae",
            "messageTitle": "fix one test and comment out one test",
            "messageBody": "",
            "insertions": 22,
            "deletions": 8
          }
        ]
      },
      {
        "insertions": 150,
        "deletions": 40,
        "date": "2020-03-22",
        "commitResults": [
          {
            "hash": "f9bd232fd995ed68d10d15b3bad923520597669e",
            "messageTitle": " change the button, add in method in repeat class",
            "messageBody": "",
            "insertions": 89,
            "deletions": 3
          },
          {
            "hash": "05255df9b79ba31cd38e5064077bcf31e9bd7fee",
            "messageTitle": "fix checkstyle",
            "messageBody": "",
            "insertions": 8,
            "deletions": 9
          },
          {
            "hash": "a671475dfb51adf110ae2b7d218f9b05f68a1f3b",
            "messageTitle": " change calendar size",
            "messageBody": "",
            "insertions": 1,
            "deletions": 4
          },
          {
            "hash": "f8f7b9e63cc7a529f950ed6ef82054ca835a12ee",
            "messageTitle": " checkstyle",
            "messageBody": "",
            "insertions": 0,
            "deletions": 1
          },
          {
            "hash": "8bedb0208a5bd3ece4f06062103e2950b719e754",
            "messageTitle": "resolve conflict with xinpei",
            "messageBody": "",
            "insertions": 52,
            "deletions": 23
          }
        ]
      },
      {
        "insertions": 488,
        "deletions": 111,
        "date": "2020-03-24",
        "commitResults": [
          {
            "hash": "7b260335f1488b3a4a69669586e2a7fe12c76d0e",
            "messageTitle": "havent fix test cases",
            "messageBody": "",
            "insertions": 50,
            "deletions": 49
          },
          {
            "hash": "6e6ba90c19abb2bc45373c5a1f97339cee27a98d",
            "messageTitle": "Add in test classes for parser and command",
            "messageBody": "",
            "insertions": 45,
            "deletions": 0
          },
          {
            "hash": "ed75575d381777ab65291c114ef3f25ea48c516d",
            "messageTitle": "add in parser",
            "messageBody": "",
            "insertions": 393,
            "deletions": 62
          }
        ]
      },
      {
        "insertions": 238,
        "deletions": 125,
        "date": "2020-03-25",
        "commitResults": [
          {
            "hash": "b7082d73985f440f035e10f79d5ad8ff9533cb33",
            "messageTitle": "some of the logic for repeat command is not implemented, need wait for jiahui to change the model",
            "messageBody": "",
            "insertions": 139,
            "deletions": 44
          },
          {
            "hash": "7d540eeeef025910ce30c847e929bddc8759ddc9",
            "messageTitle": " update dg",
            "messageBody": "",
            "insertions": 0,
            "deletions": 51
          },
          {
            "hash": "562e0086f65e040157fecfdef4dfae165155cc81",
            "messageTitle": "upload the src code",
            "messageBody": "",
            "insertions": 1,
            "deletions": 5
          },
          {
            "hash": "5b08c0c8bd37b2f9436d29b89bf9366ae92dd2a0",
            "messageTitle": "add repeat card list",
            "messageBody": "",
            "insertions": 88,
            "deletions": 22
          },
          {
            "hash": "ab3b349bca53aefc50b190a2a3b0922033890a42",
            "messageTitle": "add repeat card list",
            "messageBody": "",
            "insertions": 2,
            "deletions": 2
          },
          {
            "hash": "38d448374555319aeadf9767bdca6fd4fa74fffd",
            "messageTitle": "nothing",
            "messageBody": "",
            "insertions": 8,
            "deletions": 1
          }
        ]
      },
      {
        "insertions": 191,
        "deletions": 55,
        "date": "2020-03-28",
        "commitResults": [
          {
            "hash": "f14ee51c8545773e0e96845e8febebd114e738c2",
            "messageTitle": "fix checkstyle for XP",
            "messageBody": "",
            "insertions": 29,
            "deletions": 19
          },
          {
            "hash": "1ac002f98f70583ccdc49a85e2ec27c0f00884a9",
            "messageTitle": "Add in the budget class, budget command. Monthly calculation not yet implemented. Need jiahui to link the storage. UI for budget is not up yet",
            "messageBody": "",
            "insertions": 162,
            "deletions": 36
          }
        ]
      },
      {
        "insertions": 143,
        "deletions": 16,
        "date": "2020-03-29",
        "commitResults": [
          {
            "hash": "9ea4a0f6a1dc36f245f9b44a131098b43ac50471",
            "messageTitle": "add in calculation for monthly",
            "messageBody": "",
            "insertions": 143,
            "deletions": 16
          }
        ]
      },
      {
        "insertions": 11,
        "deletions": 15,
        "date": "2020-03-30",
        "commitResults": [
          {
            "hash": "c913bcfbcd3e4b354e77c9d1ea1c9ad42b3e3027",
            "messageTitle": "fix the taskbar for window by removing stage.initStyle(StageStyle.UTILITY); in MainApp",
            "messageBody": "",
            "insertions": 0,
            "deletions": 5
          },
          {
            "hash": "94a3d23ed53abfc33ce787e060a0240aeae9f047",
            "messageTitle": "fix calendar UI",
            "messageBody": "",
            "insertions": 5,
            "deletions": 6
          },
          {
            "hash": "28c767fff9028205909e792560b900c46dc3c57b",
            "messageTitle": "fix the calendar button",
            "messageBody": "",
            "insertions": 6,
            "deletions": 4
          }
        ]
      },
      {
        "insertions": 365,
        "deletions": 128,
        "date": "2020-03-31",
        "commitResults": [
          {
            "hash": "36b4830d5060d3f4aab69fd42e0ffd53ab4ba513",
            "messageTitle": "add in UI, Jiahui please help in storage for account name view",
            "messageBody": "",
            "insertions": 195,
            "deletions": 39
          },
          {
            "hash": "e91e1f6fdcd4db3e5d5bec4b4d4588c60b3d5ac9",
            "messageTitle": " change according to fengyue suggestion for the center column",
            "messageBody": "",
            "insertions": 86,
            "deletions": 62
          },
          {
            "hash": "ef7885082965c06636c4ff5a7b66339e24ee50a1",
            "messageTitle": "starting on budget view",
            "messageBody": "",
            "insertions": 84,
            "deletions": 27
          }
        ]
      },
      {
        "insertions": 436,
        "deletions": 120,
        "date": "2020-04-01",
        "commitResults": [
          {
            "hash": "25059bbabba2ab08bd9dff5654bcfc84f03a8b4f",
            "messageTitle": " add in budget window view",
            "messageBody": "",
            "insertions": 85,
            "deletions": 11
          },
          {
            "hash": "2d166fe75086712f96bd46c23c67ecc96dd0cf7d",
            "messageTitle": " add in budget view window",
            "messageBody": "",
            "insertions": 1,
            "deletions": 1
          },
          {
            "hash": "83971259e8abf2e88a731dd82ef37902f7cff9ce",
            "messageTitle": "change name for budget view",
            "messageBody": "",
            "insertions": 2,
            "deletions": 2
          },
          {
            "hash": "1507c36d742037daa9dc4d480f9dd5ebb8baf27a",
            "messageTitle": "fix repeat end date",
            "messageBody": "",
            "insertions": 7,
            "deletions": 8
          },
          {
            "hash": "43520b3f8a58507e02881353928dd4ce6e374d04",
            "messageTitle": "fix repeat weekly bug",
            "messageBody": "",
            "insertions": 6,
            "deletions": 4
          },
          {
            "hash": "a751927d1a749745c7fdad9ba90452ca66fd0ceb",
            "messageTitle": " add in monthly calculation and set up budget view",
            "messageBody": "",
            "insertions": 238,
            "deletions": 59
          },
          {
            "hash": "42c70e34686df36ce73dd0e795ffbdb3ccde7553",
            "messageTitle": " implemented budget view",
            "messageBody": "",
            "insertions": 89,
            "deletions": 29
          },
          {
            "hash": "9d74587560d7110357e0668a155296feab3cbf2b",
            "messageTitle": "fix bug",
            "messageBody": "",
            "insertions": 8,
            "deletions": 5
          },
          {
            "hash": "06a4c588804635a967da35fdc877851c6992f503",
            "messageTitle": "resolve merge conflict with jiahui and remove 2 test case, added todo to notify",
            "messageBody": "",
            "insertions": 0,
            "deletions": 1
          }
        ]
      },
      {
        "insertions": 1310,
        "deletions": 226,
        "date": "2020-04-04",
        "commitResults": [
          {
            "hash": "775abe4d9a0455bbbd6ee251b8f9df1a2632e85b",
            "messageTitle": "add in some test",
            "messageBody": "",
            "insertions": 377,
            "deletions": 5
          },
          {
            "hash": "685b46dc68615780e74ad818fe1575e47a9e2570",
            "messageTitle": "add in test",
            "messageBody": "",
            "insertions": 417,
            "deletions": 145
          },
          {
            "hash": "e9e362bad81207e4968879e736fa63fcd57a442c",
            "messageTitle": "before merge",
            "messageBody": "",
            "insertions": 1,
            "deletions": 1
          },
          {
            "hash": "812538bb5294cee065a7c7de2e4c5910fce3a721",
            "messageTitle": " fix checkstyle",
            "messageBody": "",
            "insertions": 67,
            "deletions": 63
          },
          {
            "hash": "9aab7ed56e108af81e9fd52dbd445a4abbcee1a1",
            "messageTitle": "update test case",
            "messageBody": "",
            "insertions": 448,
            "deletions": 12
          }
        ]
      },
      {
        "insertions": 278,
        "deletions": 36,
        "date": "2020-04-05",
        "commitResults": [
          {
            "hash": "4c635b4f581fdcb718a906814a116a4f16f9f682",
            "messageTitle": " update test",
            "messageBody": "",
            "insertions": 278,
            "deletions": 36
          }
        ]
      },
      {
        "insertions": 501,
        "deletions": 22,
        "date": "2020-04-06",
        "commitResults": [
          {
            "hash": "2338ee8a4ba4c646b5a1d3174014787766e63027",
            "messageTitle": " update test",
            "messageBody": "",
            "insertions": 499,
            "deletions": 21
          },
          {
            "hash": "9d91c0bf993adba79ff2208e872e9e6146c4dfac",
            "messageTitle": " fix repeat monthly bug",
            "messageBody": "",
            "insertions": 2,
            "deletions": 1
          }
        ]
      },
      {
        "insertions": 0,
        "deletions": 11,
        "date": "2020-04-08",
        "commitResults": [
          {
            "hash": "7494d0bcb285f66382bffb2afa21b2b151999820",
            "messageTitle": " remove useless method",
            "messageBody": "",
            "insertions": 0,
            "deletions": 11
          }
        ]
      },
      {
        "insertions": 92,
        "deletions": 71,
        "date": "2020-04-09",
        "commitResults": [
          {
            "hash": "591c0f11b1c4b3b77525212ae0377973674f7c9a",
            "messageTitle": "Update Dg",
            "messageBody": "",
            "insertions": 8,
            "deletions": 4
          },
          {
            "hash": "90f292c4f537c91dd523b9a381546db2625c2538",
            "messageTitle": "fiX SOME BUG",
            "messageBody": "",
            "insertions": 6,
            "deletions": 11
          },
          {
            "hash": "53b67ae20b6620391b22d17fcee6cf308ac762f3",
            "messageTitle": " fix some bug in repeat",
            "messageBody": "",
            "insertions": 36,
            "deletions": 1
          },
          {
            "hash": "7c08e244ec42c5613a834196fba183fde9977c10",
            "messageTitle": " fix checkstyle",
            "messageBody": "",
            "insertions": 9,
            "deletions": 5
          },
          {
            "hash": "f231cd64e8e700adce321a7a95e297a709f8a5a3",
            "messageTitle": " fix test case",
            "messageBody": "",
            "insertions": 11,
            "deletions": 40
          },
          {
            "hash": "07ee7a6038ebeac779df51e224df9de96694a4c5",
            "messageTitle": " fix checkstyle",
            "messageBody": "",
            "insertions": 2,
            "deletions": 2
          },
          {
            "hash": "c89a88bf94f86bef2bfc49a2a58c14ba53f1054b",
            "messageTitle": "fix budget view on start up",
            "messageBody": "",
            "insertions": 10,
            "deletions": 1
          },
          {
            "hash": "36a9b4b4e1faeba9ff920c25246d72a2f7c4cdd1",
            "messageTitle": "add in javadoc",
            "messageBody": "",
            "insertions": 4,
            "deletions": 0
          },
          {
            "hash": "6e73b23b15035e3b83f47aee1674c7ee701bb35c",
            "messageTitle": "clean up code",
            "messageBody": "",
            "insertions": 3,
            "deletions": 4
          },
          {
            "hash": "00a562328cacdae4929896a676cdf4e7e9962d1e",
            "messageTitle": " update ug",
            "messageBody": "",
            "insertions": 1,
            "deletions": 1
          },
          {
            "hash": "10e6102ae2a52b77cdbb9586dd98e1696bfc8a05",
            "messageTitle": " fix some bug",
            "messageBody": "",
            "insertions": 2,
            "deletions": 2
          }
        ]
      },
      {
        "insertions": 4,
        "deletions": 3,
        "date": "2020-04-10",
        "commitResults": [
          {
            "hash": "6c7d4cc0da6e1e488b96c0bf9a80de42484e9bd6",
            "messageTitle": "update UG, add in prefix notation",
            "messageBody": "",
            "insertions": 2,
            "deletions": 1
          },
          {
            "hash": "85b6551699779dbe0c0d3834d42db4be2b428c23",
            "messageTitle": " fixed bug for E10",
            "messageBody": "",
            "insertions": 2,
            "deletions": 2
          }
        ]
      },
      {
        "insertions": 41,
        "deletions": 15,
        "date": "2020-04-12",
        "commitResults": [
          {
            "hash": "13ff47aaf25db98861b19d11f22e3a1796c80e45",
            "messageTitle": " update diagram",
            "messageBody": "",
            "insertions": 2,
            "deletions": 2
          },
          {
            "hash": "ea2c343f8dbb31db698d41e5f4219cf14c0f3b01",
            "messageTitle": " update dg ug",
            "messageBody": "",
            "insertions": 39,
            "deletions": 13
          }
        ]
      },
      {
        "insertions": 1,
        "deletions": 1,
        "date": "2020-04-13",
        "commitResults": [
          {
            "hash": "6fba103f3f08a406842a687e7d5405fa87267d3f",
            "messageTitle": "fix checkstyle",
            "messageBody": "",
            "insertions": 1,
            "deletions": 1
          }
        ]
      }
    ],
    "zwasd": [
      {
        "insertions": 1,
        "deletions": 1,
        "date": "2020-03-03",
        "commitResults": [
          {
            "hash": "96b3f07ac5858fd4c6c452c5d37be374574b987e",
            "messageTitle": "comment site-seedu in build.gradle",
            "messageBody": "",
            "insertions": 1,
            "deletions": 1
          }
        ]
      },
      {
        "insertions": 6723,
        "deletions": 6619,
        "date": "2020-03-09",
        "commitResults": [
          {
            "hash": "499d0cdce830d5638b6bd37f366bfb67177d551f",
            "messageTitle": "Revert \"Refractor classes in model package (#38)\" (#39)",
            "messageBody": "This reverts commit c23ce82fd1116f34259d4f0c4492f4119966bf29.",
            "insertions": 2186,
            "deletions": 2082
          },
          {
            "hash": "945673498f9b5a1cdd6c8860e99ee7b85c5930d0",
            "messageTitle": "Revert \"Revert \"Refractor classes in model package (#38)\" (#39)\" (#40)",
            "messageBody": "This reverts commit 499d0cdce830d5638b6bd37f366bfb67177d551f.",
            "insertions": 2082,
            "deletions": 2186
          },
          {
            "hash": "91864de67451de82d96b7e104846253c6709ddb6",
            "messageTitle": "Revert \"Revert \"Revert \"Refractor classes in model package (#38)\" (#39)\" (#40)\" (#41)",
            "messageBody": "This reverts commit 945673498f9b5a1cdd6c8860e99ee7b85c5930d0.",
            "insertions": 2186,
            "deletions": 2082
          },
          {
            "hash": "bb55073d536e977d805ea7dc9b7a547cfe17e4c9",
            "messageTitle": "refactor all phone to id; update list index to number",
            "messageBody": "",
            "insertions": 269,
            "deletions": 269
          }
        ]
      },
      {
        "insertions": 928,
        "deletions": 754,
        "date": "2020-03-10",
        "commitResults": [
          {
            "hash": "43e6b3ff430f694283dafd09300f5d747bef43b4",
            "messageTitle": "Refactor (#47)",
            "messageBody": "* Profile pic for shaopeng\r\n\r\n* change profile pic to png [shaopeng]\r\n\r\n* change profile pic to png [shaopeng]\r\n\r\n* Update AboutUs.adoc ContactUs.adoc\r\n\r\n* Add UI Image\r\n\r\n* Edit README and UserGuide\r\n\r\n* Update UG\r\n\r\n* Edit DevGuide\r\n\r\n* Remove q\r\n\r\n* Add an\r\n\r\n* update user stories in developer guide\r\n\r\n* Update DeveloperGuide: user stories\r\n\r\n* add eof to userguide\r\n\r\n* update appendix C in DG and change the header from addressbook to\r\n\r\n* change all \u0027/\u0027 to \u0027-\u0027\r\n\r\n* standardise the style, change  to\r\n\r\n* Refine UG\r\n\r\n* Add a space between the title\r\n\r\n* refactoring\r\n\r\n* refactoring\r\n\r\n* refactoring\r\n\r\n* Refactor Name class to Info class\r\n\r\n* refactoring\r\n\r\n* refactoring\r\n\r\n* Change .adoc .sh files\r\n\r\n* refactoring\r\n\r\n* refactoring\r\n\r\n* Change info back to name in docs folder\r\n\r\n* Change checkstyle.xml\r\n\r\n* undo a few chanes to name in docs\r\n\r\n* refactoring, pass all test case\r\n\r\n* refactoring, pass all test casE and checkstyle\r\n\r\n* refactoring, pass all test casE and checkstyle\r\n\r\n* Refractor UI classes: Person___ -\u003e Expenditure___\r\n\r\n* resolve conflict\r\n\r\n* undo changes to docs and checkstyle; remove tutorial\r\n\r\nCo-authored-by: ShaoPeng \u003csp.shaopeng@gmail.com\u003e\r\nCo-authored-by: XinPei-ng \u003celainengxp@gmail.com\u003e\r\nCo-authored-by: JJiahui \u003cjiangjiahui2048@gmail.com\u003e",
            "insertions": 928,
            "deletions": 754
          }
        ]
      },
      {
        "insertions": 7,
        "deletions": 13,
        "date": "2020-03-11",
        "commitResults": [
          {
            "hash": "a995a33dc69c2cf8c285eb8f3f2bb0da6265e088",
            "messageTitle": "fix application not running without initial data bug (#67)",
            "messageBody": "",
            "insertions": 7,
            "deletions": 13
          }
        ]
      },
      {
        "insertions": 1308,
        "deletions": 458,
        "date": "2020-03-12",
        "commitResults": [
          {
            "hash": "e430c83aa418454f1b6b9b926cd35098f153a7b0",
            "messageTitle": "Refactor commands (#70)",
            "messageBody": "* Profile pic for shaopeng\r\n\r\n* change profile pic to png [shaopeng]\r\n\r\n* change profile pic to png [shaopeng]\r\n\r\n* Update AboutUs.adoc ContactUs.adoc\r\n\r\n* Add UI Image\r\n\r\n* Edit README and UserGuide\r\n\r\n* Update UG\r\n\r\n* Edit DevGuide\r\n\r\n* Remove q\r\n\r\n* Add an\r\n\r\n* update user stories in developer guide\r\n\r\n* Update DeveloperGuide: user stories\r\n\r\n* add eof to userguide\r\n\r\n* update appendix C in DG and change the header from addressbook to\r\n\r\n* change all \u0027/\u0027 to \u0027-\u0027\r\n\r\n* standardise the style, change  to\r\n\r\n* Refine UG\r\n\r\n* Add a space between the title\r\n\r\n* refactoring\r\n\r\n* refactoring\r\n\r\n* refactoring\r\n\r\n* Refactor Name class to Info class\r\n\r\n* refactoring\r\n\r\n* refactoring\r\n\r\n* Change .adoc .sh files\r\n\r\n* refactoring\r\n\r\n* refactoring\r\n\r\n* Change info back to name in docs folder\r\n\r\n* Change checkstyle.xml\r\n\r\n* undo a few chanes to name in docs\r\n\r\n* refactoring, pass all test case\r\n\r\n* refactoring, pass all test casE and checkstyle\r\n\r\n* refactoring, pass all test casE and checkstyle\r\n\r\n* Refractor UI classes: Person___ -\u003e Expenditure___\r\n\r\n* resolve conflict\r\n\r\n* undo changes to docs and checkstyle; remove tutorial\r\n\r\n* Refractor parser classes\r\n\r\n* Repackage command classes and tests (#50)\r\n\r\n* add in all other classes for command (#52)\r\n\r\n* add in all other classes for command\r\n\r\n* add in all other classes for command\r\n\r\n* add in all other classes for command\r\n\r\n* Add in levels parser (#53)\r\n\r\n* add in all other classes for command\r\n\r\n* add in all other classes for command\r\n\r\n* add in all other classes for command\r\n\r\n* add in all other classes for command\r\n\r\n* Refactor Find , Delete parser and command classes. (#54)\r\n\r\n* Repackage command classes and tests\r\n\r\n* Refactor Find,Delete command and parser classes\r\n\r\n* Add in more files in Test sector for new commands, refactor \"edit\" to \"expEdit\" (#55)\r\n\r\n* add in all other classes for command\r\n\r\n* add in all other classes for command\r\n\r\n* add in all other classes for command\r\n\r\n* add in all other classes for command\r\n\r\n* Refactor Edit command\r\n\r\n* Add in more files in the TEST sector, refactor Edit -\u003e ExpEdit\r\n\r\n* Add in more files in the TEST sector, refactor Edit -\u003e ExpEdit\r\n\r\n* Add in more files in the TEST sector, refactor Edit -\u003e ExpEdit\r\n\r\n* Refactor command: list -\u003e accList, clear-\u003e accClear, add-\u003e ExpAdd (#56)\r\n\r\n* add in all other classes for command\r\n\r\n* add in all other classes for command\r\n\r\n* add in all other classes for command\r\n\r\n* add in all other classes for command\r\n\r\n* Refactor Edit command\r\n\r\n* Add in more files in the TEST sector, refactor Edit -\u003e ExpEdit\r\n\r\n* Add in more files in the TEST sector, refactor Edit -\u003e ExpEdit\r\n\r\n* Add in more files in the TEST sector, refactor Edit -\u003e ExpEdit\r\n\r\n* add -\u003e expAdd, list -\u003e AccList, clear -\u003e AccClear\r\n\r\n* renamed account list and clear parser\r\n\r\n* renamed account list and clear parser (#57)\r\n\r\n* Refactor AddCP -\u003e ExpAddCP\r\n\r\nCo-authored-by: ShaoPeng \u003csp.shaopeng@gmail.com\u003e\r\nCo-authored-by: XinPei-ng \u003celainengxp@gmail.com\u003e\r\nCo-authored-by: JJiahui \u003cjiangjiahui2048@gmail.com\u003e\r\nCo-authored-by: XinPei-ng \u003c54896139+XinPei-ng@users.noreply.github.com\u003e",
            "insertions": 1308,
            "deletions": 458
          }
        ]
      },
      {
        "insertions": 105,
        "deletions": 113,
        "date": "2020-03-13",
        "commitResults": [
          {
            "hash": "35f58e7874d4fe7f961f67707eb0add413064029",
            "messageTitle": "update level parsers to inherit toplevelparser; filled some implementation for help (not done); update prefix",
            "messageBody": "",
            "insertions": 105,
            "deletions": 113
          }
        ]
      },
      {
        "insertions": 64,
        "deletions": 66,
        "date": "2020-03-15",
        "commitResults": [
          {
            "hash": "8f9a9f73fec3eaacccbdf243e7cfb5c424344056",
            "messageTitle": "fix failing expenditure and logic mamanger tests",
            "messageBody": "",
            "insertions": 25,
            "deletions": 22
          },
          {
            "hash": "10363bfbe9a9dc464b2545626a5a502330e34d76",
            "messageTitle": "add space to prefix; add some help messages (WIP)",
            "messageBody": "",
            "insertions": 37,
            "deletions": 42
          },
          {
            "hash": "174202590dc20c579ec6db0dff5c650a4c07bba2",
            "messageTitle": "remove trailing space in MainWindow.fxml",
            "messageBody": "",
            "insertions": 1,
            "deletions": 1
          },
          {
            "hash": "78b816f6d306841a753f74b1cf7a5e8b1a079bd4",
            "messageTitle": "fix variable name",
            "messageBody": "",
            "insertions": 1,
            "deletions": 1
          }
        ]
      },
      {
        "insertions": 8,
        "deletions": 26,
        "date": "2020-03-17",
        "commitResults": [
          {
            "hash": "d4a90ff5a8493b15feb190f8025e2ea07765cb88",
            "messageTitle": "update MainWindow.fxml structure and fix exception during runtime",
            "messageBody": "",
            "insertions": 8,
            "deletions": 26
          }
        ]
      },
      {
        "insertions": 936,
        "deletions": 711,
        "date": "2020-03-18",
        "commitResults": [
          {
            "hash": "d429e3d43ba98f49124f92364e40bcb6dffb5944",
            "messageTitle": "add autocomplete feature; update help messages; fix checkstyle for main",
            "messageBody": "",
            "insertions": 294,
            "deletions": 113
          },
          {
            "hash": "35da5fc97cd31c93ac762b468202ce6cbf124bb5",
            "messageTitle": "another major refactoring of person to expenditure",
            "messageBody": "",
            "insertions": 297,
            "deletions": 280
          },
          {
            "hash": "1df55b868d0d7d53cfb9f25658e7673783fec01c",
            "messageTitle": "comment outdated test cases",
            "messageBody": "",
            "insertions": 237,
            "deletions": 221
          },
          {
            "hash": "370539f68663e65042e694f652dd9e51f5dcd21c",
            "messageTitle": "fix checkstyletest errors",
            "messageBody": "",
            "insertions": 103,
            "deletions": 95
          },
          {
            "hash": "64b92009496c6ac441907c186586fa0a4a0d0e28",
            "messageTitle": "fix checkstyle error for repeat",
            "messageBody": "",
            "insertions": 5,
            "deletions": 2
          }
        ]
      },
      {
        "insertions": 89,
        "deletions": 170,
        "date": "2020-03-24",
        "commitResults": [
          {
            "hash": "47cc2cc09edb9f91d26919cab9d809d9c0f40767",
            "messageTitle": "fix tests and checkstyle",
            "messageBody": "",
            "insertions": 38,
            "deletions": 129
          },
          {
            "hash": "082f080a380e36d1d15447cc051f62d4a55d7768",
            "messageTitle": "uncomment tests in TopLevelParserTest",
            "messageBody": "",
            "insertions": 49,
            "deletions": 38
          },
          {
            "hash": "fa6ce2d1e8dae8babaed6b23b1de5f0e03551954",
            "messageTitle": "fix checkstyle",
            "messageBody": "",
            "insertions": 2,
            "deletions": 3
          }
        ]
      },
      {
        "insertions": 351,
        "deletions": 53,
        "date": "2020-03-25",
        "commitResults": [
          {
            "hash": "facd0d876102717b1ef20c8ae754cb9c2fe1425f",
            "messageTitle": "add tests for account command parser",
            "messageBody": "",
            "insertions": 134,
            "deletions": 7
          },
          {
            "hash": "615b494b7cf83cde28235b6553f5d6c29bdc4f99",
            "messageTitle": "add more tests to account command parsers",
            "messageBody": "",
            "insertions": 118,
            "deletions": 46
          },
          {
            "hash": "44d8d8622617068391011704b5de37ea6c0a3b93",
            "messageTitle": "add account clear and list command parser tests",
            "messageBody": "",
            "insertions": 99,
            "deletions": 0
          }
        ]
      },
      {
        "insertions": 202,
        "deletions": 75,
        "date": "2020-03-31",
        "commitResults": [
          {
            "hash": "29916505c6b15cf9ebbb1131c96cdb3c67f10a2f",
            "messageTitle": "update set buget parser and storage",
            "messageBody": "",
            "insertions": 202,
            "deletions": 75
          }
        ]
      },
      {
        "insertions": 148,
        "deletions": 100,
        "date": "2020-04-01",
        "commitResults": [
          {
            "hash": "359176cd387a04947d3d3584e7d4240bf6cec09a",
            "messageTitle": "persist active account",
            "messageBody": "",
            "insertions": 16,
            "deletions": 1
          },
          {
            "hash": "0027d29b72eee8f96e0e0a234cdf244ee82a88f2",
            "messageTitle": "fix runtime error when budget not in data file",
            "messageBody": "",
            "insertions": 5,
            "deletions": 3
          },
          {
            "hash": "143fe81f6f68b43fc38d514d6206d7f443822b3b",
            "messageTitle": "remove println",
            "messageBody": "",
            "insertions": 0,
            "deletions": 2
          },
          {
            "hash": "a7371476f48b4147b25ae2ea987cfad34738fa9c",
            "messageTitle": "update ui to look flatter",
            "messageBody": "",
            "insertions": 43,
            "deletions": 29
          },
          {
            "hash": "28816ab5334a7060a53b256c3271f2bff1a50746",
            "messageTitle": "fix active account name ui",
            "messageBody": "",
            "insertions": 26,
            "deletions": 15
          },
          {
            "hash": "ffdf2c17b063341e635452d3a1a6117603de838a",
            "messageTitle": "update repeat card ui",
            "messageBody": "",
            "insertions": 28,
            "deletions": 37
          },
          {
            "hash": "9385cc306e285caf6a2e0eac23395aa17a389ccc",
            "messageTitle": "add last active account persistence",
            "messageBody": "",
            "insertions": 24,
            "deletions": 12
          },
          {
            "hash": "808a256f326ea3fd2aed77afe1898f6e12a2be27",
            "messageTitle": "update Ui image",
            "messageBody": "",
            "insertions": 1,
            "deletions": 1
          },
          {
            "hash": "c757607cc61b3f7301168d0cce24b24c72e60cce",
            "messageTitle": "fix test case failure",
            "messageBody": "",
            "insertions": 5,
            "deletions": 0
          }
        ]
      },
      {
        "insertions": 1467,
        "deletions": 1470,
        "date": "2020-04-04",
        "commitResults": [
          {
            "hash": "da1097465c32a5475cb9d68d5542b306a2ca9567",
            "messageTitle": "rename java folder from address to saveit",
            "messageBody": "",
            "insertions": 1419,
            "deletions": 1419
          },
          {
            "hash": "3d39d75f0b310d9c159bdfdb8d5b003dcc5d8aff",
            "messageTitle": "rename saveAddressBook to saveSaveIt; move Tag class under expenditure package",
            "messageBody": "",
            "insertions": 47,
            "deletions": 50
          },
          {
            "hash": "c4fc7a45f5764f33a1512ecc865b560e4344386c",
            "messageTitle": "update puml",
            "messageBody": "",
            "insertions": 1,
            "deletions": 1
          }
        ]
      },
      {
        "insertions": 88,
        "deletions": 48,
        "date": "2020-04-10",
        "commitResults": [
          {
            "hash": "55fe9850c4315afe94912d799291538b889ad9be",
            "messageTitle": "update docs",
            "messageBody": "",
            "insertions": 1,
            "deletions": 1
          },
          {
            "hash": "6e334e456807cb09a0584f1a7d975ace03d62c92",
            "messageTitle": "fix tag name size restriction",
            "messageBody": "",
            "insertions": 3,
            "deletions": 7
          },
          {
            "hash": "c0fbdacdc5707e19e79232068aff6db6766a2427",
            "messageTitle": "update width setting",
            "messageBody": "",
            "insertions": 13,
            "deletions": 1
          },
          {
            "hash": "fb26eee99cf484cc147291c3828c743a6e291a13",
            "messageTitle": "update repeat tags",
            "messageBody": "",
            "insertions": 13,
            "deletions": 1
          },
          {
            "hash": "c7e5ac80af6dbe6bce2a743e7f246721042d5282",
            "messageTitle": "update repeat padding",
            "messageBody": "",
            "insertions": 1,
            "deletions": 1
          },
          {
            "hash": "b1280ceb514df094a857740bc98c2ed12f9d960c",
            "messageTitle": "restrict to only allow alphanumeric",
            "messageBody": "",
            "insertions": 22,
            "deletions": 7
          },
          {
            "hash": "4e608883333c533e3c0c0975ec471e6393f46af0",
            "messageTitle": "update",
            "messageBody": "",
            "insertions": 7,
            "deletions": 7
          },
          {
            "hash": "845775f7158ff2525b0fccc3e9a902475ef8ab06",
            "messageTitle": "add javadoc",
            "messageBody": "",
            "insertions": 5,
            "deletions": 0
          },
          {
            "hash": "cc1a83a028ed89f9dd6283216d05e214c0dfa900",
            "messageTitle": "update ug; fix test",
            "messageBody": "",
            "insertions": 23,
            "deletions": 23
          }
        ]
      },
      {
        "insertions": 2,
        "deletions": 1,
        "date": "2020-04-11",
        "commitResults": [
          {
            "hash": "a776826947a3cd1f274ada14d1ee96e81f2405bf",
            "messageTitle": "fix days calculation",
            "messageBody": "",
            "insertions": 2,
            "deletions": 1
          }
        ]
      },
      {
        "insertions": 25,
        "deletions": 191,
        "date": "2020-04-12",
        "commitResults": [
          {
            "hash": "eb7f7e260221b1bab553daf5c414f975e707730d",
            "messageTitle": "clean up autocomplete; remove comments of done todos",
            "messageBody": "",
            "insertions": 25,
            "deletions": 191
          }
        ]
      }
    ],
    "JJiahui": [
      {
        "insertions": 2909,
        "deletions": 3004,
        "date": "2020-03-09",
        "commitResults": [
          {
            "hash": "c23ce82fd1116f34259d4f0c4492f4119966bf29",
            "messageTitle": "Refractor classes in model package (#38)",
            "messageBody": "* Using travis: update link to github.io site\r\n\r\n* Refractor classes in model package\r\n\r\n* Refractor classes in model package\r\n\r\nCo-authored-by: Akshay Narayan \u003canarayan.soc@gmail.com\u003e",
            "insertions": 2082,
            "deletions": 2186
          },
          {
            "hash": "971759b9c193e96c51386b772f94db9f71f7fd2a",
            "messageTitle": "Refractor Email -\u003e Amount",
            "messageBody": "",
            "insertions": 237,
            "deletions": 237
          },
          {
            "hash": "a1517f8bb12331e4fb006dd34ee897032972498c",
            "messageTitle": "Refractor Person -\u003e Expenditure, person package -\u003e expenditure",
            "messageBody": "",
            "insertions": 590,
            "deletions": 581
          }
        ]
      },
      {
        "insertions": 909,
        "deletions": 489,
        "date": "2020-03-13",
        "commitResults": [
          {
            "hash": "f457232747378465772d7ab4b9799daf62b51f06",
            "messageTitle": "Refactor json files persons -\u003e expenditures, storage package",
            "messageBody": "",
            "insertions": 64,
            "deletions": 61
          },
          {
            "hash": "2244708788a3f22ef6e43ec2c0546871c96adabe",
            "messageTitle": "Able to read and save accounts data from local storage",
            "messageBody": "",
            "insertions": 265,
            "deletions": 87
          },
          {
            "hash": "b27fe7839739806e5da60c50f55895dd607ab868",
            "messageTitle": "Implemented checkout command",
            "messageBody": "",
            "insertions": 71,
            "deletions": 11
          },
          {
            "hash": "607aacc4b1d3153ca5866157fed4bfb27f9d9c6b",
            "messageTitle": "Refractor UniquePersonList -\u003e UniqueExpenditureList, continue implementing AccountList",
            "messageBody": "",
            "insertions": 97,
            "deletions": 79
          },
          {
            "hash": "4d5ab4af58a8c2dc72bd6e53669b32cd493b4cd2",
            "messageTitle": "Refractoring, tests related to commands not fixed",
            "messageBody": "",
            "insertions": 412,
            "deletions": 251
          }
        ]
      },
      {
        "insertions": 36,
        "deletions": 17,
        "date": "2020-03-17",
        "commitResults": [
          {
            "hash": "436427632bb53bd828514c7e44943277c3c84af6",
            "messageTitle": "Implement account clear command",
            "messageBody": "",
            "insertions": 36,
            "deletions": 17
          }
        ]
      },
      {
        "insertions": 194,
        "deletions": 26,
        "date": "2020-03-18",
        "commitResults": [
          {
            "hash": "c751af94a2eff579d670654ed9aa6438b396f3df",
            "messageTitle": "Added ReportableAccount interface, added static method Date.isEqualOrBefore",
            "messageBody": "",
            "insertions": 103,
            "deletions": 1
          },
          {
            "hash": "cffb869da1717d7ea0a3547274cecba6c43c7678",
            "messageTitle": "Updated UI to only display expenditures on activeDate",
            "messageBody": "",
            "insertions": 46,
            "deletions": 15
          },
          {
            "hash": "d40a9810b809595212eaba73bfdfbd8d72707bf3",
            "messageTitle": "Implemented Go command, calendar auto reflects change in active date",
            "messageBody": "",
            "insertions": 45,
            "deletions": 10
          }
        ]
      },
      {
        "insertions": 21,
        "deletions": 10,
        "date": "2020-03-19",
        "commitResults": [
          {
            "hash": "ffba4da195cb374cefd2456603433a7021313100",
            "messageTitle": "Clicking calendar auto changes active date",
            "messageBody": "",
            "insertions": 21,
            "deletions": 10
          }
        ]
      },
      {
        "insertions": 283,
        "deletions": 72,
        "date": "2020-03-25",
        "commitResults": [
          {
            "hash": "82f7947d8ed257093b980bcc78176b20e4005578",
            "messageTitle": "Repeats can be read from and saved to local storage",
            "messageBody": "",
            "insertions": 209,
            "deletions": 45
          },
          {
            "hash": "7456d859abb2c357852d4bbbd8d314387d7913a0",
            "messageTitle": "fix exp edit date bug",
            "messageBody": "",
            "insertions": 5,
            "deletions": 1
          },
          {
            "hash": "2b2468a42db8d0734feb2dba04f26e9774c577be",
            "messageTitle": "Update StorageClassDiagram.puml",
            "messageBody": "",
            "insertions": 14,
            "deletions": 17
          },
          {
            "hash": "04ab15c8d2ba295d8e798066a2d9fa0fade93b36",
            "messageTitle": "fix checkstyle",
            "messageBody": "",
            "insertions": 1,
            "deletions": 3
          },
          {
            "hash": "212c59b583d712cf65c46de1e141e16d55e1e8c6",
            "messageTitle": "added getFilteredRepeatList to Model, Logic",
            "messageBody": "",
            "insertions": 54,
            "deletions": 6
          }
        ]
      },
      {
        "insertions": 133,
        "deletions": 40,
        "date": "2020-03-26",
        "commitResults": [
          {
            "hash": "b5d754d304602f878e5a1ca8f7a558b3e32dec00",
            "messageTitle": "worked on repeat add, edit, delete, need UI to test",
            "messageBody": "",
            "insertions": 133,
            "deletions": 40
          }
        ]
      },
      {
        "insertions": 159,
        "deletions": 14,
        "date": "2020-03-30",
        "commitResults": [
          {
            "hash": "8233275585c538e139596f0baf806707e77ffe52",
            "messageTitle": "can display repeats",
            "messageBody": "",
            "insertions": 159,
            "deletions": 14
          }
        ]
      },
      {
        "insertions": 336,
        "deletions": 296,
        "date": "2020-03-31",
        "commitResults": [
          {
            "hash": "50228bc296086901adc4b05b5974d1deec740f05",
            "messageTitle": "Ui can display repeats, edited exp, repeat add, edit, delete commands",
            "messageBody": "",
            "insertions": 152,
            "deletions": 132
          },
          {
            "hash": "8f654ff8e0ff5454febe7f81af40815327d8a956",
            "messageTitle": "updated find command",
            "messageBody": "",
            "insertions": 89,
            "deletions": 68
          },
          {
            "hash": "689b373d572d83aa78a130f7826e3ca3eeabc0e9",
            "messageTitle": "fix checkstyle",
            "messageBody": "",
            "insertions": 59,
            "deletions": 57
          },
          {
            "hash": "451f3bb55ae2c7b335fa4b88854fed939b6289e3",
            "messageTitle": "commented out tests",
            "messageBody": "",
            "insertions": 16,
            "deletions": 16
          },
          {
            "hash": "331d0235108d26df6e8e0b3f440bdc3aeffcc19f",
            "messageTitle": "fixed checkstyle",
            "messageBody": "",
            "insertions": 20,
            "deletions": 23
          }
        ]
      },
      {
        "insertions": 338,
        "deletions": 175,
        "date": "2020-04-01",
        "commitResults": [
          {
            "hash": "490a546545875ceff4bca3f6c2b9775f1fb4b620",
            "messageTitle": "added list command",
            "messageBody": "",
            "insertions": 37,
            "deletions": 30
          },
          {
            "hash": "eafeb5f89cbd2168a18b4f7b2cb8bfd2b733eadd",
            "messageTitle": "find will match substrings",
            "messageBody": "",
            "insertions": 30,
            "deletions": 4
          },
          {
            "hash": "c6b9bda17a91c8f1eb2ed444da731458fb752d50",
            "messageTitle": "exp add default date is activedate",
            "messageBody": "",
            "insertions": 43,
            "deletions": 6
          },
          {
            "hash": "bdf416276aa9c3ac0c3d8be0a7e8bdfbb5375915",
            "messageTitle": "changed from list to exp list",
            "messageBody": "",
            "insertions": 4,
            "deletions": 3
          },
          {
            "hash": "dc8510413f6ac83c61779275f742818f9a82426b",
            "messageTitle": "fix checkstyle",
            "messageBody": "",
            "insertions": 1,
            "deletions": 2
          },
          {
            "hash": "0acee92936496bead6c1afe6c197d018a95a22ac",
            "messageTitle": "find by tag implemented",
            "messageBody": "",
            "insertions": 40,
            "deletions": 14
          },
          {
            "hash": "ee1fdab9fcea5d9b47c571fef8ad55be4196e790",
            "messageTitle": "updated error messages",
            "messageBody": "",
            "insertions": 183,
            "deletions": 116
          }
        ]
      },
      {
        "insertions": 103,
        "deletions": 110,
        "date": "2020-04-10",
        "commitResults": [
          {
            "hash": "73851badaa5a6dbd0ffe9f2e0cc8049f4eb426a5",
            "messageTitle": "updated UG account, fixed bugs in acc rename, clear",
            "messageBody": "",
            "insertions": 21,
            "deletions": 16
          },
          {
            "hash": "9edb5a8e4212e19430056ace7a9620046c3385a2",
            "messageTitle": "fix bug for setbudget, double enter",
            "messageBody": "",
            "insertions": 34,
            "deletions": 44
          },
          {
            "hash": "d56e0acc25a474c7b5e88da0b22a6b6a57e55334",
            "messageTitle": "changed exp setbudget to setbudget",
            "messageBody": "",
            "insertions": 33,
            "deletions": 31
          },
          {
            "hash": "0dad1a24d7180c0be4b622eb4f2eafce78e56bfa",
            "messageTitle": "update budget diagrams, UG budget segment",
            "messageBody": "",
            "insertions": 1,
            "deletions": 1
          },
          {
            "hash": "4a7f9dc59559563327944bd47ab2af5f4d8bc809",
            "messageTitle": "fix checkstyle \u0026 tests",
            "messageBody": "",
            "insertions": 14,
            "deletions": 18
          }
        ]
      },
      {
        "insertions": 6,
        "deletions": 6,
        "date": "2020-04-11",
        "commitResults": [
          {
            "hash": "14cd57ff5cc3fc0b7721a6d6bdb1acf7252e05cf",
            "messageTitle": "updated DG exp, acc implementation",
            "messageBody": "",
            "insertions": 1,
            "deletions": 3
          },
          {
            "hash": "8df90242e31279a7c4acb58985553baf05703cd6",
            "messageTitle": "fix isValidAmount",
            "messageBody": "",
            "insertions": 3,
            "deletions": 1
          },
          {
            "hash": "f43b7a58983448c091341b511493e0251ae3b88e",
            "messageTitle": "fix checkstyle",
            "messageBody": "",
            "insertions": 2,
            "deletions": 2
          }
        ]
      }
    ]
  },
  "authorFinalContributionMap": {
    "XinPei-ng": 3544,
    "sp-shaopeng": 4469,
    "zwasd": 3670,
    "JJiahui": 2037
  },
  "authorFileTypeContributionMap": {
    "XinPei-ng": {
      "docs": 0,
      "functional-code": 2748,
      "test-code": 792,
      "other": 4
    },
    "sp-shaopeng": {
      "docs": 0,
      "functional-code": 2476,
      "test-code": 1993
    },
    "zwasd": {
      "docs": 0,
      "functional-code": 2016,
      "test-code": 1649,
      "other": 5
    },
    "JJiahui": {
      "docs": 0,
      "functional-code": 1664,
      "test-code": 373
    }
  },
  "authorContributionVariance": {
    "XinPei-ng": 122579.42,
    "sp-shaopeng": 71563.91,
    "zwasd": 3112176.5,
    "JJiahui": 605007.9
  },
  "authorDisplayNameMap": {
    "XinPei-ng": "CS2103T-T10-3 NG X.. PEI",
    "sp-shaopeng": "CS2103T-T10-3 ZHEN..PENG",
    "zwasd": "CS2103T-T10-3 LIM .. YUE",
    "JJiahui": "CS2103T-T10-3 JIAN..AHUI"
  }
}
