{
  "authorDailyContributionsMap": {
    "XinPei-ng": [
      {
        "insertions": 288,
        "deletions": 918,
        "date": "2020-03-13",
        "commitResults": [
          {
            "hash": "df78c7ec3d5057b220f4b899f7ca1d55ab964436",
            "messageTitle": "Checkstyle",
            "messageBody": "",
            "insertions": 4,
            "deletions": 3
          },
          {
            "hash": "82bcb25555025f2e7cd1514ab4dd651e77df21dd",
            "messageTitle": "Ui (#73)",
            "messageBody": "* Add UI Image\r\n\r\n* Edit README and UserGuide\r\n\r\n* Edit DevGuide\r\n\r\n* Remove q\r\n\r\n* Add an\r\n\r\n* Change UI\r\n\r\n* Checkstyle\r\n\r\nCo-authored-by: Ng Xinpei \u003cngxinpei@Ngs-MacBook-Pro.local\u003e",
            "insertions": 38,
            "deletions": 17
          },
          {
            "hash": "075f38e95102402c290447a132066f8b0cd59aa3",
            "messageTitle": "Delete Id class",
            "messageBody": "",
            "insertions": 76,
            "deletions": 372
          },
          {
            "hash": "815f6faf825701acaeffadd8feaae92bffa94c1a",
            "messageTitle": "Deleted ID class and added prefix for command types (#77)",
            "messageBody": "* Add UI Image\r\n\r\n* Edit README and UserGuide\r\n\r\n* Edit DevGuide\r\n\r\n* Remove q\r\n\r\n* Add an\r\n\r\n* Change UI\r\n\r\n* Checkstyle\r\n\r\n* Ui (#73)\r\n\r\n* Add UI Image\r\n\r\n* Edit README and UserGuide\r\n\r\n* Edit DevGuide\r\n\r\n* Remove q\r\n\r\n* Add an\r\n\r\n* Change UI\r\n\r\n* Checkstyle\r\n\r\nCo-authored-by: Ng Xinpei \u003cngxinpei@Ngs-MacBook-Pro.local\u003e\r\n\r\n* Delete Id class\r\n\r\nCo-authored-by: Ng Xinpei \u003cngxinpei@Ngs-MacBook-Pro.local\u003e",
            "insertions": 112,
            "deletions": 387
          },
          {
            "hash": "0e023366fe1e9a33f0aca5dc8a1366f49df7c33d",
            "messageTitle": "Remove command prefix",
            "messageBody": "",
            "insertions": 2,
            "deletions": 5
          },
          {
            "hash": "8f16546baa20afea4bf3ec5ddf0767b655710582",
            "messageTitle": "Change Expenditure class",
            "messageBody": "",
            "insertions": 56,
            "deletions": 134
          }
        ]
      },
      {
        "insertions": 75,
        "deletions": 151,
        "date": "2020-03-14",
        "commitResults": [
          {
            "hash": "8dd61124d47cc45c1316a3aa7b76eb83baa870a4",
            "messageTitle": "V1.2 (#81)",
            "messageBody": "* Add UI Image\r\n\r\n* Edit README and UserGuide\r\n\r\n* Edit DevGuide\r\n\r\n* Remove q\r\n\r\n* Add an\r\n\r\n* Change UI\r\n\r\n* Checkstyle\r\n\r\n* Ui (#73)\r\n\r\n* Add UI Image\r\n\r\n* Edit README and UserGuide\r\n\r\n* Edit DevGuide\r\n\r\n* Remove q\r\n\r\n* Add an\r\n\r\n* Change UI\r\n\r\n* Checkstyle\r\n\r\nCo-authored-by: Ng Xinpei \u003cngxinpei@Ngs-MacBook-Pro.local\u003e\r\n\r\n* Delete Id class\r\n\r\n* Remove command prefix\r\n\r\n* Change Expenditure class\r\n\r\nCo-authored-by: Ng Xinpei \u003cngxinpei@Ngs-MacBook-Pro.local\u003e",
            "insertions": 58,
            "deletions": 138
          },
          {
            "hash": "a41165e9b2efa0ad989e8eef922460d425fb5125",
            "messageTitle": "Fix Expenditure tests",
            "messageBody": "",
            "insertions": 17,
            "deletions": 13
          }
        ]
      },
      {
        "insertions": 129,
        "deletions": 13,
        "date": "2020-03-16",
        "commitResults": [
          {
            "hash": "4cb0c42aeee33b243af5e9c2ce2d02006a90f1d9",
            "messageTitle": "Add Report Window",
            "messageBody": "",
            "insertions": 129,
            "deletions": 13
          }
        ]
      },
      {
        "insertions": 241,
        "deletions": 98,
        "date": "2020-03-17",
        "commitResults": [
          {
            "hash": "c9e72c1d7e73bb8fa9b23703ed502fffb7230454",
            "messageTitle": "Edit ExportReport and ViewReport Parser",
            "messageBody": "",
            "insertions": 80,
            "deletions": 7
          },
          {
            "hash": "8904bbb0dbdc196471befadf9aca1357df7f738f",
            "messageTitle": "Fix some checkstyle",
            "messageBody": "",
            "insertions": 67,
            "deletions": 46
          },
          {
            "hash": "c33a9c4b8b73a900114cd526789c0010b7ba986d",
            "messageTitle": "Fix date for report",
            "messageBody": "",
            "insertions": 6,
            "deletions": 8
          },
          {
            "hash": "5e486821825c4f81ce7b99b4fba4d5a8054c3c30",
            "messageTitle": "Edit ExpSetBudget Command and Parser",
            "messageBody": "",
            "insertions": 44,
            "deletions": 4
          },
          {
            "hash": "cd61828db1bbad55a6506b611ac6ce08348b2954",
            "messageTitle": "Change ExpSetBudget Command and Parser",
            "messageBody": "",
            "insertions": 35,
            "deletions": 16
          },
          {
            "hash": "13ef97011277dc9cd7da0886e36080b84e783b07",
            "messageTitle": "Checkstyle",
            "messageBody": "",
            "insertions": 9,
            "deletions": 17
          }
        ]
      },
      {
        "insertions": 50,
        "deletions": 12,
        "date": "2020-03-18",
        "commitResults": [
          {
            "hash": "40f7d2ec38b3a0983ced36a1fd959020eeef3462",
            "messageTitle": "Edit SetBudget Parser to support YYYY-MM",
            "messageBody": "",
            "insertions": 20,
            "deletions": 1
          },
          {
            "hash": "8f4f64a9ea9f64199b83c7bc1e0ec7ad1fd4c7e5",
            "messageTitle": "Changed UniqueExpenditureList contains method",
            "messageBody": "",
            "insertions": 3,
            "deletions": 4
          },
          {
            "hash": "43034e0404510ecd8b4f21728ae47a7605c221e9",
            "messageTitle": "Uncommented ExpExitCommandTest, failing tests",
            "messageBody": "",
            "insertions": 0,
            "deletions": 4
          },
          {
            "hash": "7dd18b6635fb77539abe85ac451239bc95316c77",
            "messageTitle": "Add Repeat Class",
            "messageBody": "",
            "insertions": 21,
            "deletions": 1
          },
          {
            "hash": "57e9b1e5afdc241053f60c125063bfd7097cc907",
            "messageTitle": "Add pie chart to report and change background to dark",
            "messageBody": "",
            "insertions": 6,
            "deletions": 2
          }
        ]
      }
    ],
    "sp-shaopeng": [
      {
        "insertions": 521,
        "deletions": 247,
        "date": "2020-03-13",
        "commitResults": [
          {
            "hash": "9b556683ec951b8c1d8e254c75300d0dd13ac79d",
            "messageTitle": "add in new code in command but no logic is implemented, restructure the parser test, and add in TODO FOR TEST (#75)",
            "messageBody": "",
            "insertions": 278,
            "deletions": 247
          },
          {
            "hash": "09c0e7b0b1418e689cb520128f9049fe55764c58",
            "messageTitle": "fxml and calender view UI",
            "messageBody": "",
            "insertions": 243,
            "deletions": 0
          }
        ]
      },
      {
        "insertions": 407,
        "deletions": 205,
        "date": "2020-03-15",
        "commitResults": [
          {
            "hash": "1cc3ba10779de5999cce5a0b1a1a2463d90fe762",
            "messageTitle": "slowly add in calendar",
            "messageBody": "",
            "insertions": 197,
            "deletions": 108
          },
          {
            "hash": "efbd3c1732706fba515b690a8b828bc629c8acc1",
            "messageTitle": "add in calendar UI",
            "messageBody": "",
            "insertions": 86,
            "deletions": 30
          },
          {
            "hash": "64337bcc0925f49241af8a2f1ca7eeca9e22b71f",
            "messageTitle": "add in calendar UI, have not link with other logic parts",
            "messageBody": "",
            "insertions": 91,
            "deletions": 35
          },
          {
            "hash": "03d744b60fa17399d0df4ec8f3335ed88a00c5e0",
            "messageTitle": "fix leap year",
            "messageBody": "",
            "insertions": 1,
            "deletions": 4
          },
          {
            "hash": "e9eff459aa070c8ee09954dff869d6b244364a02",
            "messageTitle": "fix leap year",
            "messageBody": "",
            "insertions": 2,
            "deletions": 3
          },
          {
            "hash": "4b633a9e6662cdce4ab301e8e54e3c97bd27ebc2",
            "messageTitle": "fix leap year",
            "messageBody": "",
            "insertions": 1,
            "deletions": 9
          },
          {
            "hash": "479a7c51e87205bf9e974e48e00ead30cd0d67a5",
            "messageTitle": "fix leap year",
            "messageBody": "",
            "insertions": 5,
            "deletions": 7
          },
          {
            "hash": "7f694e48c744806a6871d82cf5a34caa2fe7f3c4",
            "messageTitle": "fix calendar view code",
            "messageBody": "",
            "insertions": 24,
            "deletions": 9
          }
        ]
      },
      {
        "insertions": 305,
        "deletions": 136,
        "date": "2020-03-18",
        "commitResults": [
          {
            "hash": "e1d2e1eece840a934c0660d3ae4c375790018682",
            "messageTitle": "work on parser and command",
            "messageBody": "",
            "insertions": 182,
            "deletions": 53
          },
          {
            "hash": "66b639d1a673f106f8c75f55bce9357d927d2e76",
            "messageTitle": "Update calendar class as per discussed",
            "messageBody": "",
            "insertions": 81,
            "deletions": 47
          },
          {
            "hash": "d561b3e8b5c86131558b7bb8c2a45fa819840b83",
            "messageTitle": "update calendar",
            "messageBody": "",
            "insertions": 11,
            "deletions": 16
          },
          {
            "hash": "35ad601e287438307510b09e6eb2a5b6b4386f37",
            "messageTitle": "update checkstyle",
            "messageBody": "",
            "insertions": 18,
            "deletions": 13
          },
          {
            "hash": "42db813d426dce47c684bfe4d9177497e4f87efb",
            "messageTitle": "fix some test",
            "messageBody": "",
            "insertions": 13,
            "deletions": 7
          }
        ]
      }
    ],
    "zwasd": [
      {
        "insertions": 1,
        "deletions": 1,
        "date": "2020-03-03",
        "commitResults": [
          {
            "hash": "96b3f07ac5858fd4c6c452c5d37be374574b987e",
            "messageTitle": "comment site-seedu in build.gradle",
            "messageBody": "",
            "insertions": 1,
            "deletions": 1
          }
        ]
      },
      {
        "insertions": 6723,
        "deletions": 6619,
        "date": "2020-03-09",
        "commitResults": [
          {
            "hash": "499d0cdce830d5638b6bd37f366bfb67177d551f",
            "messageTitle": "Revert \"Refractor classes in model package (#38)\" (#39)",
            "messageBody": "This reverts commit c23ce82fd1116f34259d4f0c4492f4119966bf29.",
            "insertions": 2186,
            "deletions": 2082
          },
          {
            "hash": "945673498f9b5a1cdd6c8860e99ee7b85c5930d0",
            "messageTitle": "Revert \"Revert \"Refractor classes in model package (#38)\" (#39)\" (#40)",
            "messageBody": "This reverts commit 499d0cdce830d5638b6bd37f366bfb67177d551f.",
            "insertions": 2082,
            "deletions": 2186
          },
          {
            "hash": "91864de67451de82d96b7e104846253c6709ddb6",
            "messageTitle": "Revert \"Revert \"Revert \"Refractor classes in model package (#38)\" (#39)\" (#40)\" (#41)",
            "messageBody": "This reverts commit 945673498f9b5a1cdd6c8860e99ee7b85c5930d0.",
            "insertions": 2186,
            "deletions": 2082
          },
          {
            "hash": "bb55073d536e977d805ea7dc9b7a547cfe17e4c9",
            "messageTitle": "refactor all phone to id; update list index to number",
            "messageBody": "",
            "insertions": 269,
            "deletions": 269
          }
        ]
      },
      {
        "insertions": 928,
        "deletions": 754,
        "date": "2020-03-10",
        "commitResults": [
          {
            "hash": "43e6b3ff430f694283dafd09300f5d747bef43b4",
            "messageTitle": "Refactor (#47)",
            "messageBody": "* Profile pic for shaopeng\r\n\r\n* change profile pic to png [shaopeng]\r\n\r\n* change profile pic to png [shaopeng]\r\n\r\n* Update AboutUs.adoc ContactUs.adoc\r\n\r\n* Add UI Image\r\n\r\n* Edit README and UserGuide\r\n\r\n* Update UG\r\n\r\n* Edit DevGuide\r\n\r\n* Remove q\r\n\r\n* Add an\r\n\r\n* update user stories in developer guide\r\n\r\n* Update DeveloperGuide: user stories\r\n\r\n* add eof to userguide\r\n\r\n* update appendix C in DG and change the header from addressbook to\r\n\r\n* change all \u0027/\u0027 to \u0027-\u0027\r\n\r\n* standardise the style, change  to\r\n\r\n* Refine UG\r\n\r\n* Add a space between the title\r\n\r\n* refactoring\r\n\r\n* refactoring\r\n\r\n* refactoring\r\n\r\n* Refactor Name class to Info class\r\n\r\n* refactoring\r\n\r\n* refactoring\r\n\r\n* Change .adoc .sh files\r\n\r\n* refactoring\r\n\r\n* refactoring\r\n\r\n* Change info back to name in docs folder\r\n\r\n* Change checkstyle.xml\r\n\r\n* undo a few chanes to name in docs\r\n\r\n* refactoring, pass all test case\r\n\r\n* refactoring, pass all test casE and checkstyle\r\n\r\n* refactoring, pass all test casE and checkstyle\r\n\r\n* Refractor UI classes: Person___ -\u003e Expenditure___\r\n\r\n* resolve conflict\r\n\r\n* undo changes to docs and checkstyle; remove tutorial\r\n\r\nCo-authored-by: ShaoPeng \u003csp.shaopeng@gmail.com\u003e\r\nCo-authored-by: XinPei-ng \u003celainengxp@gmail.com\u003e\r\nCo-authored-by: JJiahui \u003cjiangjiahui2048@gmail.com\u003e",
            "insertions": 928,
            "deletions": 754
          }
        ]
      },
      {
        "insertions": 7,
        "deletions": 13,
        "date": "2020-03-11",
        "commitResults": [
          {
            "hash": "a995a33dc69c2cf8c285eb8f3f2bb0da6265e088",
            "messageTitle": "fix application not running without initial data bug (#67)",
            "messageBody": "",
            "insertions": 7,
            "deletions": 13
          }
        ]
      },
      {
        "insertions": 1308,
        "deletions": 458,
        "date": "2020-03-12",
        "commitResults": [
          {
            "hash": "e430c83aa418454f1b6b9b926cd35098f153a7b0",
            "messageTitle": "Refactor commands (#70)",
            "messageBody": "* Profile pic for shaopeng\r\n\r\n* change profile pic to png [shaopeng]\r\n\r\n* change profile pic to png [shaopeng]\r\n\r\n* Update AboutUs.adoc ContactUs.adoc\r\n\r\n* Add UI Image\r\n\r\n* Edit README and UserGuide\r\n\r\n* Update UG\r\n\r\n* Edit DevGuide\r\n\r\n* Remove q\r\n\r\n* Add an\r\n\r\n* update user stories in developer guide\r\n\r\n* Update DeveloperGuide: user stories\r\n\r\n* add eof to userguide\r\n\r\n* update appendix C in DG and change the header from addressbook to\r\n\r\n* change all \u0027/\u0027 to \u0027-\u0027\r\n\r\n* standardise the style, change  to\r\n\r\n* Refine UG\r\n\r\n* Add a space between the title\r\n\r\n* refactoring\r\n\r\n* refactoring\r\n\r\n* refactoring\r\n\r\n* Refactor Name class to Info class\r\n\r\n* refactoring\r\n\r\n* refactoring\r\n\r\n* Change .adoc .sh files\r\n\r\n* refactoring\r\n\r\n* refactoring\r\n\r\n* Change info back to name in docs folder\r\n\r\n* Change checkstyle.xml\r\n\r\n* undo a few chanes to name in docs\r\n\r\n* refactoring, pass all test case\r\n\r\n* refactoring, pass all test casE and checkstyle\r\n\r\n* refactoring, pass all test casE and checkstyle\r\n\r\n* Refractor UI classes: Person___ -\u003e Expenditure___\r\n\r\n* resolve conflict\r\n\r\n* undo changes to docs and checkstyle; remove tutorial\r\n\r\n* Refractor parser classes\r\n\r\n* Repackage command classes and tests (#50)\r\n\r\n* add in all other classes for command (#52)\r\n\r\n* add in all other classes for command\r\n\r\n* add in all other classes for command\r\n\r\n* add in all other classes for command\r\n\r\n* Add in levels parser (#53)\r\n\r\n* add in all other classes for command\r\n\r\n* add in all other classes for command\r\n\r\n* add in all other classes for command\r\n\r\n* add in all other classes for command\r\n\r\n* Refactor Find , Delete parser and command classes. (#54)\r\n\r\n* Repackage command classes and tests\r\n\r\n* Refactor Find,Delete command and parser classes\r\n\r\n* Add in more files in Test sector for new commands, refactor \"edit\" to \"expEdit\" (#55)\r\n\r\n* add in all other classes for command\r\n\r\n* add in all other classes for command\r\n\r\n* add in all other classes for command\r\n\r\n* add in all other classes for command\r\n\r\n* Refactor Edit command\r\n\r\n* Add in more files in the TEST sector, refactor Edit -\u003e ExpEdit\r\n\r\n* Add in more files in the TEST sector, refactor Edit -\u003e ExpEdit\r\n\r\n* Add in more files in the TEST sector, refactor Edit -\u003e ExpEdit\r\n\r\n* Refactor command: list -\u003e accList, clear-\u003e accClear, add-\u003e ExpAdd (#56)\r\n\r\n* add in all other classes for command\r\n\r\n* add in all other classes for command\r\n\r\n* add in all other classes for command\r\n\r\n* add in all other classes for command\r\n\r\n* Refactor Edit command\r\n\r\n* Add in more files in the TEST sector, refactor Edit -\u003e ExpEdit\r\n\r\n* Add in more files in the TEST sector, refactor Edit -\u003e ExpEdit\r\n\r\n* Add in more files in the TEST sector, refactor Edit -\u003e ExpEdit\r\n\r\n* add -\u003e expAdd, list -\u003e AccList, clear -\u003e AccClear\r\n\r\n* renamed account list and clear parser\r\n\r\n* renamed account list and clear parser (#57)\r\n\r\n* Refactor AddCP -\u003e ExpAddCP\r\n\r\nCo-authored-by: ShaoPeng \u003csp.shaopeng@gmail.com\u003e\r\nCo-authored-by: XinPei-ng \u003celainengxp@gmail.com\u003e\r\nCo-authored-by: JJiahui \u003cjiangjiahui2048@gmail.com\u003e\r\nCo-authored-by: XinPei-ng \u003c54896139+XinPei-ng@users.noreply.github.com\u003e",
            "insertions": 1308,
            "deletions": 458
          }
        ]
      },
      {
        "insertions": 105,
        "deletions": 113,
        "date": "2020-03-13",
        "commitResults": [
          {
            "hash": "35f58e7874d4fe7f961f67707eb0add413064029",
            "messageTitle": "update level parsers to inherit toplevelparser; filled some implementation for help (not done); update prefix",
            "messageBody": "",
            "insertions": 105,
            "deletions": 113
          }
        ]
      },
      {
        "insertions": 64,
        "deletions": 66,
        "date": "2020-03-15",
        "commitResults": [
          {
            "hash": "8f9a9f73fec3eaacccbdf243e7cfb5c424344056",
            "messageTitle": "fix failing expenditure and logic mamanger tests",
            "messageBody": "",
            "insertions": 25,
            "deletions": 22
          },
          {
            "hash": "10363bfbe9a9dc464b2545626a5a502330e34d76",
            "messageTitle": "add space to prefix; add some help messages (WIP)",
            "messageBody": "",
            "insertions": 37,
            "deletions": 42
          },
          {
            "hash": "174202590dc20c579ec6db0dff5c650a4c07bba2",
            "messageTitle": "remove trailing space in MainWindow.fxml",
            "messageBody": "",
            "insertions": 1,
            "deletions": 1
          },
          {
            "hash": "78b816f6d306841a753f74b1cf7a5e8b1a079bd4",
            "messageTitle": "fix variable name",
            "messageBody": "",
            "insertions": 1,
            "deletions": 1
          }
        ]
      },
      {
        "insertions": 8,
        "deletions": 26,
        "date": "2020-03-17",
        "commitResults": [
          {
            "hash": "d4a90ff5a8493b15feb190f8025e2ea07765cb88",
            "messageTitle": "update MainWindow.fxml structure and fix exception during runtime",
            "messageBody": "",
            "insertions": 8,
            "deletions": 26
          }
        ]
      },
      {
        "insertions": 936,
        "deletions": 711,
        "date": "2020-03-18",
        "commitResults": [
          {
            "hash": "d429e3d43ba98f49124f92364e40bcb6dffb5944",
            "messageTitle": "add autocomplete feature; update help messages; fix checkstyle for main",
            "messageBody": "",
            "insertions": 294,
            "deletions": 113
          },
          {
            "hash": "35da5fc97cd31c93ac762b468202ce6cbf124bb5",
            "messageTitle": "another major refactoring of person to expenditure",
            "messageBody": "",
            "insertions": 297,
            "deletions": 280
          },
          {
            "hash": "1df55b868d0d7d53cfb9f25658e7673783fec01c",
            "messageTitle": "comment outdated test cases",
            "messageBody": "",
            "insertions": 237,
            "deletions": 221
          },
          {
            "hash": "370539f68663e65042e694f652dd9e51f5dcd21c",
            "messageTitle": "fix checkstyletest errors",
            "messageBody": "",
            "insertions": 103,
            "deletions": 95
          },
          {
            "hash": "64b92009496c6ac441907c186586fa0a4a0d0e28",
            "messageTitle": "fix checkstyle error for repeat",
            "messageBody": "",
            "insertions": 5,
            "deletions": 2
          }
        ]
      }
    ],
    "JJiahui": [
      {
        "insertions": 2909,
        "deletions": 3004,
        "date": "2020-03-09",
        "commitResults": [
          {
            "hash": "c23ce82fd1116f34259d4f0c4492f4119966bf29",
            "messageTitle": "Refractor classes in model package (#38)",
            "messageBody": "* Using travis: update link to github.io site\r\n\r\n* Refractor classes in model package\r\n\r\n* Refractor classes in model package\r\n\r\nCo-authored-by: Akshay Narayan \u003canarayan.soc@gmail.com\u003e",
            "insertions": 2082,
            "deletions": 2186
          },
          {
            "hash": "971759b9c193e96c51386b772f94db9f71f7fd2a",
            "messageTitle": "Refractor Email -\u003e Amount",
            "messageBody": "",
            "insertions": 237,
            "deletions": 237
          },
          {
            "hash": "a1517f8bb12331e4fb006dd34ee897032972498c",
            "messageTitle": "Refractor Person -\u003e Expenditure, person package -\u003e expenditure",
            "messageBody": "",
            "insertions": 590,
            "deletions": 581
          }
        ]
      },
      {
        "insertions": 909,
        "deletions": 489,
        "date": "2020-03-13",
        "commitResults": [
          {
            "hash": "f457232747378465772d7ab4b9799daf62b51f06",
            "messageTitle": "Refactor json files persons -\u003e expenditures, storage package",
            "messageBody": "",
            "insertions": 64,
            "deletions": 61
          },
          {
            "hash": "2244708788a3f22ef6e43ec2c0546871c96adabe",
            "messageTitle": "Able to read and save accounts data from local storage",
            "messageBody": "",
            "insertions": 265,
            "deletions": 87
          },
          {
            "hash": "b27fe7839739806e5da60c50f55895dd607ab868",
            "messageTitle": "Implemented checkout command",
            "messageBody": "",
            "insertions": 71,
            "deletions": 11
          },
          {
            "hash": "607aacc4b1d3153ca5866157fed4bfb27f9d9c6b",
            "messageTitle": "Refractor UniquePersonList -\u003e UniqueExpenditureList, continue implementing AccountList",
            "messageBody": "",
            "insertions": 97,
            "deletions": 79
          },
          {
            "hash": "4d5ab4af58a8c2dc72bd6e53669b32cd493b4cd2",
            "messageTitle": "Refractoring, tests related to commands not fixed",
            "messageBody": "",
            "insertions": 412,
            "deletions": 251
          }
        ]
      },
      {
        "insertions": 36,
        "deletions": 17,
        "date": "2020-03-17",
        "commitResults": [
          {
            "hash": "436427632bb53bd828514c7e44943277c3c84af6",
            "messageTitle": "Implement account clear command",
            "messageBody": "",
            "insertions": 36,
            "deletions": 17
          }
        ]
      },
      {
        "insertions": 194,
        "deletions": 26,
        "date": "2020-03-18",
        "commitResults": [
          {
            "hash": "c751af94a2eff579d670654ed9aa6438b396f3df",
            "messageTitle": "Added ReportableAccount interface, added static method Date.isEqualOrBefore",
            "messageBody": "",
            "insertions": 103,
            "deletions": 1
          },
          {
            "hash": "cffb869da1717d7ea0a3547274cecba6c43c7678",
            "messageTitle": "Updated UI to only display expenditures on activeDate",
            "messageBody": "",
            "insertions": 46,
            "deletions": 15
          },
          {
            "hash": "d40a9810b809595212eaba73bfdfbd8d72707bf3",
            "messageTitle": "Implemented Go command, calendar auto reflects change in active date",
            "messageBody": "",
            "insertions": 45,
            "deletions": 10
          }
        ]
      },
      {
        "insertions": 21,
        "deletions": 10,
        "date": "2020-03-19",
        "commitResults": [
          {
            "hash": "ffba4da195cb374cefd2456603433a7021313100",
            "messageTitle": "Clicking calendar auto changes active date",
            "messageBody": "",
            "insertions": 21,
            "deletions": 10
          }
        ]
      }
    ]
  },
  "authorFinalContributionMap": {
    "XinPei-ng": 441,
    "sp-shaopeng": 879,
    "zwasd": 2577,
    "JJiahui": 1318
  },
  "authorFileTypeContributionMap": {
    "XinPei-ng": {
      "java": 400,
      "md": 0,
      "fxml": 41,
      "sh": 0,
      "bat": 0,
      "gradle": 0,
      "txt": 0
    },
    "sp-shaopeng": {
      "java": 773,
      "md": 0,
      "fxml": 106,
      "sh": 0,
      "bat": 0,
      "gradle": 0,
      "txt": 0
    },
    "zwasd": {
      "java": 2567,
      "md": 0,
      "fxml": 7,
      "sh": 0,
      "bat": 0,
      "gradle": 3,
      "txt": 0
    },
    "JJiahui": {
      "java": 1316,
      "md": 0,
      "fxml": 2,
      "sh": 0,
      "bat": 0,
      "gradle": 0,
      "txt": 0
    }
  },
  "authorContributionVariance": {
    "XinPei-ng": 43799.84,
    "sp-shaopeng": 30403.004,
    "zwasd": 5045516.0,
    "JJiahui": 1008952.25
  },
  "authorDisplayNameMap": {
    "XinPei-ng": "CS2103T-T10-3 NG X.. PEI",
    "sp-shaopeng": "CS2103T-T10-3 ZHEN..PENG",
    "zwasd": "CS2103T-T10-3 LIM .. YUE",
    "JJiahui": "CS2103T-T10-3 JIAN..AHUI"
  }
}
