{
  "authorDailyContributionsMap": {
    "mario7lorenzo": [
      {
        "insertions": 252,
        "deletions": 9,
        "date": "2020-03-01",
        "commitResults": [
          {
            "hash": "06cbf99566b44fa19bea89be02e756547a099eaa",
            "messageTitle": "Attribute.java: Add Attribute class",
            "messageBody": "",
            "insertions": 36,
            "deletions": 2
          },
          {
            "hash": "1c5fc7e5b685bc3cd96104fbb8e6fba050bb036f",
            "messageTitle": "Add AttributeTest class",
            "messageBody": "",
            "insertions": 73,
            "deletions": 5
          },
          {
            "hash": "75b3d1629b998e8bf2b1f57d788beb819c04f8c8",
            "messageTitle": "Add AttributeList class and Exceptions",
            "messageBody": "",
            "insertions": 143,
            "deletions": 2
          }
        ]
      },
      {
        "insertions": 387,
        "deletions": 78,
        "date": "2020-03-02",
        "commitResults": [
          {
            "hash": "900f8bbc0d34504e23f748addec0cbb5c0a0d18b",
            "messageTitle": "Add QuestionList class",
            "messageBody": "",
            "insertions": 108,
            "deletions": 62
          },
          {
            "hash": "20e577b7c94ac5e20fec9b51d65d559f80abb350",
            "messageTitle": "Add IList interface",
            "messageBody": "",
            "insertions": 97,
            "deletions": 14
          },
          {
            "hash": "93cf666e6effa4b5e3c94f632f3016b014064950",
            "messageTitle": "Add MetricList class",
            "messageBody": "",
            "insertions": 182,
            "deletions": 2
          }
        ]
      },
      {
        "insertions": 780,
        "deletions": 379,
        "date": "2020-03-03",
        "commitResults": [
          {
            "hash": "6aaa121f413dbab1057ba479aa35968174184339",
            "messageTitle": "Add AttributeListTest class",
            "messageBody": "",
            "insertions": 318,
            "deletions": 192
          },
          {
            "hash": "81fad8cf9a2fc33f08105db401cbb2d182eec726",
            "messageTitle": "Add QuetionTest class",
            "messageBody": "",
            "insertions": 5,
            "deletions": 0
          },
          {
            "hash": "3aeffe55c2524971c1af6287bb57fdb7abdd5f7c",
            "messageTitle": "Add QuestionListTest class",
            "messageBody": "",
            "insertions": 134,
            "deletions": 3
          },
          {
            "hash": "07be8baef4258750d3b1395f305e66ee577db978",
            "messageTitle": "Add MetricListTest class",
            "messageBody": "",
            "insertions": 323,
            "deletions": 184
          }
        ]
      },
      {
        "insertions": 159,
        "deletions": 6,
        "date": "2020-03-14",
        "commitResults": [
          {
            "hash": "219bd3931b7cb1937200b1351b4afd57ebf4d9e9",
            "messageTitle": "Create NormalParser and InterviewParser skeleton. (#50)",
            "messageBody": "* Add CommandSupplier and NormalParser class\r\n\r\n* Update more prefixes\r\n\r\n* Add InterviewParser class\r\n\r\n* Add comments\r\n\r\n* Fix checkstyle",
            "insertions": 159,
            "deletions": 6
          }
        ]
      },
      {
        "insertions": 731,
        "deletions": 2,
        "date": "2020-03-15",
        "commitResults": [
          {
            "hash": "970de0d7184f8a5056c249f59f994c4bb4899c21",
            "messageTitle": "Initialization Phase Commands (#53)",
            "messageBody": "* Add CommandSupplier and NormalParser class\r\n\r\n* Update more prefixes\r\n\r\n* Add InterviewParser class\r\n\r\n* Add comments\r\n\r\n* Fix checkstyle\r\n\r\n* Add AddAttributeCommand class\r\n\r\n* Add AddIntervieweeCommand class\r\n\r\n* Add AddQuestionCommand class\r\n\r\n* Add ListQuestionCommand class\r\n\r\n* Add ListAttributeCommand class\r\n\r\n* Add ListIntervieweeCommand class\r\n\r\n* Add DeleteAttributeCommand class\r\n\r\n* Add DeleteQuestionCommand\r\n\r\n* Add EditAttributeCommand class\r\n\r\n* Add EditQuestionCommand class\r\n\r\n* Update add commands\r\n\r\n* Add DeleteIntervieweeCommand class\r\n\r\n* Add EditIntervieweeCommand class",
            "insertions": 731,
            "deletions": 2
          }
        ]
      },
      {
        "insertions": 111,
        "deletions": 135,
        "date": "2020-03-17",
        "commitResults": [
          {
            "hash": "898e8f293f853c9507fd981249a70a6453039191",
            "messageTitle": "Fix bug for CRUD Attributes and Questions (#59)",
            "messageBody": "* Fix bugs\r\n\r\n* Fix bug: handles edit attribute with the same substring\r\n\r\n* Fix checkstyle",
            "insertions": 111,
            "deletions": 135
          }
        ]
      },
      {
        "insertions": 62,
        "deletions": 15,
        "date": "2020-03-21",
        "commitResults": [
          {
            "hash": "52b6d0ef25c0151470cc959a27fe4686808afdab",
            "messageTitle": "Metric: Update implementations",
            "messageBody": "",
            "insertions": 43,
            "deletions": 14
          },
          {
            "hash": "140bd4e54f298cc20268dd1b894f63728b2473e1",
            "messageTitle": "Add AddMetricCommandParser",
            "messageBody": "",
            "insertions": 19,
            "deletions": 1
          }
        ]
      },
      {
        "insertions": 168,
        "deletions": 23,
        "date": "2020-03-22",
        "commitResults": [
          {
            "hash": "f7649c41df168c812866dca3380cfbc1d603c4d1",
            "messageTitle": "Add AddMetricCommand class",
            "messageBody": "",
            "insertions": 120,
            "deletions": 8
          },
          {
            "hash": "69dc4e1df9b355fe600fc1ef8b87458d20bca6f2",
            "messageTitle": "Implement AddMetricCommandParser",
            "messageBody": "",
            "insertions": 42,
            "deletions": 11
          },
          {
            "hash": "9964c86dddb3c2ca7e2675aa45af31a816637912",
            "messageTitle": "Update HireLah! add metric functionality",
            "messageBody": "",
            "insertions": 4,
            "deletions": 0
          },
          {
            "hash": "b6763b34bc5500070a8746d41d71d97adb29571a",
            "messageTitle": "AddMetricCommand: Fix bugs",
            "messageBody": "",
            "insertions": 2,
            "deletions": 4
          }
        ]
      },
      {
        "insertions": 612,
        "deletions": 148,
        "date": "2020-03-24",
        "commitResults": [
          {
            "hash": "daf10026af83fea4b47955097f54725be6e6d5ea",
            "messageTitle": "CRUD Metric (#82)",
            "messageBody": "* Metric: Update implementations\r\n\r\n* Add AddMetricCommandParser\r\n\r\n* Add AddMetricCommand class\r\n\r\n* Implement AddMetricCommandParser\r\n\r\n* Update HireLah! add metric functionality\r\n\r\n* AddMetricCommand: Fix bugs\r\n\r\n* Implement DeleteMetricCommand\r\n\r\n* Add ListMetricCommand class\r\n\r\n* Add EditMetricCommand class\r\n\r\n* Add EditMetricCommandParser\r\n\r\n* Implement HireLah! to perform edit metric\r\n\r\n* fix checkstyle\r\n\r\n* Update CRUD Metric to be done after finalizing session\r\n\r\n* Update AddMetricCommand to relax the restriction of metric params\r\n\r\n* Fix checksty;e\r\n\r\n* Fix checkstyle\r\n\r\n* Fix checkstyle\r\n\r\nCo-authored-by: CornCobs \u003cjoashchin@gmail.com\u003e",
            "tags": [
              "v1.2.1"
            ],
            "insertions": 608,
            "deletions": 143
          },
          {
            "hash": "8ca8916ea10af3daeeadae78a031bb4434fef5b5",
            "messageTitle": "Update the Developer Guide and the UML diagram for the Logic part (#84)",
            "messageBody": "* Metric: Update implementations\r\n\r\n* Add AddMetricCommandParser\r\n\r\n* Add AddMetricCommand class\r\n\r\n* Implement AddMetricCommandParser\r\n\r\n* Update HireLah! add metric functionality\r\n\r\n* AddMetricCommand: Fix bugs\r\n\r\n* Add Architecture Sequence Diagram for add attribute\r\n\r\n* Update Logic UML diagram\r\n\r\n* Update Developer Guide for Logic part\r\n\r\n* Edit several details in Logic part",
            "insertions": 4,
            "deletions": 5
          }
        ]
      },
      {
        "insertions": 303,
        "deletions": 8,
        "date": "2020-03-28",
        "commitResults": [
          {
            "hash": "ada0773fb81267b5799f75748404431d95b2fb07",
            "messageTitle": "Find Best Commands implementation (#90)",
            "messageBody": "* Metric: Update implementations\r\n\r\n* Add AddMetricCommandParser\r\n\r\n* Add AddMetricCommand class\r\n\r\n* Implement AddMetricCommandParser\r\n\r\n* Update HireLah! add metric functionality\r\n\r\n* AddMetricCommand: Fix bugs\r\n\r\n* Add BestParameter enum\r\n\r\n* Add BestCommand class\r\n\r\n* Add BestParser class\r\n\r\n* Create view for best N interviewees\r\n\r\n* fix checkstyle\r\n\r\n* integrate BestCommand to HireLah\r\n\r\n* fix checkstyle\r\n\r\n* fix bug for handling interviewees that have not been interviewed\r\n\r\n* fix checkstyle",
            "insertions": 303,
            "deletions": 8
          }
        ]
      },
      {
        "insertions": 364,
        "deletions": 346,
        "date": "2020-03-30",
        "commitResults": [
          {
            "hash": "5a4e521cfc8e6464d53b1bea180f376cf2022140",
            "messageTitle": "Change the implementation of the integer checking, and change the command format of edit commands. (#96)",
            "messageBody": "* Metric: Update implementations\r\n\r\n* Add AddMetricCommandParser\r\n\r\n* Add AddMetricCommand class\r\n\r\n* Implement AddMetricCommandParser\r\n\r\n* Update HireLah! add metric functionality\r\n\r\n* AddMetricCommand: Fix bugs\r\n\r\n* Change the integer parsing of EditQuestionCommandParser\r\n\r\n* Change the integer parsing of DeleteQuestionCommandParser\r\n\r\n* fix checkstyle\r\n\r\n* Change flag for EditAttributeCommand\r\n\r\n* Change flag for EditQuestionCommand\r\n\r\n* Change command implementation for EditIntervieweeCommand\r\n\r\n* Fix bug for Attribute CRUD\r\n\r\n* Fix bug for Question CRUD\r\n\r\n* Fix bug Interviewee CRUD\r\n\r\n* Fix Metric CRUD\r\n\r\n* Fix checkstyle",
            "insertions": 304,
            "deletions": 289
          },
          {
            "hash": "ff87f2460e6e51ee48cc33a7b7589335121e5122",
            "messageTitle": "Remove repetitions for finalized model checking for every command. (#100)",
            "messageBody": "* Metric: Update implementations\r\n\r\n* Add AddMetricCommandParser\r\n\r\n* Add AddMetricCommand class\r\n\r\n* Implement AddMetricCommandParser\r\n\r\n* Update HireLah! add metric functionality\r\n\r\n* AddMetricCommand: Fix bugs\r\n\r\n* Add ModelUtil class\r\n\r\n* Change the implementation of the isFinalizedProperties checking\r\n\r\n* fix checkstyle",
            "insertions": 60,
            "deletions": 57
          }
        ]
      },
      {
        "insertions": 118,
        "deletions": 116,
        "date": "2020-03-31",
        "commitResults": [
          {
            "hash": "dfc23ee072ceed18357fe4b47b694ee3f89fead1",
            "messageTitle": "Reformat the message format",
            "messageBody": "",
            "insertions": 68,
            "deletions": 66
          },
          {
            "hash": "8c9d52f885777692802365622ca8d851cc641b13",
            "messageTitle": "Fix implementation for empty names",
            "messageBody": "",
            "insertions": 6,
            "deletions": 6
          },
          {
            "hash": "383a9fbfcd5fae04e49a85dc15a4edee2658be9f",
            "messageTitle": "fix checkstyle",
            "messageBody": "",
            "insertions": 1,
            "deletions": 1
          },
          {
            "hash": "76d58d0734748c41ae0fdaf055c41c2abdb9771a",
            "messageTitle": "fix test and checkstyle",
            "messageBody": "",
            "insertions": 43,
            "deletions": 43
          }
        ]
      },
      {
        "insertions": 251,
        "deletions": 31,
        "date": "2020-04-03",
        "commitResults": [
          {
            "hash": "b1716265eca4d95410358d2055562b38ef95663a",
            "messageTitle": "Lists more than N interviewees if ties (#121)",
            "messageBody": "* List more than N intervieewees if tie\r\n\r\n* Add BestIntervieweeListPanel class\r\n\r\n* fix checkstyle\r\n\r\n* Change the UI of BestInterviewee\r\n\r\n* fix checkstyle\r\n\r\n* limit the score from 0 to 10\r\n\r\n* Update User Guide for Best Interviewees UI\r\n\r\n* fix bug\r\n\r\n* allow 0 for scoring",
            "insertions": 211,
            "deletions": 20
          },
          {
            "hash": "50a9ee3e01dc03b706aad4b99f5c7e047d433356",
            "messageTitle": "Verifies existence of name upon edit (#142)",
            "messageBody": "",
            "insertions": 20,
            "deletions": 3
          },
          {
            "hash": "8e3142ec87da5a99facaf0d394b55b59035b9983",
            "messageTitle": "Open resume during interview (#143)",
            "messageBody": "* Delete Close Command from UG\r\n\r\n* Update User Guide\r\n\r\n* Allows user to open resume during interview\r\n\r\n* fix typo",
            "insertions": 13,
            "deletions": 2
          },
          {
            "hash": "0c46a145ce8c5bed229f8346dd7a9ec4b3d7f740",
            "messageTitle": "Fix bug and finalize v1.3.1 (#144)",
            "messageBody": "* Verifies Edit attribute validates the name\r\n\r\n* finalize v1.3.1",
            "tags": [
              "v1.3.1"
            ],
            "insertions": 7,
            "deletions": 6
          }
        ]
      },
      {
        "insertions": 502,
        "deletions": 58,
        "date": "2020-04-10",
        "commitResults": [
          {
            "hash": "172ba95d8e8921caf38ad433e3c220a6ee68c558",
            "messageTitle": "Create tests for metrics CRUD (#192)",
            "messageBody": "* Add tests for AddMetricCommandParser\r\n\r\n* Add tests for EditMetricCommandParser\r\n\r\n* resolve merge conflicts",
            "insertions": 282,
            "deletions": 10
          },
          {
            "hash": "2f2bdb9755e7efbb76759ac4edb8008b1120a513",
            "messageTitle": "Create IntervieweeParser to handle ListIntervieweeCommand and BestCommand (#194)",
            "messageBody": "* Add IntervieweeParser class\r\n\r\n* enhance the error message\r\n\r\n* Add tests for IntervieweeParser\r\n\r\n* Revert \"Wc ppp (#183)\"\r\n\r\nThis reverts commit a4dfa32c35e63a7bb465ee97f9a2800225af7c19.\r\n\r\n* remove unused import\r\n\r\nCo-authored-by: CornCobs \u003cjoashchin@gmail.com\u003e",
            "insertions": 220,
            "deletions": 48
          }
        ]
      },
      {
        "insertions": 24,
        "deletions": 4,
        "date": "2020-04-12",
        "commitResults": [
          {
            "hash": "e5fc729b9e0e4356c0cccda6909c4efad6ca40e1",
            "messageTitle": "fix bug (#204)",
            "messageBody": "",
            "insertions": 24,
            "deletions": 4
          }
        ]
      },
      {
        "insertions": 221,
        "deletions": 10,
        "date": "2020-04-13",
        "commitResults": [
          {
            "hash": "1e978e77b6a9f8c7f56725301ca75f06bdc71215",
            "messageTitle": "LoadAttributeCommand and LoadQuestionCommand implementation (#203)",
            "messageBody": "* Add LoadParser class\r\n\r\n* Add LoadAttributeCommand class\r\n\r\n* Add LoadQuestionCommand class\r\n\r\n* fix checkstyle\r\n\r\n* Remove session word\r\n\r\n* enhance message and implementation\r\n\r\n* fix checkstyle\r\n\r\n* fix travis build",
            "insertions": 221,
            "deletions": 10
          }
        ]
      }
    ],
    "bscrow": [
      {
        "insertions": 555,
        "deletions": 14,
        "date": "2020-03-10",
        "commitResults": [
          {
            "hash": "4f5309799348aa52c44ec604368a117bc6a8bdd8",
            "messageTitle": "Add ui components (#40)",
            "messageBody": "* updating from team main\r\n\r\n* Add esstential UI components\r\n\r\n* Add ToggleView\r\n\r\n* Correct build error\r\n\r\n* Correct build error in Transcript\r\n\r\n* resolving build issue\r\n\r\n* resolving build issue with AddCommandTest",
            "insertions": 555,
            "deletions": 14
          }
        ]
      },
      {
        "insertions": 125,
        "deletions": 82,
        "date": "2020-03-16",
        "commitResults": [
          {
            "hash": "43210f3b948a64875083cfb83375721037e1109a",
            "messageTitle": "Add list functionalities (#56)",
            "messageBody": "* updating from team main\r\n\r\n* Add esstential UI components\r\n\r\n* Add ToggleView\r\n\r\n* remove binary files to be refetched from upstream\r\n\r\n* Correct build error\r\n\r\n* Correct build error in Transcript\r\n\r\n* resolving build issue\r\n\r\n* resolving build issue with AddCommandTest\r\n\r\n* Minor updates\r\n\r\n* Add list functionality and debug UI\r\n\r\n* Update UML diagrams with upstream\r\n\r\n* Delete redundant fxml file",
            "insertions": 125,
            "deletions": 82
          }
        ]
      },
      {
        "insertions": 81,
        "deletions": 68,
        "date": "2020-03-17",
        "commitResults": [
          {
            "hash": "7b2cdfe164b0b4e59db8fc43fccf054d5db3c02e",
            "messageTitle": "Farn with ui (#58)",
            "messageBody": "* updating from team main\r\n\r\n* Add esstential UI components\r\n\r\n* Add ToggleView\r\n\r\n* remove binary files to be refetched from upstream\r\n\r\n* Correct build error\r\n\r\n* Correct build error in Transcript\r\n\r\n* resolving build issue\r\n\r\n* resolving build issue with AddCommandTest\r\n\r\n* Minor updates\r\n\r\n* Add list functionality and debug UI\r\n\r\n* Update UML diagrams with upstream\r\n\r\n* Delete redundant fxml file\r\n\r\n* Rename Transcript to Remark in UI\r\n\r\n* Update UI for ListPanels\r\n\r\n* Merge conflicts with upstream",
            "insertions": 81,
            "deletions": 68
          }
        ]
      },
      {
        "insertions": 302,
        "deletions": 32,
        "date": "2020-03-25",
        "commitResults": [
          {
            "hash": "f5d6f9e0b482e98e1919311d287a78b2e186a82a",
            "messageTitle": "Add metric ui (#87)",
            "messageBody": "* updating from team main\r\n\r\n* Add esstential UI components\r\n\r\n* Add ToggleView\r\n\r\n* remove binary files to be refetched from upstream\r\n\r\n* Correct build error\r\n\r\n* Correct build error in Transcript\r\n\r\n* resolving build issue\r\n\r\n* resolving build issue with AddCommandTest\r\n\r\n* Minor updates\r\n\r\n* Add list functionality and debug UI\r\n\r\n* Update UML diagrams with upstream\r\n\r\n* Delete redundant fxml file\r\n\r\n* Rename Transcript to Remark in UI\r\n\r\n* Change HireLah logo\r\n\r\n* Add Metric UI\r\n\r\n* corrected import style",
            "insertions": 302,
            "deletions": 32
          }
        ]
      },
      {
        "insertions": 430,
        "deletions": 330,
        "date": "2020-03-30",
        "commitResults": [
          {
            "hash": "999f37d0753d63cc90f43466e6704b306fc39d6d",
            "messageTitle": "Add remark ui (#98)",
            "messageBody": "* updating from team main\r\n\r\n* Add esstential UI components\r\n\r\n* Add ToggleView\r\n\r\n* remove binary files to be refetched from upstream\r\n\r\n* Correct build error\r\n\r\n* Correct build error in Transcript\r\n\r\n* resolving build issue\r\n\r\n* resolving build issue with AddCommandTest\r\n\r\n* Minor updates\r\n\r\n* Add list functionality and debug UI\r\n\r\n* Update UML diagrams with upstream\r\n\r\n* Delete redundant fxml file\r\n\r\n* Rename Transcript to Remark in UI\r\n\r\n* Change HireLah logo\r\n\r\n* Update help\r\n\r\n* Add Remark UI and update UI\r\n\r\n* Add Remark UI and update UI\r\n\r\n* debug remark ui\r\n\r\n* Update remark\r\n\r\n* add newline at EOF for CSS",
            "insertions": 319,
            "deletions": 283
          },
          {
            "hash": "9493389a19f41444c810e15a7bd9922adf59119f",
            "messageTitle": "Enhance and debug ui (#101)",
            "messageBody": "* updating from team main\r\n\r\n* Add esstential UI components\r\n\r\n* Add ToggleView\r\n\r\n* remove binary files to be refetched from upstream\r\n\r\n* Correct build error\r\n\r\n* Correct build error in Transcript\r\n\r\n* resolving build issue\r\n\r\n* resolving build issue with AddCommandTest\r\n\r\n* Minor updates\r\n\r\n* Add list functionality and debug UI\r\n\r\n* Update UML diagrams with upstream\r\n\r\n* Delete redundant fxml file\r\n\r\n* Rename Transcript to Remark in UI\r\n\r\n* Change HireLah logo\r\n\r\n* Debug BarChart",
            "insertions": 111,
            "deletions": 47
          }
        ]
      },
      {
        "insertions": 306,
        "deletions": 109,
        "date": "2020-03-31",
        "commitResults": [
          {
            "hash": "2c9ae6de8c5f00be8cc75c4e83badffb4e83ee2e",
            "messageTitle": "Enhance and debug ui (#106)",
            "messageBody": "* updating from team main\r\n\r\n* Add esstential UI components\r\n\r\n* Add ToggleView\r\n\r\n* remove binary files to be refetched from upstream\r\n\r\n* Correct build error\r\n\r\n* Correct build error in Transcript\r\n\r\n* resolving build issue\r\n\r\n* resolving build issue with AddCommandTest\r\n\r\n* Minor updates\r\n\r\n* Add list functionality and debug UI\r\n\r\n* Update UML diagrams with upstream\r\n\r\n* Delete redundant fxml file\r\n\r\n* Rename Transcript to Remark in UI\r\n\r\n* Change HireLah logo\r\n\r\n* Debug BarChart\r\n\r\n* Add second window during interview\r\n\r\n* Update style\r\n\r\n* Update app aspect ratio\r\n\r\n* Enhance UI looks\r\n\r\n* Updated style",
            "insertions": 288,
            "deletions": 109
          },
          {
            "hash": "ddf47e63f375912ed0000664f1e928ea3d5e7207",
            "messageTitle": "Add isInterviewComplete property to Transcript class (#113)",
            "messageBody": "* updating from team main\r\n\r\n* Add esstential UI components\r\n\r\n* Add ToggleView\r\n\r\n* remove binary files to be refetched from upstream\r\n\r\n* Correct build error\r\n\r\n* Correct build error in Transcript\r\n\r\n* resolving build issue\r\n\r\n* resolving build issue with AddCommandTest\r\n\r\n* Minor updates\r\n\r\n* Add list functionality and debug UI\r\n\r\n* Update UML diagrams with upstream\r\n\r\n* Delete redundant fxml file\r\n\r\n* Rename Transcript to Remark in UI\r\n\r\n* Change HireLah logo\r\n\r\n* Add isInterviewComplete property in Transcript\r\n\r\n* Remove trailing whitespace",
            "insertions": 18,
            "deletions": 0
          }
        ]
      },
      {
        "insertions": 280,
        "deletions": 82,
        "date": "2020-04-03",
        "commitResults": [
          {
            "hash": "997b2b2713dc77146836c76bd795bc5e5f4c5725",
            "messageTitle": "Fix interview ui v1.3 (#130)",
            "messageBody": "* updating from team main\r\n\r\n* Add esstential UI components\r\n\r\n* Add ToggleView\r\n\r\n* remove binary files to be refetched from upstream\r\n\r\n* Correct build error\r\n\r\n* Correct build error in Transcript\r\n\r\n* resolving build issue\r\n\r\n* resolving build issue with AddCommandTest\r\n\r\n* Minor updates\r\n\r\n* Add list functionality and debug UI\r\n\r\n* Update UML diagrams with upstream\r\n\r\n* Delete redundant fxml file\r\n\r\n* Rename Transcript to Remark in UI\r\n\r\n* Change HireLah logo\r\n\r\n* update interviewee card images\r\n\r\n* Fix UI bugs for V1.3\r\n\r\n* change image\r\n\r\n* Fix checkstyle violations\r\n\r\n* Fix opening resume and help\r\n\r\n* Fix NullPointerException in BarChart\r\n\r\n* Refactor view resume button",
            "insertions": 280,
            "deletions": 82
          }
        ]
      },
      {
        "insertions": 638,
        "deletions": 569,
        "date": "2020-04-10",
        "commitResults": [
          {
            "hash": "0fed4f22f5d23cf64ba567a0e4f0708c86111f08",
            "messageTitle": "Refactor ui v1.4 (#186)",
            "messageBody": "* updating from team main\r\n\r\n* Add esstential UI components\r\n\r\n* Add ToggleView\r\n\r\n* remove binary files to be refetched from upstream\r\n\r\n* Correct build error\r\n\r\n* Correct build error in Transcript\r\n\r\n* resolving build issue\r\n\r\n* resolving build issue with AddCommandTest\r\n\r\n* Minor updates\r\n\r\n* Add list functionality and debug UI\r\n\r\n* Update UML diagrams with upstream\r\n\r\n* Delete redundant fxml file\r\n\r\n* Rename Transcript to Remark in UI\r\n\r\n* Change HireLah logo\r\n\r\n* Add InterviewPanel to hold interview information\r\n\r\n* Update UI elements for InterviewPanel\r\n\r\n* Add SessionInformationCard\r\n\r\n* Update DetailedIntervieweeCard and Transcript attributescores\r\n\r\n* Modify data structure for attribute score in Transcript\r\n\r\n* Major refactor of UI elements\r\n\r\n* Resolve checkstyle violations\r\n\r\n* Change Attribute scoring display to table\r\n\r\n* Minor change in style\r\n\r\n* Integrate SessionPanel to app, add INTERVIEW ToggleView\r\n\r\n* minor debug and checkstyle fix\r\n\r\n* Fix UI bugs in scrolling, made session list clickable\r\n\r\n* Fix checkstyle\r\n\r\n* remove clickable interviewee card, update session style\r\n\r\n* remove unused import",
            "insertions": 638,
            "deletions": 569
          }
        ]
      },
      {
        "insertions": 118,
        "deletions": 223,
        "date": "2020-04-11",
        "commitResults": [
          {
            "hash": "2d2d7ed72280472ffe4d01023c5db6e96e28b3fa",
            "messageTitle": "Ui bug fix (#201)",
            "messageBody": "* updating from team main\r\n\r\n* Add esstential UI components\r\n\r\n* Add ToggleView\r\n\r\n* remove binary files to be refetched from upstream\r\n\r\n* Correct build error\r\n\r\n* Correct build error in Transcript\r\n\r\n* resolving build issue\r\n\r\n* resolving build issue with AddCommandTest\r\n\r\n* Minor updates\r\n\r\n* Add list functionality and debug UI\r\n\r\n* Update UML diagrams with upstream\r\n\r\n* Delete redundant fxml file\r\n\r\n* Rename Transcript to Remark in UI\r\n\r\n* Change HireLah logo\r\n\r\n* debug UI bugs raised\r\n\r\n* update style\r\n\r\nCo-authored-by: CornCobs \u003cjoashchin@gmail.com\u003e",
            "insertions": 118,
            "deletions": 223
          }
        ]
      }
    ],
    "agnesnatasya": [
      {
        "insertions": 710,
        "deletions": 176,
        "date": "2020-03-03",
        "commitResults": [
          {
            "hash": "31b699611beaa6df5e03815e68fe96b2e939795a",
            "messageTitle": "Add Transcript class, contains RemarkList and File",
            "messageBody": "",
            "insertions": 260,
            "deletions": 3
          },
          {
            "hash": "eee61d141f284a6af933325bb04778c968bcdb56",
            "messageTitle": "Added some tests on Remark and RemarkList",
            "messageBody": "",
            "insertions": 342,
            "deletions": 115
          },
          {
            "hash": "3d316165e7bff882dd8cc53b805caa513754ce5b",
            "messageTitle": "Created tests for Remark, RemarkList and Transcript",
            "messageBody": "",
            "insertions": 64,
            "deletions": 25
          },
          {
            "hash": "828a4c772d817ea858833ec151446f9023ade6be",
            "messageTitle": "Added some tests",
            "messageBody": "",
            "insertions": 41,
            "deletions": 29
          },
          {
            "hash": "e9f8a189ebbf7c73c91d7cc684509131d84cd285",
            "messageTitle": "Put newline",
            "messageBody": "",
            "insertions": 3,
            "deletions": 4
          }
        ]
      },
      {
        "insertions": 165,
        "deletions": 488,
        "date": "2020-03-04",
        "commitResults": [
          {
            "hash": "19643e678db5c21298fe6b94d1b1a76e2da27f60",
            "messageTitle": "Enhanced test and checkstyle",
            "messageBody": "",
            "insertions": 84,
            "deletions": 41
          },
          {
            "hash": "ddb95bcc950a14546e509a305d9c4dd7e675b369",
            "messageTitle": "Remove old UserGuide.md",
            "messageBody": "",
            "insertions": 0,
            "deletions": 375
          },
          {
            "hash": "262b5051983ca5630715e7787ef4132d11af2a98",
            "messageTitle": "Complies with checkstyle test",
            "messageBody": "",
            "insertions": 81,
            "deletions": 72
          }
        ]
      },
      {
        "insertions": 1701,
        "deletions": 3179,
        "date": "2020-03-15",
        "commitResults": [
          {
            "hash": "b722f64d2c280a10138be038ee8d7ed74206d35f",
            "messageTitle": "Add AddCommandParser class",
            "messageBody": "",
            "insertions": 23,
            "deletions": 26
          },
          {
            "hash": "7160c4ff4c010936d76acef6d55e17ed18f80870",
            "messageTitle": "Add AddAttributeCommandParser class",
            "messageBody": "",
            "insertions": 13,
            "deletions": 0
          },
          {
            "hash": "1f01775dd1e2a9036cd5ebcb7842d69699acd8a7",
            "messageTitle": "Add AddIntervieweeCommandParser class",
            "messageBody": "",
            "insertions": 40,
            "deletions": 0
          },
          {
            "hash": "44e6781035e15810fcdb644400d75ae07c4108cb",
            "messageTitle": "Add AddQuestionCommandParser class",
            "messageBody": "",
            "insertions": 14,
            "deletions": 0
          },
          {
            "hash": "93ffbdecaaa8a404c15c365a8b5d21ca2aae3e33",
            "messageTitle": "Add DeleteCommandParser class",
            "messageBody": "",
            "insertions": 28,
            "deletions": 7
          },
          {
            "hash": "86d0dfb4086b71d882f045f97fc2a3b015c118a2",
            "messageTitle": "Add DeleteIntervieweeCommandParser class",
            "messageBody": "",
            "insertions": 11,
            "deletions": 0
          },
          {
            "hash": "3f0e41b41faea39f0f28c9ca9ec11b7a59690be3",
            "messageTitle": "Add DeleteIntervieweeCommandParser class",
            "messageBody": "",
            "insertions": 12,
            "deletions": 0
          },
          {
            "hash": "0627f26d1e6e870df3719645fa3505032fdea354",
            "messageTitle": "Add DeleteQuestionCommandParser class",
            "messageBody": "",
            "insertions": 9,
            "deletions": 0
          },
          {
            "hash": "0e92cdebcc84ee665cba4430c1f5932046c440fb",
            "messageTitle": "Add EditCommandParser class",
            "messageBody": "",
            "insertions": 40,
            "deletions": 9
          },
          {
            "hash": "834aca041260c73cc745df4a289060845ff5beb5",
            "messageTitle": "Add EditAttributeCommandParser class",
            "messageBody": "",
            "insertions": 27,
            "deletions": 0
          },
          {
            "hash": "3b822ea52ea165b20200f0757a21a73e7826a01f",
            "messageTitle": "Add EditIntervieweeCommandParser class",
            "messageBody": "",
            "insertions": 16,
            "deletions": 0
          },
          {
            "hash": "34bffa8e048bf00451e9d69c0c625dee8ab7b9bc",
            "messageTitle": "Add EditQuestionCommandParser",
            "messageBody": "",
            "insertions": 27,
            "deletions": 0
          },
          {
            "hash": "33ad5cedbce6cb84fcfd51731f09c2e490d14302",
            "messageTitle": "Edit AddCommand class to be superclass of AddAttribute, AddInterviewee and AddQuestion command classes",
            "messageBody": "",
            "insertions": 9,
            "deletions": 50
          },
          {
            "hash": "bb9407a5d1cf3b21985afa01715bba7f5a1f5997",
            "messageTitle": "Edit DeleteCommand to be superclass of DeleteAttribute, DeleteInterviewee and DeleteQuestion command classes",
            "messageBody": "",
            "insertions": 9,
            "deletions": 35
          },
          {
            "hash": "10ac45a87fd81a3b391066489eb37119b65a5c03",
            "messageTitle": "Edit EditCommand to be superclass of EditAttribute, EditInterviewee and EditQuestion command classes",
            "messageBody": "",
            "insertions": 10,
            "deletions": 194
          },
          {
            "hash": "0f70adb72de9793af9a98e1058ebe5dcbe47251c",
            "messageTitle": "Delete irrelevant test units",
            "messageBody": "",
            "insertions": 0,
            "deletions": 1114
          },
          {
            "hash": "77aa73a41a8651192ea33915fa3c4c908e3a7175",
            "messageTitle": "Revert \"Delete irrelevant test units\"",
            "messageBody": "This reverts commit 0f70adb72de9793af9a98e1058ebe5dcbe47251c.\n",
            "insertions": 1114,
            "deletions": 0
          },
          {
            "hash": "c5d819ec20835ae4ea77243573c7c8f243132c51",
            "messageTitle": "Delete irrelevant test units",
            "messageBody": "",
            "insertions": 0,
            "deletions": 1298
          },
          {
            "hash": "cbc17568caa34ab0f6300c2cf6cebc0bda14f589",
            "messageTitle": "Edit CommandTestUtil",
            "messageBody": "",
            "insertions": 1,
            "deletions": 14
          },
          {
            "hash": "da94b79b5e099edb7aa75f911d63a69b0e9ac507",
            "messageTitle": "Edit syntax of address to -ad not -a",
            "messageBody": "",
            "insertions": 1,
            "deletions": 1
          },
          {
            "hash": "e5bec6430e118517d76d9ddbbc4eb16f089e8d9a",
            "messageTitle": "Add mappings from command word to command supplier in NormalParser",
            "messageBody": "",
            "insertions": 3,
            "deletions": 1
          },
          {
            "hash": "b980375814d15fa2ddd2c8d5936734ddd0552ced",
            "messageTitle": "Edit functionality of ParserUtil to parse according to presence of prefix",
            "messageBody": "",
            "insertions": 14,
            "deletions": 107
          },
          {
            "hash": "bff3c82c36d34e9ae45e92420e62fbbda629df9e",
            "messageTitle": "Fix bug EditIntervieweeCommandParser",
            "messageBody": "",
            "insertions": 1,
            "deletions": 1
          },
          {
            "hash": "8ddf665dc22759a54c2d588cd3e1a20faf0a7e02",
            "messageTitle": "Add AddCommandParserTest",
            "messageBody": "",
            "insertions": 28,
            "deletions": 4
          },
          {
            "hash": "56de37d3553c39a14fe60acf9e6dd56d7896ebe3",
            "messageTitle": "Fix Bug in AddIntervieweeCommand",
            "messageBody": "",
            "insertions": 1,
            "deletions": 1
          },
          {
            "hash": "00a083bd6f12f9945566fa802f37736c07444a43",
            "messageTitle": "Fix Bug in AddCommands tests",
            "messageBody": "",
            "insertions": 15,
            "deletions": 144
          },
          {
            "hash": "8caf99980dc869025971d7f3306b681fcec77ae7",
            "messageTitle": "Create Utility class for Command classes testing",
            "messageBody": "",
            "insertions": 42,
            "deletions": 16
          },
          {
            "hash": "4624cd3cfe386e0678ae1eb865fcc290d2f866dd",
            "messageTitle": "Add JavaDoc, fix check style",
            "messageBody": "",
            "insertions": 193,
            "deletions": 157
          }
        ]
      },
      {
        "insertions": 496,
        "deletions": 203,
        "date": "2020-03-17",
        "commitResults": [
          {
            "hash": "1cc1984d270e4d3884156f64fc0b99f6e27de53c",
            "messageTitle": "Test initialisation command parser (#65)",
            "messageBody": "* Add test for AddCommandParsers\r\n\r\n* Delete unneccessary Parser classes\r\n\r\n* Test for EditCommandParser\r\n\r\n* Test for EditIntervieweeCommandParser\r\n\r\n* Test for EditAttributeCommandParser\r\n\r\n* Test for DeleteCommandParser\r\n\r\n* Test for AddIntervieweeCommandParser\r\n\r\n* Test for ListCommandParser\r\n\r\n* Test for NormalParser\r\n\r\n* Add prefixes and prefixes checking\r\n\r\n* Test for AddCommandParser\r\n\r\n* Enhance EditCommandParser\r\n\r\n* Enhanced AddIntervieweeCommandParser\r\n\r\n* Enhance DeleteCommandParser\r\n\r\n* Enhance EditIntervieweeCommand\r\n\r\n* Update user guide to follow input format\r\n\r\n* Add constantst for command and parser testings\r\n\r\nCo-authored-by: agnesnatasya \u003ce0313565@u.nus.edu\u003e",
            "insertions": 496,
            "deletions": 203
          }
        ]
      },
      {
        "insertions": 229,
        "deletions": 6,
        "date": "2020-03-24",
        "commitResults": [
          {
            "hash": "1f189840142a9a14091d86ce1edb1a17de6a1564",
            "messageTitle": "Finalise and open report command (#81)",
            "messageBody": "* Implement OpenReport command and parser\r\n\r\n* Add Finalise command and parser, check conditions in CRUD operations for initialisation phase\r\n\r\n* Change function call to Interviewee model\r\n\r\n* Add exception handling in EditIntervieweeCommand\r\n\r\n* Abstract out IllegalValueException in Command objects\r\n\r\n* Abstract out IllegalValueException from Command classes\r\n\r\n* Test for FinaliseCommandParser\r\n\r\n* Test for OpenReportCommandParser\r\n\r\n* Fixed checkStyleMain\r\n\r\n* Fixed checkStyleTest\r\n\r\n* Throw CommandException in Command class\r\n\r\n* Changed Comand Word in OpenReport Command\r\n\r\n* Update src/main/java/seedu/address/logic/commands/EditIntervieweeCommand.java\r\n\r\nCo-Authored-By: CornCobs \u003cjoashchin@gmail.com\u003e\r\n\r\n* Remove duplicated method\r\n\r\nCo-authored-by: agnesnatasya \u003ce0313565@u.nus.edu\u003e\r\nCo-authored-by: CornCobs \u003cjoashchin@gmail.com\u003e",
            "insertions": 229,
            "deletions": 6
          }
        ]
      },
      {
        "insertions": 216,
        "deletions": 38,
        "date": "2020-03-28",
        "commitResults": [
          {
            "hash": "cd34779fa9e0f28578912629dacfe2a7434e48bc",
            "messageTitle": "Implemented Navigation by time and question commands and parsers",
            "messageBody": "",
            "insertions": 215,
            "deletions": 37
          },
          {
            "hash": "9f6d0768dd1bb7365d76ce8530c4d9f974e5ac53",
            "messageTitle": "NavigationCommandResult as a subclass of CommandResult",
            "messageBody": "",
            "insertions": 1,
            "deletions": 1
          }
        ]
      },
      {
        "insertions": 605,
        "deletions": 350,
        "date": "2020-03-29",
        "commitResults": [
          {
            "hash": "b00236ed5cbfaef5410d2c3653a3aa587dbed245",
            "messageTitle": "Command message consistency (#91)",
            "messageBody": "* Remove AddCommand abstraction\r\n\r\n* Remove DeleteCommand abstraction\r\n\r\n* Fix checkstyle\r\n\r\n* Abstract out empty argument checking in Add and Delete Command\r\n\r\n* Fix checkstyle\r\n\r\n* Remove EditCommand abstraction\r\n\r\n* Change default error message for every CRUD command to message unknown\r\n\r\n* Add some descriptive message usages in CRUD commands\r\n\r\nCo-authored-by: agnesnatasya \u003ce0313565@u.nus.edu\u003e",
            "insertions": 94,
            "deletions": 146
          },
          {
            "hash": "845b5106b45c73c72d05389f4c56053acdb19700",
            "messageTitle": "Implemented Navigation by time and question commands and parsers",
            "messageBody": "",
            "insertions": 215,
            "deletions": 37
          },
          {
            "hash": "254a1003a1aa349c440a2e388720125a8d275180",
            "messageTitle": "NavigationCommandResult as a subclass of CommandResult",
            "messageBody": "",
            "insertions": 1,
            "deletions": 1
          },
          {
            "hash": "94e25d6d293c1bda85cdd539381ab27a335997ea",
            "messageTitle": "Fix NavigationQuestion command and add some checkings in question index",
            "messageBody": "",
            "insertions": 66,
            "deletions": 36
          },
          {
            "hash": "0eb5a722f907fd8fa0a00b24b53685ff3812a9b7",
            "messageTitle": "Fix checkstyleMain",
            "messageBody": "",
            "insertions": 71,
            "deletions": 47
          },
          {
            "hash": "1282a154d7cd5ccc956bc920ddc32eb136af1ac1",
            "messageTitle": "Fix pattern in question navigation",
            "messageBody": "",
            "insertions": 1,
            "deletions": 1
          },
          {
            "hash": "0eaf3ba9e904160053371047b3565b575132f58d",
            "messageTitle": "Add JUnit tests for NavigationCommandParser class",
            "messageBody": "",
            "insertions": 109,
            "deletions": 53
          },
          {
            "hash": "4c7f6b99fa93fd21924f0c4266216f0c049d2ee6",
            "messageTitle": "Complies with checkstyle for Test and Main",
            "messageBody": "",
            "insertions": 48,
            "deletions": 29
          }
        ]
      },
      {
        "insertions": 33,
        "deletions": 40,
        "date": "2020-03-30",
        "commitResults": [
          {
            "hash": "57b9b692f31de65dce4bbcad2caa154bd225ddca",
            "messageTitle": "Enhancement navigation command (#97)",
            "messageBody": "* Modify RemarkList to throw Exception when the question index is out of bounds\r\n\r\n* Change the message format to be \"goto\" instead of \"to\"\r\n\r\n* Change the Navigation commands to immediately retrieve the transcript from model\r\n\r\n* Update user guide for navigation commands\r\n\r\n* Change error messages to make it consistent\r\n\r\n* Add exception handling in tests\r\n\r\nCo-authored-by: agnesnatasya \u003ce0313565@u.nus.edu\u003e",
            "insertions": 33,
            "deletions": 40
          }
        ]
      },
      {
        "insertions": 269,
        "deletions": 118,
        "date": "2020-03-31",
        "commitResults": [
          {
            "hash": "f1d4b156a993ab541497b38e84188d16298448e3",
            "messageTitle": "Enhance user guide to comply to the current status of the app",
            "messageBody": "",
            "insertions": 5,
            "deletions": 4
          },
          {
            "hash": "395264b2f1236680d226160b7b0969bd33d8388b",
            "messageTitle": "Initialisation phase parser test (#114)",
            "messageBody": "* Edit ModelClassDiagram and LogicClassDiagram\r\n\r\n* Implemented Test for NormalParser\r\n\r\n* Add test for EditQuestionCommandParser\r\n\r\n* Override equals method in Commands to adhere to equality in tests\r\n\r\n* Add checking for EditQuestionCommandParser\r\n\r\n* Add test for EditIntervieweeCommandParser\r\n\r\n* Add tests for EditCommandParser\r\n\r\n* Add test for EditAttributeCommandParser\r\n\r\n* Add fields in CommandTestUtilitiy\r\n\r\n* Complies with Checkstyle\r\n\r\nCo-authored-by: agnesnatasya \u003ce0313565@u.nus.edu\u003e",
            "insertions": 262,
            "deletions": 113
          },
          {
            "hash": "6539217fba1ff6627555117b2537e38de769ac3b",
            "messageTitle": "User guide screenshots (#119)",
            "messageBody": "* Update user guide\r\n\r\n* Fix bug in BestCommand\r\n\r\n* Add screenshot of the GUI for different commands\r\n\r\nCo-authored-by: agnesnatasya \u003ce0313565@u.nus.edu\u003e",
            "insertions": 2,
            "deletions": 1
          }
        ]
      },
      {
        "insertions": 136,
        "deletions": 69,
        "date": "2020-04-03",
        "commitResults": [
          {
            "hash": "99da1db45d8daf2400c5348675da13355527692a",
            "messageTitle": "Error message enhancement (#135)",
            "messageBody": "* Add useful error message for Add Comands\r\n\r\n* Add useful message for Delete Command\r\n\r\n* Add useful message for BestCommand\r\n\r\n* Add useful error messages for Edit Commands and Parser\r\n\r\n* Add useful error message for Finalise Command and Parser\r\n\r\n* Add useful error message for List Commands\r\n\r\n* Add useful error message for Navigation Command\r\n\r\n* Add useful error message for OpenReportCommand\r\n\r\n* Modify tests to comply with the new error messages\r\n\r\n* Fix minor bug at message format in NavigationTimeCommand\r\n\r\nCo-authored-by: agnesnatasya \u003ce0313565@u.nus.edu\u003e",
            "insertions": 134,
            "deletions": 67
          },
          {
            "hash": "e55c5f4e33ab4990307bfaee65aa94dcd4c84a9c",
            "messageTitle": "Fix bug in navigation time message (#141)",
            "messageBody": "Co-authored-by: agnesnatasya \u003ce0313565@u.nus.edu\u003e",
            "insertions": 2,
            "deletions": 2
          }
        ]
      },
      {
        "insertions": 104,
        "deletions": 96,
        "date": "2020-04-07",
        "commitResults": [
          {
            "hash": "5cb1e2f600cac16b14274e8ec062b176b6fe6e9d",
            "messageTitle": "Edit Exception message in AddIntervieweeCommand",
            "messageBody": "",
            "insertions": 1,
            "deletions": 1
          },
          {
            "hash": "d0a12625970caf705f2d09dbdf27e95860b4165d",
            "messageTitle": "Edit Exception message in AddCommandParser",
            "messageBody": "",
            "insertions": 3,
            "deletions": 2
          },
          {
            "hash": "11152d43f37d9fe55f57fe6a8ca24fa090c79488",
            "messageTitle": "Edit Exception message in AddIntervieweeCommandParser",
            "messageBody": "",
            "insertions": 3,
            "deletions": 1
          },
          {
            "hash": "c11c2e88b24ac712e598ea0a6659ca7dfc95d3af",
            "messageTitle": "Edit Exception message in DeleteCommandParser",
            "messageBody": "",
            "insertions": 6,
            "deletions": 3
          },
          {
            "hash": "e299ffbef058539fde1a079fabaf7e8057d405e7",
            "messageTitle": "Edit Exception message in EditAttributeCommandParser",
            "messageBody": "",
            "insertions": 3,
            "deletions": 4
          },
          {
            "hash": "d57312a6954c8932dc5d5c5ecabfebae31f93cd4",
            "messageTitle": "Edit Exception message in EditIntervieweeCommandParser",
            "messageBody": "",
            "insertions": 7,
            "deletions": 3
          },
          {
            "hash": "504c98f1b33e1f69ace2f8afa90d1080fe1e5bee",
            "messageTitle": "Edit Exception message in EditQuestionCommandParser",
            "messageBody": "",
            "insertions": 5,
            "deletions": 2
          },
          {
            "hash": "e7cdfb48837128ec609a3c1cb3dd5b769a9168ef",
            "messageTitle": "Fix bug in ParserUtil",
            "messageBody": "",
            "insertions": 6,
            "deletions": 35
          },
          {
            "hash": "71109278de25b0c4a89ebaf8a746d957fd19c182",
            "messageTitle": "Adds test to AddCommandParserTest",
            "messageBody": "",
            "insertions": 9,
            "deletions": 12
          },
          {
            "hash": "259730e0bf9df29347edfd8657cf32d72147b67a",
            "messageTitle": "Edit test in EditAttributeCommandParserTest",
            "messageBody": "",
            "insertions": 3,
            "deletions": 2
          },
          {
            "hash": "56c0b911ea7ea2bfd9cf324c4601fd662b545c41",
            "messageTitle": "Edit test in EditIntervieweeCommandParserTest",
            "messageBody": "",
            "insertions": 4,
            "deletions": 3
          },
          {
            "hash": "d2110a1afc71683973916499fac9e688b0fb9ac0",
            "messageTitle": "Edit test in EditQuestionCommandParserTest",
            "messageBody": "",
            "insertions": 16,
            "deletions": 5
          },
          {
            "hash": "1c524a28e2bfee032cccef04eea30f38191ff399",
            "messageTitle": "Edit test in FinaliseCommandParserTest",
            "messageBody": "",
            "insertions": 2,
            "deletions": 1
          },
          {
            "hash": "65f299fc65b111a860bf6f7033d3b1ac62785f8e",
            "messageTitle": "Fix trimming bug",
            "messageBody": "",
            "insertions": 4,
            "deletions": 4
          },
          {
            "hash": "20d2aa05fdef2b5773053034e5cd290dcb08c60e",
            "messageTitle": "Comply with checkStyle",
            "messageBody": "",
            "insertions": 5,
            "deletions": 3
          },
          {
            "hash": "e6d070a4d36df6f291b006ce014e3924f7c2c41a",
            "messageTitle": "Adds test for DeleteCommandParser",
            "messageBody": "",
            "insertions": 22,
            "deletions": 13
          },
          {
            "hash": "c0bd69b0f06502597cd8da908ee944da06f0fa3f",
            "messageTitle": "Fix message success in openResumeCommand",
            "messageBody": "",
            "insertions": 2,
            "deletions": 2
          },
          {
            "hash": "91a08c8e4630a2d975dcc2362eea08092b50a56e",
            "messageTitle": "Adds check to add empty remarks",
            "messageBody": "",
            "insertions": 3,
            "deletions": 0
          }
        ]
      },
      {
        "insertions": 51,
        "deletions": 104,
        "date": "2020-04-09",
        "commitResults": [
          {
            "hash": "9cda67380df64a5eacbfda2f61cb151a810fa301",
            "messageTitle": "Change list commands to immediately accept the nouns",
            "messageBody": "",
            "insertions": 8,
            "deletions": 53
          },
          {
            "hash": "4fe6c4f9ecec5f083adbc168e882e1cdb3f6e82e",
            "messageTitle": "Change the input format for setting an attribute score during an interview",
            "messageBody": "",
            "insertions": 1,
            "deletions": 1
          },
          {
            "hash": "f9d67516f1cc525606f8a3dfd01c9b2129d4fc81",
            "messageTitle": "Add special commands to list attributes, metrics and questions",
            "messageBody": "",
            "insertions": 12,
            "deletions": 2
          },
          {
            "hash": "84448081aaffa6dbdd5ee7dd38a6d7e53a7c0255",
            "messageTitle": "Fix tests in NormalParserTest",
            "messageBody": "",
            "insertions": 27,
            "deletions": 47
          },
          {
            "hash": "969ea614004bcee540267b1b0dc7e7ee9951680a",
            "messageTitle": "Add field in parser test",
            "messageBody": "",
            "insertions": 3,
            "deletions": 1
          }
        ]
      },
      {
        "insertions": 434,
        "deletions": 95,
        "date": "2020-04-10",
        "commitResults": [
          {
            "hash": "884f468fc628ecf5b09cd3d8b40c50e68f251c37",
            "messageTitle": "Change list commands to immediately accept the nouns",
            "messageBody": "",
            "insertions": 2,
            "deletions": 0
          },
          {
            "hash": "f3ee33ba22f220eaceeaf09eb804afca253cdb74",
            "messageTitle": "Fix tests in NormalParserTest",
            "messageBody": "",
            "insertions": 4,
            "deletions": 0
          },
          {
            "hash": "29f7519f4c8ed41c4162dfcbcd647b90c79f1f58",
            "messageTitle": "Fix documentation in AddIntervieweeCommand",
            "messageBody": "",
            "insertions": 1,
            "deletions": 1
          },
          {
            "hash": "73e6349fc5651aef8df14d5725131804cbdf6686",
            "messageTitle": "Add test for UploadResumeCommand",
            "messageBody": "",
            "insertions": 63,
            "deletions": 0
          },
          {
            "hash": "f53a86d7936d7bcd6857e95398c371a8aee3d42c",
            "messageTitle": "Adds test for InterviewParser",
            "messageBody": "",
            "insertions": 117,
            "deletions": 0
          },
          {
            "hash": "53d23e309c6979e807cd58fb9f358a195e4f61a7",
            "messageTitle": "Override equals method in EndCommand",
            "messageBody": "",
            "insertions": 7,
            "deletions": 0
          },
          {
            "hash": "b2ded7200177ea586a1831fe839b04730d5fb989",
            "messageTitle": "Override equals method in ScoreCommand",
            "messageBody": "",
            "insertions": 8,
            "deletions": 0
          },
          {
            "hash": "d37964f6e796445e939c5d6a95b28bbdf02472e4",
            "messageTitle": "Add checks of blank string in InterviewParser",
            "messageBody": "",
            "insertions": 3,
            "deletions": 3
          },
          {
            "hash": "7da87c6d687bf040c67ba5c4438e901fab6257b6",
            "messageTitle": "Add empty argument checks in StartQuestionCommand",
            "messageBody": "",
            "insertions": 7,
            "deletions": 0
          },
          {
            "hash": "41363cc1fb0e31da504a360a772f61d1d312d5d2",
            "messageTitle": "Abstract method for checking integer parsing",
            "messageBody": "",
            "insertions": 23,
            "deletions": 12
          },
          {
            "hash": "ae5dbf44348c0acce3a889c5d9d71c402f925da9",
            "messageTitle": "Add empty string check in UploadResumeCommandParser",
            "messageBody": "",
            "insertions": 1,
            "deletions": 0
          },
          {
            "hash": "c496d95feffa9e0a192c1f5ba56636d8dec37a02",
            "messageTitle": "Compy to checkStyle tests",
            "messageBody": "",
            "insertions": 27,
            "deletions": 31
          },
          {
            "hash": "dc3d62677d4f9dc57ee8525fb69152f5694e03a8",
            "messageTitle": "Change \u0027full name\u0027 field to \u0027interviewee\u0027",
            "messageBody": "",
            "insertions": 1,
            "deletions": 1
          },
          {
            "hash": "999f2ca31bda61dbc9a03410be591d1c17d37b8f",
            "messageTitle": "Adds functionality to toggle between best interviewees and interviewees command",
            "messageBody": "",
            "insertions": 10,
            "deletions": 1
          },
          {
            "hash": "cccf52baf2740f86742bb59c7e1cb9b990009784",
            "messageTitle": "Comply with checkstyle",
            "messageBody": "",
            "insertions": 41,
            "deletions": 44
          },
          {
            "hash": "23856f7cc0e73b14e873f11f592ecbd069c7016a",
            "messageTitle": "Change package of 2 test classes",
            "messageBody": "",
            "insertions": 1,
            "deletions": 1
          },
          {
            "hash": "ed21b6b0151ed775a6372890a3f16cfe631c4984",
            "messageTitle": "Add ApachePDFBox dependency to gradle",
            "messageBody": "",
            "insertions": 2,
            "deletions": 1
          },
          {
            "hash": "1b523919a70a44fe575b2e0253a5cc805034aff2",
            "messageTitle": "Implement GenerateReportCommandParser",
            "messageBody": "",
            "insertions": 28,
            "deletions": 0
          },
          {
            "hash": "6a3755bfee242bd810562a0fb9efe61005bec100",
            "messageTitle": "Implement GenerateReportCommand class",
            "messageBody": "",
            "insertions": 88,
            "deletions": 0
          }
        ]
      },
      {
        "insertions": 354,
        "deletions": 130,
        "date": "2020-04-11",
        "commitResults": [
          {
            "hash": "593cf0ba8e0113e52b17cf15a93e975d8ff799ec",
            "messageTitle": "Implement PDF Report Generator",
            "messageBody": "",
            "insertions": 186,
            "deletions": 13
          },
          {
            "hash": "411f3c7259ced3b5d8708309035743c8e8dabf38",
            "messageTitle": "Fix bug in generate report Command",
            "messageBody": "",
            "insertions": 29,
            "deletions": 48
          },
          {
            "hash": "55df09f6f12b6c9098c9bd6c571aec0d200ccd18",
            "messageTitle": "Refactor the code to ensure readability in generating report for the remarks part",
            "messageBody": "",
            "insertions": 139,
            "deletions": 69
          }
        ]
      },
      {
        "insertions": 614,
        "deletions": 411,
        "date": "2020-04-12",
        "commitResults": [
          {
            "hash": "99d6de492c867dbdec1afd4f83ea0932d0f8aabc",
            "messageTitle": "Add printing AttributesScore",
            "messageBody": "",
            "insertions": 89,
            "deletions": 20
          },
          {
            "hash": "866048099a7fcb4c6229826ba5f84d63c1e8ec47",
            "messageTitle": "Fix bug for title positioning",
            "messageBody": "",
            "insertions": 108,
            "deletions": 36
          },
          {
            "hash": "608b751aae53d2a7cc6bdf9faaf191953cb71259",
            "messageTitle": "Fix bug in line alignments in the PDF",
            "messageBody": "",
            "insertions": 6,
            "deletions": 3
          },
          {
            "hash": "bc46b7c5f5fa5397a9ad5076363647334cd4e832",
            "messageTitle": "Fix bug in sentence split",
            "messageBody": "",
            "insertions": 57,
            "deletions": 39
          },
          {
            "hash": "faf21edea61e6b69c3423a2b3619dd76b95c9dcb",
            "messageTitle": "Add \"-\" if there is no remark or attributes",
            "messageBody": "",
            "insertions": 6,
            "deletions": 2
          },
          {
            "hash": "ba3ee3c91d48770abd0fd34b028be19ef0f4bef1",
            "messageTitle": "Delete unused parts",
            "messageBody": "",
            "insertions": 26,
            "deletions": 174
          },
          {
            "hash": "e3c731b1f058329b61da4979e07da10b06a1d609",
            "messageTitle": "Refactor duplicate code in partialRemarks and fullRemarks pages",
            "messageBody": "",
            "insertions": 33,
            "deletions": 31
          },
          {
            "hash": "83f80498d00afed159c320d88d5f37536b468c7a",
            "messageTitle": "Refactor attribute and score printing part",
            "messageBody": "",
            "insertions": 33,
            "deletions": 26
          },
          {
            "hash": "4fc9384acf0678e2a203a970a12bff6ca05b12de",
            "messageTitle": "Comply with checkstyle",
            "messageBody": "",
            "insertions": 149,
            "deletions": 58
          },
          {
            "hash": "3d3dc8ab291144e1b4b0f8ff0da2d5605f806e79",
            "messageTitle": "Fix bug in spacing of y offset",
            "messageBody": "",
            "insertions": 0,
            "deletions": 1
          },
          {
            "hash": "19e88cc3eed7e2dd0c47d545fa6e94cd4e8dee4f",
            "messageTitle": "Add test for GenerateReportCommandParser",
            "messageBody": "",
            "insertions": 29,
            "deletions": 1
          },
          {
            "hash": "6a4e131fae6aab8257c972fceb7b856725b61d44",
            "messageTitle": "Override equals method",
            "messageBody": "",
            "insertions": 6,
            "deletions": 0
          },
          {
            "hash": "e0ba996a148bc144fccbac2551c505190ceab2c0",
            "messageTitle": "Comply with checkStyleTest",
            "messageBody": "",
            "insertions": 1,
            "deletions": 1
          },
          {
            "hash": "f292634581b2f685cba260245109e6d224b5db28",
            "messageTitle": "Adds printing of date at every page",
            "messageBody": "",
            "insertions": 71,
            "deletions": 18
          },
          {
            "hash": "8354e96b5b56975fb9fce6f9885ce5b539e36ef1",
            "messageTitle": "Comply with checkstyle",
            "messageBody": "",
            "insertions": 0,
            "deletions": 1
          }
        ]
      },
      {
        "insertions": 547,
        "deletions": 544,
        "date": "2020-04-13",
        "commitResults": [
          {
            "hash": "dc00b549d36ce1d880d0b165a2751c8a10b023cf",
            "messageTitle": "Change the message input from \u0027report\u0027 to \u0027export\u0027",
            "messageBody": "",
            "insertions": 56,
            "deletions": 487
          },
          {
            "hash": "74a6b0bf53610a8e4834a9a09961e4eb634405ab",
            "messageTitle": "Change the output message, to give more information of the directory and the file name generated",
            "messageBody": "",
            "insertions": 489,
            "deletions": 56
          },
          {
            "hash": "ebb0237a0b1d9d57abe4db692c7c398d30968d8f",
            "messageTitle": "Comply with checkstyle",
            "messageBody": "",
            "insertions": 2,
            "deletions": 1
          }
        ]
      }
    ],
    "CornCobs": [
      {
        "insertions": 66,
        "deletions": 0,
        "date": "2020-02-25",
        "commitResults": [
          {
            "hash": "ab6e7c7f823a121069384d7652eb55c284b14bdb",
            "messageTitle": "Create stub model classes in model.hirelah to be implemented (#5)",
            "messageBody": "* Create stub model classes in model.hirelah to be implemented\r\n\r\n* Add stub javadoc comments\r\n",
            "insertions": 66,
            "deletions": 0
          }
        ]
      },
      {
        "insertions": 375,
        "deletions": 0,
        "date": "2020-02-27",
        "commitResults": [
          {
            "hash": "769a1026bf8ddcfa9bdf9f920d1efa14fc593d49",
            "messageTitle": "Branch user guide (#9)",
            "messageBody": "* Create stub model classes in model.hirelah to be implemented\r\n\r\n* Add stub javadoc comments\r\n\r\n* Add Hirelah! user guide (without replacing previous user\r\nguide for address book)\r\n",
            "insertions": 375,
            "deletions": 0
          }
        ]
      },
      {
        "insertions": 323,
        "deletions": 10,
        "date": "2020-03-02",
        "commitResults": [
          {
            "hash": "0d20b45e1e6ea55964ee4c52c8108331783b872a",
            "messageTitle": "Implement Interviewee class",
            "messageBody": "Interviewee class encapsulates information about an\nInterviewee\u0027s name, resume, interview session data, interviewee\nnumber and an optional alias to identify the interviewee\n\nImplement IntervieweeList container class\n\nIntervieweeList manages all creation, deletion and retrieval of\nInterviewees in the model, and throws exceptions to prevent illegal\nstate internally\n\nCreate IllegalActionException exception class\n\nIllegalActionException supports classes in the model to let them\nreject attempts to create an invalid state\n",
            "insertions": 323,
            "deletions": 10
          }
        ]
      },
      {
        "insertions": 199,
        "deletions": 35,
        "date": "2020-03-03",
        "commitResults": [
          {
            "hash": "425cd0b9c59710ef2a390fa1fab9bece9efa1f42",
            "messageTitle": "Add Tests for Interviewee and IntervieweeList",
            "messageBody": "",
            "insertions": 196,
            "deletions": 32
          },
          {
            "hash": "631cae6048166dcccb190de31e57feffc72baf68",
            "messageTitle": "Checkstyle edits",
            "messageBody": "",
            "insertions": 3,
            "deletions": 3
          }
        ]
      },
      {
        "insertions": 125,
        "deletions": 147,
        "date": "2020-03-14",
        "commitResults": [
          {
            "hash": "58fedb6ee51b8fab34d634b31ed5f3d73af58a32",
            "messageTitle": "Change all Model classes to expose an ObservableList which tracks (#52)",
            "messageBody": "changes to their state and can be observed by UI\r\n\r\nFix bugs in UI toggle",
            "insertions": 125,
            "deletions": 147
          }
        ]
      },
      {
        "insertions": 226,
        "deletions": 3244,
        "date": "2020-03-17",
        "commitResults": [
          {
            "hash": "5e07fcb67e30d4a11fc2c27ac4816ce6ccc6bda9",
            "messageTitle": "Clean up the entire app, removing AddressBook specific things",
            "messageBody": "Change Logic, UI to point to HireLah parsers\nApp now works and can parse commands and display attributes, questions, interviewees\n\nCreate AppPhase enum to switch app mode from normal to interviewing mode\n",
            "insertions": 219,
            "deletions": 3237
          },
          {
            "hash": "a68df9e4028db4ac6c4b4d0b1e16107a8ba3c295",
            "messageTitle": "Change AppPhase enum to CONSTANT_CASE",
            "messageBody": "",
            "insertions": 7,
            "deletions": 7
          }
        ]
      },
      {
        "insertions": 141,
        "deletions": 136,
        "date": "2020-03-24",
        "commitResults": [
          {
            "hash": "a55a6236c52d64e82cfd9f19527a8e8bbb874902",
            "messageTitle": "Make Interviewee use javafx properties so they are Observable (#80)",
            "messageBody": "By using an extractor in the IntervieweeLists\u0027 ObservableList,\r\nthe mutable Properties of an Interviewee (name, alias, resume and\r\ntranscript) have their changes tracked by the ListView as well\r\n\r\nAdd name and alias editing capabilities to IntervieweeList\r\nIntervieweeList now allows user to edit interviewees\u0027 names, and\r\nwill automatically update the identifiers to remove old aliases and\r\nnames",
            "insertions": 141,
            "deletions": 136
          }
        ]
      },
      {
        "insertions": 349,
        "deletions": 265,
        "date": "2020-03-28",
        "commitResults": [
          {
            "hash": "6ccd69cb1ed8c16714545180a17381c68c4e25f1",
            "messageTitle": "Modify the RemarkList and Transcript classes (#89)",
            "messageBody": "RemarkList deals with indices instead of Questions, and returns indices\r\nin its get...() methods to pass to ListView#scrollTo(). Underlying\r\nimplementation changes, including using Observables\r\n\r\nAdd InterviewSession to hold extra interview-specific state such as the\r\nstart time and the question being answered",
            "insertions": 349,
            "deletions": 265
          }
        ]
      },
      {
        "insertions": 195,
        "deletions": 84,
        "date": "2020-03-29",
        "commitResults": [
          {
            "hash": "306e53734a6c12f1fd40fd16b1448d39e91b73bb",
            "messageTitle": "Create Commands for the interview phase",
            "messageBody": "Add StartInterviewCommand to enter interview phase, ScoreCommand and\nRemarkCommand to update the Interviewee Transcript during interview phase\n",
            "insertions": 135,
            "deletions": 20
          },
          {
            "hash": "6e5352b137dd3a56902b4f382da7a66cd215108d",
            "messageTitle": "Add Interview phase commands to InterviewParser",
            "messageBody": "",
            "insertions": 60,
            "deletions": 64
          }
        ]
      },
      {
        "insertions": 228,
        "deletions": 274,
        "date": "2020-03-30",
        "commitResults": [
          {
            "hash": "692a71b39cefc706b0ff8399c6f73c076f081bb5",
            "messageTitle": "Change Question storing format in Transcript",
            "messageBody": "From having a nullable Question field in Remark to having a QuestionRemark remark to mark where questions begin\n\nUpdate tests\n\nImplement StartQuestionCommand\n\nMinor bug fixes in EndCommand and Interviewee\n",
            "insertions": 173,
            "deletions": 203
          },
          {
            "hash": "e07c6f0c21c70e617c3bdb41c7a78a5068f18ee9",
            "messageTitle": "Improve formatting consistency and remove AddressBook logging messages",
            "messageBody": "",
            "insertions": 55,
            "deletions": 71
          }
        ]
      },
      {
        "insertions": 424,
        "deletions": 383,
        "date": "2020-03-31",
        "commitResults": [
          {
            "hash": "e26555f5a4161ded40537a7e1b0080851c3252ac",
            "messageTitle": "Upload and Open Resume (#102)",
            "messageBody": "* Fix major bugs in UI - scrolling of Remarks to bottom when adding new remarks and open command not showing the Transcript page\r\n\r\n* Refactor UI handling after Command executes\r\n\r\nSplit CommandResult into subclasses to exploit polymorphism to achieve different behaviors (exiting, showing help, toggling the view and navigating\r\na transcript)\r\n\r\nMore bug fixing with regards to UI behavior\r\n\r\nCode quality improvements\r\n\r\n* Implement UploadResumeCommand and OpenResumeCommand",
            "insertions": 318,
            "deletions": 297
          },
          {
            "hash": "c37ae91e36055b32bd830e723f6587227ac2227f",
            "messageTitle": "Update User Guide and fix bug in UploadResumeCommand (#108)",
            "messageBody": "",
            "insertions": 10,
            "deletions": 6
          },
          {
            "hash": "1e827784041044f37274710f646611ab439214dc",
            "messageTitle": "Fix storage of Transcript",
            "messageBody": "",
            "insertions": 96,
            "deletions": 80
          }
        ]
      },
      {
        "insertions": 66,
        "deletions": 59,
        "date": "2020-04-02",
        "commitResults": [
          {
            "hash": "097117e0b54713bca7916997810a84f3f167e13c",
            "messageTitle": "Fix storage bugs",
            "messageBody": "There were the following bugs\n- Path of transcript was not properly encoded, inconsistent between reading and\n  saving\n- Interviewee storage condition for throwing errors was incorrect\n- Interviewee storage did not handle nulls properly\n- End Command did not save hence interview never ended in storage\n- Commands did not work with the updated Transcript isComplete API\n",
            "insertions": 66,
            "deletions": 59
          }
        ]
      },
      {
        "insertions": 56,
        "deletions": 36,
        "date": "2020-04-03",
        "commitResults": [
          {
            "hash": "727be9fc47200b1ece68a1822543a2c6fa95bcbb",
            "messageTitle": "Fix transcript storage bug - forgot to load complete status and scores (#132)",
            "messageBody": "Update and proof-read User Guide",
            "insertions": 22,
            "deletions": 1
          },
          {
            "hash": "b7a2ba656efe4b05a77800bbd865104ed394930a",
            "messageTitle": "Update ModelManager so when interview ends the Interviewee Card is refreshed",
            "messageBody": "Update event handlers on IntervieweeListPanel\n",
            "insertions": 33,
            "deletions": 34
          },
          {
            "hash": "4198eda5dab50b6d6d2a1ec85bcf9ee01b82c630",
            "messageTitle": "Update files for release (UserGuide) (#140)",
            "messageBody": "",
            "insertions": 1,
            "deletions": 1
          }
        ]
      },
      {
        "insertions": 2,
        "deletions": 2,
        "date": "2020-04-06",
        "commitResults": [
          {
            "hash": "13538f5f57161b4ea3c30a9d7cf007747bbffaa5",
            "messageTitle": "Update website to remove addressbook things",
            "messageBody": "",
            "insertions": 2,
            "deletions": 2
          }
        ]
      },
      {
        "insertions": 1393,
        "deletions": 1137,
        "date": "2020-04-08",
        "commitResults": [
          {
            "hash": "b0db83f7fe05ececfbd7b9d72f4cebbc1c861d8d",
            "messageTitle": "Heavy refactoring of app to change package name to hirelah",
            "messageBody": "Shift Storage classes to main storage package\n",
            "insertions": 1011,
            "deletions": 999
          },
          {
            "hash": "260057e7cd4743f0556159f88066d5aaa046f691",
            "messageTitle": "Minor refactoring, removing redundant Exceptions",
            "messageBody": "",
            "insertions": 24,
            "deletions": 30
          },
          {
            "hash": "29026b4dde81438442d221a8d0003e9d824964f4",
            "messageTitle": "Change app structure to begin without a session loaded",
            "messageBody": "Add Pre Session phase to handle opening and creating new sessions\n",
            "insertions": 343,
            "deletions": 101
          },
          {
            "hash": "45fc3f699db61aabd92f0afc220e1d7d3b47c184",
            "messageTitle": "Update to fix checkstyle",
            "messageBody": "",
            "insertions": 15,
            "deletions": 7
          }
        ]
      },
      {
        "insertions": 160,
        "deletions": 4,
        "date": "2020-04-09",
        "commitResults": [
          {
            "hash": "881bc80e94185d43966705eea578cbec294df48f",
            "messageTitle": "Add CloseSession command in normal phase, DeleteSession command in pre session phase",
            "messageBody": "",
            "insertions": 160,
            "deletions": 4
          }
        ]
      },
      {
        "insertions": 18,
        "deletions": 5,
        "date": "2020-04-10",
        "commitResults": [
          {
            "hash": "c94c7b957a110e08455a4655eec58e05fbcba39d",
            "messageTitle": "Fix bug in sessions where closing a session would not reset the Model\u0027s isFinalisedInterviewProperties to false",
            "messageBody": "",
            "insertions": 18,
            "deletions": 5
          }
        ]
      },
      {
        "insertions": 39,
        "deletions": 28,
        "date": "2020-04-11",
        "commitResults": [
          {
            "hash": "ef367e62cf812fc5c1c351f589ec0958fb6c348e",
            "messageTitle": "Improve DRY of transcript saving methods to match that of the other model components",
            "messageBody": "",
            "insertions": 31,
            "deletions": 28
          },
          {
            "hash": "228b8f49ec377fa3a84b5d4601f69f4878f0048a",
            "messageTitle": "Fix bug where interviewee.json is not saved when an interviewee is interviewed",
            "messageBody": "Fix bug where session is not created on disk if no actions are performed in it\n",
            "insertions": 8,
            "deletions": 0
          }
        ]
      },
      {
        "insertions": 299,
        "deletions": 139,
        "date": "2020-04-13",
        "commitResults": [
          {
            "hash": "2ce774edd3f3ada1ccf8649c519c5c4dbaec1089",
            "messageTitle": "Update puml diagrams (sequence diagram for add attribute command, logic class) and update DG",
            "messageBody": "",
            "insertions": 1,
            "deletions": 0
          },
          {
            "hash": "705042707255442905db54a2dbf63134997b107c",
            "messageTitle": "Update DG with implementation details for the Session feature",
            "messageBody": "",
            "insertions": 1,
            "deletions": 27
          },
          {
            "hash": "14aa4303943f84b6bacd4706419ab0b8484adf0a",
            "messageTitle": "Improve the DG",
            "messageBody": "Fix a bug with editing interviewee name and alias\n",
            "insertions": 15,
            "deletions": 6
          },
          {
            "hash": "5d1858da104d105464296a4eb6c4eb49110b0400",
            "messageTitle": "Improve error messages for InterviewParser",
            "messageBody": "Refactor InterviewParser so ScoreCommand and StartQuestionCommand have their\nown parsers\n\nAdd tests for these Parsers\n",
            "insertions": 183,
            "deletions": 54
          },
          {
            "hash": "61f7e021cdd547a549a8e486cbffdb566179a8cc",
            "messageTitle": "Add CloseReport Command",
            "messageBody": "",
            "insertions": 89,
            "deletions": 50
          },
          {
            "hash": "edd7dbecdef0ff6bd4e11d868877d63c4e85e7df",
            "messageTitle": "Update checkstyle, improve CloseSessionCommand result message",
            "messageBody": "",
            "insertions": 1,
            "deletions": 1
          },
          {
            "hash": "298a419af9df063684479ca6f14b56a689dab8d0",
            "messageTitle": "Restrict NewSessionCommand to only accept alphanumeric and spaces for session names",
            "messageBody": "",
            "insertions": 9,
            "deletions": 1
          }
        ]
      }
    ],
    "weiichengg": [
      {
        "insertions": 388,
        "deletions": 13,
        "date": "2020-03-15",
        "commitResults": [
          {
            "hash": "a5b6e23ac073c414f2c35b27301946b63162fcc2",
            "messageTitle": "Created the Session, EndSessionCommand, StartSessionCommand and OpenSessionParser. Created a new package in Hirelah and change the orientation of the GUI.",
            "messageBody": "",
            "insertions": 387,
            "deletions": 9
          },
          {
            "hash": "507077c0a262c79213e01245faf4d54223be508e",
            "messageTitle": "Created the Session, EndSessionCommand, StartSessionCommand and OpenSessionParser. Created a new package in Hirelah and change the orientation of the GUI.",
            "messageBody": "",
            "insertions": 1,
            "deletions": 3
          },
          {
            "hash": "fd319d23c5270bfe142a4a39cdc0734db289b91a",
            "messageTitle": "Created the Session, EndSessionCommand, StartSessionCommand and OpenSessionParser. Created a new package in Hirelah and change the orientation of the GUI.",
            "messageBody": "",
            "insertions": 0,
            "deletions": 1
          }
        ]
      },
      {
        "insertions": 48,
        "deletions": 131,
        "date": "2020-03-24",
        "commitResults": [
          {
            "hash": "7a8942a4803e9b07888d1b87c7a0c5fd1dbae053",
            "messageTitle": "Deleted the Sessions class, Start Session commands and end Sessions Command. (#86)",
            "messageBody": "Included JsonAdaptedMetric, JsonAdaptedRemark",
            "insertions": 48,
            "deletions": 131
          }
        ]
      },
      {
        "insertions": 1303,
        "deletions": 322,
        "date": "2020-03-31",
        "commitResults": [
          {
            "hash": "32cfe673e99075642902ae8a561c3e53850c51b1",
            "messageTitle": "Storage (#103)",
            "messageBody": "* Included various classes to support to support the function of saving the Metric, Interviewee, Attributes and question class.\r\n\r\n* Merge branch \u0027master\u0027 of https://github.com/AY1920S2-CS2103-W15-2/main into Storage\r\n\r\n* Clean and and fix the bugs for AttributeStorage, IntervieweeStorage, MetricStorage and QuestionStorage\r\nCurrently able to support the feature of saving metrics, attributes, questions and interviewee at the end of each interview session.\r\n\r\n* to be finished\r\n\r\n* Implement JsonSerializableTranscript and provide a validating method to\r\nrestore IntervieweeList from a stored session\r\n\r\n* tidying up the code\r\n\r\n* tidying and cleaning of the code\r\n\r\n* Fix checkstyle and some bugs\r\n\r\n* tidying and cleaning of the code\r\n\r\nCo-authored-by: Joash Chin \u003cjoashchin@gmail.com\u003e",
            "insertions": 1303,
            "deletions": 322
          }
        ]
      },
      {
        "insertions": 179,
        "deletions": 78,
        "date": "2020-04-07",
        "commitResults": [
          {
            "hash": "521c4c691233f9e13a999ecd8dfd2d0048799809",
            "messageTitle": "Storage manager test (#178)",
            "messageBody": "* Included various classes to support to support the function of saving the Metric, Interviewee, Attributes and question class.\r\n\r\n* Merge branch \u0027master\u0027 of https://github.com/AY1920S2-CS2103-W15-2/main into Storage\r\n\r\n* Clean and and fix the bugs for AttributeStorage, IntervieweeStorage, MetricStorage and QuestionStorage\r\nCurrently able to support the feature of saving metrics, attributes, questions and interviewee at the end of each interview session.\r\n\r\n* to be finished\r\n\r\n* Implement JsonSerializableTranscript and provide a validating method to\r\nrestore IntervieweeList from a stored session\r\n\r\n* tidying up the code\r\n\r\n* tidying and cleaning of the code\r\n\r\n* Fix checkstyle and some bugs\r\n\r\n* tidying and cleaning of the code\r\n\r\n* updated to the User guide\r\n\r\n* Clean up the code\r\n\r\n* Updated the StorageManagerTest.java to test for the different components of StorageManager.\r\n\r\nCo-authored-by: Joash Chin \u003cjoashchin@gmail.com\u003e",
            "insertions": 179,
            "deletions": 78
          }
        ]
      },
      {
        "insertions": 601,
        "deletions": 68,
        "date": "2020-04-10",
        "commitResults": [
          {
            "hash": "cd41feb1e34789104fa94118ef68a9bef8b9c634",
            "messageTitle": "Tidied up the StorageManagerTest to test for saving of transcript/",
            "messageBody": "",
            "insertions": 214,
            "deletions": 23
          },
          {
            "hash": "f5b3d89042cc1ccf7e5f1075b8354f3f2114a8b1",
            "messageTitle": "Transcript storage test (#193)",
            "messageBody": "* Included various classes to support to support the function of saving the Metric, Interviewee, Attributes and question class.\r\n\r\n* Merge branch \u0027master\u0027 of https://github.com/AY1920S2-CS2103-W15-2/main into Storage\r\n\r\n* Clean and and fix the bugs for AttributeStorage, IntervieweeStorage, MetricStorage and QuestionStorage\r\nCurrently able to support the feature of saving metrics, attributes, questions and interviewee at the end of each interview session.\r\n\r\n* to be finished\r\n\r\n* Implement JsonSerializableTranscript and provide a validating method to\r\nrestore IntervieweeList from a stored session\r\n\r\n* tidying up the code\r\n\r\n* tidying and cleaning of the code\r\n\r\n* Fix checkstyle and some bugs\r\n\r\n* tidying and cleaning of the code\r\n\r\n* updated to the User guide\r\n\r\n* Clean up the code\r\n\r\n* Updated the StorageManagerTest.java to test for the different components of StorageManager.\r\n\r\n* updated weicheng.adoc\r\n\r\n* updated weicheng.adoc\r\n\r\n* Tidied up the StorageManagerTest to test for saving of transcript/\r\n\r\n* Tidied up the StorageManagerTest to test for saving of transcript/\r\n\r\nCo-authored-by: Joash Chin \u003cjoashchin@gmail.com\u003e",
            "insertions": 214,
            "deletions": 23
          },
          {
            "hash": "04a313f42594092196079ee92fbee70f2b7c7545",
            "messageTitle": "tidying up the code",
            "messageBody": "",
            "insertions": 66,
            "deletions": 0
          },
          {
            "hash": "810e7b929fc7e109eb39f54cff2cbc9ed2b01c83",
            "messageTitle": "Command (#190)",
            "messageBody": "* Included various classes to support to support the function of saving the Metric, Interviewee, Attributes and question class.\r\n\r\n* Merge branch \u0027master\u0027 of https://github.com/AY1920S2-CS2103-W15-2/main into Storage\r\n\r\n* Clean and and fix the bugs for AttributeStorage, IntervieweeStorage, MetricStorage and QuestionStorage\r\nCurrently able to support the feature of saving metrics, attributes, questions and interviewee at the end of each interview session.\r\n\r\n* to be finished\r\n\r\n* Implement JsonSerializableTranscript and provide a validating method to\r\nrestore IntervieweeList from a stored session\r\n\r\n* tidying up the code\r\n\r\n* tidying and cleaning of the code\r\n\r\n* Fix checkstyle and some bugs\r\n\r\n* tidying and cleaning of the code\r\n\r\n* updated to the User guide\r\n\r\n* Clean up the code\r\n\r\n* Updated the StorageManagerTest.java to test for the different components of StorageManager.\r\n\r\n* updated weicheng.adoc\r\n\r\n* updated weicheng.adoc\r\n\r\n* The saving of the System state will take place in the execution of specific commands.\r\n\r\n* The saving of the System state will take place in the execution of specific commands.\r\n\r\n* fixed the errors in saving the Commands classes for fixing saving the state of the program.\r\n\r\nCo-authored-by: Joash Chin \u003cjoashchin@gmail.com\u003e",
            "insertions": 107,
            "deletions": 22
          }
        ]
      },
      {
        "insertions": 403,
        "deletions": 0,
        "date": "2020-04-11",
        "commitResults": [
          {
            "hash": "bf2c1f96a706d01c13bc7ecb41b639636f1e9906",
            "messageTitle": "Implementing the test methods for various classes.",
            "messageBody": "",
            "insertions": 403,
            "deletions": 0
          }
        ]
      },
      {
        "insertions": 377,
        "deletions": 83,
        "date": "2020-04-12",
        "commitResults": [
          {
            "hash": "e8f3b30e8453b3361047d948eecdc645f1b340bc",
            "messageTitle": "Tidied and clean up the code",
            "messageBody": "",
            "insertions": 222,
            "deletions": 8
          },
          {
            "hash": "fa14bf33737286bc88f3dab92aa043dd6f6ae25e",
            "messageTitle": "Transcript storage test (#205)",
            "messageBody": "* Included various classes to support to support the function of saving the Metric, Interviewee, Attributes and question class.\r\n\r\n* Merge branch \u0027master\u0027 of https://github.com/AY1920S2-CS2103-W15-2/main into Storage\r\n\r\n* Clean and and fix the bugs for AttributeStorage, IntervieweeStorage, MetricStorage and QuestionStorage\r\nCurrently able to support the feature of saving metrics, attributes, questions and interviewee at the end of each interview session.\r\n\r\n* to be finished\r\n\r\n* Implement JsonSerializableTranscript and provide a validating method to\r\nrestore IntervieweeList from a stored session\r\n\r\n* tidying up the code\r\n\r\n* tidying and cleaning of the code\r\n\r\n* Fix checkstyle and some bugs\r\n\r\n* tidying and cleaning of the code\r\n\r\n* updated to the User guide\r\n\r\n* Clean up the code\r\n\r\n* Updated the StorageManagerTest.java to test for the different components of StorageManager.\r\n\r\n* updated weicheng.adoc\r\n\r\n* updated weicheng.adoc\r\n\r\n* Tidied up the StorageManagerTest to test for saving of transcript/\r\n\r\n* Tidied up the StorageManagerTest to test for saving of transcript/\r\n\r\n* tidying up the code\r\n\r\n* Tidied and clean up the code\r\n\r\nCo-authored-by: Joash Chin \u003cjoashchin@gmail.com\u003e",
            "insertions": 87,
            "deletions": 21
          },
          {
            "hash": "d5658886df608ab138a463205d5df793ea7630ed",
            "messageTitle": "Tidied and clean up the code",
            "messageBody": "",
            "insertions": 61,
            "deletions": 47
          },
          {
            "hash": "30a5f9a8394df0f3e026045146d87d26faadb7c2",
            "messageTitle": "Included the various classes to test for the individual components of Storage",
            "messageBody": "",
            "insertions": 6,
            "deletions": 6
          },
          {
            "hash": "dd4f4e1fccc0031faf3aa0bad78d94876ba574d9",
            "messageTitle": "Included the various classes to test for the individual components of Storage",
            "messageBody": "",
            "insertions": 1,
            "deletions": 1
          }
        ]
      }
    ]
  },
  "authorFinalContributionMap": {
    "mario7lorenzo": 2990,
    "bscrow": 1467,
    "agnesnatasya": 2221,
    "CornCobs": 3425,
    "weiichengg": 2322
  },
  "authorFileTypeContributionMap": {
    "mario7lorenzo": {
      "docs": 0,
      "functional-code": 2208,
      "test-code": 781,
      "other": 1
    },
    "bscrow": {
      "docs": 0,
      "functional-code": 1460,
      "test-code": 5,
      "other": 2
    },
    "agnesnatasya": {
      "docs": 0,
      "functional-code": 1446,
      "test-code": 773,
      "other": 2
    },
    "CornCobs": {
      "docs": 0,
      "functional-code": 2784,
      "test-code": 639,
      "other": 2
    },
    "weiichengg": {
      "docs": 0,
      "functional-code": 1369,
      "test-code": 950,
      "other": 3
    }
  },
  "authorContributionVariance": {
    "mario7lorenzo": 54834.484,
    "bscrow": 43997.668,
    "agnesnatasya": 447824.8,
    "CornCobs": 310181.78,
    "weiichengg": 57586.96
  },
  "authorDisplayNameMap": {
    "mario7lorenzo": "CS2103-W15-2 MARI..ENZO",
    "bscrow": "CS2103-W15-2 YAN ..SHEN",
    "agnesnatasya": "CS2103-W15-2 AGNE..ASYA",
    "CornCobs": "CS2103-W15-2 CHIN..OASH",
    "weiichengg": "CS2103-W15-2 ONG ..HENG"
  }
}
