{
  "authorDailyContributionsMap": {
    "mario7lorenzo": [
      {
        "insertions": 252,
        "deletions": 9,
        "date": "2020-03-01",
        "commitResults": [
          {
            "hash": "06cbf99566b44fa19bea89be02e756547a099eaa",
            "messageTitle": "Attribute.java: Add Attribute class",
            "messageBody": "",
            "insertions": 36,
            "deletions": 2
          },
          {
            "hash": "1c5fc7e5b685bc3cd96104fbb8e6fba050bb036f",
            "messageTitle": "Add AttributeTest class",
            "messageBody": "",
            "insertions": 73,
            "deletions": 5
          },
          {
            "hash": "75b3d1629b998e8bf2b1f57d788beb819c04f8c8",
            "messageTitle": "Add AttributeList class and Exceptions",
            "messageBody": "",
            "insertions": 143,
            "deletions": 2
          }
        ]
      },
      {
        "insertions": 387,
        "deletions": 78,
        "date": "2020-03-02",
        "commitResults": [
          {
            "hash": "900f8bbc0d34504e23f748addec0cbb5c0a0d18b",
            "messageTitle": "Add QuestionList class",
            "messageBody": "",
            "insertions": 108,
            "deletions": 62
          },
          {
            "hash": "20e577b7c94ac5e20fec9b51d65d559f80abb350",
            "messageTitle": "Add IList interface",
            "messageBody": "",
            "insertions": 97,
            "deletions": 14
          },
          {
            "hash": "93cf666e6effa4b5e3c94f632f3016b014064950",
            "messageTitle": "Add MetricList class",
            "messageBody": "",
            "insertions": 182,
            "deletions": 2
          }
        ]
      },
      {
        "insertions": 780,
        "deletions": 379,
        "date": "2020-03-03",
        "commitResults": [
          {
            "hash": "6aaa121f413dbab1057ba479aa35968174184339",
            "messageTitle": "Add AttributeListTest class",
            "messageBody": "",
            "insertions": 318,
            "deletions": 192
          },
          {
            "hash": "81fad8cf9a2fc33f08105db401cbb2d182eec726",
            "messageTitle": "Add QuetionTest class",
            "messageBody": "",
            "insertions": 5,
            "deletions": 0
          },
          {
            "hash": "3aeffe55c2524971c1af6287bb57fdb7abdd5f7c",
            "messageTitle": "Add QuestionListTest class",
            "messageBody": "",
            "insertions": 134,
            "deletions": 3
          },
          {
            "hash": "07be8baef4258750d3b1395f305e66ee577db978",
            "messageTitle": "Add MetricListTest class",
            "messageBody": "",
            "insertions": 323,
            "deletions": 184
          }
        ]
      },
      {
        "insertions": 159,
        "deletions": 6,
        "date": "2020-03-14",
        "commitResults": [
          {
            "hash": "219bd3931b7cb1937200b1351b4afd57ebf4d9e9",
            "messageTitle": "Create NormalParser and InterviewParser skeleton. (#50)",
            "messageBody": "* Add CommandSupplier and NormalParser class\r\n\r\n* Update more prefixes\r\n\r\n* Add InterviewParser class\r\n\r\n* Add comments\r\n\r\n* Fix checkstyle",
            "insertions": 159,
            "deletions": 6
          }
        ]
      },
      {
        "insertions": 731,
        "deletions": 2,
        "date": "2020-03-15",
        "commitResults": [
          {
            "hash": "970de0d7184f8a5056c249f59f994c4bb4899c21",
            "messageTitle": "Initialization Phase Commands (#53)",
            "messageBody": "* Add CommandSupplier and NormalParser class\r\n\r\n* Update more prefixes\r\n\r\n* Add InterviewParser class\r\n\r\n* Add comments\r\n\r\n* Fix checkstyle\r\n\r\n* Add AddAttributeCommand class\r\n\r\n* Add AddIntervieweeCommand class\r\n\r\n* Add AddQuestionCommand class\r\n\r\n* Add ListQuestionCommand class\r\n\r\n* Add ListAttributeCommand class\r\n\r\n* Add ListIntervieweeCommand class\r\n\r\n* Add DeleteAttributeCommand class\r\n\r\n* Add DeleteQuestionCommand\r\n\r\n* Add EditAttributeCommand class\r\n\r\n* Add EditQuestionCommand class\r\n\r\n* Update add commands\r\n\r\n* Add DeleteIntervieweeCommand class\r\n\r\n* Add EditIntervieweeCommand class",
            "insertions": 731,
            "deletions": 2
          }
        ]
      },
      {
        "insertions": 111,
        "deletions": 135,
        "date": "2020-03-17",
        "commitResults": [
          {
            "hash": "898e8f293f853c9507fd981249a70a6453039191",
            "messageTitle": "Fix bug for CRUD Attributes and Questions (#59)",
            "messageBody": "* Fix bugs\r\n\r\n* Fix bug: handles edit attribute with the same substring\r\n\r\n* Fix checkstyle",
            "insertions": 111,
            "deletions": 135
          }
        ]
      },
      {
        "insertions": 612,
        "deletions": 148,
        "date": "2020-03-24",
        "commitResults": [
          {
            "hash": "daf10026af83fea4b47955097f54725be6e6d5ea",
            "messageTitle": "CRUD Metric (#82)",
            "messageBody": "* Metric: Update implementations\r\n\r\n* Add AddMetricCommandParser\r\n\r\n* Add AddMetricCommand class\r\n\r\n* Implement AddMetricCommandParser\r\n\r\n* Update HireLah! add metric functionality\r\n\r\n* AddMetricCommand: Fix bugs\r\n\r\n* Implement DeleteMetricCommand\r\n\r\n* Add ListMetricCommand class\r\n\r\n* Add EditMetricCommand class\r\n\r\n* Add EditMetricCommandParser\r\n\r\n* Implement HireLah! to perform edit metric\r\n\r\n* fix checkstyle\r\n\r\n* Update CRUD Metric to be done after finalizing session\r\n\r\n* Update AddMetricCommand to relax the restriction of metric params\r\n\r\n* Fix checksty;e\r\n\r\n* Fix checkstyle\r\n\r\n* Fix checkstyle\r\n\r\nCo-authored-by: CornCobs \u003cjoashchin@gmail.com\u003e",
            "tags": [
              "v1.2.1"
            ],
            "insertions": 608,
            "deletions": 143
          },
          {
            "hash": "8ca8916ea10af3daeeadae78a031bb4434fef5b5",
            "messageTitle": "Update the Developer Guide and the UML diagram for the Logic part (#84)",
            "messageBody": "* Metric: Update implementations\r\n\r\n* Add AddMetricCommandParser\r\n\r\n* Add AddMetricCommand class\r\n\r\n* Implement AddMetricCommandParser\r\n\r\n* Update HireLah! add metric functionality\r\n\r\n* AddMetricCommand: Fix bugs\r\n\r\n* Add Architecture Sequence Diagram for add attribute\r\n\r\n* Update Logic UML diagram\r\n\r\n* Update Developer Guide for Logic part\r\n\r\n* Edit several details in Logic part",
            "insertions": 4,
            "deletions": 5
          }
        ]
      },
      {
        "insertions": 303,
        "deletions": 8,
        "date": "2020-03-28",
        "commitResults": [
          {
            "hash": "ada0773fb81267b5799f75748404431d95b2fb07",
            "messageTitle": "Find Best Commands implementation (#90)",
            "messageBody": "* Metric: Update implementations\r\n\r\n* Add AddMetricCommandParser\r\n\r\n* Add AddMetricCommand class\r\n\r\n* Implement AddMetricCommandParser\r\n\r\n* Update HireLah! add metric functionality\r\n\r\n* AddMetricCommand: Fix bugs\r\n\r\n* Add BestParameter enum\r\n\r\n* Add BestCommand class\r\n\r\n* Add BestParser class\r\n\r\n* Create view for best N interviewees\r\n\r\n* fix checkstyle\r\n\r\n* integrate BestCommand to HireLah\r\n\r\n* fix checkstyle\r\n\r\n* fix bug for handling interviewees that have not been interviewed\r\n\r\n* fix checkstyle",
            "insertions": 303,
            "deletions": 8
          }
        ]
      }
    ],
    "bscrow": [
      {
        "insertions": 555,
        "deletions": 14,
        "date": "2020-03-10",
        "commitResults": [
          {
            "hash": "4f5309799348aa52c44ec604368a117bc6a8bdd8",
            "messageTitle": "Add ui components (#40)",
            "messageBody": "* updating from team main\r\n\r\n* Add esstential UI components\r\n\r\n* Add ToggleView\r\n\r\n* Correct build error\r\n\r\n* Correct build error in Transcript\r\n\r\n* resolving build issue\r\n\r\n* resolving build issue with AddCommandTest",
            "insertions": 555,
            "deletions": 14
          }
        ]
      },
      {
        "insertions": 125,
        "deletions": 82,
        "date": "2020-03-16",
        "commitResults": [
          {
            "hash": "43210f3b948a64875083cfb83375721037e1109a",
            "messageTitle": "Add list functionalities (#56)",
            "messageBody": "* updating from team main\r\n\r\n* Add esstential UI components\r\n\r\n* Add ToggleView\r\n\r\n* remove binary files to be refetched from upstream\r\n\r\n* Correct build error\r\n\r\n* Correct build error in Transcript\r\n\r\n* resolving build issue\r\n\r\n* resolving build issue with AddCommandTest\r\n\r\n* Minor updates\r\n\r\n* Add list functionality and debug UI\r\n\r\n* Update UML diagrams with upstream\r\n\r\n* Delete redundant fxml file",
            "insertions": 125,
            "deletions": 82
          }
        ]
      },
      {
        "insertions": 81,
        "deletions": 68,
        "date": "2020-03-17",
        "commitResults": [
          {
            "hash": "7b2cdfe164b0b4e59db8fc43fccf054d5db3c02e",
            "messageTitle": "Farn with ui (#58)",
            "messageBody": "* updating from team main\r\n\r\n* Add esstential UI components\r\n\r\n* Add ToggleView\r\n\r\n* remove binary files to be refetched from upstream\r\n\r\n* Correct build error\r\n\r\n* Correct build error in Transcript\r\n\r\n* resolving build issue\r\n\r\n* resolving build issue with AddCommandTest\r\n\r\n* Minor updates\r\n\r\n* Add list functionality and debug UI\r\n\r\n* Update UML diagrams with upstream\r\n\r\n* Delete redundant fxml file\r\n\r\n* Rename Transcript to Remark in UI\r\n\r\n* Update UI for ListPanels\r\n\r\n* Merge conflicts with upstream",
            "insertions": 81,
            "deletions": 68
          }
        ]
      },
      {
        "insertions": 302,
        "deletions": 32,
        "date": "2020-03-25",
        "commitResults": [
          {
            "hash": "f5d6f9e0b482e98e1919311d287a78b2e186a82a",
            "messageTitle": "Add metric ui (#87)",
            "messageBody": "* updating from team main\r\n\r\n* Add esstential UI components\r\n\r\n* Add ToggleView\r\n\r\n* remove binary files to be refetched from upstream\r\n\r\n* Correct build error\r\n\r\n* Correct build error in Transcript\r\n\r\n* resolving build issue\r\n\r\n* resolving build issue with AddCommandTest\r\n\r\n* Minor updates\r\n\r\n* Add list functionality and debug UI\r\n\r\n* Update UML diagrams with upstream\r\n\r\n* Delete redundant fxml file\r\n\r\n* Rename Transcript to Remark in UI\r\n\r\n* Change HireLah logo\r\n\r\n* Add Metric UI\r\n\r\n* corrected import style",
            "insertions": 302,
            "deletions": 32
          }
        ]
      }
    ],
    "agnesnatasya": [
      {
        "insertions": 710,
        "deletions": 176,
        "date": "2020-03-03",
        "commitResults": [
          {
            "hash": "31b699611beaa6df5e03815e68fe96b2e939795a",
            "messageTitle": "Add Transcript class, contains RemarkList and File",
            "messageBody": "",
            "insertions": 260,
            "deletions": 3
          },
          {
            "hash": "eee61d141f284a6af933325bb04778c968bcdb56",
            "messageTitle": "Added some tests on Remark and RemarkList",
            "messageBody": "",
            "insertions": 342,
            "deletions": 115
          },
          {
            "hash": "3d316165e7bff882dd8cc53b805caa513754ce5b",
            "messageTitle": "Created tests for Remark, RemarkList and Transcript",
            "messageBody": "",
            "insertions": 64,
            "deletions": 25
          },
          {
            "hash": "828a4c772d817ea858833ec151446f9023ade6be",
            "messageTitle": "Added some tests",
            "messageBody": "",
            "insertions": 41,
            "deletions": 29
          },
          {
            "hash": "e9f8a189ebbf7c73c91d7cc684509131d84cd285",
            "messageTitle": "Put newline",
            "messageBody": "",
            "insertions": 3,
            "deletions": 4
          }
        ]
      },
      {
        "insertions": 165,
        "deletions": 488,
        "date": "2020-03-04",
        "commitResults": [
          {
            "hash": "19643e678db5c21298fe6b94d1b1a76e2da27f60",
            "messageTitle": "Enhanced test and checkstyle",
            "messageBody": "",
            "insertions": 84,
            "deletions": 41
          },
          {
            "hash": "ddb95bcc950a14546e509a305d9c4dd7e675b369",
            "messageTitle": "Remove old UserGuide.md",
            "messageBody": "",
            "insertions": 0,
            "deletions": 375
          },
          {
            "hash": "262b5051983ca5630715e7787ef4132d11af2a98",
            "messageTitle": "Complies with checkstyle test",
            "messageBody": "",
            "insertions": 81,
            "deletions": 72
          }
        ]
      },
      {
        "insertions": 1701,
        "deletions": 3179,
        "date": "2020-03-15",
        "commitResults": [
          {
            "hash": "b722f64d2c280a10138be038ee8d7ed74206d35f",
            "messageTitle": "Add AddCommandParser class",
            "messageBody": "",
            "insertions": 23,
            "deletions": 26
          },
          {
            "hash": "7160c4ff4c010936d76acef6d55e17ed18f80870",
            "messageTitle": "Add AddAttributeCommandParser class",
            "messageBody": "",
            "insertions": 13,
            "deletions": 0
          },
          {
            "hash": "1f01775dd1e2a9036cd5ebcb7842d69699acd8a7",
            "messageTitle": "Add AddIntervieweeCommandParser class",
            "messageBody": "",
            "insertions": 40,
            "deletions": 0
          },
          {
            "hash": "44e6781035e15810fcdb644400d75ae07c4108cb",
            "messageTitle": "Add AddQuestionCommandParser class",
            "messageBody": "",
            "insertions": 14,
            "deletions": 0
          },
          {
            "hash": "93ffbdecaaa8a404c15c365a8b5d21ca2aae3e33",
            "messageTitle": "Add DeleteCommandParser class",
            "messageBody": "",
            "insertions": 28,
            "deletions": 7
          },
          {
            "hash": "86d0dfb4086b71d882f045f97fc2a3b015c118a2",
            "messageTitle": "Add DeleteIntervieweeCommandParser class",
            "messageBody": "",
            "insertions": 11,
            "deletions": 0
          },
          {
            "hash": "3f0e41b41faea39f0f28c9ca9ec11b7a59690be3",
            "messageTitle": "Add DeleteIntervieweeCommandParser class",
            "messageBody": "",
            "insertions": 12,
            "deletions": 0
          },
          {
            "hash": "0627f26d1e6e870df3719645fa3505032fdea354",
            "messageTitle": "Add DeleteQuestionCommandParser class",
            "messageBody": "",
            "insertions": 9,
            "deletions": 0
          },
          {
            "hash": "0e92cdebcc84ee665cba4430c1f5932046c440fb",
            "messageTitle": "Add EditCommandParser class",
            "messageBody": "",
            "insertions": 40,
            "deletions": 9
          },
          {
            "hash": "834aca041260c73cc745df4a289060845ff5beb5",
            "messageTitle": "Add EditAttributeCommandParser class",
            "messageBody": "",
            "insertions": 27,
            "deletions": 0
          },
          {
            "hash": "3b822ea52ea165b20200f0757a21a73e7826a01f",
            "messageTitle": "Add EditIntervieweeCommandParser class",
            "messageBody": "",
            "insertions": 16,
            "deletions": 0
          },
          {
            "hash": "34bffa8e048bf00451e9d69c0c625dee8ab7b9bc",
            "messageTitle": "Add EditQuestionCommandParser",
            "messageBody": "",
            "insertions": 27,
            "deletions": 0
          },
          {
            "hash": "33ad5cedbce6cb84fcfd51731f09c2e490d14302",
            "messageTitle": "Edit AddCommand class to be superclass of AddAttribute, AddInterviewee and AddQuestion command classes",
            "messageBody": "",
            "insertions": 9,
            "deletions": 50
          },
          {
            "hash": "bb9407a5d1cf3b21985afa01715bba7f5a1f5997",
            "messageTitle": "Edit DeleteCommand to be superclass of DeleteAttribute, DeleteInterviewee and DeleteQuestion command classes",
            "messageBody": "",
            "insertions": 9,
            "deletions": 35
          },
          {
            "hash": "10ac45a87fd81a3b391066489eb37119b65a5c03",
            "messageTitle": "Edit EditCommand to be superclass of EditAttribute, EditInterviewee and EditQuestion command classes",
            "messageBody": "",
            "insertions": 10,
            "deletions": 194
          },
          {
            "hash": "0f70adb72de9793af9a98e1058ebe5dcbe47251c",
            "messageTitle": "Delete irrelevant test units",
            "messageBody": "",
            "insertions": 0,
            "deletions": 1114
          },
          {
            "hash": "77aa73a41a8651192ea33915fa3c4c908e3a7175",
            "messageTitle": "Revert \"Delete irrelevant test units\"",
            "messageBody": "This reverts commit 0f70adb72de9793af9a98e1058ebe5dcbe47251c.\n",
            "insertions": 1114,
            "deletions": 0
          },
          {
            "hash": "c5d819ec20835ae4ea77243573c7c8f243132c51",
            "messageTitle": "Delete irrelevant test units",
            "messageBody": "",
            "insertions": 0,
            "deletions": 1298
          },
          {
            "hash": "cbc17568caa34ab0f6300c2cf6cebc0bda14f589",
            "messageTitle": "Edit CommandTestUtil",
            "messageBody": "",
            "insertions": 1,
            "deletions": 14
          },
          {
            "hash": "da94b79b5e099edb7aa75f911d63a69b0e9ac507",
            "messageTitle": "Edit syntax of address to -ad not -a",
            "messageBody": "",
            "insertions": 1,
            "deletions": 1
          },
          {
            "hash": "e5bec6430e118517d76d9ddbbc4eb16f089e8d9a",
            "messageTitle": "Add mappings from command word to command supplier in NormalParser",
            "messageBody": "",
            "insertions": 3,
            "deletions": 1
          },
          {
            "hash": "b980375814d15fa2ddd2c8d5936734ddd0552ced",
            "messageTitle": "Edit functionality of ParserUtil to parse according to presence of prefix",
            "messageBody": "",
            "insertions": 14,
            "deletions": 107
          },
          {
            "hash": "bff3c82c36d34e9ae45e92420e62fbbda629df9e",
            "messageTitle": "Fix bug EditIntervieweeCommandParser",
            "messageBody": "",
            "insertions": 1,
            "deletions": 1
          },
          {
            "hash": "8ddf665dc22759a54c2d588cd3e1a20faf0a7e02",
            "messageTitle": "Add AddCommandParserTest",
            "messageBody": "",
            "insertions": 28,
            "deletions": 4
          },
          {
            "hash": "56de37d3553c39a14fe60acf9e6dd56d7896ebe3",
            "messageTitle": "Fix Bug in AddIntervieweeCommand",
            "messageBody": "",
            "insertions": 1,
            "deletions": 1
          },
          {
            "hash": "00a083bd6f12f9945566fa802f37736c07444a43",
            "messageTitle": "Fix Bug in AddCommands tests",
            "messageBody": "",
            "insertions": 15,
            "deletions": 144
          },
          {
            "hash": "8caf99980dc869025971d7f3306b681fcec77ae7",
            "messageTitle": "Create Utility class for Command classes testing",
            "messageBody": "",
            "insertions": 42,
            "deletions": 16
          },
          {
            "hash": "4624cd3cfe386e0678ae1eb865fcc290d2f866dd",
            "messageTitle": "Add JavaDoc, fix check style",
            "messageBody": "",
            "insertions": 193,
            "deletions": 157
          }
        ]
      },
      {
        "insertions": 496,
        "deletions": 203,
        "date": "2020-03-17",
        "commitResults": [
          {
            "hash": "1cc1984d270e4d3884156f64fc0b99f6e27de53c",
            "messageTitle": "Test initialisation command parser (#65)",
            "messageBody": "* Add test for AddCommandParsers\r\n\r\n* Delete unneccessary Parser classes\r\n\r\n* Test for EditCommandParser\r\n\r\n* Test for EditIntervieweeCommandParser\r\n\r\n* Test for EditAttributeCommandParser\r\n\r\n* Test for DeleteCommandParser\r\n\r\n* Test for AddIntervieweeCommandParser\r\n\r\n* Test for ListCommandParser\r\n\r\n* Test for NormalParser\r\n\r\n* Add prefixes and prefixes checking\r\n\r\n* Test for AddCommandParser\r\n\r\n* Enhance EditCommandParser\r\n\r\n* Enhanced AddIntervieweeCommandParser\r\n\r\n* Enhance DeleteCommandParser\r\n\r\n* Enhance EditIntervieweeCommand\r\n\r\n* Update user guide to follow input format\r\n\r\n* Add constantst for command and parser testings\r\n\r\nCo-authored-by: agnesnatasya \u003ce0313565@u.nus.edu\u003e",
            "insertions": 496,
            "deletions": 203
          }
        ]
      },
      {
        "insertions": 229,
        "deletions": 6,
        "date": "2020-03-24",
        "commitResults": [
          {
            "hash": "1f189840142a9a14091d86ce1edb1a17de6a1564",
            "messageTitle": "Finalise and open report command (#81)",
            "messageBody": "* Implement OpenReport command and parser\r\n\r\n* Add Finalise command and parser, check conditions in CRUD operations for initialisation phase\r\n\r\n* Change function call to Interviewee model\r\n\r\n* Add exception handling in EditIntervieweeCommand\r\n\r\n* Abstract out IllegalValueException in Command objects\r\n\r\n* Abstract out IllegalValueException from Command classes\r\n\r\n* Test for FinaliseCommandParser\r\n\r\n* Test for OpenReportCommandParser\r\n\r\n* Fixed checkStyleMain\r\n\r\n* Fixed checkStyleTest\r\n\r\n* Throw CommandException in Command class\r\n\r\n* Changed Comand Word in OpenReport Command\r\n\r\n* Update src/main/java/seedu/address/logic/commands/EditIntervieweeCommand.java\r\n\r\nCo-Authored-By: CornCobs \u003cjoashchin@gmail.com\u003e\r\n\r\n* Remove duplicated method\r\n\r\nCo-authored-by: agnesnatasya \u003ce0313565@u.nus.edu\u003e\r\nCo-authored-by: CornCobs \u003cjoashchin@gmail.com\u003e",
            "insertions": 229,
            "deletions": 6
          }
        ]
      }
    ],
    "CornCobs": [
      {
        "insertions": 66,
        "deletions": 0,
        "date": "2020-02-25",
        "commitResults": [
          {
            "hash": "ab6e7c7f823a121069384d7652eb55c284b14bdb",
            "messageTitle": "Create stub model classes in model.hirelah to be implemented (#5)",
            "messageBody": "* Create stub model classes in model.hirelah to be implemented\r\n\r\n* Add stub javadoc comments\r\n",
            "insertions": 66,
            "deletions": 0
          }
        ]
      },
      {
        "insertions": 375,
        "deletions": 0,
        "date": "2020-02-27",
        "commitResults": [
          {
            "hash": "769a1026bf8ddcfa9bdf9f920d1efa14fc593d49",
            "messageTitle": "Branch user guide (#9)",
            "messageBody": "* Create stub model classes in model.hirelah to be implemented\r\n\r\n* Add stub javadoc comments\r\n\r\n* Add Hirelah! user guide (without replacing previous user\r\nguide for address book)\r\n",
            "insertions": 375,
            "deletions": 0
          }
        ]
      },
      {
        "insertions": 323,
        "deletions": 10,
        "date": "2020-03-02",
        "commitResults": [
          {
            "hash": "0d20b45e1e6ea55964ee4c52c8108331783b872a",
            "messageTitle": "Implement Interviewee class",
            "messageBody": "Interviewee class encapsulates information about an\nInterviewee\u0027s name, resume, interview session data, interviewee\nnumber and an optional alias to identify the interviewee\n\nImplement IntervieweeList container class\n\nIntervieweeList manages all creation, deletion and retrieval of\nInterviewees in the model, and throws exceptions to prevent illegal\nstate internally\n\nCreate IllegalActionException exception class\n\nIllegalActionException supports classes in the model to let them\nreject attempts to create an invalid state\n",
            "insertions": 323,
            "deletions": 10
          }
        ]
      },
      {
        "insertions": 199,
        "deletions": 35,
        "date": "2020-03-03",
        "commitResults": [
          {
            "hash": "425cd0b9c59710ef2a390fa1fab9bece9efa1f42",
            "messageTitle": "Add Tests for Interviewee and IntervieweeList",
            "messageBody": "",
            "insertions": 196,
            "deletions": 32
          },
          {
            "hash": "631cae6048166dcccb190de31e57feffc72baf68",
            "messageTitle": "Checkstyle edits",
            "messageBody": "",
            "insertions": 3,
            "deletions": 3
          }
        ]
      },
      {
        "insertions": 125,
        "deletions": 147,
        "date": "2020-03-14",
        "commitResults": [
          {
            "hash": "58fedb6ee51b8fab34d634b31ed5f3d73af58a32",
            "messageTitle": "Change all Model classes to expose an ObservableList which tracks (#52)",
            "messageBody": "changes to their state and can be observed by UI\r\n\r\nFix bugs in UI toggle",
            "insertions": 125,
            "deletions": 147
          }
        ]
      },
      {
        "insertions": 226,
        "deletions": 3244,
        "date": "2020-03-17",
        "commitResults": [
          {
            "hash": "5e07fcb67e30d4a11fc2c27ac4816ce6ccc6bda9",
            "messageTitle": "Clean up the entire app, removing AddressBook specific things",
            "messageBody": "Change Logic, UI to point to HireLah parsers\nApp now works and can parse commands and display attributes, questions, interviewees\n\nCreate AppPhase enum to switch app mode from normal to interviewing mode\n",
            "insertions": 219,
            "deletions": 3237
          },
          {
            "hash": "a68df9e4028db4ac6c4b4d0b1e16107a8ba3c295",
            "messageTitle": "Change AppPhase enum to CONSTANT_CASE",
            "messageBody": "",
            "insertions": 7,
            "deletions": 7
          }
        ]
      },
      {
        "insertions": 141,
        "deletions": 136,
        "date": "2020-03-24",
        "commitResults": [
          {
            "hash": "a55a6236c52d64e82cfd9f19527a8e8bbb874902",
            "messageTitle": "Make Interviewee use javafx properties so they are Observable (#80)",
            "messageBody": "By using an extractor in the IntervieweeLists\u0027 ObservableList,\r\nthe mutable Properties of an Interviewee (name, alias, resume and\r\ntranscript) have their changes tracked by the ListView as well\r\n\r\nAdd name and alias editing capabilities to IntervieweeList\r\nIntervieweeList now allows user to edit interviewees\u0027 names, and\r\nwill automatically update the identifiers to remove old aliases and\r\nnames",
            "insertions": 141,
            "deletions": 136
          }
        ]
      },
      {
        "insertions": 349,
        "deletions": 265,
        "date": "2020-03-28",
        "commitResults": [
          {
            "hash": "6ccd69cb1ed8c16714545180a17381c68c4e25f1",
            "messageTitle": "Modify the RemarkList and Transcript classes (#89)",
            "messageBody": "RemarkList deals with indices instead of Questions, and returns indices\r\nin its get...() methods to pass to ListView#scrollTo(). Underlying\r\nimplementation changes, including using Observables\r\n\r\nAdd InterviewSession to hold extra interview-specific state such as the\r\nstart time and the question being answered",
            "insertions": 349,
            "deletions": 265
          }
        ]
      }
    ],
    "weiichengg": [
      {
        "insertions": 388,
        "deletions": 13,
        "date": "2020-03-15",
        "commitResults": [
          {
            "hash": "a5b6e23ac073c414f2c35b27301946b63162fcc2",
            "messageTitle": "Created the Session, EndSessionCommand, StartSessionCommand and OpenSessionParser. Created a new package in Hirelah and change the orientation of the GUI.",
            "messageBody": "",
            "insertions": 387,
            "deletions": 9
          },
          {
            "hash": "507077c0a262c79213e01245faf4d54223be508e",
            "messageTitle": "Created the Session, EndSessionCommand, StartSessionCommand and OpenSessionParser. Created a new package in Hirelah and change the orientation of the GUI.",
            "messageBody": "",
            "insertions": 1,
            "deletions": 3
          },
          {
            "hash": "fd319d23c5270bfe142a4a39cdc0734db289b91a",
            "messageTitle": "Created the Session, EndSessionCommand, StartSessionCommand and OpenSessionParser. Created a new package in Hirelah and change the orientation of the GUI.",
            "messageBody": "",
            "insertions": 0,
            "deletions": 1
          }
        ]
      },
      {
        "insertions": 48,
        "deletions": 131,
        "date": "2020-03-24",
        "commitResults": [
          {
            "hash": "7a8942a4803e9b07888d1b87c7a0c5fd1dbae053",
            "messageTitle": "Deleted the Sessions class, Start Session commands and end Sessions Command. (#86)",
            "messageBody": "Included JsonAdaptedMetric, JsonAdaptedRemark",
            "insertions": 48,
            "deletions": 131
          }
        ]
      }
    ]
  },
  "authorFinalContributionMap": {
    "mario7lorenzo": 2387,
    "bscrow": 828,
    "agnesnatasya": 1274,
    "CornCobs": 1167,
    "weiichengg": 310
  },
  "authorFileTypeContributionMap": {
    "mario7lorenzo": {
      "java": 2385,
      "md": 0,
      "fxml": 0,
      "sh": 0,
      "bat": 0,
      "gradle": 2,
      "txt": 0
    },
    "bscrow": {
      "java": 761,
      "md": 0,
      "fxml": 67,
      "sh": 0,
      "bat": 0,
      "gradle": 0,
      "txt": 0
    },
    "agnesnatasya": {
      "java": 1274,
      "md": 0,
      "fxml": 0,
      "sh": 0,
      "bat": 0,
      "gradle": 0,
      "txt": 0
    },
    "CornCobs": {
      "java": 1167,
      "md": 0,
      "fxml": 0,
      "sh": 0,
      "bat": 0,
      "gradle": 0,
      "txt": 0
    },
    "weiichengg": {
      "java": 302,
      "md": 0,
      "fxml": 8,
      "sh": 0,
      "bat": 0,
      "gradle": 0,
      "txt": 0
    }
  },
  "authorContributionVariance": {
    "mario7lorenzo": 57839.38,
    "bscrow": 10553.239,
    "agnesnatasya": 553200.75,
    "CornCobs": 276273.38,
    "weiichengg": 4209.0137
  },
  "authorDisplayNameMap": {
    "mario7lorenzo": "CS2103-W15-2 MARI..ENZO",
    "bscrow": "CS2103-W15-2 YAN ..SHEN",
    "agnesnatasya": "CS2103-W15-2 AGNE..ASYA",
    "CornCobs": "CS2103-W15-2 CHIN..OASH",
    "weiichengg": "CS2103-W15-2 ONG ..HENG"
  }
}
