{
  "authorDailyContributionsMap": {
    "CharmaineKoh": [
      {
        "insertions": 259,
        "deletions": 0,
        "date": "2020-03-04",
        "commitResults": [
          {
            "hash": "4e50f2dbefd2cbf7089333941a2035f4defa2be9",
            "messageTitle": "Created Activity abstract class and Date and Name classes including JUnit tests.",
            "messageBody": "",
            "insertions": 259,
            "deletions": 0
          }
        ]
      },
      {
        "insertions": 1,
        "deletions": 1,
        "date": "2020-03-05",
        "commitResults": [
          {
            "hash": "0a10432a602a2985ed23885f1d310c06e6a1cffb",
            "messageTitle": "Added JavaDocs.",
            "messageBody": "",
            "insertions": 1,
            "deletions": 1
          }
        ]
      },
      {
        "insertions": 584,
        "deletions": 8,
        "date": "2020-03-09",
        "commitResults": [
          {
            "hash": "187ead1962dea00def464e22afa67d20e86e6e42",
            "messageTitle": "Added storage files.",
            "messageBody": "",
            "insertions": 584,
            "deletions": 8
          }
        ]
      },
      {
        "insertions": 1742,
        "deletions": 659,
        "date": "2020-03-10",
        "commitResults": [
          {
            "hash": "01b9f97c09d8338ed5df3a6317ff78234ba2cde2",
            "messageTitle": "Fixed storage classes.",
            "messageBody": "",
            "insertions": 94,
            "deletions": 69
          },
          {
            "hash": "84782f77ba711e67fc22dff740a114b2fc26ba08",
            "messageTitle": "Edited Main App.",
            "messageBody": "",
            "insertions": 769,
            "deletions": 38
          },
          {
            "hash": "64a4f2751d78589cce7302f7fc47d11e2850ec78",
            "messageTitle": "Added Logic and Logic Manager.",
            "messageBody": "",
            "insertions": 169,
            "deletions": 5
          },
          {
            "hash": "2e4a4e93fd52f0be5ae31a4763a310ba63652674",
            "messageTitle": "Edited Parser.",
            "messageBody": "",
            "insertions": 79,
            "deletions": 2
          },
          {
            "hash": "05d3a336c23109176bda1955a9c4a0de46f34045",
            "messageTitle": "Removed empty Model classes and renamed existing Model classes.",
            "messageBody": "",
            "insertions": 271,
            "deletions": 278
          },
          {
            "hash": "6e72333ca3234f03f4032b951527aad981ea6609",
            "messageTitle": "Added Clear Command.",
            "messageBody": "",
            "insertions": 32,
            "deletions": 5
          },
          {
            "hash": "3eecd01bf196bcbef1d42f2ef6656ce2754401bf",
            "messageTitle": "Added static to messages in DeleteModuleCommand.",
            "messageBody": "",
            "insertions": 3,
            "deletions": 2
          },
          {
            "hash": "93cae38fcd1ffe7f9ea4a6895afd8ed69425d3f1",
            "messageTitle": "Added parser classes for EditActivity and EditModule and DeleteModule.",
            "messageBody": "",
            "insertions": 12,
            "deletions": 0
          },
          {
            "hash": "09522246ac4844bab432ff779a2c77793d40ca10",
            "messageTitle": "Removed duplicate UserPref class",
            "messageBody": "",
            "insertions": 99,
            "deletions": 117
          },
          {
            "hash": "94b95d1d0392976db148019d0e2f97ebc27cb40e",
            "messageTitle": "Edited UI folder for NASA.",
            "messageBody": "",
            "insertions": 88,
            "deletions": 94
          },
          {
            "hash": "56cacbb05b59638655890891760296ad6dcf882a",
            "messageTitle": "Replaced person with module in UI.",
            "messageBody": "",
            "insertions": 8,
            "deletions": 8
          },
          {
            "hash": "5ed87e135380c835bb2490b9a2cce0ef81f85c07",
            "messageTitle": "Added SampleDataUtil.",
            "messageBody": "",
            "insertions": 44,
            "deletions": 7
          },
          {
            "hash": "70e03c3859ccda97d27ebe6b90b8d1dfbcce63b9",
            "messageTitle": "Fixed inconsistencies in addressbook and nasa.",
            "messageBody": "",
            "insertions": 8,
            "deletions": 14
          },
          {
            "hash": "2b6b89b5bb75f3b70e89b64d20a1201b60768a30",
            "messageTitle": "Added fxml files.",
            "messageBody": "",
            "insertions": 44,
            "deletions": 2
          },
          {
            "hash": "6fb32e547af8d404f15a77886b3196316d6ba65e",
            "messageTitle": "Added functionality to add module command.",
            "messageBody": "",
            "insertions": 11,
            "deletions": 5
          },
          {
            "hash": "f9b8daf96fb51fed9e3e51705ce6d3090afc4501",
            "messageTitle": "Fixed module storage.",
            "messageBody": "",
            "insertions": 11,
            "deletions": 13
          }
        ]
      },
      {
        "insertions": 757,
        "deletions": 764,
        "date": "2020-03-11",
        "commitResults": [
          {
            "hash": "d4b71d9bf1ecdfa5ff4a783c290cfbe7d9b4f0e1",
            "messageTitle": "Experimenting with UI.",
            "messageBody": "",
            "insertions": 14,
            "deletions": 10
          },
          {
            "hash": "7891e28bc7d0f477ae008a302c48bc7e2f1485ed",
            "messageTitle": "Removed isDone.",
            "messageBody": "",
            "insertions": 1,
            "deletions": 6
          },
          {
            "hash": "5b60ddc296da974905b3d5b850c412435f0bae8e",
            "messageTitle": "Renamed NASA package to nasa for checkstyle.",
            "messageBody": "",
            "insertions": 471,
            "deletions": 512
          },
          {
            "hash": "38c976911bfb99f09401ea76aa16d034cfa5ef72",
            "messageTitle": "Optimized imports for checkstyle.",
            "messageBody": "",
            "insertions": 158,
            "deletions": 168
          },
          {
            "hash": "82bf7a866fc9fbb522d55d0ea4b5603d61209e22",
            "messageTitle": "Optimized imports for checkstyle.",
            "messageBody": "",
            "insertions": 79,
            "deletions": 55
          },
          {
            "hash": "11f75d4006f2390b3bb461916f9493700470743a",
            "messageTitle": "Added activity constructors including status and priority.",
            "messageBody": "",
            "insertions": 34,
            "deletions": 13
          }
        ]
      },
      {
        "insertions": 31,
        "deletions": 25,
        "date": "2020-03-15",
        "commitResults": [
          {
            "hash": "c6b2b70967740e161e48c4eb3c7175821fb659e2",
            "messageTitle": "Edited UI.",
            "messageBody": "",
            "insertions": 31,
            "deletions": 25
          }
        ]
      },
      {
        "insertions": 596,
        "deletions": 105,
        "date": "2020-03-17",
        "commitResults": [
          {
            "hash": "c2e5082e8aab1c9670f5bfe8cbfd6d9f744ad4b1",
            "messageTitle": "Merge branch \u0027v1.2\u0027 of https://github.com/AY1920S2-CS2103T-T10-4/main into storage",
            "messageBody": "# Conflicts:\n#\tsrc/main/java/nasa/model/activity/Activity.java\n",
            "insertions": 49,
            "deletions": 26
          },
          {
            "hash": "82530b1060e30626f1f747e759190e8e87057496",
            "messageTitle": "Merge branch \u0027v1.2\u0027 of https://github.com/AY1920S2-CS2103T-T10-4/main into storage",
            "messageBody": "# Conflicts:\n#\tsrc/main/java/nasa/model/activity/Activity.java\n",
            "insertions": 1,
            "deletions": 1
          },
          {
            "hash": "134f27bf7d0aecff5052dead210e798f52c47ab8",
            "messageTitle": "Added classes for UI.",
            "messageBody": "",
            "insertions": 394,
            "deletions": 0
          },
          {
            "hash": "3ad5bf8f4a1ad14e85873db7165278deba721af1",
            "messageTitle": "Added classes for UI.",
            "messageBody": "",
            "insertions": 23,
            "deletions": 22
          },
          {
            "hash": "43226f673933c16f6ef82b536a45335cec056db7",
            "messageTitle": "Edited example for add commands.",
            "messageBody": "",
            "insertions": 67,
            "deletions": 43
          },
          {
            "hash": "f018b625d90dd0f7f3bd05e30fd43fcfa9aa322e",
            "messageTitle": "Added Activity UI",
            "messageBody": "",
            "insertions": 51,
            "deletions": 6
          },
          {
            "hash": "d869e2586478b690e685ebdda57b30a310e01780",
            "messageTitle": "Added Activity UI",
            "messageBody": "",
            "insertions": 11,
            "deletions": 7
          }
        ]
      }
    ],
    "EdmondOng": [
      {
        "insertions": 69,
        "deletions": 12,
        "date": "2020-03-03",
        "commitResults": [
          {
            "hash": "2ef1f8311e69e78e57cffb0f7c9eb3f3a147429c",
            "messageTitle": "\tnew file:   src/main/java/seedu/address/model/activity/TaskName.java",
            "messageBody": "",
            "insertions": 55,
            "deletions": 0
          },
          {
            "hash": "74a839eaaac61cedde72ee65df4b8175db71f378",
            "messageTitle": "\tmodified:   src/main/java/seedu/address/model/activity/TaskName.java",
            "messageBody": "",
            "insertions": 4,
            "deletions": 1
          },
          {
            "hash": "ef4eb17500cb261331a7c1d4e4e09d3ae1951480",
            "messageTitle": "\tmodified:   src/main/java/seedu/address/model/activity/TaskName.java",
            "messageBody": "",
            "insertions": 1,
            "deletions": 1
          },
          {
            "hash": "0acadc1fdbed7327b9cb6b387726270cf16bbb6a",
            "messageTitle": "\tmodified:   src/main/java/seedu/address/model/activity/TaskName.java",
            "messageBody": "",
            "insertions": 0,
            "deletions": 1
          },
          {
            "hash": "c477c95d11abd97bb551713652a3e20d88870de1",
            "messageTitle": "\tmodified:   src/main/java/seedu/address/model/activity/TaskName.java",
            "messageBody": "",
            "insertions": 1,
            "deletions": 1
          },
          {
            "hash": "9849ba644da392bd1378ab7357b7e3d8145242fd",
            "messageTitle": "\tmodified:   src/main/java/seedu/address/model/activity/TaskName.java",
            "messageBody": "",
            "insertions": 8,
            "deletions": 8
          }
        ]
      },
      {
        "insertions": 652,
        "deletions": 108,
        "date": "2020-03-06",
        "commitResults": [
          {
            "hash": "b43642244727da8e6c51d135040beec3d7f9bfc6",
            "messageTitle": "\tmodified:   src/main/java/seedu/address/model/activity/Activity.java \tmodified:   src/main/java/seedu/address/model/activity/Date.java \tnew file:   src/main/java/seedu/address/model/activity/UniqueActivityList.java \tnew file:   src/main/java/seedu/address/model/activity/exceptions/ActivityNotFoundException.java \tnew file:   src/main/java/seedu/address/model/activity/exceptions/DuplicateActivityException.java",
            "messageBody": "",
            "insertions": 174,
            "deletions": 3
          },
          {
            "hash": "704389684c562f03af3000cfe76080e14b960d91",
            "messageTitle": "\tnew file:   src/main/java/seedu/address/model/NasaBook.java \tnew file:   src/main/java/seedu/address/model/ReadOnlyNasaBook.java \tmodified:   src/test/java/seedu/address/model/activity/DateTest.java",
            "messageBody": "",
            "insertions": 137,
            "deletions": 1
          },
          {
            "hash": "852e5950c1fcc868ab60e5e39e9689b581dc9b99",
            "messageTitle": "\tmodified:   src/main/java/seedu/address/model/activity/Activity.java \tnew file:   src/main/java/seedu/address/model/activity/Deadlines.java \tnew file:   src/test/java/seedu/address/model/activity/UniqueActivityListTest.java \tnew file:   src/test/java/seedu/address/testutil/ActivityBuilder.java",
            "messageBody": "",
            "insertions": 149,
            "deletions": 0
          },
          {
            "hash": "80c6f92e429bbfdcaee22db765717826e7480ddd",
            "messageTitle": "\tmodified:   src/main/java/seedu/address/model/activity/Activity.java \tnew file:   src/main/java/seedu/address/model/activity/Deadline.java \tdeleted:    src/main/java/seedu/address/model/activity/Deadlines.java \tnew file:   src/main/java/seedu/address/model/activity/Event.java \tnew file:   src/main/java/seedu/address/model/activity/Lesson.java \tmodified:   src/test/java/seedu/address/model/activity/DateTest.java \tmodified:   src/test/java/seedu/address/model/activity/UniqueActivityListTest.java \tmodified:   src/test/java/seedu/address/testutil/ActivityBuilder.java \tnew file:   src/test/java/seedu/address/testutil/TypicalActivities.java",
            "messageBody": "",
            "insertions": 192,
            "deletions": 104
          }
        ]
      },
      {
        "insertions": 613,
        "deletions": 41,
        "date": "2020-03-07",
        "commitResults": [
          {
            "hash": "35a00a93709df2125c9e8cc9d4b3de779494722a",
            "messageTitle": "\tmodified:   src/test/java/seedu/address/model/activity/UniqueActivityListTest.java",
            "messageBody": "",
            "insertions": 3,
            "deletions": 0
          },
          {
            "hash": "c450c524b84b60fbce12e05b216b95437327857a",
            "messageTitle": "Change import seedu.address to NASA",
            "messageBody": "",
            "insertions": 1,
            "deletions": 1
          },
          {
            "hash": "d76bb4b1672c412e2eddcabe8fb7529c5cb0669a",
            "messageTitle": "change import seedu.address to NASA",
            "messageBody": "",
            "insertions": 1,
            "deletions": 1
          },
          {
            "hash": "54e8c55100f83d2520611d8b030a68e79758848e",
            "messageTitle": "change import seedu.address to NASA",
            "messageBody": "",
            "insertions": 1,
            "deletions": 1
          },
          {
            "hash": "d12c84cb11801b289787c53952fdc9c06953f6d8",
            "messageTitle": "change import seedu.address to NASA",
            "messageBody": "",
            "insertions": 1,
            "deletions": 1
          },
          {
            "hash": "0170ee74026e9e20c6cf1e45d1a86e34fe4bb156",
            "messageTitle": "change import seedu.address to NASA",
            "messageBody": "",
            "insertions": 1,
            "deletions": 1
          },
          {
            "hash": "95ff5ccb0c444bdfe2d74dbdb0e5e2a19e90de7c",
            "messageTitle": "change import seedu.address to NASA",
            "messageBody": "",
            "insertions": 1,
            "deletions": 1
          },
          {
            "hash": "a33a450f80d4fbb350e09fc4b74d2a0e83ba5771",
            "messageTitle": "change import seedu.address to NASA",
            "messageBody": "",
            "insertions": 1,
            "deletions": 1
          },
          {
            "hash": "4f1d37963eb7c56091f8e259ed6e6e16cc72b2d1",
            "messageTitle": "\tmodified:   src/main/java/NASA/model/NasaBook.java \tmodified:   src/main/java/NASA/model/ReadOnlyNasaBook.java \tnew file:   src/main/java/NASA/model/ReadOnlyUserPrefsNasa.java \tnew file:   src/main/java/NASA/model/UserPrefsNasa.java \tmodified:   src/main/java/NASA/model/module/Module.java \tnew file:   src/main/java/NASA/model/module/UniqueModuleList.java \tnew file:   src/main/java/NASA/model/module/exceptions/DuplicateModuleException.java \tnew file:   src/main/java/NASA/model/module/exceptions/ModuleNotFoundException.java",
            "messageBody": "",
            "insertions": 365,
            "deletions": 34
          },
          {
            "hash": "46c08519e10bdd7f72a1807dec59e4d82982a61f",
            "messageTitle": "\tnew file:   src/main/java/NASA/model/ModelManagerNasa.java \tnew file:   src/main/java/NASA/model/ModelNasa.java",
            "messageBody": "",
            "insertions": 238,
            "deletions": 0
          }
        ]
      },
      {
        "insertions": 365,
        "deletions": 176,
        "date": "2020-03-08",
        "commitResults": [
          {
            "hash": "2a34df73e48c9f574d713a7724fe18dbee6241a9",
            "messageTitle": "\tmodified:   src/main/java/NASA/model/NasaBook.java \tmodified:   src/main/java/seedu/address/model/Model.java \tmodified:   src/main/java/seedu/address/model/ModelManager.java \tdeleted:    src/main/java/seedu/address/model/NasaBook.java \tdeleted:    src/main/java/seedu/address/model/ReadOnlyNasaBook.java \tmodified:   src/main/java/seedu/address/model/activity/Activity.java \tmodified:   src/main/java/seedu/address/model/module/Module.java \tnew file:   src/main/java/seedu/address/model/module/UniqueModuleList.java \tnew file:   src/main/java/seedu/address/model/module/exceptions/DuplicateModuleException.java \tnew file:   src/main/java/seedu/address/model/module/exceptions/ModuleNotFoundException.java",
            "messageBody": "",
            "insertions": 250,
            "deletions": 156
          },
          {
            "hash": "b703504376e2e0e0db3f43983af05c5778994666",
            "messageTitle": "\tmodified:   src/main/java/NASA/model/ModelManagerNasa.java \tmodified:   src/main/java/NASA/model/ModelNasa.java",
            "messageBody": "",
            "insertions": 19,
            "deletions": 5
          },
          {
            "hash": "9c30d9e43014b06fa2b4d2c6434ea212840a3a86",
            "messageTitle": "create a Status class eg. Status.DONE, Status.LATE ...",
            "messageBody": "",
            "insertions": 49,
            "deletions": 6
          },
          {
            "hash": "8cbb76e550bad6de7fc40522cb14417f31c27d89",
            "messageTitle": "remove some codes from deadline",
            "messageBody": "",
            "insertions": 0,
            "deletions": 7
          },
          {
            "hash": "bd5f8b24ee243000fe8cd0acd3f45d3d0234f0f7",
            "messageTitle": "added removeActivity hasActivity functions inside NasaBook",
            "messageBody": "",
            "insertions": 23,
            "deletions": 1
          },
          {
            "hash": "f3d1b35470cdae0f9908cb73145b0f16b802ae6f",
            "messageTitle": "added addActivity, removeActivity, hasActivity inside ModelManagerNasa",
            "messageBody": "",
            "insertions": 24,
            "deletions": 1
          }
        ]
      },
      {
        "insertions": 199,
        "deletions": 36,
        "date": "2020-03-09",
        "commitResults": [
          {
            "hash": "e9d1a94c0849008ce6355d797ffea50974ce25d0",
            "messageTitle": "Updated Event.java, EventTest.java, Modified Parser Event",
            "messageBody": "",
            "insertions": 137,
            "deletions": 20
          },
          {
            "hash": "3bc4495014ff040f66391836617b8dbcdb715ccf",
            "messageTitle": "Modified Event.java so that no event with date in the past can be added",
            "messageBody": "",
            "insertions": 33,
            "deletions": 2
          },
          {
            "hash": "56a1104de43842dc99eaf3fa3a0deeeee47c8b7d",
            "messageTitle": "edited Event\u0027s from to startDate and to to endDate",
            "messageBody": "",
            "insertions": 29,
            "deletions": 14
          }
        ]
      },
      {
        "insertions": 117,
        "deletions": 2,
        "date": "2020-03-10",
        "commitResults": [
          {
            "hash": "5b0402735f036f55e75e4780e3c358480f59e555",
            "messageTitle": "\tmodified:   src/main/java/NASA/model/ModelManagerNasa.java \tmodified:   src/main/java/NASA/model/ModelNasa.java \tmodified:   src/main/java/NASA/model/NasaBook.java \tmodified:   src/main/java/NASA/model/activity/UniqueActivityList.java \tmodified:   src/main/java/NASA/model/module/Module.java \tmodified:   src/main/java/NASA/model/module/UniqueModuleList.java \tmodified:   src/test/java/NASA/model/activity/UniqueActivityListTest.java",
            "messageBody": "",
            "insertions": 114,
            "deletions": 0
          },
          {
            "hash": "08eba487274c715d39c22063410b548cc39bec20",
            "messageTitle": "\tmodified:   src/main/java/NASA/model/activity/UniqueActivityList.java",
            "messageBody": "",
            "insertions": 3,
            "deletions": 2
          }
        ]
      },
      {
        "insertions": 990,
        "deletions": 1107,
        "date": "2020-03-12",
        "commitResults": [
          {
            "hash": "2a8cf4a0f8ced918aca948cc8adca1fabc9af908",
            "messageTitle": "added UniqueModuleList test class",
            "messageBody": "",
            "insertions": 229,
            "deletions": 11
          },
          {
            "hash": "4b4700f017ec8e85733d4bd3263892fd056c3efe",
            "messageTitle": "added test for NasaBook",
            "messageBody": "",
            "insertions": 26,
            "deletions": 1
          },
          {
            "hash": "e6e0a75965850728d35792fa1f29fea8b5fd5069",
            "messageTitle": "added test for NasaBook",
            "messageBody": "",
            "insertions": 8,
            "deletions": 0
          },
          {
            "hash": "cac0d20b3353aad779e096cfdbe437b7fae885f8",
            "messageTitle": "modified ActivityBuilder to DeadlineBuilder, EventBuilder, LessonBuilder",
            "messageBody": "",
            "insertions": 239,
            "deletions": 44
          },
          {
            "hash": "c7511c43655e0aeccf937e74c57fd85d7a53817f",
            "messageTitle": "added ActivityContainsKeyWords",
            "messageBody": "",
            "insertions": 55,
            "deletions": 1
          },
          {
            "hash": "c0ae6808b8dcb6b5530ab7706950e3c0a2c5dca2",
            "messageTitle": "added filteredActivityList",
            "messageBody": "",
            "insertions": 32,
            "deletions": 0
          },
          {
            "hash": "17e0963d7e5596475a81afc5f8c77b0f541f3f9b",
            "messageTitle": "Created NasaBookBuilder",
            "messageBody": "",
            "insertions": 171,
            "deletions": 1
          },
          {
            "hash": "732755d0416308f84be1f22a6f9723e887cd2df2",
            "messageTitle": "Updated ModelManagerNasa",
            "messageBody": "",
            "insertions": 30,
            "deletions": 96
          },
          {
            "hash": "47eccb5ca1b6e18718f99606d51ca7f0b0672acc",
            "messageTitle": "remove some outdated comments",
            "messageBody": "",
            "insertions": 0,
            "deletions": 3
          },
          {
            "hash": "94f5e1331542984b483ce450f0486703b5baec72",
            "messageTitle": "Revert \"[v1.2] Updated Event.java, EventTest.java, Modified Parser Event\"",
            "messageBody": "",
            "insertions": 200,
            "deletions": 950
          }
        ]
      },
      {
        "insertions": 1651,
        "deletions": 627,
        "date": "2020-03-13",
        "commitResults": [
          {
            "hash": "b59f679e38f42cea64cc7bf2636e3565bd730fd9",
            "messageTitle": "\tmodified:   src/main/java/nasa/AppParameters.java \tmodified:   src/main/java/nasa/MainApp.java \tmodified:   src/main/java/nasa/commons/util/AppUtil.java \tmodified:   src/main/java/nasa/logic/commands/DeleteModuleCommand.java \tmodified:   src/main/java/nasa/logic/commands/EditActivityCommand.java \tmodified:   src/main/java/nasa/logic/commands/EditModuleCommand.java \tmodified:   src/main/java/nasa/logic/commands/FindCommand.java \tmodified:   src/main/java/nasa/logic/commands/addcommands/AddEventCommand.java \tmodified:   src/main/java/nasa/logic/commands/addcommands/AddLessonCommand.java \tmodified:   src/main/java/nasa/logic/parser/DeleteActivityCommandParser.java \tmodified:   src/main/java/nasa/logic/parser/addcommandparser/AddCommandParser.java \tmodified:   src/main/java/nasa/logic/parser/addcommandparser/AddDeadlineCommandParser.java \tmodified:   src/main/java/nasa/logic/parser/addcommandparser/AddEventCommandParser.java \tmodified:   src/main/java/nasa/model/Model.java \tnew file:   src/main/java/nasa/model/ModelManager.java \tnew file:   src/main/java/nasa/model/ModelManagerNasa.java \tnew file:   src/main/java/nasa/model/ModelNasa.java \tmodified:   src/main/java/nasa/model/ReadOnlyNasaBook.java \tnew file:   src/main/java/nasa/model/ReadOnlyUserPrefsNasa.java \tnew file:   src/main/java/nasa/model/UserPrefsNasa.java \tmodified:   src/main/java/nasa/model/module/ModuleName.java \tmodified:   src/main/java/nasa/model/module/UniqueModuleList.java",
            "messageBody": "",
            "insertions": 495,
            "deletions": 23
          },
          {
            "hash": "fae0f050422628e14141279396ea30d1d6925e09",
            "messageTitle": "modify merge conflicts",
            "messageBody": "",
            "insertions": 0,
            "deletions": 39
          },
          {
            "hash": "052fb98a6b612474e6eceb3c74be8bff2c2bafaf",
            "messageTitle": "change modelmanagernasa to modelmanager",
            "messageBody": "",
            "insertions": 199,
            "deletions": 307
          },
          {
            "hash": "75ffacc82bad0178cd62cdbc62fa7beb79787efb",
            "messageTitle": "change modelnasa to model",
            "messageBody": "",
            "insertions": 2,
            "deletions": 124
          },
          {
            "hash": "5497ada40412acf458a9790b294c339215950d7e",
            "messageTitle": "Update DeleteActivityCommandParser.java",
            "messageBody": "",
            "insertions": 2,
            "deletions": 2
          },
          {
            "hash": "eabd78c659df863ed313b2aa957e8657e71b14a7",
            "messageTitle": "Update ModuleName.java",
            "messageBody": "",
            "insertions": 1,
            "deletions": 1
          },
          {
            "hash": "12523ebc52723a9d46cd0ed9f693fb04cfa117b2",
            "messageTitle": "modified date",
            "messageBody": "",
            "insertions": 22,
            "deletions": 1
          },
          {
            "hash": "d040218f3621ba589172d6b15c7273632f98d830",
            "messageTitle": "edited lesson, event",
            "messageBody": "",
            "insertions": 50,
            "deletions": 8
          },
          {
            "hash": "bc6e485ce32791340bb887e8e646bae696dad2d6",
            "messageTitle": "added test class",
            "messageBody": "",
            "insertions": 428,
            "deletions": 92
          },
          {
            "hash": "2a7e2d623152b98776c1e166a08482c9668f2fb2",
            "messageTitle": "edit modulelist",
            "messageBody": "",
            "insertions": 79,
            "deletions": 10
          },
          {
            "hash": "6cbe8b82a81077e642cc46db829e6de24d1f2101",
            "messageTitle": "edited keywords",
            "messageBody": "",
            "insertions": 86,
            "deletions": 19
          },
          {
            "hash": "4eb0e39d61ae2b70d62319c3a725b755ed240d65",
            "messageTitle": "edited books",
            "messageBody": "",
            "insertions": 109,
            "deletions": 1
          },
          {
            "hash": "605accc206baa6ce5567401248cc23b3bfeb74e8",
            "messageTitle": "added modulelisttest",
            "messageBody": "",
            "insertions": 117,
            "deletions": 0
          },
          {
            "hash": "0d326b88399a9f180d4a1e630a09b5da9205603e",
            "messageTitle": "edited events",
            "messageBody": "",
            "insertions": 23,
            "deletions": 0
          },
          {
            "hash": "c94561993b9bf4e91e79287f2dc396b48162a09e",
            "messageTitle": "added remove activitybyindex",
            "messageBody": "",
            "insertions": 38,
            "deletions": 0
          }
        ]
      },
      {
        "insertions": 334,
        "deletions": 31,
        "date": "2020-03-14",
        "commitResults": [
          {
            "hash": "04d0b2d712c030566375a770233d6965bd3816bd",
            "messageTitle": "edited moduleCode",
            "messageBody": "",
            "insertions": 334,
            "deletions": 31
          }
        ]
      },
      {
        "insertions": 173,
        "deletions": 34,
        "date": "2020-03-15",
        "commitResults": [
          {
            "hash": "ce4db7d14c3b56a0becebb9e1b9e5326f2c0df40",
            "messageTitle": "edited deadline",
            "messageBody": "",
            "insertions": 1,
            "deletions": 1
          },
          {
            "hash": "69c07e6dadbe65c92f79cf66f6b0981ed58f5f70",
            "messageTitle": "edited JsonAdaptedActivity",
            "messageBody": "",
            "insertions": 64,
            "deletions": 6
          },
          {
            "hash": "f175020e7edc64a7d09a946cad74d3433f618fd7",
            "messageTitle": "update",
            "messageBody": "",
            "insertions": 18,
            "deletions": 5
          },
          {
            "hash": "300c30fe1982fce26e733286e069a812ff93c02b",
            "messageTitle": "update",
            "messageBody": "",
            "insertions": 4,
            "deletions": 0
          },
          {
            "hash": "d4ebb8b293522268cf6a84563a28eeda5783b6c6",
            "messageTitle": "update test for deadline",
            "messageBody": "",
            "insertions": 37,
            "deletions": 0
          },
          {
            "hash": "d7ffdcc8de7307a7f3a6805a2932f4806513fd8e",
            "messageTitle": "added deadline test",
            "messageBody": "",
            "insertions": 49,
            "deletions": 22
          }
        ]
      },
      {
        "insertions": 64,
        "deletions": 21,
        "date": "2020-03-16",
        "commitResults": [
          {
            "hash": "88f2478f6f3a836ea0d96cd60daca3f8d3a1094d",
            "messageTitle": "// getnote in isSameActivity",
            "messageBody": "",
            "insertions": 1,
            "deletions": 1
          },
          {
            "hash": "d4d803aede4fae23369e3f736d1a50d56d11df3e",
            "messageTitle": "updated deadline, event, lesson",
            "messageBody": "",
            "insertions": 25,
            "deletions": 0
          },
          {
            "hash": "3030c98e3e719c1b8fa3e4b59052e8447a3ea9c3",
            "messageTitle": "put requirenonnull inside activity",
            "messageBody": "",
            "insertions": 4,
            "deletions": 0
          },
          {
            "hash": "a904c91acaad075594f843f70941fbff7999daeb",
            "messageTitle": "updated activity method updateStatus",
            "messageBody": "",
            "insertions": 4,
            "deletions": 1
          },
          {
            "hash": "5e00b7107afe80de5b35e01103e89208b200447e",
            "messageTitle": "updated activity",
            "messageBody": "",
            "insertions": 25,
            "deletions": 14
          },
          {
            "hash": "7256aa568785c9d01da6656507decbfa2aca2338",
            "messageTitle": "updated priority",
            "messageBody": "",
            "insertions": 3,
            "deletions": 2
          },
          {
            "hash": "40937f89064444f9d6beb8e6dde0a035d46ed3d6",
            "messageTitle": "update deadline",
            "messageBody": "",
            "insertions": 2,
            "deletions": 3
          }
        ]
      }
    ],
    "kester-ng": [
      {
        "insertions": 103,
        "deletions": 0,
        "date": "2020-03-03",
        "commitResults": [
          {
            "hash": "d3aef4da20950c0981429a6d560f09b63363ed27",
            "messageTitle": "Added Note model, along with its JUNIT test",
            "messageBody": "",
            "insertions": 8,
            "deletions": 0
          },
          {
            "hash": "43a738cda75f97dea29e9090cbd4415f95aa0526",
            "messageTitle": "Updated to adhere to checkstyle",
            "messageBody": "",
            "insertions": 95,
            "deletions": 0
          }
        ]
      },
      {
        "insertions": 9,
        "deletions": 9,
        "date": "2020-03-04",
        "commitResults": [
          {
            "hash": "0e4a9779d2f78a656609826593b46c96fc31efa7",
            "messageTitle": "changed name of field to content to avoid confusion",
            "messageBody": "",
            "insertions": 8,
            "deletions": 8
          },
          {
            "hash": "d495ef49d389d7302026846d5f3afa3937f8bd6d",
            "messageTitle": "Fixed javadoc comment",
            "messageBody": "",
            "insertions": 1,
            "deletions": 1
          }
        ]
      },
      {
        "insertions": 261,
        "deletions": 13,
        "date": "2020-03-05",
        "commitResults": [
          {
            "hash": "0a696e4b9b3b99ab01f80c080a642a409a2ee01f",
            "messageTitle": "Added Done field to activity and fixed checktstyle errors",
            "messageBody": "",
            "insertions": 67,
            "deletions": 5
          },
          {
            "hash": "dc5c1dfb09a7d5154bd8e39be4e4430553a27117",
            "messageTitle": "Updated CLI Syntax and ParserUtil",
            "messageBody": "",
            "insertions": 190,
            "deletions": 4
          },
          {
            "hash": "533101cac83475cf2eb4db551943594a52d394c7",
            "messageTitle": "Made the naming consistent",
            "messageBody": "",
            "insertions": 4,
            "deletions": 4
          }
        ]
      },
      {
        "insertions": 3749,
        "deletions": 20,
        "date": "2020-03-07",
        "commitResults": [
          {
            "hash": "a1424ada15236c297cfe1b3bc0a6a964da2a87c1",
            "messageTitle": "Updated CLIsyntax",
            "messageBody": "Removed duplicated PREFIX_DATE",
            "insertions": 1,
            "deletions": 2
          },
          {
            "hash": "d6a894c87d51e9250eddabc527c3df15e5026552",
            "messageTitle": "Refactored our changes to new packages",
            "messageBody": "",
            "insertions": 2684,
            "deletions": 0
          },
          {
            "hash": "9fbf7353f6eaf5412ecc1add8d9cc6603339d734",
            "messageTitle": "Refactored test",
            "messageBody": "",
            "insertions": 407,
            "deletions": 0
          },
          {
            "hash": "56613d90a8c2b9d3577999874e1a132becb8206f",
            "messageTitle": "Fixed wrong package statements",
            "messageBody": "",
            "insertions": 10,
            "deletions": 10
          },
          {
            "hash": "182f2e40b3e48be8cf2847a3e450cb5ddeb74075",
            "messageTitle": "Refactored module code into new package",
            "messageBody": "",
            "insertions": 178,
            "deletions": 0
          },
          {
            "hash": "f21afa68191474847a72473ac4223a3c77ec76e5",
            "messageTitle": "Added command classes for each command",
            "messageBody": "",
            "insertions": 469,
            "deletions": 8
          }
        ]
      },
      {
        "insertions": 371,
        "deletions": 272,
        "date": "2020-03-08",
        "commitResults": [
          {
            "hash": "a48f744d42dbd6af7ca1392c08d6ee5053973107",
            "messageTitle": "Refactored add commands and added parsers for it",
            "messageBody": "",
            "insertions": 291,
            "deletions": 264
          },
          {
            "hash": "94ba938564bbf3a5a24cae8fa3b5018c04cd2987",
            "messageTitle": "Added two new parsers and edited some commands",
            "messageBody": "",
            "insertions": 80,
            "deletions": 8
          }
        ]
      },
      {
        "insertions": 453,
        "deletions": 57,
        "date": "2020-03-09",
        "commitResults": [
          {
            "hash": "b982a122bfdd44297e0d7ee21f98359a3062915f",
            "messageTitle": "Updated LocalDate to LocalDateTime",
            "messageBody": "",
            "insertions": 160,
            "deletions": 14
          },
          {
            "hash": "c892699fa531f76d4b4d0439b5a02d9e66c8bafa",
            "messageTitle": "Added ModuleName and Module",
            "messageBody": "",
            "insertions": 53,
            "deletions": 2
          },
          {
            "hash": "1d9fc7b958621758a652785d5d99e24dd58c4200",
            "messageTitle": "Added parseModuleName method",
            "messageBody": "",
            "insertions": 10,
            "deletions": 0
          },
          {
            "hash": "926b78785218c1edf06a849f9738ac5da47ae1df",
            "messageTitle": "Added ModuleName and parseModuleName testcases",
            "messageBody": "",
            "insertions": 52,
            "deletions": 0
          },
          {
            "hash": "4845ff9f9b14555eceb8f8ab85ddc9bad3f046ec",
            "messageTitle": "Added AddModuleParser",
            "messageBody": "",
            "insertions": 49,
            "deletions": 2
          },
          {
            "hash": "2d04814ce7af138afa8d7ec4178fa1a8d093747e",
            "messageTitle": "Changed valid module name variable",
            "messageBody": "",
            "insertions": 1,
            "deletions": 1
          },
          {
            "hash": "e55d263886490d5e52b7230b0f4fcf09fed552e0",
            "messageTitle": "Added logic for add commands and changed model to modelNasa",
            "messageBody": "",
            "insertions": 55,
            "deletions": 31
          },
          {
            "hash": "7a8bcf3aacf3a27ffce5e2f767b2fc7d2b93a092",
            "messageTitle": "Updated logic for deleteactivity and list commands",
            "messageBody": "",
            "insertions": 7,
            "deletions": 4
          },
          {
            "hash": "13f35004b36046be7a164c5cf1d5d34b8c231baf",
            "messageTitle": "Fixed for checkstyle issues",
            "messageBody": "",
            "insertions": 1,
            "deletions": 1
          },
          {
            "hash": "b9a2c6af7bd38c8314fa2438ea697ab19447b4a4",
            "messageTitle": "Fixing checkstyle errors",
            "messageBody": "",
            "insertions": 0,
            "deletions": 2
          },
          {
            "hash": "4e97906e153d03c244da5accf75adf6b1d60609c",
            "messageTitle": "Added module JUNIT test",
            "messageBody": "",
            "insertions": 65,
            "deletions": 0
          }
        ]
      },
      {
        "insertions": 268,
        "deletions": 58,
        "date": "2020-03-12",
        "commitResults": [
          {
            "hash": "a83fa0e709d3d7e711300f8df369ea68fdaf0bd6",
            "messageTitle": "Fixed the change from modelNasa to model",
            "messageBody": "",
            "insertions": 12,
            "deletions": 19
          },
          {
            "hash": "5ac8fc816626256f6ac5d7115fb6629189fab20a",
            "messageTitle": "Fixed parsers and addcommand",
            "messageBody": "",
            "insertions": 15,
            "deletions": 4
          },
          {
            "hash": "21732ecb1d8b3bdc14afb2d8689142cca873db76",
            "messageTitle": "Added parsers for addactivities",
            "messageBody": "",
            "insertions": 15,
            "deletions": 0
          },
          {
            "hash": "1e446fffb83e5dc7f63750e851b03eb016f6905c",
            "messageTitle": "Fixed models, builders and junit tests",
            "messageBody": "",
            "insertions": 31,
            "deletions": 30
          },
          {
            "hash": "67b5dd54cb410c701ae5a6a3c48a2e49c3dfdf3b",
            "messageTitle": "Updated AddModuleCommandTest",
            "messageBody": "",
            "insertions": 13,
            "deletions": 0
          },
          {
            "hash": "00d04598049ef3dda4842eb9f7b4415ee51ab100",
            "messageTitle": "Added commandtestutil and fixed addmodule test",
            "messageBody": "",
            "insertions": 82,
            "deletions": 3
          },
          {
            "hash": "2ce59a4b9e2e3f2366b0525751278fe3578b98d5",
            "messageTitle": "Modified test and added Util class for parser tests",
            "messageBody": "",
            "insertions": 43,
            "deletions": 1
          },
          {
            "hash": "76bc92c2273d5cba6c76dd7a09f6b72821b6e7f5",
            "messageTitle": "Added add module command parser test",
            "messageBody": "",
            "insertions": 57,
            "deletions": 1
          }
        ]
      },
      {
        "insertions": 473,
        "deletions": 46,
        "date": "2020-03-13",
        "commitResults": [
          {
            "hash": "02bea0c68d5971549303238f13d763340115ee68",
            "messageTitle": "Added AddDeadlineCommandParser test",
            "messageBody": "",
            "insertions": 93,
            "deletions": 1
          },
          {
            "hash": "793c6054a146bb18a68d4e2d5593b98491875739",
            "messageTitle": "Modified delete, for now can only delete one module",
            "messageBody": "",
            "insertions": 25,
            "deletions": 17
          },
          {
            "hash": "9f513b16969a4989621ce44d22eca7dc6007188d",
            "messageTitle": "Fixed nullpointer exception in add parsers",
            "messageBody": "",
            "insertions": 55,
            "deletions": 12
          },
          {
            "hash": "ed0b87c5cebaaa3f7c6630ff3fe6314e2207f250",
            "messageTitle": "Fixed activity equals method",
            "messageBody": "",
            "insertions": 1,
            "deletions": 2
          },
          {
            "hash": "c4a917c2bcffe4b2021551764bf579748e6451c7",
            "messageTitle": "updated deletemodule command parser",
            "messageBody": "",
            "insertions": 1,
            "deletions": 1
          },
          {
            "hash": "c5f7634185983d7188cd9e8ae8b514485bcbdd72",
            "messageTitle": "Added DeleteModuleCommandParser test",
            "messageBody": "",
            "insertions": 38,
            "deletions": 5
          },
          {
            "hash": "f053f6bce0f899ec87435759620859d706e54e95",
            "messageTitle": "Fixed and tested DeleteActivityCommandParser",
            "messageBody": "",
            "insertions": 50,
            "deletions": 2
          },
          {
            "hash": "2be9dd3a3fcb9fc68a2c4922b21511edac28ccd8",
            "messageTitle": "Added AddDeadlineCommandTest.java",
            "messageBody": "",
            "insertions": 42,
            "deletions": 5
          },
          {
            "hash": "f9be2cb59ea53d013895d6ebdcd29bd4fe33137b",
            "messageTitle": "Added Exit and Help commands test",
            "messageBody": "",
            "insertions": 40,
            "deletions": 0
          },
          {
            "hash": "b77cfb07dbd5a64392a228b94ce0b263c98d5087",
            "messageTitle": "Added CommandResultTest",
            "messageBody": "",
            "insertions": 54,
            "deletions": 0
          },
          {
            "hash": "4186ff71c73970800d0aa608e60ba8bde4dc5b9d",
            "messageTitle": "Added javadocs for commands",
            "messageBody": "",
            "insertions": 74,
            "deletions": 1
          }
        ]
      },
      {
        "insertions": 62,
        "deletions": 4,
        "date": "2020-03-14",
        "commitResults": [
          {
            "hash": "fa39d84380af986ac4d7f27bf0bbf364fcd5c0b7",
            "messageTitle": "Added javadocs for the parser files",
            "messageBody": "",
            "insertions": 62,
            "deletions": 4
          }
        ]
      },
      {
        "insertions": 529,
        "deletions": 75,
        "date": "2020-03-16",
        "commitResults": [
          {
            "hash": "987740cdd2b55985b7e8b217a5b4cb1c90edc47f",
            "messageTitle": "Fixed logic for add commands and their junits",
            "messageBody": "",
            "insertions": 33,
            "deletions": 47
          },
          {
            "hash": "22a48284a928252c69f629c18157bbde433cc082",
            "messageTitle": "Changed mainApp to point to NASA",
            "messageBody": "",
            "insertions": 1,
            "deletions": 1
          },
          {
            "hash": "ac305d33b316985fc364bb032388f20c2794490d",
            "messageTitle": "Update Parsers along with their JUNIT tests",
            "messageBody": "",
            "insertions": 284,
            "deletions": 15
          },
          {
            "hash": "caf2dcca0d1f29c87b172cb1ba25ab9d7bc1539f",
            "messageTitle": "Add CommandTests for lesson and event",
            "messageBody": "",
            "insertions": 137,
            "deletions": 7
          },
          {
            "hash": "7b3ba79b1e31efa1814ed4fd45771ecb334010e1",
            "messageTitle": "Added deleteModule junit test",
            "messageBody": "",
            "insertions": 74,
            "deletions": 5
          }
        ]
      },
      {
        "insertions": 206,
        "deletions": 141,
        "date": "2020-03-18",
        "commitResults": [
          {
            "hash": "69c6a38934608608dc013603e69b2984645e906d",
            "messageTitle": "Fixed checkstyle errors",
            "messageBody": "",
            "insertions": 178,
            "deletions": 115
          },
          {
            "hash": "c0b68ddd0d0be513f682d0066c57a360b4ecdcba",
            "messageTitle": "Fixed checkstyle errors",
            "messageBody": "",
            "insertions": 28,
            "deletions": 26
          }
        ]
      },
      {
        "insertions": 144,
        "deletions": 5237,
        "date": "2020-03-19",
        "commitResults": [
          {
            "hash": "19e603b336cc8379b2d4e61df9e58b5838096ada",
            "messageTitle": "Checkstyle",
            "messageBody": "",
            "insertions": 144,
            "deletions": 57
          },
          {
            "hash": "81621a150d7aa730113248b4506cfae015b53f92",
            "messageTitle": "Removed AB3 tests and updated travis .yml",
            "messageBody": "",
            "insertions": 0,
            "deletions": 5180
          }
        ]
      },
      {
        "insertions": 128,
        "deletions": 3,
        "date": "2020-03-22",
        "commitResults": [
          {
            "hash": "316928e63ed729fd5ca8a842cc89424307442c21",
            "messageTitle": "Added JUNIT test for DeleteActivityCommand",
            "messageBody": "",
            "insertions": 60,
            "deletions": 0
          },
          {
            "hash": "58fca70da2ececeb650e4ae56ee888f1ae03931a",
            "messageTitle": "Added FindCommand logic",
            "messageBody": "",
            "insertions": 26,
            "deletions": 3
          },
          {
            "hash": "d1628fd1a96a046858f60c62fef880bd40eed408",
            "messageTitle": "Updated FindCommand logic and parser test",
            "messageBody": "",
            "insertions": 42,
            "deletions": 0
          }
        ]
      },
      {
        "insertions": 99,
        "deletions": 9,
        "date": "2020-03-23",
        "commitResults": [
          {
            "hash": "57713077ea636aa64777ebe926d5bcc0530bb271",
            "messageTitle": "updated find command and its JUNIT test",
            "messageBody": "",
            "insertions": 94,
            "deletions": 4
          },
          {
            "hash": "87bf9a6f5f6b1114703c15f128c660d1db3f5b45",
            "messageTitle": "Fixed checkstyle errors",
            "messageBody": "",
            "insertions": 5,
            "deletions": 5
          }
        ]
      }
    ],
    "don-tay": [
      {
        "insertions": 111,
        "deletions": 0,
        "date": "2020-03-04",
        "commitResults": [
          {
            "hash": "8ab4cce9c7cb2967b75d19be56b83f4005bbfee5",
            "messageTitle": "Add priority class and test",
            "messageBody": "",
            "insertions": 111,
            "deletions": 0
          }
        ]
      },
      {
        "insertions": 9,
        "deletions": 4,
        "date": "2020-03-05",
        "commitResults": [
          {
            "hash": "7809afdd6b8e983014d762fa860b86af1259a92a",
            "messageTitle": "Modify to pass checkstyle build",
            "messageBody": "",
            "insertions": 8,
            "deletions": 3
          },
          {
            "hash": "083271899745a4ecb9decc2bef4e85a42d13c2c9",
            "messageTitle": "Fix build issue",
            "messageBody": "",
            "insertions": 1,
            "deletions": 1
          }
        ]
      },
      {
        "insertions": 24,
        "deletions": 38,
        "date": "2020-03-06",
        "commitResults": [
          {
            "hash": "06881b864e4ac726328122d4996db41c030cf43c",
            "messageTitle": "Fix priority model valid priority level regex and priority test cases",
            "messageBody": "",
            "insertions": 21,
            "deletions": 34
          },
          {
            "hash": "75e126d528dbd87419fddb1f66c0301eadda62db",
            "messageTitle": "Add build fixes in PriorityTest and Date classes",
            "messageBody": "",
            "insertions": 3,
            "deletions": 4
          }
        ]
      },
      {
        "insertions": 189,
        "deletions": 11,
        "date": "2020-03-07",
        "commitResults": [
          {
            "hash": "12f97bb5082843ace7eedc2e034b002d19cf71c4",
            "messageTitle": "Implement module class, not working yet as  moduleCode class not implemented yet",
            "messageBody": "",
            "insertions": 54,
            "deletions": 0
          },
          {
            "hash": "b35ea8156b4bb127103f6531f52e00eac7d65b08",
            "messageTitle": "Add ModuleCode class. Module class now working. Test not implemented yet.",
            "messageBody": "",
            "insertions": 58,
            "deletions": 0
          },
          {
            "hash": "ba95ac2b727adc28f510c5a14e31e12d0c2e087e",
            "messageTitle": "Implement tests for module and modulecode partially",
            "messageBody": "",
            "insertions": 69,
            "deletions": 1
          },
          {
            "hash": "72b48de6be3f396a19bffd604cd7002169119555",
            "messageTitle": "Change module class to non abstract",
            "messageBody": "",
            "insertions": 1,
            "deletions": 1
          },
          {
            "hash": "3dfa713cc16d53c80e9ce68cc70b3e56732a7139",
            "messageTitle": "Fix regex for module code to accept alphanumeric non-whitespace characters",
            "messageBody": "",
            "insertions": 7,
            "deletions": 9
          }
        ]
      },
      {
        "insertions": 5,
        "deletions": 5,
        "date": "2020-03-09",
        "commitResults": [
          {
            "hash": "ca1d2aa22544f4cd1e4b5d5ca2991fcdf82ded21",
            "messageTitle": "Modify comment in lesson, deadline, and event classes",
            "messageBody": "",
            "insertions": 5,
            "deletions": 5
          }
        ]
      },
      {
        "insertions": 68,
        "deletions": 10,
        "date": "2020-03-10",
        "commitResults": [
          {
            "hash": "f6d8777b20fcee9cbdaf03f43e60bbdca586fd8a",
            "messageTitle": "Add helper methods for lesson to regenerate after the lesson is over",
            "messageBody": "",
            "insertions": 26,
            "deletions": 1
          },
          {
            "hash": "d81d5cfd9c970b2fc11ee468ae2a8f27fb7a6475",
            "messageTitle": "Add new interface Regenerable\u003cT\u003e and modify Activity class to extend from it",
            "messageBody": "",
            "insertions": 42,
            "deletions": 9
          }
        ]
      },
      {
        "insertions": 101,
        "deletions": 72,
        "date": "2020-03-19",
        "commitResults": [
          {
            "hash": "f6e5a38ac3b649c0ee3c307230f79f298d53d0be",
            "messageTitle": "checkstyle fix",
            "messageBody": "",
            "insertions": 101,
            "deletions": 72
          }
        ]
      }
    ]
  },
  "authorFinalContributionMap": {
    "CharmaineKoh": 2743,
    "EdmondOng": 2576,
    "kester-ng": 5183,
    "don-tay": 320
  },
  "authorFileTypeContributionMap": {
    "CharmaineKoh": {
      "java": 2634,
      "md": 0,
      "fxml": 108,
      "sh": 0,
      "bat": 0,
      "gradle": 1,
      "txt": 0
    },
    "EdmondOng": {
      "java": 2576,
      "md": 0,
      "fxml": 0,
      "sh": 0,
      "bat": 0,
      "gradle": 0,
      "txt": 0
    },
    "kester-ng": {
      "java": 5182,
      "md": 0,
      "fxml": 0,
      "sh": 0,
      "bat": 0,
      "gradle": 1,
      "txt": 0
    },
    "don-tay": {
      "java": 320,
      "md": 0,
      "fxml": 0,
      "sh": 0,
      "bat": 0,
      "gradle": 0,
      "txt": 0
    }
  },
  "authorContributionVariance": {
    "CharmaineKoh": 210400.94,
    "EdmondOng": 249524.92,
    "kester-ng": 1041378.25,
    "don-tay": 2095.216
  },
  "authorDisplayNameMap": {
    "CharmaineKoh": "CS2103T-T10-4 CHAR.. KOH",
    "EdmondOng": "CS2103T-T10-4 EDMO..IANG",
    "kester-ng": "CS2103T-T10-4 NG Y..STER",
    "don-tay": "CS2103T-T10-4 DON ..HENG"
  }
}
