{
  "authorDailyContributionsMap": {
    "CharmaineKoh": [
      {
        "insertions": 62,
        "deletions": 12,
        "date": "2020-02-26",
        "commitResults": [
          {
            "hash": "7d01b107f55a87eedf3347315c21f4fe40273061",
            "messageTitle": "Added photo to AboutUs.adoc.",
            "messageBody": "",
            "insertions": 4,
            "deletions": 4
          },
          {
            "hash": "5b75234f7973cda8057f6e1b38d1bbcff9181c39",
            "messageTitle": "Added photo to AboutUs.adoc.",
            "messageBody": "",
            "insertions": 0,
            "deletions": 0
          },
          {
            "hash": "9aa7fd849956bf2d6430424d4c34e7ffad928ab0",
            "messageTitle": "Added initial edits to user stories.",
            "messageBody": "",
            "insertions": 4,
            "deletions": 3
          },
          {
            "hash": "c6c156086580995315c740da4c015906d430d672",
            "messageTitle": "Added initial edits to user stories.",
            "messageBody": "",
            "insertions": 23,
            "deletions": 3
          },
          {
            "hash": "f3ec40f3b81a6285d9e9363ae463f503e7c02d08",
            "messageTitle": "Added all user stories.",
            "messageBody": "",
            "insertions": 31,
            "deletions": 2
          }
        ]
      },
      {
        "insertions": 82,
        "deletions": 13,
        "date": "2020-02-27",
        "commitResults": [
          {
            "hash": "c4e4735253ab5510f9b98d64ebef47d4419960c1",
            "messageTitle": "Edited user guide to include commands for shortcut and password.",
            "messageBody": "",
            "insertions": 57,
            "deletions": 2
          },
          {
            "hash": "dc3510169a16f04ffebfa253cc1c7df5ea356941",
            "messageTitle": "Fixed formatting issues for User Guide.",
            "messageBody": "",
            "insertions": 11,
            "deletions": 11
          },
          {
            "hash": "24a50dbe0b44e4e8a6d969de222f544c7427a858",
            "messageTitle": "Edited User Guide.",
            "messageBody": "",
            "insertions": 14,
            "deletions": 0
          }
        ]
      },
      {
        "insertions": 259,
        "deletions": 0,
        "date": "2020-03-04",
        "commitResults": [
          {
            "hash": "4e50f2dbefd2cbf7089333941a2035f4defa2be9",
            "messageTitle": "Created Activity abstract class and Date and Name classes including JUnit tests.",
            "messageBody": "",
            "insertions": 259,
            "deletions": 0
          }
        ]
      },
      {
        "insertions": 1,
        "deletions": 1,
        "date": "2020-03-05",
        "commitResults": [
          {
            "hash": "0a10432a602a2985ed23885f1d310c06e6a1cffb",
            "messageTitle": "Added JavaDocs.",
            "messageBody": "",
            "insertions": 1,
            "deletions": 1
          }
        ]
      }
    ],
    "EdmondOng": [
      {
        "insertions": 9,
        "deletions": 8,
        "date": "2020-02-24",
        "commitResults": [
          {
            "hash": "eb33626991cfe2eedfb800e2cd8673dd65795f5f",
            "messageTitle": "\tmodified:   docs/AboutUs.adoc \tnew file:   docs/images/Edmond.jpeg",
            "messageBody": "",
            "insertions": 5,
            "deletions": 4
          },
          {
            "hash": "1bd999e965fe4d4ba5e22dcfb4ef90fb20b36f75",
            "messageTitle": "\tmodified:   docs/AboutUs.adoc",
            "messageBody": "",
            "insertions": 3,
            "deletions": 3
          },
          {
            "hash": "0cbe8213d725c5e8ac5c8af04e6da6fcfd517db5",
            "messageTitle": "\trenamed:    docs/images/Edmond.jpeg -\u003e docs/images/edmond.jpeg",
            "messageBody": "",
            "insertions": 0,
            "deletions": 0
          },
          {
            "hash": "a517369580b3541963c0eee4a994c12d1474ee02",
            "messageTitle": "\tmodified:   docs/AboutUs.adoc \tdeleted:    docs/images/edmond.jpeg \tnew file:   docs/images/edmondong.png",
            "messageBody": "",
            "insertions": 1,
            "deletions": 1
          }
        ]
      },
      {
        "insertions": 343,
        "deletions": 9,
        "date": "2020-02-26",
        "commitResults": [
          {
            "hash": "30ef852db57a00e1f7f2cc4ffda8641fa4981d9a",
            "messageTitle": "\tmodified:   docs/DeveloperGuide.adoc",
            "messageBody": "",
            "insertions": 343,
            "deletions": 9
          }
        ]
      }
    ],
    "kester-ng": [
      {
        "insertions": 217,
        "deletions": 1,
        "date": "2020-02-20",
        "commitResults": [
          {
            "hash": "4aa26dff743cbab7b716b1a2b7fb98b3bd5b7067",
            "messageTitle": "Added team documentations",
            "messageBody": "",
            "insertions": 217,
            "deletions": 1
          }
        ]
      },
      {
        "insertions": 32,
        "deletions": 22,
        "date": "2020-02-24",
        "commitResults": [
          {
            "hash": "7a65c0e62533d24000f70b254dfe847e03001729",
            "messageTitle": "Updated contact-us page and aboutus page",
            "messageBody": "",
            "insertions": 5,
            "deletions": 5
          },
          {
            "hash": "10cb5cf9649f5f806cbc06cc7a7eb37902b94bfa",
            "messageTitle": "Updated AboutUs and Updated README with relevant badges",
            "messageBody": "",
            "insertions": 23,
            "deletions": 13
          },
          {
            "hash": "8cae8282b214d5522de6fd58a8431f7feccbd03a",
            "messageTitle": "Updated member picture name to lowercase",
            "messageBody": "",
            "insertions": 1,
            "deletions": 1
          },
          {
            "hash": "0505a55e693457fd127c0eb9a552c3482153bd13",
            "messageTitle": "Changed naming",
            "messageBody": "",
            "insertions": 0,
            "deletions": 0
          },
          {
            "hash": "d4e0f9387f19a3209f1087d4381e23bef6dbc62d",
            "messageTitle": "Removed duplicate image",
            "messageBody": "",
            "insertions": 0,
            "deletions": 0
          },
          {
            "hash": "9cdc3054dc8cb0a162149d28a5367c1380ae9be5",
            "messageTitle": "Deleted duplicate images",
            "messageBody": "",
            "insertions": 0,
            "deletions": 0
          },
          {
            "hash": "864ba9c757fa81c11146b47893e83fe66e843bcb",
            "messageTitle": "Updated travis.yml configurations",
            "messageBody": "",
            "insertions": 3,
            "deletions": 0
          },
          {
            "hash": "bd0acd7ea0cee992c24d5fb3dc6d658be89a766e",
            "messageTitle": "Update .travis.yml",
            "messageBody": "",
            "insertions": 0,
            "deletions": 3
          }
        ]
      },
      {
        "insertions": 87,
        "deletions": 65,
        "date": "2020-02-25",
        "commitResults": [
          {
            "hash": "1af40f8312a2d8ee39b28951828b7babd6587c79",
            "messageTitle": "Updated User Guide",
            "messageBody": "",
            "insertions": 85,
            "deletions": 63
          },
          {
            "hash": "9fedf64fbe54519c8efc968aa272ede073294cc0",
            "messageTitle": "Updated export to coming in v1.2",
            "messageBody": "",
            "insertions": 1,
            "deletions": 1
          },
          {
            "hash": "1552d0141be034ae6aaf3ce73fa1bc1c9f9b4743",
            "messageTitle": "Added a missing ] bracket",
            "messageBody": "",
            "insertions": 1,
            "deletions": 1
          }
        ]
      },
      {
        "insertions": 53,
        "deletions": 24,
        "date": "2020-02-26",
        "commitResults": [
          {
            "hash": "b8ce0e712bcf531a0028dd820e53d2f26a08ac92",
            "messageTitle": "Updated Certain command formats and shifted them",
            "messageBody": "",
            "insertions": 53,
            "deletions": 24
          }
        ]
      },
      {
        "insertions": 65,
        "deletions": 34,
        "date": "2020-02-27",
        "commitResults": [
          {
            "hash": "23f4dd5f0c0b6aeeb67d4b3cf3cb06e428eb25af",
            "messageTitle": "Updated DG and UG",
            "messageBody": "",
            "insertions": 65,
            "deletions": 34
          }
        ]
      },
      {
        "insertions": 0,
        "deletions": 0,
        "date": "2020-03-01",
        "commitResults": [
          {
            "hash": "0b1336cb7568144213fdf02388af8727e9d2e675",
            "messageTitle": "Delete kester-ng.png",
            "messageBody": "",
            "insertions": 0,
            "deletions": 0
          },
          {
            "hash": "727fadd94c07356708f487a191d9ecdf57e4111a",
            "messageTitle": "Add files via upload",
            "messageBody": "",
            "insertions": 0,
            "deletions": 0
          },
          {
            "hash": "521bb2ad468fb6dae00d139df0c41cc868ed87b6",
            "messageTitle": "Delete kester-ng.png",
            "messageBody": "",
            "insertions": 0,
            "deletions": 0
          },
          {
            "hash": "231c483de989b55090819065f7b44c1ca137c4d7",
            "messageTitle": "Add files via upload",
            "messageBody": "",
            "insertions": 0,
            "deletions": 0
          }
        ]
      },
      {
        "insertions": 103,
        "deletions": 1,
        "date": "2020-03-03",
        "commitResults": [
          {
            "hash": "60b84ef9366ef5ab786a019ce3364f53cdc23ba2",
            "messageTitle": "Removed learning outcomes from readme",
            "messageBody": "",
            "insertions": 0,
            "deletions": 1
          },
          {
            "hash": "d3aef4da20950c0981429a6d560f09b63363ed27",
            "messageTitle": "Added Note model, along with its JUNIT test",
            "messageBody": "",
            "insertions": 8,
            "deletions": 0
          },
          {
            "hash": "43a738cda75f97dea29e9090cbd4415f95aa0526",
            "messageTitle": "Updated to adhere to checkstyle",
            "messageBody": "",
            "insertions": 95,
            "deletions": 0
          }
        ]
      },
      {
        "insertions": 9,
        "deletions": 9,
        "date": "2020-03-04",
        "commitResults": [
          {
            "hash": "0e4a9779d2f78a656609826593b46c96fc31efa7",
            "messageTitle": "changed name of field to content to avoid confusion",
            "messageBody": "",
            "insertions": 8,
            "deletions": 8
          },
          {
            "hash": "d495ef49d389d7302026846d5f3afa3937f8bd6d",
            "messageTitle": "Fixed javadoc comment",
            "messageBody": "",
            "insertions": 1,
            "deletions": 1
          }
        ]
      }
    ],
    "don-tay": [
      {
        "insertions": 17,
        "deletions": 26,
        "date": "2020-02-24",
        "commitResults": [
          {
            "hash": "0b0083e9b8402f7a595c78441132eb97b163d48a",
            "messageTitle": "Modify AboutUs intro text, ContactUs text, individual team members project and overview text, and added own photo to repo",
            "messageBody": "",
            "insertions": 17,
            "deletions": 26
          }
        ]
      },
      {
        "insertions": 44,
        "deletions": 5,
        "date": "2020-02-25",
        "commitResults": [
          {
            "hash": "9c3f5c37bf75c4e2dae2074506a4dc94728d0973",
            "messageTitle": "Update README\u0027s wireframe photo",
            "messageBody": "",
            "insertions": 1,
            "deletions": 1
          },
          {
            "hash": "b3a1aaa515a86f6bbcafb8cffbcbd1fba9bdc040",
            "messageTitle": "Add NFR into DG",
            "messageBody": "",
            "insertions": 42,
            "deletions": 3
          },
          {
            "hash": "78b26e4d4e36eeb2cd9f6afaac0f2c372f67dea5",
            "messageTitle": "Rename nasa-mockup-1.png to Ui.png",
            "messageBody": "",
            "insertions": 1,
            "deletions": 1
          }
        ]
      },
      {
        "insertions": 42,
        "deletions": 10,
        "date": "2020-02-26",
        "commitResults": [
          {
            "hash": "f2fcdb089e74f4fbac7acaa7db46c9f6edf94b6c",
            "messageTitle": "Update DG with checklist feature",
            "messageBody": "",
            "insertions": 41,
            "deletions": 9
          },
          {
            "hash": "b681a28d491d7a12c8f3eebefb504d4ed606f2eb",
            "messageTitle": "Add newline to end of UserGuide file",
            "messageBody": "",
            "insertions": 1,
            "deletions": 1
          }
        ]
      },
      {
        "insertions": 68,
        "deletions": 68,
        "date": "2020-03-03",
        "commitResults": [
          {
            "hash": "1fdc90381443a68ffb3cfd6f9f80f656bb396392",
            "messageTitle": "Change ug text from task to activity",
            "messageBody": "",
            "insertions": 68,
            "deletions": 68
          }
        ]
      },
      {
        "insertions": 111,
        "deletions": 0,
        "date": "2020-03-04",
        "commitResults": [
          {
            "hash": "8ab4cce9c7cb2967b75d19be56b83f4005bbfee5",
            "messageTitle": "Add priority class and test",
            "messageBody": "",
            "insertions": 111,
            "deletions": 0
          }
        ]
      },
      {
        "insertions": 9,
        "deletions": 4,
        "date": "2020-03-05",
        "commitResults": [
          {
            "hash": "7809afdd6b8e983014d762fa860b86af1259a92a",
            "messageTitle": "Modify to pass checkstyle build",
            "messageBody": "",
            "insertions": 8,
            "deletions": 3
          },
          {
            "hash": "083271899745a4ecb9decc2bef4e85a42d13c2c9",
            "messageTitle": "Fix build issue",
            "messageBody": "",
            "insertions": 1,
            "deletions": 1
          }
        ]
      }
    ]
  },
  "authorFinalContributionMap": {
    "CharmaineKoh": 372,
    "EdmondOng": 321,
    "kester-ng": 261,
    "don-tay": 253
  },
  "authorFileTypeContributionMap": {
    "CharmaineKoh": {
      "adoc": 5,
      "adoc": 56,
      "adoc": 54,
      "java": 45,
      "java": 67,
      "java": 58,
      "java": 47,
      "java": 40
    },
    "EdmondOng": {
      "adoc": 2,
      "adoc": 319
    },
    "kester-ng": {
      "adoc": 19,
      "adoc": 7,
      "adoc": 1,
      "adoc": 14,
      "adoc": 113,
      "adoc": 1,
      "adoc": 1,
      "adoc": 1,
      "adoc": 1,
      "java": 59,
      "java": 44
    },
    "don-tay": {
      "adoc": 5,
      "adoc": 1,
      "adoc": 44,
      "adoc": 2,
      "adoc": 77,
      "adoc": 2,
      "adoc": 2,
      "adoc": 2,
      "adoc": 2,
      "java": 72,
      "java": 44
    }
  },
  "authorContributionVariance": {
    "CharmaineKoh": 2677.9438,
    "EdmondOng": 4261.789,
    "kester-ng": 2921.3118,
    "don-tay": 1146.8163
  },
  "authorDisplayNameMap": {
    "CharmaineKoh": "CS2103T-T10-4 CHAR.. KOH",
    "EdmondOng": "CS2103T-T10-4 EDMO..IANG",
    "kester-ng": "CS2103T-T10-4 NG Y..STER",
    "don-tay": "CS2103T-T10-4 DON ..HENG"
  }
}
