{
  "authorDailyContributionsMap": {
    "oLiXino": [
      {
        "insertions": 91,
        "deletions": 21,
        "date": "2020-03-09",
        "commitResults": [
          {
            "hash": "30c14c31f8f1e8691eb0a238459e807a1be524f9",
            "messageTitle": "add library methods",
            "messageBody": "",
            "insertions": 91,
            "deletions": 21
          }
        ]
      },
      {
        "insertions": 214,
        "deletions": 154,
        "date": "2020-03-10",
        "commitResults": [
          {
            "hash": "ae0ef63a732800dbc7f3aaf12a150fa0c90a90a9",
            "messageTitle": "implement command classes",
            "messageBody": "",
            "insertions": 214,
            "deletions": 154
          }
        ]
      },
      {
        "insertions": 13,
        "deletions": 0,
        "date": "2020-03-16",
        "commitResults": [
          {
            "hash": "89b1ae6281717bfc874591d1938b075b9c18573f",
            "messageTitle": "Add GetCurrentDeck Method",
            "messageBody": "",
            "insertions": 13,
            "deletions": 0
          }
        ]
      },
      {
        "insertions": 39,
        "deletions": 16,
        "date": "2020-03-17",
        "commitResults": [
          {
            "hash": "0c036c66213ac106bc32792d3f873595ea144b4d",
            "messageTitle": "Rename-Method",
            "messageBody": "",
            "insertions": 39,
            "deletions": 16
          }
        ]
      },
      {
        "insertions": 470,
        "deletions": 43,
        "date": "2020-03-20",
        "commitResults": [
          {
            "hash": "6e9c0ab5e091bc6ec66e77f9c689d3b3232d3bfd",
            "messageTitle": "Play-Mode",
            "messageBody": "",
            "insertions": 454,
            "deletions": 32
          },
          {
            "hash": "31a6151270d258064441e8a8e234f9d2d9fc8ab0",
            "messageTitle": "PlayCommand-Return-Card",
            "messageBody": "",
            "insertions": 16,
            "deletions": 11
          }
        ]
      },
      {
        "insertions": 2,
        "deletions": 2,
        "date": "2020-03-22",
        "commitResults": [
          {
            "hash": "028652008157c500062d195a0fdae20373ae33f7",
            "messageTitle": "Flip-Success-Message",
            "messageBody": "",
            "insertions": 2,
            "deletions": 2
          }
        ]
      },
      {
        "insertions": 236,
        "deletions": 63,
        "date": "2020-03-28",
        "commitResults": [
          {
            "hash": "986e03f28a50b7af964e3d65a77bc906a4ee7482",
            "messageTitle": "Stop-Command",
            "messageBody": "",
            "insertions": 236,
            "deletions": 63
          }
        ]
      },
      {
        "insertions": 13,
        "deletions": 3,
        "date": "2020-04-01",
        "commitResults": [
          {
            "hash": "432e036cb0e72d0900439a509a8f128e9ea8c8ca",
            "messageTitle": "Fix-Play_Bug",
            "messageBody": "",
            "insertions": 8,
            "deletions": 1
          },
          {
            "hash": "ebd77c2442fff7a4c9477359a75f58fdc7006636",
            "messageTitle": "Play-Exception",
            "messageBody": "",
            "insertions": 5,
            "deletions": 2
          }
        ]
      },
      {
        "insertions": 1,
        "deletions": 1,
        "date": "2020-04-02",
        "commitResults": [
          {
            "hash": "4ac2fabafd6da515f5fafa3f7b6f04a2c67738d7",
            "messageTitle": "Fix-Bug",
            "messageBody": "",
            "insertions": 1,
            "deletions": 1
          }
        ]
      },
      {
        "insertions": 19,
        "deletions": 12,
        "date": "2020-04-03",
        "commitResults": [
          {
            "hash": "a7fc85d3ad1f559f43ce9cb981cb4b5aedc0b27a",
            "messageTitle": "Update-Error-Message",
            "messageBody": "",
            "insertions": 11,
            "deletions": 11
          },
          {
            "hash": "f0f1cdd3f5f4f00fb05f64b6b2b5cd3cc2e4721c",
            "messageTitle": "Fix-ResetLibrary",
            "messageBody": "",
            "insertions": 8,
            "deletions": 1
          }
        ]
      },
      {
        "insertions": 5,
        "deletions": 0,
        "date": "2020-04-08",
        "commitResults": [
          {
            "hash": "eeb7c031595a388526ae29f1dc1fc3b65aad5168",
            "messageTitle": "Fix-ReturnLibrary",
            "messageBody": "",
            "insertions": 5,
            "deletions": 0
          }
        ]
      }
    ],
    "kschiew": [
      {
        "insertions": 1836,
        "deletions": 889,
        "date": "2020-03-06",
        "commitResults": [
          {
            "hash": "fca5491f95d98fab90543de179aa9a7a693fd55c",
            "messageTitle": "refactor Person class to Deck class",
            "messageBody": "",
            "insertions": 380,
            "deletions": 380
          },
          {
            "hash": "0e3756cb34003599e9d87f28f4e69fd95cef788a",
            "messageTitle": "Refactor AddressBook class to Library class",
            "messageBody": "",
            "insertions": 170,
            "deletions": 169
          },
          {
            "hash": "5b0f145dec2f42ef2e860875c65867955d2683a2",
            "messageTitle": "Create card and face classes",
            "messageBody": "",
            "insertions": 133,
            "deletions": 0
          },
          {
            "hash": "0b745784ab0abf5c1fac619304d3d3522ec08447",
            "messageTitle": "Add uniquecardlist class",
            "messageBody": "",
            "insertions": 93,
            "deletions": 71
          },
          {
            "hash": "660a20f68624562d4e2359af7c172d4059dca5b7",
            "messageTitle": "Create dummy commands",
            "messageBody": "",
            "insertions": 630,
            "deletions": 120
          },
          {
            "hash": "2b816b15fa7ec4032d926ddef1ef4dd0ab174b61",
            "messageTitle": "Create dummy classes for structuring FlashSpeed",
            "messageBody": "",
            "insertions": 427,
            "deletions": 148
          },
          {
            "hash": "0044b11adc60b08bc298bba17acacce3ed0db32c",
            "messageTitle": "Create dummy card class",
            "messageBody": "",
            "insertions": 3,
            "deletions": 1
          }
        ]
      },
      {
        "insertions": 141,
        "deletions": 149,
        "date": "2020-03-07",
        "commitResults": [
          {
            "hash": "004c82451ace4342feff25ed65a9326b486ed3b7",
            "messageTitle": "Optimize imports",
            "messageBody": "",
            "insertions": 103,
            "deletions": 110
          },
          {
            "hash": "b199fe05ac04cc35f575f9f42429e8d2ac762210",
            "messageTitle": "Remove * imports",
            "messageBody": "",
            "insertions": 4,
            "deletions": 11
          },
          {
            "hash": "f43948c0f4be8092df88f14951fa999cadeaf777",
            "messageTitle": "Remove * imports",
            "messageBody": "",
            "insertions": 1,
            "deletions": 1
          },
          {
            "hash": "6424c60609fa4fc29a09efc985902036ead7d840",
            "messageTitle": "Optimize imports",
            "messageBody": "",
            "insertions": 31,
            "deletions": 25
          },
          {
            "hash": "31066327eff9bfe28ce36a82b1e7a4284e97c683",
            "messageTitle": "Fix gradle EOF",
            "messageBody": "",
            "insertions": 2,
            "deletions": 2
          }
        ]
      },
      {
        "insertions": 288,
        "deletions": 209,
        "date": "2020-03-10",
        "commitResults": [
          {
            "hash": "80be777486d5d8ec60fe2d1e656921a99522ee35",
            "messageTitle": "Add commands to navigate deck mode",
            "messageBody": "",
            "insertions": 288,
            "deletions": 209
          }
        ]
      },
      {
        "insertions": 1,
        "deletions": 131,
        "date": "2020-03-11",
        "commitResults": [
          {
            "hash": "9123c1d7e25e6256e34271f416bd3a5047691937",
            "messageTitle": "Remove clear deck feature",
            "messageBody": "",
            "insertions": 1,
            "deletions": 131
          }
        ]
      },
      {
        "insertions": 43,
        "deletions": 7,
        "date": "2020-03-17",
        "commitResults": [
          {
            "hash": "569fb6ab5074534d03bf293f7ca6d2e45b8a2858",
            "messageTitle": "Fix delete card function",
            "messageBody": "",
            "insertions": 34,
            "deletions": 6
          },
          {
            "hash": "adcf4707994b73e8d8778baddcf129746f7e4dd3",
            "messageTitle": "Fix edit card function",
            "messageBody": "",
            "insertions": 5,
            "deletions": 1
          },
          {
            "hash": "063e3f815352becf363b0d9ea1f6906068ea3760",
            "messageTitle": "Fix refreshing view issue",
            "messageBody": "",
            "insertions": 4,
            "deletions": 0
          }
        ]
      },
      {
        "insertions": 142,
        "deletions": 46,
        "date": "2020-03-20",
        "commitResults": [
          {
            "hash": "70ef3d2c66029fd508722e1d33af1a748b8ffa88",
            "messageTitle": "Enable storage function",
            "messageBody": "",
            "insertions": 97,
            "deletions": 14
          },
          {
            "hash": "30e6c19156c75f9158d9d3b0799c958c1a270e95",
            "messageTitle": "Set current deck to the newly created deck",
            "messageBody": "",
            "insertions": 3,
            "deletions": 0
          },
          {
            "hash": "2f58dbc68bf31a9407ff4cf11cd53aab6e95d403",
            "messageTitle": "Set the renamed deck to be current deck",
            "messageBody": "",
            "insertions": 3,
            "deletions": 0
          },
          {
            "hash": "bdd59cd0c7a5bdecb142e88738c6307a2eeaccf8",
            "messageTitle": "Rename old functions",
            "messageBody": "",
            "insertions": 29,
            "deletions": 22
          },
          {
            "hash": "ce1f18d4c27c08fb595a2c8faddfc9b91f3962d5",
            "messageTitle": "Fix load storage error",
            "messageBody": "",
            "insertions": 4,
            "deletions": 4
          },
          {
            "hash": "a2677dbaca936a68f262ee572fcdd548008665d3",
            "messageTitle": "Create sample deck",
            "messageBody": "",
            "insertions": 6,
            "deletions": 6
          }
        ]
      },
      {
        "insertions": 47,
        "deletions": 31,
        "date": "2020-03-30",
        "commitResults": [
          {
            "hash": "52117fd15f1cbc53db592719e6f975d1562f564f",
            "messageTitle": "Add Statistics class",
            "messageBody": "",
            "insertions": 44,
            "deletions": 27
          },
          {
            "hash": "cad102990171d58001d38c68e387a62878aef7b5",
            "messageTitle": "Change Statistics function name",
            "messageBody": "",
            "insertions": 3,
            "deletions": 4
          }
        ]
      },
      {
        "insertions": 38,
        "deletions": 13,
        "date": "2020-04-01",
        "commitResults": [
          {
            "hash": "68c81a47aef82fc3ae0801f9b0f1f661269797c9",
            "messageTitle": "Fix statistics non-responsiveness",
            "messageBody": "",
            "insertions": 38,
            "deletions": 13
          }
        ]
      },
      {
        "insertions": 322,
        "deletions": 384,
        "date": "2020-04-07",
        "commitResults": [
          {
            "hash": "aa32627dad47892b419398576762f854dfb6c173",
            "messageTitle": "Add typical cards and decks for testing",
            "messageBody": "",
            "insertions": 321,
            "deletions": 384
          },
          {
            "hash": "470c6e9f35cfd3c26eae6d62e0e5f58fa0f6eab0",
            "messageTitle": "Remove PersonUtil",
            "messageBody": "",
            "insertions": 1,
            "deletions": 0
          }
        ]
      }
    ],
    "ncslzh": [
      {
        "insertions": 223,
        "deletions": 41,
        "date": "2020-03-07",
        "commitResults": [
          {
            "hash": "6f469b81a929a7dcd266182c8ab6e2f3be23bc9f",
            "messageTitle": "Refactored for Card classes",
            "messageBody": "",
            "insertions": 205,
            "deletions": 15
          },
          {
            "hash": "5dfa5652b4cee6c647ac7250e7f8af2006e38a1c",
            "messageTitle": "Fix checkstyle",
            "messageBody": "",
            "insertions": 1,
            "deletions": 1
          },
          {
            "hash": "0136580f8833f6055adc7db24b0d3be0365d2fdd",
            "messageTitle": "Move and renamed classes",
            "messageBody": "",
            "insertions": 16,
            "deletions": 24
          },
          {
            "hash": "93921fd42b9819df71aa5e506b1ed5f61ef1a150",
            "messageTitle": "Modify exit message",
            "messageBody": "",
            "insertions": 1,
            "deletions": 1
          }
        ]
      },
      {
        "insertions": 289,
        "deletions": 41,
        "date": "2020-03-15",
        "commitResults": [
          {
            "hash": "87d1cded351bebf8730c179793dfb6a15186e754",
            "messageTitle": "Combine LibraryParser and DeckParser into MasterParser, Add/Rename relevant Command and Parser files",
            "messageBody": "",
            "insertions": 289,
            "deletions": 41
          }
        ]
      },
      {
        "insertions": 59,
        "deletions": 60,
        "date": "2020-03-16",
        "commitResults": [
          {
            "hash": "4bd226902a7de6fd3f7434481056a0cc5724bba9",
            "messageTitle": "Edit based on review",
            "messageBody": "",
            "insertions": 48,
            "deletions": 54
          },
          {
            "hash": "70224ccfd54718f6e78a153da6af5531ad6c28b0",
            "messageTitle": "Add exception handling for MasterParser using Pattern and Matcher",
            "messageBody": "",
            "insertions": 11,
            "deletions": 6
          }
        ]
      },
      {
        "insertions": 267,
        "deletions": 328,
        "date": "2020-03-17",
        "commitResults": [
          {
            "hash": "1cfb8d7e93f488eb17a376150a2836f668bbaba1",
            "messageTitle": "Update MasterParser",
            "messageBody": "",
            "insertions": 12,
            "deletions": 7
          },
          {
            "hash": "194d740bd703022ac08483bb8c56b105e516a5c0",
            "messageTitle": "Use regex to parse some commands, Update some command methods",
            "messageBody": "",
            "insertions": 227,
            "deletions": 282
          },
          {
            "hash": "a1cf8ac70cfbc2cc0ec32314da6700c16d60b449",
            "messageTitle": "Move uneeded files to dump",
            "messageBody": "",
            "insertions": 8,
            "deletions": 17
          },
          {
            "hash": "a49f936251f45dab0e190e5a177e1f0def6f5721",
            "messageTitle": "Edit message usage",
            "messageBody": "",
            "insertions": 2,
            "deletions": 2
          },
          {
            "hash": "de32f23883b2fed4996c770ac76dace84395e310",
            "messageTitle": "Edit command usage messages",
            "messageBody": "",
            "insertions": 5,
            "deletions": 7
          },
          {
            "hash": "271f4ba94cddc082f33689b08fd554ad2f7279d1",
            "messageTitle": "Fix whitespace",
            "messageBody": "",
            "insertions": 1,
            "deletions": 1
          },
          {
            "hash": "5835d9ca774f0c24f6fca13f625348c7a7ec011b",
            "messageTitle": "Comment out statemensts to link new implementation to UI",
            "messageBody": "",
            "insertions": 11,
            "deletions": 11
          },
          {
            "hash": "54986ccf63cccb87523e4644b5eefb247b8b8a17",
            "messageTitle": "Fix AddCard invocationtargetException",
            "messageBody": "",
            "insertions": 1,
            "deletions": 1
          }
        ]
      },
      {
        "insertions": 106,
        "deletions": 61,
        "date": "2020-03-23",
        "commitResults": [
          {
            "hash": "c06f624e30a9fb078f82e878d2ae7b53b7f5e4f8",
            "messageTitle": "Add validation checks for commands",
            "messageBody": "",
            "insertions": 53,
            "deletions": 34
          },
          {
            "hash": "687cd9b995125f237e195162446669f399498f20",
            "messageTitle": "Add validation for Card commands",
            "messageBody": "",
            "insertions": 13,
            "deletions": 1
          },
          {
            "hash": "71a292df8fdb736b3077157d7134eb8d9412e6ca",
            "messageTitle": "Accept all different colons",
            "messageBody": "",
            "insertions": 9,
            "deletions": 3
          },
          {
            "hash": "ef22cdd3a4d3182235053a5251ca900dd767cfb1",
            "messageTitle": "Refine EditCard",
            "messageBody": "",
            "insertions": 31,
            "deletions": 17
          },
          {
            "hash": "396abb90e34fa1448ad92b1df985dd6b6fcd3675",
            "messageTitle": "Remove unused space",
            "messageBody": "",
            "insertions": 0,
            "deletions": 6
          }
        ]
      },
      {
        "insertions": 38,
        "deletions": 34,
        "date": "2020-03-24",
        "commitResults": [
          {
            "hash": "062fa14e0bfdb51fd7212f97ae740babbfe22640",
            "messageTitle": "Clean some checkstyle errors",
            "messageBody": "",
            "insertions": 38,
            "deletions": 34
          }
        ]
      },
      {
        "insertions": 13,
        "deletions": 2,
        "date": "2020-03-25",
        "commitResults": [
          {
            "hash": "e0c9de62db19ba282cde70ce667510c22cde97a6",
            "messageTitle": "Add Deck deep copy function",
            "messageBody": "",
            "insertions": 13,
            "deletions": 2
          }
        ]
      },
      {
        "insertions": 58,
        "deletions": 69,
        "date": "2020-03-31",
        "commitResults": [
          {
            "hash": "c423e6c09533db561543857f2c51d3a227d9a420",
            "messageTitle": "Add repetition algo to gameplay",
            "messageBody": "",
            "insertions": 29,
            "deletions": 12
          },
          {
            "hash": "c7a8d734ac1f8d744139229a3d6d83f69d8830f6",
            "messageTitle": "Change Help Window",
            "messageBody": "",
            "insertions": 29,
            "deletions": 57
          }
        ]
      }
    ],
    "lacedaemon98": [
      {
        "insertions": 42,
        "deletions": 229,
        "date": "2020-02-22",
        "commitResults": [
          {
            "hash": "f87551522340ba5113669740142ac3703461155c",
            "messageTitle": "tutorial-removing-field",
            "messageBody": "",
            "insertions": 24,
            "deletions": 46
          },
          {
            "hash": "bbc9b70feae52c4a8ba4703970bdf77171a98219",
            "messageTitle": "tutorial-removing-field",
            "messageBody": "",
            "insertions": 14,
            "deletions": 170
          },
          {
            "hash": "cc7c0fca8eb2af10be8985f8f72553a7131402ef",
            "messageTitle": "tutorial-removing-field",
            "messageBody": "",
            "insertions": 0,
            "deletions": 1
          },
          {
            "hash": "30cef94d4a32dfa5bdbf944f0ef410dee0e63a99",
            "messageTitle": "tutorial-removing-field",
            "messageBody": "",
            "insertions": 4,
            "deletions": 9
          },
          {
            "hash": "74d1590ba8fe9d24bdf2b7ba922bf3f417030705",
            "messageTitle": "tutorial-removing-field",
            "messageBody": "",
            "insertions": 0,
            "deletions": 3
          }
        ]
      },
      {
        "insertions": 378,
        "deletions": 47,
        "date": "2020-02-25",
        "commitResults": [
          {
            "hash": "4a895ae3dfea269e40b5177cbfd01b9507b5e564",
            "messageTitle": "tutorial-adding-command",
            "messageBody": "",
            "insertions": 378,
            "deletions": 47
          }
        ]
      },
      {
        "insertions": 255,
        "deletions": 399,
        "date": "2020-02-26",
        "commitResults": [
          {
            "hash": "591494246a7ea9f46211b6632bb7ee2c0816d36d",
            "messageTitle": "Revert \"Ui update\"",
            "messageBody": "",
            "insertions": 255,
            "deletions": 399
          }
        ]
      },
      {
        "insertions": 14,
        "deletions": 0,
        "date": "2020-03-10",
        "commitResults": [
          {
            "hash": "7d4e7d243a642d7e186c2aa70f6bee56c875e448",
            "messageTitle": "update javafx",
            "messageBody": "",
            "insertions": 14,
            "deletions": 0
          }
        ]
      },
      {
        "insertions": 1,
        "deletions": 0,
        "date": "2020-03-16",
        "commitResults": [
          {
            "hash": "eb86a953b49e92969e29452d6495fb50536af29a",
            "messageTitle": "update master",
            "messageBody": "",
            "insertions": 1,
            "deletions": 0
          }
        ]
      },
      {
        "insertions": 278,
        "deletions": 41,
        "date": "2020-03-17",
        "commitResults": [
          {
            "hash": "04e5908808ea7bda36f61073368dfa4d80fd9028",
            "messageTitle": "view card",
            "messageBody": "",
            "insertions": 156,
            "deletions": 7
          },
          {
            "hash": "bea041792f1223947cabbab307b5d9b4982267d0",
            "messageTitle": "select-view",
            "messageBody": "",
            "insertions": 51,
            "deletions": 3
          },
          {
            "hash": "bf56efc39bffa5f60ba25897b1f99d393578fdea",
            "messageTitle": "show-card-value",
            "messageBody": "",
            "insertions": 35,
            "deletions": 22
          },
          {
            "hash": "3b0d3881fcc2148d0f1e5c813b294ebabcd1e1c2",
            "messageTitle": "fix-select-command",
            "messageBody": "",
            "insertions": 6,
            "deletions": 0
          },
          {
            "hash": "1586b01a5ea3efa57a82c474087a2ddf1d7fd2df",
            "messageTitle": "fix-addcard-ui",
            "messageBody": "",
            "insertions": 3,
            "deletions": 0
          },
          {
            "hash": "abe4f2046c8cf076928cdf382513b9939de58fa0",
            "messageTitle": "card-id",
            "messageBody": "",
            "insertions": 27,
            "deletions": 9
          }
        ]
      },
      {
        "insertions": 2,
        "deletions": 1,
        "date": "2020-03-19",
        "commitResults": [
          {
            "hash": "7994a44bdffd75ecc0e2083187d9f9bbba01b302",
            "messageTitle": "change-theme",
            "messageBody": "",
            "insertions": 2,
            "deletions": 1
          }
        ]
      },
      {
        "insertions": 198,
        "deletions": 26,
        "date": "2020-03-20",
        "commitResults": [
          {
            "hash": "3762a80d2da7802a2041efe931b782bf9dd70724",
            "messageTitle": "ui-play-mode 1",
            "messageBody": "",
            "insertions": 180,
            "deletions": 12
          },
          {
            "hash": "dbe1aeab09a45847ea0e6f850c1bd9884f9de703",
            "messageTitle": "ui-play-mode 1",
            "messageBody": "",
            "insertions": 6,
            "deletions": 4
          },
          {
            "hash": "b59246348f16d27ed232cf8cff8ee6c3ee887590",
            "messageTitle": "ui-play-mode 1",
            "messageBody": "",
            "insertions": 1,
            "deletions": 0
          },
          {
            "hash": "b0d576af81485ce50b314db29a366395c8e6a8c9",
            "messageTitle": "ui-play-mode 1",
            "messageBody": "",
            "insertions": 0,
            "deletions": 1
          },
          {
            "hash": "6da2c945b70ae86adbe2585a9f00f9d58931b74c",
            "messageTitle": "play-return-card",
            "messageBody": "",
            "insertions": 11,
            "deletions": 9
          }
        ]
      },
      {
        "insertions": 112,
        "deletions": 43,
        "date": "2020-03-22",
        "commitResults": [
          {
            "hash": "5193993cbebbc255d5bf65be8c710a6d9a21631c",
            "messageTitle": "play-ui-update",
            "messageBody": "",
            "insertions": 112,
            "deletions": 43
          }
        ]
      },
      {
        "insertions": 17,
        "deletions": 11,
        "date": "2020-03-23",
        "commitResults": [
          {
            "hash": "80dd9aa2cf328b2c69e29714c23f5de050808841",
            "messageTitle": "play-card",
            "messageBody": "",
            "insertions": 17,
            "deletions": 11
          }
        ]
      },
      {
        "insertions": 6,
        "deletions": 6,
        "date": "2020-03-24",
        "commitResults": [
          {
            "hash": "9502a9c51db224b0ad69fe1a75c608d453f1168a",
            "messageTitle": "rename",
            "messageBody": "",
            "insertions": 6,
            "deletions": 6
          }
        ]
      },
      {
        "insertions": 14,
        "deletions": 5,
        "date": "2020-03-25",
        "commitResults": [
          {
            "hash": "3b46ad784a9976bf471d6a0543f4fe43b5a4a014",
            "messageTitle": "default-table",
            "messageBody": "",
            "insertions": 1,
            "deletions": 1
          },
          {
            "hash": "038ad575be3d25701fde1e7243d5efa8c032951a",
            "messageTitle": "default-table",
            "messageBody": "",
            "insertions": 1,
            "deletions": 1
          },
          {
            "hash": "46cd714913f27c2509ab4ec22ac83d3a8bfe90b4",
            "messageTitle": "default-table2",
            "messageBody": "",
            "insertions": 10,
            "deletions": 1
          },
          {
            "hash": "b45cd2c3456d53c547be2b3a8a210d43f63e3793",
            "messageTitle": "\u0027update\u0027",
            "messageBody": "",
            "insertions": 2,
            "deletions": 2
          }
        ]
      },
      {
        "insertions": 43,
        "deletions": 20,
        "date": "2020-03-26",
        "commitResults": [
          {
            "hash": "d8796299c9fc4f99046e75b54ea8303351076469",
            "messageTitle": "\u0027fix-selecting-by-mouse\u0027",
            "messageBody": "",
            "insertions": 18,
            "deletions": 9
          },
          {
            "hash": "cfc72942acc55cd4e843eda4fc1707f264302767",
            "messageTitle": "\u0027fix-commandbox\u0027",
            "messageBody": "",
            "insertions": 2,
            "deletions": 1
          },
          {
            "hash": "8bc9fbaa7a0a0984ff2dd4c2e6954db5a88f19af",
            "messageTitle": "\u0027ui-edit\u0027",
            "messageBody": "",
            "insertions": 19,
            "deletions": 6
          },
          {
            "hash": "d959cec40a7cb740bc1707ebdecd1bd9b9f9d59d",
            "messageTitle": "\u0027fix-ui-button\u0027",
            "messageBody": "",
            "insertions": 4,
            "deletions": 4
          }
        ]
      },
      {
        "insertions": 8,
        "deletions": 9,
        "date": "2020-03-27",
        "commitResults": [
          {
            "hash": "549a23074f186ebf1a043dcb164c6ea536bbb4d0",
            "messageTitle": "\u0027fix-commandbox-width\u0027",
            "messageBody": "",
            "insertions": 2,
            "deletions": 2
          },
          {
            "hash": "def277588f37004d6e7a28243230aaf73e5fd529",
            "messageTitle": "refind-play-ui",
            "messageBody": "",
            "insertions": 6,
            "deletions": 7
          }
        ]
      },
      {
        "insertions": 291,
        "deletions": 137,
        "date": "2020-03-28",
        "commitResults": [
          {
            "hash": "50fb7c881b80f4aa942251ff6dd107880203b5f6",
            "messageTitle": "update main",
            "messageBody": "",
            "insertions": 24,
            "deletions": 59
          },
          {
            "hash": "7b3e35762a2ed91bf12b78966e10b797d5f529cd",
            "messageTitle": "update main",
            "messageBody": "",
            "insertions": 58,
            "deletions": 25
          },
          {
            "hash": "7ebd10115e0e4c7271de0d57b9847d2d57095622",
            "messageTitle": "updatelogo",
            "messageBody": "",
            "insertions": 178,
            "deletions": 6
          },
          {
            "hash": "610e09be0a4722bdb835626954735e8ba1564aa8",
            "messageTitle": "updateStopPopUp",
            "messageBody": "",
            "insertions": 21,
            "deletions": 25
          },
          {
            "hash": "2eb24ede87f1cb53aa8bd4a9fcf2b253b4fe7b92",
            "messageTitle": "updateStopPopUp",
            "messageBody": "",
            "insertions": 2,
            "deletions": 2
          },
          {
            "hash": "0bc3150c6a60e1f25cc598886415f6bf27c3d5f6",
            "messageTitle": "fix-stop-bug",
            "messageBody": "",
            "insertions": 8,
            "deletions": 20
          }
        ]
      },
      {
        "insertions": 3,
        "deletions": 14,
        "date": "2020-03-30",
        "commitResults": [
          {
            "hash": "db4db3c737b5477f76c684aece766f0d688a90e7",
            "messageTitle": "screenshot-update",
            "messageBody": "",
            "insertions": 3,
            "deletions": 14
          }
        ]
      },
      {
        "insertions": 168,
        "deletions": 21,
        "date": "2020-04-01",
        "commitResults": [
          {
            "hash": "14993a5a93903046f191b3e888a268e32994503a",
            "messageTitle": "fix-exit",
            "messageBody": "",
            "insertions": 15,
            "deletions": 4
          },
          {
            "hash": "b39f9eb48760790e76b1fe2fa0cec6496f735ede",
            "messageTitle": "fix-help",
            "messageBody": "",
            "insertions": 3,
            "deletions": 3
          },
          {
            "hash": "56770d9473408b8f6d177fbe9be76996fdc55394",
            "messageTitle": "fix-statistics-when-no-card-left:",
            "messageBody": "",
            "insertions": 18,
            "deletions": 6
          },
          {
            "hash": "bb345a222c8aca1d373599658a23135b33b7c41f",
            "messageTitle": "updateMaster",
            "messageBody": "",
            "insertions": 4,
            "deletions": 1
          },
          {
            "hash": "b6935295a0d2ca0ca7c59c614404d4888bfbba27",
            "messageTitle": "progress-bar",
            "messageBody": "",
            "insertions": 127,
            "deletions": 6
          },
          {
            "hash": "5fea3a27cbe4824e31c39b9a07d01418da22c490",
            "messageTitle": "progress-bar",
            "messageBody": "",
            "insertions": 1,
            "deletions": 1
          }
        ]
      },
      {
        "insertions": 52,
        "deletions": 18,
        "date": "2020-04-02",
        "commitResults": [
          {
            "hash": "61d21675e09f82f3d09c58c2de571ad5d5805d2b",
            "messageTitle": "play-instruction",
            "messageBody": "",
            "insertions": 24,
            "deletions": 7
          },
          {
            "hash": "098ac6fd300ec5f00114a933f718fd81ed22d563",
            "messageTitle": "updateMaster",
            "messageBody": "",
            "insertions": 3,
            "deletions": 1
          },
          {
            "hash": "8b43c206084cffd038470f5cbd089131d753ad18",
            "messageTitle": "fix-progressBar",
            "messageBody": "",
            "insertions": 3,
            "deletions": 0
          },
          {
            "hash": "0937d3f24cc63b703060ba490c178b11cb4cb5e8",
            "messageTitle": "statisticsPrinting",
            "messageBody": "",
            "insertions": 2,
            "deletions": 2
          },
          {
            "hash": "a5867b102ae674b06800ab155b5605df4cc18470",
            "messageTitle": "add-stop",
            "messageBody": "",
            "insertions": 20,
            "deletions": 8
          }
        ]
      },
      {
        "insertions": 77,
        "deletions": 41,
        "date": "2020-04-03",
        "commitResults": [
          {
            "hash": "fcf4a9d06868e7f427caa446449d59459b78a591",
            "messageTitle": "fix-ui",
            "messageBody": "",
            "insertions": 50,
            "deletions": 29
          },
          {
            "hash": "6528e6ff4aa726fba96754386d9dab2c50cbc19a",
            "messageTitle": "fix-statistics-popup",
            "messageBody": "",
            "insertions": 4,
            "deletions": 6
          },
          {
            "hash": "334d8d76d72fb58aa75780cd520d7c9e8b086afd",
            "messageTitle": "fix-reset",
            "messageBody": "",
            "insertions": 8,
            "deletions": 2
          },
          {
            "hash": "2f4d65386592fb992cb04e5cd97179ef3f3cdf95",
            "messageTitle": "\u0027maximize\u0027",
            "messageBody": "",
            "insertions": 9,
            "deletions": 1
          },
          {
            "hash": "e0481cea21f6bf881e719be17848f099345c42fa",
            "messageTitle": "\u0027maximize\u0027",
            "messageBody": "",
            "insertions": 6,
            "deletions": 3
          }
        ]
      },
      {
        "insertions": 18,
        "deletions": 15,
        "date": "2020-04-04",
        "commitResults": [
          {
            "hash": "8f122eabba4a8ed6b213bd8284ac0043e9d0f5ca",
            "messageTitle": "play-fullwidth",
            "messageBody": "",
            "insertions": 12,
            "deletions": 9
          },
          {
            "hash": "f4b55b8473998624d52371001e90075fce765e10",
            "messageTitle": "play-fullwidth",
            "messageBody": "",
            "insertions": 3,
            "deletions": 3
          },
          {
            "hash": "f13e0ef104762c054052058e6d7d9500afe083c1",
            "messageTitle": "play-fullwidth",
            "messageBody": "",
            "insertions": 3,
            "deletions": 3
          }
        ]
      },
      {
        "insertions": 23,
        "deletions": 12,
        "date": "2020-04-05",
        "commitResults": [
          {
            "hash": "b4a8c96b621477467b252bd7cfea5c0e885dccf6",
            "messageTitle": "fix-progress",
            "messageBody": "",
            "insertions": 18,
            "deletions": 12
          },
          {
            "hash": "7f6f7342f947c20d1f72626b720ee6533d0c5dbf",
            "messageTitle": "fix-screensize",
            "messageBody": "",
            "insertions": 5,
            "deletions": 0
          }
        ]
      }
    ],
    "amrl": [
      {
        "insertions": 6,
        "deletions": 3,
        "date": "2020-03-03",
        "commitResults": [
          {
            "hash": "920e5f10e5816405f1d13b7a7dfe5f2978225443",
            "messageTitle": "Rebrand site home button and GH link",
            "messageBody": "",
            "insertions": 6,
            "deletions": 3
          }
        ]
      },
      {
        "insertions": 402,
        "deletions": 251,
        "date": "2020-03-08",
        "commitResults": [
          {
            "hash": "e78e0e69e5305181cc3da93afd4e0ef56475c293",
            "messageTitle": "Initial Deck implementation",
            "messageBody": "",
            "insertions": 321,
            "deletions": 208
          },
          {
            "hash": "d2adbc53fe468614150566d85c134f6aa23a013c",
            "messageTitle": "Readd old AB3 init stuff to allow compilation",
            "messageBody": "",
            "insertions": 81,
            "deletions": 43
          }
        ]
      },
      {
        "insertions": 183,
        "deletions": 70,
        "date": "2020-03-12",
        "commitResults": [
          {
            "hash": "68ba3add8c417f3023f0c65287140c44cfc62173",
            "messageTitle": "Add initial Edit card functionality",
            "messageBody": "",
            "insertions": 183,
            "deletions": 70
          }
        ]
      },
      {
        "insertions": 29,
        "deletions": 1192,
        "date": "2020-03-17",
        "commitResults": [
          {
            "hash": "ab0587fc9a216e5ddf6d36a804112035e14abaca",
            "messageTitle": "Remove unused fields for Deck",
            "messageBody": "",
            "insertions": 15,
            "deletions": 1186
          },
          {
            "hash": "ef3f2d6ca2b6f24461ffc98b3b5dc302b556b8be",
            "messageTitle": "Fix select deck info display",
            "messageBody": "",
            "insertions": 14,
            "deletions": 6
          }
        ]
      },
      {
        "insertions": 486,
        "deletions": 1190,
        "date": "2020-03-20",
        "commitResults": [
          {
            "hash": "88e43bf42e893b8f13eea44149c4b20489e4142a",
            "messageTitle": "Remove and replace all AB references to FS",
            "messageBody": "",
            "insertions": 486,
            "deletions": 1190
          }
        ]
      },
      {
        "insertions": 10,
        "deletions": 5,
        "date": "2020-03-21",
        "commitResults": [
          {
            "hash": "6ac46660bbdec832157a5c20d9bb1e972fa48839",
            "messageTitle": "Fix UI not updating when removing or clicking Deck",
            "messageBody": "",
            "insertions": 2,
            "deletions": 0
          },
          {
            "hash": "b681deaa05a46f416153ca02394f6d262c8a5937",
            "messageTitle": "Fix Return to library UI behaviour",
            "messageBody": "",
            "insertions": 8,
            "deletions": 5
          }
        ]
      },
      {
        "insertions": 90,
        "deletions": 50,
        "date": "2020-03-22",
        "commitResults": [
          {
            "hash": "a013ef8f9417291a21b42276f06eff97ca7cb547",
            "messageTitle": "Fix replay and flip behavior",
            "messageBody": "",
            "insertions": 47,
            "deletions": 37
          },
          {
            "hash": "23c4d0b0490a17b04502fc9e94e9968cee1cb694",
            "messageTitle": "Update DG section 3 EditCard impl",
            "messageBody": "",
            "insertions": 43,
            "deletions": 13
          }
        ]
      },
      {
        "insertions": 1,
        "deletions": 1,
        "date": "2020-03-24",
        "commitResults": [
          {
            "hash": "b1f569f3365347612015418ab2d21999bd7c95d0",
            "messageTitle": "Update version number to v1.2.1ea",
            "messageBody": "",
            "insertions": 1,
            "deletions": 1
          }
        ]
      },
      {
        "insertions": 40,
        "deletions": 23,
        "date": "2020-03-26",
        "commitResults": [
          {
            "hash": "f4870a25e4437ac3dee97b09f5ba9a520ec95843",
            "messageTitle": "Allow Library commands to be used in Deck view",
            "messageBody": "",
            "insertions": 32,
            "deletions": 13
          },
          {
            "hash": "602d3903563581cc0c76131db3672456e8d93242",
            "messageTitle": "Add index validation for SelectDeck",
            "messageBody": "",
            "insertions": 8,
            "deletions": 10
          }
        ]
      },
      {
        "insertions": 1,
        "deletions": 1,
        "date": "2020-03-31",
        "commitResults": [
          {
            "hash": "e51b3d4769fa6a5aec73f85b971b1aa0e49d6d88",
            "messageTitle": "Update version number to v1.3.0ea",
            "messageBody": "",
            "insertions": 1,
            "deletions": 1
          }
        ]
      },
      {
        "insertions": 36,
        "deletions": 20,
        "date": "2020-04-03",
        "commitResults": [
          {
            "hash": "880cae4b2e3a569356903f13747ae8f9f2a66e7b",
            "messageTitle": "Fix idx OOB error due to null param in Index",
            "messageBody": "",
            "insertions": 7,
            "deletions": 8
          },
          {
            "hash": "f0df47b9cd04643327fa8cd92ce2db58562e803d",
            "messageTitle": "Update version to v1.3.1",
            "messageBody": "",
            "insertions": 1,
            "deletions": 1
          },
          {
            "hash": "34693d56ea956813a4dcefde0160e205ba7d2d8c",
            "messageTitle": "Fix issue where same deck name with diff casing is not equal",
            "messageBody": "",
            "insertions": 11,
            "deletions": 11
          },
          {
            "hash": "721a65ce3331ddc6d8bb04451a49bc2cde03f13f",
            "messageTitle": "Fix UCL not keeping uniqueness of cards",
            "messageBody": "",
            "insertions": 17,
            "deletions": 0
          }
        ]
      }
    ]
  },
  "authorFinalContributionMap": {
    "oLiXino": 714,
    "kschiew": 1192,
    "ncslzh": 700,
    "lacedaemon98": 832,
    "amrl": 814
  },
  "authorFileTypeContributionMap": {
    "oLiXino": {
      "docs": 0,
      "functional-code": 714,
      "test-code": 0
    },
    "kschiew": {
      "docs": 0,
      "functional-code": 539,
      "test-code": 653
    },
    "ncslzh": {
      "docs": 0,
      "functional-code": 686,
      "test-code": 8,
      "other": 6
    },
    "lacedaemon98": {
      "docs": 0,
      "functional-code": 832,
      "test-code": 0
    },
    "amrl": {
      "docs": 0,
      "functional-code": 769,
      "test-code": 39,
      "other": 6
    }
  },
  "authorContributionVariance": {
    "oLiXino": 8517.002,
    "kschiew": 143901.44,
    "ncslzh": 9897.119,
    "lacedaemon98": 16903.002,
    "amrl": 82056.49
  },
  "authorDisplayNameMap": {
    "oLiXino": "CS2103T-W17-1 LIAO..IXIN",
    "kschiew": "CS2103T-W17-1 CHIE..SENG",
    "ncslzh": "CS2103T-W17-1 LEON..OLAS",
    "lacedaemon98": "CS2103T-W17-1 PHAM..LINH",
    "amrl": "CS2103T-W17-1 AMIR..RASI"
  }
}
