{
  "authorDailyContributionsMap": {
    "Jarrod-Bob": [
      {
        "insertions": 415,
        "deletions": 5,
        "date": "2020-03-09",
        "commitResults": [
          {
            "hash": "8cfcba1d56228b37b0712f8aed390e04feed63e0",
            "messageTitle": "added some storage files and exception files for the Food class",
            "messageBody": "",
            "insertions": 340,
            "deletions": 0
          },
          {
            "hash": "68787195350a4a2713a141f88be6df813a1aa325",
            "messageTitle": "added FoodBookParser",
            "messageBody": "",
            "insertions": 73,
            "deletions": 0
          },
          {
            "hash": "790acf3dbb091b3a6a25bde6611b3f0a40ae9f84",
            "messageTitle": "fixed some merging issues with checkstyle",
            "messageBody": "",
            "insertions": 2,
            "deletions": 5
          }
        ]
      },
      {
        "insertions": 173,
        "deletions": 12,
        "date": "2020-03-10",
        "commitResults": [
          {
            "hash": "caa7d5971a066ae6fed5d810e4e7a4d7d7b51a8c",
            "messageTitle": "removed the non-static initialising block",
            "messageBody": "",
            "insertions": 1,
            "deletions": 12
          },
          {
            "hash": "b7f8d37563b0db36dcfb7ee8a37a4879017f590c",
            "messageTitle": "added Self, Height and Weight classes",
            "messageBody": "",
            "insertions": 172,
            "deletions": 0
          }
        ]
      },
      {
        "insertions": 14,
        "deletions": 4,
        "date": "2020-03-12",
        "commitResults": [
          {
            "hash": "39df3d787a3baa640ca6320ff93bf0660c14c7b4",
            "messageTitle": "refine the code and removed useless methods",
            "messageBody": "",
            "insertions": 14,
            "deletions": 4
          }
        ]
      },
      {
        "insertions": 439,
        "deletions": 18,
        "date": "2020-03-16",
        "commitResults": [
          {
            "hash": "03915b60d5a03da995e02629ef808b6f058b63cf",
            "messageTitle": "Added Height and Weight commands",
            "messageBody": "",
            "insertions": 100,
            "deletions": 0
          },
          {
            "hash": "fb7c371ebd606ca07b00bf6b539236ed670d6c85",
            "messageTitle": "Added the Bmi and Self classes",
            "messageBody": "",
            "insertions": 100,
            "deletions": 8
          },
          {
            "hash": "cbfa1d8d38bf67b225861f20d7ba7b72a314b251",
            "messageTitle": "Done with the basic commands",
            "messageBody": "",
            "insertions": 90,
            "deletions": 9
          },
          {
            "hash": "7cdba19ba509f5185fa1a8549e9a87a4269d3d52",
            "messageTitle": "Added Parsers for Height and Weight Commands",
            "messageBody": "",
            "insertions": 92,
            "deletions": 1
          },
          {
            "hash": "8b925488d49b9ec103c54c8a8dabee4f5b8538a9",
            "messageTitle": "Added BMICommandParser",
            "messageBody": "",
            "insertions": 57,
            "deletions": 0
          }
        ]
      },
      {
        "insertions": 39,
        "deletions": 39,
        "date": "2020-03-17",
        "commitResults": [
          {
            "hash": "6c2e728fde63741edc666ff8cd158637c3611fd0",
            "messageTitle": "Renamed some methods and class attributes for further clarity",
            "messageBody": "",
            "insertions": 37,
            "deletions": 37
          },
          {
            "hash": "11b73bcb2463fe2ebfce43381d14899ab665633f",
            "messageTitle": "fixed build error in Height and Weight commands",
            "messageBody": "",
            "insertions": 2,
            "deletions": 2
          }
        ]
      },
      {
        "insertions": 9,
        "deletions": 9,
        "date": "2020-03-18",
        "commitResults": [
          {
            "hash": "2e8aca09962b8e4b4e281b4cfaee028464dd180a",
            "messageTitle": "Fixed BMI command and set up logic manager for cli demo",
            "messageBody": "",
            "insertions": 9,
            "deletions": 9
          }
        ]
      },
      {
        "insertions": 642,
        "deletions": 57,
        "date": "2020-03-24",
        "commitResults": [
          {
            "hash": "db6ccc9a7597ad90dd5aeeb323da68b0f020feed",
            "messageTitle": "done with basic skeleton for Edit and List commands.",
            "messageBody": "",
            "insertions": 566,
            "deletions": 1
          },
          {
            "hash": "ec6cb2c27566f69766134c8ccfa1b75384f6c988",
            "messageTitle": "Changes to Height, Weight and Self to include the new Mode preference for the diet tracker to work with.",
            "messageBody": "",
            "insertions": 58,
            "deletions": 42
          },
          {
            "hash": "f39cad545b1870e3489b59f1a15ddea075ad6bc7",
            "messageTitle": "Changed some of the ModelManager Class attributes and methods",
            "messageBody": "",
            "insertions": 18,
            "deletions": 14
          }
        ]
      },
      {
        "insertions": 32,
        "deletions": 7,
        "date": "2020-03-25",
        "commitResults": [
          {
            "hash": "d8aac5277aab4d34ed28d0c5f1ca3afb3d3739e4",
            "messageTitle": "Updated DG for DietTracker with the appropriate Images and also PUML code and diagrams.",
            "messageBody": "",
            "insertions": 31,
            "deletions": 2
          },
          {
            "hash": "66c9c172a5912fdf50fa7b083d05071af72e641f",
            "messageTitle": "Fixed checkstyle",
            "messageBody": "",
            "insertions": 1,
            "deletions": 4
          },
          {
            "hash": "d746ef21470c8e31b3d37ac3023333adccf05ce6",
            "messageTitle": "Fixed Checkstyle 2",
            "messageBody": "",
            "insertions": 0,
            "deletions": 1
          }
        ]
      }
    ],
    "sheexiong": [
      {
        "insertions": 524,
        "deletions": 381,
        "date": "2020-02-18",
        "commitResults": [
          {
            "hash": "3e387934da6d41bc73a123af9572c177ef3b3286",
            "messageTitle": "Removing Address.",
            "messageBody": "",
            "insertions": 66,
            "deletions": 358
          },
          {
            "hash": "f7ea03c207b38282a8c86fe2649f387d0a3dbb62",
            "messageTitle": "Update tutorial-adding-command",
            "messageBody": "",
            "insertions": 458,
            "deletions": 23
          }
        ]
      },
      {
        "insertions": 20,
        "deletions": 452,
        "date": "2020-03-06",
        "commitResults": [
          {
            "hash": "41901651f864fb0531bf81c3d0e5a323cb75782c",
            "messageTitle": "Remove the remark from the old code base.",
            "messageBody": "",
            "insertions": 20,
            "deletions": 452
          }
        ]
      },
      {
        "insertions": 76,
        "deletions": 401,
        "date": "2020-03-07",
        "commitResults": [
          {
            "hash": "8582d0b93c8553d18a49b0140d59b6dded882a6f",
            "messageTitle": "Merge branch \u0027WillySeahh-master\u0027",
            "messageBody": "",
            "insertions": 76,
            "deletions": 401
          }
        ]
      },
      {
        "insertions": 2,
        "deletions": 2,
        "date": "2020-03-08",
        "commitResults": [
          {
            "hash": "3f078a45be9576562bb898ae78b980b2fbf7f7fb",
            "messageTitle": "Update for name and website link for project.",
            "messageBody": "",
            "insertions": 2,
            "deletions": 2
          }
        ]
      },
      {
        "insertions": 412,
        "deletions": 0,
        "date": "2020-03-16",
        "commitResults": [
          {
            "hash": "b4020f2f63d98a515a5794abcdfc0f216b95da98",
            "messageTitle": "Add amount to person object.",
            "messageBody": "",
            "insertions": 412,
            "deletions": 0
          }
        ]
      },
      {
        "insertions": 882,
        "deletions": 89,
        "date": "2020-03-17",
        "commitResults": [
          {
            "hash": "a8d4da214c4aca99b2c99a355224f82ace13ec8c",
            "messageTitle": "Add ExpenseSplitterParser and update PersonAmountStorage.",
            "messageBody": "",
            "insertions": 133,
            "deletions": 3
          },
          {
            "hash": "41d6586dc928d7b611e05c8525575117d85f9de6",
            "messageTitle": "Create new MainLogic.",
            "messageBody": "",
            "insertions": 57,
            "deletions": 38
          },
          {
            "hash": "554339670863eb344dcbf2678a63d08da66743ef",
            "messageTitle": "Simple CLI input and output for testing.",
            "messageBody": "",
            "insertions": 181,
            "deletions": 32
          },
          {
            "hash": "7e11b9624a84ea1362ef011f643317f3c2318ee8",
            "messageTitle": "Update comment for cli.",
            "messageBody": "",
            "insertions": 2,
            "deletions": 0
          },
          {
            "hash": "c81d05a7e5bdece261aa90dee609bd5f3efbf2b9",
            "messageTitle": "Update command and output of the CLI interface.",
            "messageBody": "",
            "insertions": 8,
            "deletions": 4
          },
          {
            "hash": "4e52cfaa5d52a560554a7fea1824d9cae1390f48",
            "messageTitle": "Update Parsing related class.",
            "messageBody": "",
            "insertions": 313,
            "deletions": 0
          },
          {
            "hash": "0532bdceca4ee422d4990192f028800f08cb52eb",
            "messageTitle": "Fix checkstyle error.",
            "messageBody": "",
            "insertions": 9,
            "deletions": 1
          },
          {
            "hash": "2f532cc6329cec66b3b63f2ea30fb01041c84acc",
            "messageTitle": "Fix Regex error for basic command.",
            "messageBody": "",
            "insertions": 2,
            "deletions": 1
          },
          {
            "hash": "e3fb4db4760a28a5023f0f677e07982007d943fe",
            "messageTitle": "Update ListAmount and DeleteItem Command and Parser",
            "messageBody": "",
            "insertions": 130,
            "deletions": 2
          },
          {
            "hash": "d6a519ec1c41ade102673953f66f7c4ae8c3d9e2",
            "messageTitle": "Add UI class to help format the output string.",
            "messageBody": "",
            "insertions": 39,
            "deletions": 6
          },
          {
            "hash": "83c78802f72128d8e31ee0640903fe9c88850581",
            "messageTitle": "Update DeleteItem and in Parser class.",
            "messageBody": "",
            "insertions": 8,
            "deletions": 2
          }
        ]
      },
      {
        "insertions": 27,
        "deletions": 12,
        "date": "2020-03-18",
        "commitResults": [
          {
            "hash": "3c330034b838e0ad2ff78e520003505de2302f31",
            "messageTitle": "Add exit and prevent CLI from stoping after key in wrong command.",
            "messageBody": "",
            "insertions": 23,
            "deletions": 8
          },
          {
            "hash": "e74b142f2a5a52270a4d0d655f017cb9fd52dfaa",
            "messageTitle": "Update build.gradle",
            "messageBody": "",
            "insertions": 2,
            "deletions": 2
          },
          {
            "hash": "9e5209a2c8a302bf42b41018d6566f434878a779",
            "messageTitle": "Update typo in deleteitemcommand.",
            "messageBody": "",
            "insertions": 2,
            "deletions": 2
          }
        ]
      },
      {
        "insertions": 195,
        "deletions": 23,
        "date": "2020-03-24",
        "commitResults": [
          {
            "hash": "928e49a2973ffe1d71787fe9b34b98969453dd32",
            "messageTitle": "Update ListAmount function.",
            "messageBody": "",
            "insertions": 18,
            "deletions": 13
          },
          {
            "hash": "cbe6a9224ac07452411e31de5e9548b59497b35f",
            "messageTitle": "Add the amount field to store in the storage.",
            "messageBody": "",
            "insertions": 17,
            "deletions": 4
          },
          {
            "hash": "2e023db992d9b26d056445cc9ad964d9db4f3870",
            "messageTitle": "Fix JsonAdaptedPerson class checkstyle error.",
            "messageBody": "",
            "insertions": 0,
            "deletions": 1
          },
          {
            "hash": "d8eae3e9fffbd579284212bca621f31db8b99369",
            "messageTitle": "Create UserPrefs related class for integration.",
            "messageBody": "",
            "insertions": 156,
            "deletions": 4
          },
          {
            "hash": "ebbc9013e3095fbf856f4373fb0a696ebc4bc4b6",
            "messageTitle": "Fix checkstyle error.",
            "messageBody": "",
            "insertions": 4,
            "deletions": 1
          }
        ]
      },
      {
        "insertions": 146,
        "deletions": 60,
        "date": "2020-03-26",
        "commitResults": [
          {
            "hash": "87c63a4ad29b5835f951e487b8e958abfe4e4e31",
            "messageTitle": "Update List Amound and Back Section of the DG and UG. Fix the Use Case code in the DG.",
            "messageBody": "",
            "insertions": 4,
            "deletions": 0
          },
          {
            "hash": "ce414280947a28f370857f76c8c374804fb24cae",
            "messageTitle": "Update Skeleton code for UI and Main component for the EYLAH.",
            "messageBody": "",
            "insertions": 138,
            "deletions": 57
          },
          {
            "hash": "3f765d8675e053ed28b8be447a4a71d62d22df38",
            "messageTitle": "Fix checkstyle error.",
            "messageBody": "",
            "insertions": 4,
            "deletions": 3
          }
        ]
      }
    ],
    "ailanthustng": [
      {
        "insertions": 73,
        "deletions": 406,
        "date": "2020-03-06",
        "commitResults": [
          {
            "hash": "36759362eadf990a2c0b2521f89e46e17b38c6e1",
            "messageTitle": "Removed Phone object from code base.",
            "messageBody": "",
            "insertions": 57,
            "deletions": 366
          },
          {
            "hash": "d14e90880c82c8e109587848186b0916a8e8c481",
            "messageTitle": "Removed Phone object",
            "messageBody": "",
            "insertions": 16,
            "deletions": 27
          },
          {
            "hash": "0aea561d9e1cf32f569d918368e7eadb480afcac",
            "messageTitle": "Removed Phone object",
            "messageBody": "",
            "insertions": 0,
            "deletions": 13
          }
        ]
      },
      {
        "insertions": 38,
        "deletions": 310,
        "date": "2020-03-08",
        "commitResults": [
          {
            "hash": "784b78c330962fdce427808285fe896142537a41",
            "messageTitle": "Removed unused import statement",
            "messageBody": "",
            "insertions": 0,
            "deletions": 1
          },
          {
            "hash": "3c739c23b91ce4dfb3855386b565548de301506f",
            "messageTitle": "Resolved merge conflicts",
            "messageBody": "",
            "insertions": 22,
            "deletions": 166
          },
          {
            "hash": "61809256e16d4019fc0e8d53929e803169dea17d",
            "messageTitle": "Resolved merge conflicts",
            "messageBody": "",
            "insertions": 4,
            "deletions": 130
          },
          {
            "hash": "1e89e26e052cc0f181e65d1548f95b2b6aadb7ac",
            "messageTitle": "Resolved merge conflicts",
            "messageBody": "",
            "insertions": 0,
            "deletions": 8
          },
          {
            "hash": "1cd6f3b295880dadcc24e19c281ebd7b56470b99",
            "messageTitle": "Resolved merge conflicts",
            "messageBody": "",
            "insertions": 2,
            "deletions": 2
          },
          {
            "hash": "140ffb02303124ee8546586713be6eef8afd328a",
            "messageTitle": "Resolved merge conflicts",
            "messageBody": "",
            "insertions": 2,
            "deletions": 2
          },
          {
            "hash": "efbad49cd9c15b7da8f06b4d921f3d1f0b863393",
            "messageTitle": "Resolved merge conflicts",
            "messageBody": "",
            "insertions": 1,
            "deletions": 1
          },
          {
            "hash": "15dac278e337b11ca5caacd4bb93b070cee1bf3f",
            "messageTitle": "Resolved merge conflicts",
            "messageBody": "",
            "insertions": 7,
            "deletions": 0
          }
        ]
      },
      {
        "insertions": 662,
        "deletions": 103,
        "date": "2020-03-16",
        "commitResults": [
          {
            "hash": "e1095751e57b3250cd687eb0d6998b6377a8a488",
            "messageTitle": "Added Entry, Receipt, ModelManager Classes. Shifted Person class into ExpenseSplitter. Updated Model class.",
            "messageBody": "",
            "insertions": 627,
            "deletions": 75
          },
          {
            "hash": "152cb335fe8e14bd7d850c6ace9657118b4b1931",
            "messageTitle": "Made some changes to checkstyle",
            "messageBody": "",
            "insertions": 15,
            "deletions": 7
          },
          {
            "hash": "9ea48c668941057def19beedbb03735783ce7d48",
            "messageTitle": "Made some changes to checkstyle",
            "messageBody": "",
            "insertions": 9,
            "deletions": 10
          },
          {
            "hash": "4a08e2ce93674ff7a92ffa127ea200934d8c68e9",
            "messageTitle": "Checkstyle changes",
            "messageBody": "",
            "insertions": 6,
            "deletions": 5
          },
          {
            "hash": "1dd239e4250d02203ed582106d1f7be3d2087a5e",
            "messageTitle": "Checkstyle changes (rearranged import statements)",
            "messageBody": "",
            "insertions": 3,
            "deletions": 3
          },
          {
            "hash": "e5a9584292aaea583135f1abca42a861dc7f002c",
            "messageTitle": "Checkstyle changes (rearranged import statements)",
            "messageBody": "",
            "insertions": 2,
            "deletions": 3
          }
        ]
      },
      {
        "insertions": 222,
        "deletions": 49,
        "date": "2020-03-17",
        "commitResults": [
          {
            "hash": "6ac6dae23680df4ecd93e865d1bc8c5c3dc3e000",
            "messageTitle": "Added AddItemCommand class",
            "messageBody": "",
            "insertions": 50,
            "deletions": 1
          },
          {
            "hash": "88fbb918fc2fb9e0adb0076c8006f983e25ce647",
            "messageTitle": "Modified ParserUtil, AddItemCommand, Entry and ItemPrice classes",
            "messageBody": "",
            "insertions": 128,
            "deletions": 38
          },
          {
            "hash": "3e81d4cea560d05d69a214c96d4a48e0026dfc56",
            "messageTitle": "Made checkstyle changes",
            "messageBody": "",
            "insertions": 44,
            "deletions": 10
          }
        ]
      },
      {
        "insertions": 34,
        "deletions": 20,
        "date": "2020-03-18",
        "commitResults": [
          {
            "hash": "bd568f544b869cfb3dcd77a9e5ec49aa2147efd1",
            "messageTitle": "Changed to toString return value for Person, Item and Receipt classes. Fixed a bug regarding the rounding of decimal values when calculating amount owed per person",
            "messageBody": "",
            "insertions": 31,
            "deletions": 17
          },
          {
            "hash": "b6111f93dcf2e320113234076921339b99af7021",
            "messageTitle": "Made changes to checkstyle",
            "messageBody": "",
            "insertions": 3,
            "deletions": 3
          }
        ]
      },
      {
        "insertions": 108,
        "deletions": 20,
        "date": "2020-03-23",
        "commitResults": [
          {
            "hash": "1570c6356fe4672ecd30bdc4ae92866f18d3d32a",
            "messageTitle": "Made changes to the AddItemCommand where it will check for existing Persons the PersonAmountBook",
            "messageBody": "",
            "insertions": 95,
            "deletions": 18
          },
          {
            "hash": "0c15853a5e32521c114f3eed7ca7088a05fb2f29",
            "messageTitle": "Made checkstyle changes",
            "messageBody": "",
            "insertions": 13,
            "deletions": 2
          }
        ]
      },
      {
        "insertions": 104,
        "deletions": 33,
        "date": "2020-03-24",
        "commitResults": [
          {
            "hash": "4369c0fd3abd9d47f35f6b8690e85fbdab8f4c71",
            "messageTitle": "Fixed issue with regards to duplicate Person in receipt and in amount",
            "messageBody": "",
            "insertions": 20,
            "deletions": 17
          },
          {
            "hash": "77660f6fbaa382ebd88ee5c39d35389a8d58a163",
            "messageTitle": "Checkstyle",
            "messageBody": "",
            "insertions": 1,
            "deletions": 1
          },
          {
            "hash": "8709b3b02ca0183c5da99506ba022e470dd99939",
            "messageTitle": "Done with the DeleteItemCommand",
            "messageBody": "",
            "insertions": 68,
            "deletions": 9
          },
          {
            "hash": "1a1722dbba0ffdf2707a65fd13025df1d7a6a486",
            "messageTitle": "Checkstyle changes",
            "messageBody": "",
            "insertions": 15,
            "deletions": 6
          }
        ]
      },
      {
        "insertions": 15,
        "deletions": 3,
        "date": "2020-03-25",
        "commitResults": [
          {
            "hash": "182a0cac54522a6d175fc5092f00ece31432e1f1",
            "messageTitle": "Fixed the test case in ItemBuilder",
            "messageBody": "",
            "insertions": 14,
            "deletions": 2
          },
          {
            "hash": "e31b9223afb04d8cea4f82216f65106668ae7fd9",
            "messageTitle": "Updated AddItemCommand and DeleteItemCommand portion in DG",
            "messageBody": "",
            "insertions": 1,
            "deletions": 1
          }
        ]
      }
    ],
    "akhilvuputuri": [
      {
        "insertions": 1,
        "deletions": 1,
        "date": "2020-03-02",
        "commitResults": [
          {
            "hash": "ed7891303ad619d99bd7810ca78944cb3d1b4366",
            "messageTitle": "Update README",
            "messageBody": "",
            "insertions": 1,
            "deletions": 1
          }
        ]
      },
      {
        "insertions": 445,
        "deletions": 11,
        "date": "2020-03-08",
        "commitResults": [
          {
            "hash": "10a3392269f6191fa337ed410f8b9f5f13476255",
            "messageTitle": "Create Name and Carbs classes for food",
            "messageBody": "",
            "insertions": 110,
            "deletions": 0
          },
          {
            "hash": "d7f3706c2b837ebaebe75aa837411f4be0ce2df9",
            "messageTitle": "Add Calories, Fat, Protein, Sugar classes and update other classes under model.food",
            "messageBody": "",
            "insertions": 333,
            "deletions": 9
          },
          {
            "hash": "d4a2cd489c7fda33a1e9d7eec050d62c80abdf39",
            "messageTitle": "Reorder import statements so that static import comes first",
            "messageBody": "",
            "insertions": 2,
            "deletions": 2
          }
        ]
      },
      {
        "insertions": 1012,
        "deletions": 1003,
        "date": "2020-03-12",
        "commitResults": [
          {
            "hash": "2ede59e00c317ac20993c9977dcf3a4069cc3408",
            "messageTitle": "Add test case for food/name",
            "messageBody": "",
            "insertions": 44,
            "deletions": 0
          },
          {
            "hash": "bbf1110903b7400421e05c41a682b6c30745edaa",
            "messageTitle": "Add test cases for Food class. Remove optional attributes for Food class.",
            "messageBody": "",
            "insertions": 203,
            "deletions": 240
          },
          {
            "hash": "f0cd720305a186417d7c11f4f738d45a8846f722",
            "messageTitle": "Fix style",
            "messageBody": "",
            "insertions": 2,
            "deletions": 2
          },
          {
            "hash": "fe4a2f262b454d759d66eac2ce997afd73f9d6ec",
            "messageTitle": "Fix test files style",
            "messageBody": "",
            "insertions": 21,
            "deletions": 21
          },
          {
            "hash": "6d692c2c3f39d3a93c1c895c5447e595481046a0",
            "messageTitle": "Fix test classes",
            "messageBody": "",
            "insertions": 17,
            "deletions": 17
          },
          {
            "hash": "3aa45ef814ca2f487c2ed077330dbf7922b3367a",
            "messageTitle": "Test commit",
            "messageBody": "",
            "insertions": 4,
            "deletions": 4
          },
          {
            "hash": "063ab2ab4b604a114b384469855ecc9ef816fbe4",
            "messageTitle": "Fix typos",
            "messageBody": "",
            "insertions": 6,
            "deletions": 6
          },
          {
            "hash": "8d58806d7339fb1e9aa40265549be59df8f1ddf7",
            "messageTitle": "Fix one more typo",
            "messageBody": "",
            "insertions": 1,
            "deletions": 1
          },
          {
            "hash": "60720991fd9869bf6c6aa408ab40eee23034585b",
            "messageTitle": "Refactor packages and split into expense splitter, diet tracker and remaining address book components",
            "messageBody": "",
            "insertions": 714,
            "deletions": 712
          }
        ]
      },
      {
        "insertions": 458,
        "deletions": 3,
        "date": "2020-03-13",
        "commitResults": [
          {
            "hash": "7e49dc9914e7c5b82dbca2f4e56c032eaea15634",
            "messageTitle": "Add Logic interface and LogicManager class",
            "messageBody": "",
            "insertions": 129,
            "deletions": 0
          },
          {
            "hash": "332b3af30b8a276bede5117642199808cc3203e6",
            "messageTitle": "Add exceptions for commands and parser",
            "messageBody": "",
            "insertions": 34,
            "deletions": 0
          },
          {
            "hash": "a980293c656a0182933ec7124330d33c379267b0",
            "messageTitle": "Add Command classes",
            "messageBody": "",
            "insertions": 103,
            "deletions": 0
          },
          {
            "hash": "6e8e7cdc284916edd763c1466b95b83a3c4c70fe",
            "messageTitle": "Add more files for diet tracker",
            "messageBody": "",
            "insertions": 192,
            "deletions": 3
          }
        ]
      },
      {
        "insertions": 549,
        "deletions": 72,
        "date": "2020-03-14",
        "commitResults": [
          {
            "hash": "978d7e6995d4f2bb23a6a709fe5086e59caa0d83",
            "messageTitle": "Add parsers for add and delete commands",
            "messageBody": "",
            "insertions": 98,
            "deletions": 0
          },
          {
            "hash": "1aba777faa24602f2ef51862677d32b1f1956e23",
            "messageTitle": "Add other parser related",
            "messageBody": "",
            "insertions": 408,
            "deletions": 13
          },
          {
            "hash": "19e9b1a5c69eabada0468c6e8c3ff9b0dfb31ba6",
            "messageTitle": "Fix checkstyle",
            "messageBody": "",
            "insertions": 43,
            "deletions": 59
          }
        ]
      },
      {
        "insertions": 10,
        "deletions": 7,
        "date": "2020-03-18",
        "commitResults": [
          {
            "hash": "0973eaaddb95f04f0774cadb8f1c47163362c393",
            "messageTitle": "Fix parsing and display of add food item",
            "messageBody": "",
            "insertions": 10,
            "deletions": 7
          }
        ]
      },
      {
        "insertions": 767,
        "deletions": 38,
        "date": "2020-03-23",
        "commitResults": [
          {
            "hash": "27a75c3a4dbfc28ac77cc330d7d35d67ff3f4038",
            "messageTitle": "Add storage components",
            "messageBody": "",
            "insertions": 544,
            "deletions": 0
          },
          {
            "hash": "cf08672722a7c34844133c85181b8c800a8d6ce2",
            "messageTitle": "Fix bug to save add command into foodbook.json",
            "messageBody": "",
            "insertions": 207,
            "deletions": 27
          },
          {
            "hash": "924e28e7f27ef0cd1f355b818deb3ef931e35a9c",
            "messageTitle": "Fix style issues",
            "messageBody": "",
            "insertions": 15,
            "deletions": 10
          },
          {
            "hash": "68bb3217d731be25907400571035d2d3e0d4dba6",
            "messageTitle": "Reduce verbose terms for classes that have already been imported",
            "messageBody": "",
            "insertions": 1,
            "deletions": 1
          }
        ]
      },
      {
        "insertions": 2,
        "deletions": 7,
        "date": "2020-03-26",
        "commitResults": [
          {
            "hash": "ec2e522e6a0d8174d060bcb402499442516878cc",
            "messageTitle": "Add Command Diagrams",
            "messageBody": "",
            "insertions": 2,
            "deletions": 7
          }
        ]
      }
    ],
    "WillySeahh": [
      {
        "insertions": 156,
        "deletions": 398,
        "date": "2020-03-06",
        "commitResults": [
          {
            "hash": "6d47ae85fa8f90516e7f03dfcdb7380a173ec0ca",
            "messageTitle": "in process of removing email",
            "messageBody": "",
            "insertions": 95,
            "deletions": 292
          },
          {
            "hash": "ee3c2ba28c6cd5f0f43000b719d7b18162b0b77c",
            "messageTitle": "in process of removing email",
            "messageBody": "",
            "insertions": 47,
            "deletions": 62
          },
          {
            "hash": "d2f7128dd1327c526380d1517a8c2add59a2de23",
            "messageTitle": "done removing email",
            "messageBody": "",
            "insertions": 1,
            "deletions": 15
          },
          {
            "hash": "bd0be2c5424cf06efe12519cb009b693710bf5f5",
            "messageTitle": "done removing email",
            "messageBody": "",
            "insertions": 13,
            "deletions": 29
          }
        ]
      },
      {
        "insertions": 0,
        "deletions": 2,
        "date": "2020-03-07",
        "commitResults": [
          {
            "hash": "d5a96f8454e4b8e0fb05c6cd4b771ae5123dbaf4",
            "messageTitle": "removed the extra line of space that shi xiong commented on my PR",
            "messageBody": "",
            "insertions": 0,
            "deletions": 2
          }
        ]
      },
      {
        "insertions": 314,
        "deletions": 16,
        "date": "2020-03-10",
        "commitResults": [
          {
            "hash": "a4065098559f53b0120c927e94931a96e072debd",
            "messageTitle": "created Item Class, ItemPrice, ItemName Classes.",
            "messageBody": "",
            "insertions": 238,
            "deletions": 0
          },
          {
            "hash": "5dc6d5a8ad8770eefc9be8d652cb593131f11e3c",
            "messageTitle": "created ItemBuilder class, a necessary class before being able to run test in ItemTest",
            "messageBody": "",
            "insertions": 36,
            "deletions": 0
          },
          {
            "hash": "d16966db62696f4635b4efe7f0e0e97c7ea502f6",
            "messageTitle": "edited ItemBuilder class",
            "messageBody": "",
            "insertions": 1,
            "deletions": 8
          },
          {
            "hash": "b987a5a15bd8f7add2e9dc5f03a81577b6827987",
            "messageTitle": "added javadoc comments for ItemName, Item and ItemPrice",
            "messageBody": "",
            "insertions": 37,
            "deletions": 6
          },
          {
            "hash": "81cc8d37453c1dd6eb3891f18507356b4f4ba7af",
            "messageTitle": "added javadoc comments for ItemName, Item and ItemPrice",
            "messageBody": "",
            "insertions": 2,
            "deletions": 2
          }
        ]
      },
      {
        "insertions": 94,
        "deletions": 16,
        "date": "2020-03-12",
        "commitResults": [
          {
            "hash": "401ae193882b7aa33331f787fe9b97034eec350f",
            "messageTitle": "Added tests for ItemTests",
            "messageBody": "",
            "insertions": 94,
            "deletions": 16
          }
        ]
      },
      {
        "insertions": 191,
        "deletions": 47,
        "date": "2020-03-13",
        "commitResults": [
          {
            "hash": "62f85a8629a5cc81669becf62229e65966d23245",
            "messageTitle": "Done ItemNameTest, in midst of doing ItemPriceTest, need to handle the regex properly.",
            "messageBody": "",
            "insertions": 117,
            "deletions": 11
          },
          {
            "hash": "04a7d50627a395a37086c741c1773247787893aa",
            "messageTitle": "Done ItemPrice Test",
            "messageBody": "",
            "insertions": 73,
            "deletions": 36
          },
          {
            "hash": "8b5d3796cda7a48cfeb759e74729f1a272e314b8",
            "messageTitle": "Remodelled ItemPrice\u0027s price to be a BigDecimal instead of a Double",
            "messageBody": "",
            "insertions": 1,
            "deletions": 0
          }
        ]
      },
      {
        "insertions": 278,
        "deletions": 5,
        "date": "2020-03-14",
        "commitResults": [
          {
            "hash": "da14021f24b2346df2bdb1bb35ad146e92f43977",
            "messageTitle": "added new folders to eylah.expensesplitter",
            "messageBody": "",
            "insertions": 12,
            "deletions": 0
          },
          {
            "hash": "afda498c8915fac34d994f5fbe818d1d3f262ddd",
            "messageTitle": "added additional folders and files to accomodate the adding of commands",
            "messageBody": "",
            "insertions": 266,
            "deletions": 5
          }
        ]
      },
      {
        "insertions": 105,
        "deletions": 2,
        "date": "2020-03-15",
        "commitResults": [
          {
            "hash": "7be2dffb149cfe7f906c81ba894350208719ba91",
            "messageTitle": "Done adding BackCommand, ListReceiptCommand, PaidCommand",
            "messageBody": "",
            "insertions": 105,
            "deletions": 2
          }
        ]
      },
      {
        "insertions": 55,
        "deletions": 3,
        "date": "2020-03-16",
        "commitResults": [
          {
            "hash": "67d97a726a077390a8eb5639c4374ca7a24bc783",
            "messageTitle": "added ListReceiptCommandParser and PaidCommandParser",
            "messageBody": "",
            "insertions": 51,
            "deletions": 0
          },
          {
            "hash": "250e36880332440fea5c0b470cf3d8942545b9fe",
            "messageTitle": "added ListReceiptCommandParser and PaidCommandParserV2",
            "messageBody": "",
            "insertions": 4,
            "deletions": 3
          }
        ]
      },
      {
        "insertions": 115,
        "deletions": 59,
        "date": "2020-03-17",
        "commitResults": [
          {
            "hash": "793b348ac67e113fc8de54e044cafce11f859979",
            "messageTitle": "upgraded BackCommand, ListReceipt Command. PaidCommand still in midst",
            "messageBody": "",
            "insertions": 21,
            "deletions": 7
          },
          {
            "hash": "73405aa8c43da5c1e6dbcbe526bd7e1bfcb07160",
            "messageTitle": "done all commands for v1.2 for expensesplitter portion",
            "messageBody": "",
            "insertions": 93,
            "deletions": 51
          },
          {
            "hash": "6337b03628a6bdd13156218280e26ddd70717a3c",
            "messageTitle": "done printing out receipt.",
            "messageBody": "",
            "insertions": 1,
            "deletions": 1
          }
        ]
      },
      {
        "insertions": 1,
        "deletions": 1,
        "date": "2020-03-18",
        "commitResults": [
          {
            "hash": "c4e6701ea9379698d415961fa19a8bf6a3fefd29",
            "messageTitle": "done printing out receipt.",
            "messageBody": "",
            "insertions": 1,
            "deletions": 1
          }
        ]
      },
      {
        "insertions": 4,
        "deletions": 3,
        "date": "2020-03-20",
        "commitResults": [
          {
            "hash": "351faaf7db7ceffc8d66910c7232de2839e0e9ed",
            "messageTitle": "trying to add storage for expense splitter",
            "messageBody": "",
            "insertions": 4,
            "deletions": 3
          }
        ]
      },
      {
        "insertions": 792,
        "deletions": 23,
        "date": "2020-03-21",
        "commitResults": [
          {
            "hash": "89a4feaefb610e925c2979e38378b931c67788d3",
            "messageTitle": "trying to add storage for expense splitter",
            "messageBody": "",
            "insertions": 773,
            "deletions": 16
          },
          {
            "hash": "9314d1eb0de990e6210dd800fde0f2cce725f21d",
            "messageTitle": "done adding Json for expense splitter",
            "messageBody": "",
            "insertions": 19,
            "deletions": 7
          }
        ]
      },
      {
        "insertions": 75,
        "deletions": 77,
        "date": "2020-03-22",
        "commitResults": [
          {
            "hash": "2181da11fe7b116f126e1ea78ba112626b2f96de",
            "messageTitle": "Completed importing storage for expensesplitter",
            "messageBody": "",
            "insertions": 75,
            "deletions": 77
          }
        ]
      },
      {
        "insertions": 1,
        "deletions": 1,
        "date": "2020-03-24",
        "commitResults": [
          {
            "hash": "b93ddc18a3da936a763564bb24dc5e1ab9adc47d",
            "messageTitle": "edited DeveloperGuide.adoc V3",
            "messageBody": "",
            "insertions": 1,
            "deletions": 1
          }
        ]
      },
      {
        "insertions": 11,
        "deletions": 4,
        "date": "2020-03-25",
        "commitResults": [
          {
            "hash": "b6051159a83e64c59fac9376a465f430527ef1d6",
            "messageTitle": "edited DeveloperGuide.adoc ListReceiptCommand",
            "messageBody": "",
            "insertions": 9,
            "deletions": 4
          },
          {
            "hash": "34f655ba49dd3815523a0cd371a8688ed153082b",
            "messageTitle": "editing paid command",
            "messageBody": "",
            "insertions": 2,
            "deletions": 0
          }
        ]
      },
      {
        "insertions": 81,
        "deletions": 26,
        "date": "2020-03-26",
        "commitResults": [
          {
            "hash": "72f1f98df0a54c79ee1622d2e493a253b442f7ef",
            "messageTitle": "done adding paid command and doing DG for paid command",
            "messageBody": "",
            "insertions": 81,
            "deletions": 26
          }
        ]
      }
    ]
  },
  "authorFinalContributionMap": {
    "Jarrod-Bob": 1570,
    "sheexiong": 1176,
    "ailanthustng": 979,
    "akhilvuputuri": 2786,
    "WillySeahh": 1754
  },
  "authorFileTypeContributionMap": {
    "Jarrod-Bob": {
      "java": 1570,
      "md": 0,
      "fxml": 0,
      "sh": 0,
      "bat": 0,
      "gradle": 0,
      "txt": 0
    },
    "sheexiong": {
      "java": 1171,
      "md": 0,
      "fxml": 1,
      "sh": 0,
      "bat": 0,
      "gradle": 4,
      "txt": 0
    },
    "ailanthustng": {
      "java": 979,
      "md": 0,
      "fxml": 0,
      "sh": 0,
      "bat": 0,
      "gradle": 0,
      "txt": 0
    },
    "akhilvuputuri": {
      "java": 2783,
      "md": 0,
      "fxml": 3,
      "sh": 0,
      "bat": 0,
      "gradle": 0,
      "txt": 0
    },
    "WillySeahh": {
      "java": 1754,
      "md": 0,
      "fxml": 0,
      "sh": 0,
      "bat": 0,
      "gradle": 0,
      "txt": 0
    }
  },
  "authorContributionVariance": {
    "Jarrod-Bob": 19740.578,
    "sheexiong": 51113.375,
    "ailanthustng": 22199.184,
    "akhilvuputuri": 120397.62,
    "WillySeahh": 26208.473
  },
  "authorDisplayNameMap": {
    "Jarrod-Bob": "CS2103T-W13-1 NG J..RROD",
    "sheexiong": "CS2103T-W13-1 CHEN..IONG",
    "ailanthustng": "CS2103T-W13-1 TNG ..THUS",
    "akhilvuputuri": "CS2103T-W13-1 AKHI..TURI",
    "WillySeahh": "CS2103T-W13-1 WILL..HUNG"
  }
}
