{
  "authorDailyContributionsMap": {
    "yaojiethng": [
      {
        "insertions": 1,
        "deletions": 0,
        "date": "2020-02-21",
        "commitResults": [
          {
            "hash": "1e3169b3af0d7612acea814973b6f7017aa226a8",
            "messageTitle": "Create pullme.md",
            "messageBody": "",
            "insertions": 1,
            "deletions": 0
          }
        ]
      },
      {
        "insertions": 1888,
        "deletions": 2338,
        "date": "2020-02-25",
        "commitResults": [
          {
            "hash": "493206f16e1593adef8904bcb521aa4e4b2bf36e",
            "messageTitle": "Renamed \"Person\" to \"Task\" Renamed \"Name\" to \"Description\"",
            "messageBody": "",
            "insertions": 920,
            "deletions": 1149
          },
          {
            "hash": "18f733a5b70eed0de8bef68ed82051ad51d17260",
            "messageTitle": "Deleted \"Address\" class",
            "messageBody": "",
            "insertions": 19,
            "deletions": 113
          },
          {
            "hash": "d570ab2a48d2b884b7bedf293233f3040ced0149",
            "messageTitle": "renamed \u0027Email\u0027 to \u0027ModuleCode\u0027",
            "messageBody": "",
            "insertions": 213,
            "deletions": 217
          },
          {
            "hash": "32b6c32a8b8f0e35ab10c4ffeda1fe15dd9a5081",
            "messageTitle": "renamed \u0027Email\u0027 to \u0027ModuleCode\u0027 Removed some references to \u0027Address\u0027",
            "messageBody": "",
            "insertions": 48,
            "deletions": 55
          },
          {
            "hash": "e5bbccc3d694bccd6bfc30124bea07f4ca69cdf1",
            "messageTitle": "renamed \u0027PersonCard\u0027 to \u0027TaskCard\u0027",
            "messageBody": "",
            "insertions": 6,
            "deletions": 6
          },
          {
            "hash": "afc3da3454d4cda571063d6746cc296012704476",
            "messageTitle": "renamed \u0027PersonListPanel\u0027 to \u0027TaskListPanel\u0027",
            "messageBody": "",
            "insertions": 10,
            "deletions": 11
          },
          {
            "hash": "aae9da92cff0db4e37ed8de0c30ffb2b2c8541e6",
            "messageTitle": "renamed safe instances of \u0027AddressBook\u0027 to \u0027JelphaBot\u0027",
            "messageBody": "",
            "insertions": 327,
            "deletions": 327
          },
          {
            "hash": "7cfe3be7b58642e229c115773abcf4046c9bdf73",
            "messageTitle": "rename \u0027NameContainsKeywordsPredicate\u0027 to \u0027DescriptionContainsKeywordPredicate\u0027",
            "messageBody": "",
            "insertions": 37,
            "deletions": 37
          },
          {
            "hash": "fe6e89781df1d90cf9914dc2ef9c32373f607bb6",
            "messageTitle": "rename \u0027UniquePersonList\u0027 to \u0027UniqueTaskList\u0027",
            "messageBody": "",
            "insertions": 61,
            "deletions": 62
          },
          {
            "hash": "247e6d83453bdf07ed0845dd130e4dc98791aa74",
            "messageTitle": "rename \u0027isSamePerson\u0027 to \u0027isSameTask\u0027",
            "messageBody": "",
            "insertions": 19,
            "deletions": 19
          },
          {
            "hash": "e8a45c6933d233ece8802e414c0cec3fdc861c87",
            "messageTitle": "removed field Phone added placeholder Status and DateTime classes",
            "messageBody": "",
            "insertions": 228,
            "deletions": 342
          }
        ]
      },
      {
        "insertions": 184,
        "deletions": 222,
        "date": "2020-02-27",
        "commitResults": [
          {
            "hash": "7c3aead36ab033b8afaf162f8e9da99c9f5a87cf",
            "messageTitle": "Edited tests",
            "messageBody": "",
            "insertions": 31,
            "deletions": 71
          },
          {
            "hash": "54ebc45a66dd556812fe1c7a3a3742ac11712916",
            "messageTitle": "Fixed certain warnings in test files",
            "messageBody": "",
            "insertions": 22,
            "deletions": 24
          },
          {
            "hash": "e82de60e8efadbd46618ae8513989c1edbf27a4c",
            "messageTitle": "Updated isValidModuleCode method",
            "messageBody": "",
            "insertions": 4,
            "deletions": 12
          },
          {
            "hash": "6ff1123f48edd14e24b902cf99cec113cde2eca6",
            "messageTitle": "Updated SampleDataUtil with valid Module codes",
            "messageBody": "",
            "insertions": 26,
            "deletions": 13
          },
          {
            "hash": "5f3ef08cd8e6e4ccb4c2b02a274dc99ce8423c35",
            "messageTitle": "Renamed some classes",
            "messageBody": "",
            "insertions": 101,
            "deletions": 102
          }
        ]
      },
      {
        "insertions": 109,
        "deletions": 108,
        "date": "2020-02-28",
        "commitResults": [
          {
            "hash": "e88cc81425eaa852e55d2b32be20b2632fbb0bb6",
            "messageTitle": "Resolved some naming inconsistencies",
            "messageBody": "",
            "insertions": 103,
            "deletions": 103
          },
          {
            "hash": "261db7d0cf1cc7d659c5cf2b30e8825c69099cf8",
            "messageTitle": "Update EditCommand.java",
            "messageBody": "",
            "insertions": 4,
            "deletions": 4
          },
          {
            "hash": "f4f972336a358062e9b441618a2ba2e4cf90c8e2",
            "messageTitle": "Update EditCommand.java",
            "messageBody": "",
            "insertions": 2,
            "deletions": 1
          }
        ]
      },
      {
        "insertions": 1342,
        "deletions": 1005,
        "date": "2020-03-01",
        "commitResults": [
          {
            "hash": "dae24374520dbaa7aa0e08823cf461aa1a552b82",
            "messageTitle": "Removed trailing whitespaces",
            "messageBody": "",
            "insertions": 9,
            "deletions": 9
          },
          {
            "hash": "151acaa967c132a71e2a525f5ce921c22d948732",
            "messageTitle": "Optimised file imports and fixed some naming issues in tests",
            "messageBody": "",
            "insertions": 66,
            "deletions": 79
          },
          {
            "hash": "b6fcddf239b47c3518304361f96482b79e5bba11",
            "messageTitle": "Optimised file imports",
            "messageBody": "",
            "insertions": 5,
            "deletions": 4
          },
          {
            "hash": "6ab770d3fcab1765bb4c4fb2cf09ab4d1be15362",
            "messageTitle": "Optimised file imports",
            "messageBody": "",
            "insertions": 465,
            "deletions": 437
          },
          {
            "hash": "4ff825e4a8004ec9bcf9727287ae687266e74b47",
            "messageTitle": "Removed star imports",
            "messageBody": "",
            "insertions": 65,
            "deletions": 14
          },
          {
            "hash": "42156896e4aad668fde4c38082a13c8a4802c437",
            "messageTitle": "Removed star imports",
            "messageBody": "",
            "insertions": 19,
            "deletions": 5
          },
          {
            "hash": "a6116aa48f39f4a355a9720b8e520f4f852153a8",
            "messageTitle": "Removed star imports",
            "messageBody": "",
            "insertions": 1,
            "deletions": 1
          },
          {
            "hash": "f22fc950382c884607b27a92ef6ceb49f36bb8d7",
            "messageTitle": "Removed star imports",
            "messageBody": "",
            "insertions": 164,
            "deletions": 62
          },
          {
            "hash": "2a6a0cf1d6541ca8b5a18c9b6c7e71cc29be4d32",
            "messageTitle": "Fixed checkstyle violations",
            "messageBody": "",
            "insertions": 72,
            "deletions": 76
          },
          {
            "hash": "ed321d617063a81a3c8ca86715c4ac4221291748",
            "messageTitle": "Fixed checkstyle violations",
            "messageBody": "",
            "insertions": 14,
            "deletions": 10
          },
          {
            "hash": "05d6348523b3eb0286299c03d0072888c89a9eb2",
            "messageTitle": "Fixed checkstyle violations",
            "messageBody": "",
            "insertions": 20,
            "deletions": 14
          },
          {
            "hash": "a8666afa2fd6a258927ab66c3bc0379d47fd7936",
            "messageTitle": "Fixed checkstyle violations",
            "messageBody": "",
            "insertions": 4,
            "deletions": 2
          },
          {
            "hash": "c7670dc5755d5c801f2cbed21e94df347c049e5f",
            "messageTitle": "Fixed checkstyle violations",
            "messageBody": "",
            "insertions": 12,
            "deletions": 6
          },
          {
            "hash": "b1283a9bae7e5ad796c63f73c4c852713f9d825b",
            "messageTitle": "Fixed checkstyle violations",
            "messageBody": "",
            "insertions": 6,
            "deletions": 3
          },
          {
            "hash": "07f7c28ce57d8d80f880e26b61f7b7981f32597b",
            "messageTitle": "Fixed checkstyle violations",
            "messageBody": "",
            "insertions": 13,
            "deletions": 12
          },
          {
            "hash": "17c13ae243ec6880d14460625ecfabdd8e73338f",
            "messageTitle": "Added Priority to EditCommand and AddCommand",
            "messageBody": "",
            "insertions": 298,
            "deletions": 207
          },
          {
            "hash": "5611f668d9f7fb7d7f4b4e241bcc9b18c257ec6f",
            "messageTitle": "rewrote TaskBuilder class",
            "messageBody": "",
            "insertions": 69,
            "deletions": 33
          },
          {
            "hash": "83a8f26d6bce07cd6c0c2a4d779e0b951181091e",
            "messageTitle": "Fixed minor build bugs in FXML files",
            "messageBody": "",
            "insertions": 16,
            "deletions": 9
          },
          {
            "hash": "beafec0d56df41797f7d4a2fb321345abe5dfa6a",
            "messageTitle": "Rewrote error message from \u0027add\u0027 command",
            "messageBody": "",
            "insertions": 24,
            "deletions": 22
          }
        ]
      },
      {
        "insertions": 293,
        "deletions": 251,
        "date": "2020-03-02",
        "commitResults": [
          {
            "hash": "fff7ce0a638fdafbd1a7296f824b082698023570",
            "messageTitle": "Made Priority optional in AddCommand",
            "messageBody": "",
            "insertions": 14,
            "deletions": 11
          },
          {
            "hash": "5071d6353d6837f2c9b5490fa1c278363dce88ae",
            "messageTitle": "Supressed Warnings in AddCommandParser",
            "messageBody": "",
            "insertions": 3,
            "deletions": 0
          },
          {
            "hash": "bb68d1c64084f762e0f8d978b587596485566f74",
            "messageTitle": "EditCommand updated with model classes",
            "messageBody": "",
            "insertions": 5,
            "deletions": 6
          },
          {
            "hash": "14219dc141b827a4840b4d86c2fddd1772e4595f",
            "messageTitle": "EditCommandParser updated with model classes",
            "messageBody": "",
            "insertions": 0,
            "deletions": 1
          },
          {
            "hash": "3833b908878d6b2e61c90ba342158d6461ac1ae7",
            "messageTitle": "Updated SampleTestUtil static data to reflect new model classes (DateTime, Status, Priority, Module Code)",
            "messageBody": "",
            "insertions": 189,
            "deletions": 168
          },
          {
            "hash": "38ac203b68e5c140f5312a614368d9d3f0ebd331",
            "messageTitle": "Updated TaskBuilder to convert strings to enum model classes",
            "messageBody": "",
            "insertions": 12,
            "deletions": 8
          },
          {
            "hash": "d1469177a36b89f3189a6990c1c1b7c81e4dd951",
            "messageTitle": "Updated EditTaskDescriptorBuilder with Model classes",
            "messageBody": "",
            "insertions": 70,
            "deletions": 56
          },
          {
            "hash": "8c216d4219c8fc3388daddb81c730a0c5c25e9b7",
            "messageTitle": "Removed unused import",
            "messageBody": "",
            "insertions": 0,
            "deletions": 1
          }
        ]
      },
      {
        "insertions": 78,
        "deletions": 52,
        "date": "2020-03-03",
        "commitResults": [
          {
            "hash": "808fc81a3ab6e4bb5b3a8007600d448c822b842a",
            "messageTitle": "Updated JsonAdaptedTaskTest with merged TypicalTasks commit.",
            "messageBody": "Added revised TypicalTask fields to JsonAdaptedTaskTest.\nRevised TODO statement.\n",
            "insertions": 78,
            "deletions": 52
          }
        ]
      },
      {
        "insertions": 1442,
        "deletions": 1184,
        "date": "2020-03-04",
        "commitResults": [
          {
            "hash": "1b64fa29a85cb618797abdb7c7fe1cb2988e5b82",
            "messageTitle": "Changed to LF",
            "messageBody": "",
            "insertions": 250,
            "deletions": 250
          },
          {
            "hash": "bb4adb20577cef70766e2ea23be76753bb9549ca",
            "messageTitle": "Changed to LF",
            "messageBody": "",
            "insertions": 369,
            "deletions": 369
          },
          {
            "hash": "9d8963f712b82849c662337f6c1b9552ec506533",
            "messageTitle": "Changed to LF",
            "messageBody": "",
            "insertions": 78,
            "deletions": 78
          },
          {
            "hash": "2005caf99004ff6a8f3fedd0ebaca2c0469cfc8d",
            "messageTitle": "Modified .editorconfig and fixed checkstyle violations for both main and test module",
            "messageBody": "",
            "insertions": 395,
            "deletions": 243
          },
          {
            "hash": "e26468339f4b827d7132b50457df3a2d1a1ce8aa",
            "messageTitle": "Fixed some tests",
            "messageBody": "",
            "insertions": 133,
            "deletions": 119
          },
          {
            "hash": "5e5ff94c5d4d1ef9eed5616b4f6dfbced2d11dc2",
            "messageTitle": "rewrote tests for AddCommandParserTest",
            "messageBody": "",
            "insertions": 217,
            "deletions": 125
          }
        ]
      },
      {
        "insertions": 27,
        "deletions": 30,
        "date": "2020-03-05",
        "commitResults": [
          {
            "hash": "63088c431061e69e7b3f5a24c72ac344b65c0df9",
            "messageTitle": "Update TaskTest.java to distinguish between isSameTask() and Equals()",
            "messageBody": "",
            "insertions": 14,
            "deletions": 2
          },
          {
            "hash": "f0577915b1a707a7e8922afb50ccfdde91e24a58",
            "messageTitle": "Fixed errors in tests",
            "messageBody": "",
            "insertions": 13,
            "deletions": 28
          }
        ]
      },
      {
        "insertions": 9,
        "deletions": 12,
        "date": "2020-03-06",
        "commitResults": [
          {
            "hash": "0657720f274a6ebdb774fd8ed1bc1cc5fa2ad1c8",
            "messageTitle": "Fixed DateTime methods",
            "messageBody": "",
            "insertions": 9,
            "deletions": 12
          }
        ]
      },
      {
        "insertions": 228,
        "deletions": 178,
        "date": "2020-03-08",
        "commitResults": [
          {
            "hash": "0a41f9b399f368db9e56fbddd78feca5849227e5",
            "messageTitle": "Fixed some broken tests: #LogicManagerTest #FindCommandTest #AddCommandParserTest #EditTaskDescriptorTest",
            "messageBody": "Changed how DateTime value is stored\nAdded new tests to cover all public methods in DateTime\n",
            "insertions": 80,
            "deletions": 59
          },
          {
            "hash": "b14dcf2e6a40e86ca4a50403760cfa97f2667c0d",
            "messageTitle": "Fixed some broken tests: #DescriptionContainsKeywordsPredicateTest #JelphabotParserTest #TaskTest",
            "messageBody": "",
            "insertions": 56,
            "deletions": 47
          },
          {
            "hash": "5729cabf203e6f6270edb2382160fb672504031b",
            "messageTitle": "Fixed some broken tests: #JsonAdaptedTaskTest #AddCommandParserTest #FindCommandParserTest #JsonJelphaBotStorageTest #JsonSerializableJelphaBotTest",
            "messageBody": "",
            "insertions": 69,
            "deletions": 57
          },
          {
            "hash": "156748e34d82af75269fc6cc510edad76a88f53e",
            "messageTitle": "fixed checkstyle violations",
            "messageBody": "",
            "insertions": 19,
            "deletions": 12
          },
          {
            "hash": "a07a598ea3e8fea1d37d7f93867aaeaa6f242f7d",
            "messageTitle": "fixed compile error",
            "messageBody": "",
            "insertions": 1,
            "deletions": 0
          },
          {
            "hash": "28b9f325e3fa5556882c6975ba45eb957bd6854c",
            "messageTitle": "fixed checkstyle violation",
            "messageBody": "",
            "insertions": 3,
            "deletions": 3
          }
        ]
      },
      {
        "insertions": 15,
        "deletions": 13,
        "date": "2020-03-09",
        "commitResults": [
          {
            "hash": "641beef13c229885120d763257d94d939d88c568",
            "messageTitle": "Fixed checkstyle violation",
            "messageBody": "",
            "insertions": 15,
            "deletions": 13
          }
        ]
      },
      {
        "insertions": 9,
        "deletions": 35,
        "date": "2020-03-14",
        "commitResults": [
          {
            "hash": "c4ff9633bcc377990991e1cac526e36abdd64d9d",
            "messageTitle": "Update DoneCommandTest.java",
            "messageBody": "Fixed checkstyle violation.\n",
            "insertions": 2,
            "deletions": 1
          },
          {
            "hash": "8ecaad6b2de87644bdbfcf73df1641182ad593d8",
            "messageTitle": "Update TaskTest.java",
            "messageBody": "Fixed checkstyle violation\n",
            "insertions": 0,
            "deletions": 1
          },
          {
            "hash": "1ec7d51fa585f8504b967713b1509df0db52c59e",
            "messageTitle": "Update EditCommand.java",
            "messageBody": "Failing test in EditTaskDescriptortest\n",
            "insertions": 1,
            "deletions": 1
          },
          {
            "hash": "44a91a808dba659a0eb1b949cb16f2fc4bdb3198",
            "messageTitle": "Updated definition of IsSameTask",
            "messageBody": "Tasks are the same if they have the exact same critical fields.\nDoneCommand should check for strict equality: isSameTask but not equal (because status is different).\n",
            "insertions": 6,
            "deletions": 30
          },
          {
            "hash": "3de86a1d78d65d9976d958446bea7197ace75944",
            "messageTitle": "Fixed Checkstyle Violations",
            "messageBody": "",
            "insertions": 0,
            "deletions": 2
          }
        ]
      },
      {
        "insertions": 314,
        "deletions": 52,
        "date": "2020-03-17",
        "commitResults": [
          {
            "hash": "222e31d4daaa436d5e911707f29eb2979f2c4269",
            "messageTitle": "Added TaskWithinDayPredicate (check if travis allows deprecated methods)",
            "messageBody": "Signed-off-by: Thng Yao Jie \u003cyaoz1337@gmail.com\u003e\n",
            "insertions": 49,
            "deletions": 2
          },
          {
            "hash": "2840007a6a5b7acb0420792758f592b3d8b70fb4",
            "messageTitle": "fixed checkstyle violation",
            "messageBody": "Signed-off-by: Thng Yao Jie \u003cyaoz1337@gmail.com\u003e\n",
            "insertions": 1,
            "deletions": 1
          },
          {
            "hash": "8e6fc170beb823fd60cc4e03df16f729ca96708c",
            "messageTitle": "Update DateTime.java",
            "messageBody": "",
            "insertions": 1,
            "deletions": 1
          },
          {
            "hash": "9a3a2298619871a917c7a907b875814ff92c7510",
            "messageTitle": "added command due-today",
            "messageBody": "Signed-off-by: Thng Yao Jie \u003cyaoz1337@gmail.com\u003e\n",
            "insertions": 144,
            "deletions": 37
          },
          {
            "hash": "8a9221f611f7a9b5e8febc17559682ffa62c98a0",
            "messageTitle": "Updated TaskListPanel to filter tasks by time",
            "messageBody": "",
            "insertions": 103,
            "deletions": 2
          },
          {
            "hash": "372b08f4e3391306b9c385f410eab71dd50ac58f",
            "messageTitle": "Fixed checkstyle violation",
            "messageBody": "",
            "insertions": 16,
            "deletions": 9
          }
        ]
      },
      {
        "insertions": 900,
        "deletions": 608,
        "date": "2020-03-19",
        "commitResults": [
          {
            "hash": "f36fd890fd2101466792f6896803181c71ec695a",
            "messageTitle": "Resolved merge conflict",
            "messageBody": "",
            "insertions": 22,
            "deletions": 85
          },
          {
            "hash": "fd8d54f8faab0a482944c7a3a5a14f196f021c2c",
            "messageTitle": "Fixed Checkstyle violation",
            "messageBody": "",
            "insertions": 2,
            "deletions": 1
          },
          {
            "hash": "72198838ba3694346b4eaac03015ce205a7b9cd3",
            "messageTitle": "Fixed Checkstyle violation",
            "messageBody": "",
            "insertions": 6,
            "deletions": 11
          },
          {
            "hash": "ec13366c5694713c37d972ab2395877f8b5c80b4",
            "messageTitle": "Fixed Checkstyle violation",
            "messageBody": "",
            "insertions": 3,
            "deletions": 2
          },
          {
            "hash": "19aecb18f191532fe647fc9851481382f057aab3",
            "messageTitle": "Resolved compile error",
            "messageBody": "",
            "insertions": 9,
            "deletions": 3
          },
          {
            "hash": "3ec5ed1ac27828a582c0eb0f35d06ded4eecac83",
            "messageTitle": "Updated predicate",
            "messageBody": "",
            "insertions": 2,
            "deletions": 1
          },
          {
            "hash": "6a39c6705df01e8b4f16ab90557f6c80b0254a76",
            "messageTitle": "Added TaskDueBeforeDatePredicate and TaskDueAfterDatePredicate",
            "messageBody": "Signed-off-by: Thng Yao Jie \u003cyaoz1337@gmail.com\u003e\n",
            "insertions": 203,
            "deletions": 8
          },
          {
            "hash": "70233dc5a6293058d857176a8b1195c5ffea16f3",
            "messageTitle": "Created SortedTaskList to split UniqueTaskList into different categories.",
            "messageBody": "Signed-off-by: Thng Yao Jie \u003cyaoz1337@gmail.com\u003e\n",
            "insertions": 85,
            "deletions": 3
          },
          {
            "hash": "b43bf14240f06f4b6a9986625f23e0f9b043c5bf",
            "messageTitle": "Created SortedTaskList to split UniqueTaskList into different categories. Created DateUtil class to return updated datetime. Converted TaskDueBeforeDatePredicate, TaskDueAfterDatePredicate, DateUtil to LocalDate and LocalDateTime",
            "messageBody": "Signed-off-by: Thng Yao Jie \u003cyaoz1337@gmail.com\u003e\n",
            "insertions": 98,
            "deletions": 26
          },
          {
            "hash": "8439c2c69e8d6d00286bceabcb1d799f512d30b6",
            "messageTitle": "Updated SortedTaskListPanel to use SortedTaskList",
            "messageBody": "Signed-off-by: Thng Yao Jie \u003cyaoz1337@gmail.com\u003e\n",
            "insertions": 66,
            "deletions": 19
          },
          {
            "hash": "bd81fc3e8a1801782e2613ecba625f91bad50f7a",
            "messageTitle": "Updated SortedTaskListView with overdueTaskList tab",
            "messageBody": "Signed-off-by: Thng Yao Jie \u003cyaoz1337@gmail.com\u003e\n",
            "insertions": 28,
            "deletions": 21
          },
          {
            "hash": "1d55b095a0d2a2e144961f7c5ce916ff32aa7542",
            "messageTitle": "Amended JavaFX version",
            "messageBody": "",
            "insertions": 10,
            "deletions": 7
          },
          {
            "hash": "06c5bd180e8483fa7864fe7edfcb50bc41a228e6",
            "messageTitle": "Removed old predicates, updated all usages",
            "messageBody": "Signed-off-by: Thng Yao Jie \u003cyaoz1337@gmail.com\u003e\n",
            "insertions": 6,
            "deletions": 143
          },
          {
            "hash": "0adaa28896863ae0cda7b9143a0edb1f0b72344c",
            "messageTitle": "Tidied up todo",
            "messageBody": "Signed-off-by: Thng Yao Jie \u003cyaoz1337@gmail.com\u003e\n",
            "insertions": 16,
            "deletions": 18
          },
          {
            "hash": "9ded00c328c2268639dc374c35367cdc2a62f300",
            "messageTitle": "Removed SortedTaskListPanel\u0027s dependency on TaskListPanel.",
            "messageBody": "Signed-off-by: Thng Yao Jie \u003cyaoz1337@gmail.com\u003e\n",
            "insertions": 5,
            "deletions": 8
          },
          {
            "hash": "f94c73bb753100c1de545cee363a97f5c28de932",
            "messageTitle": "Fixed checkstyle violations.",
            "messageBody": "Signed-off-by: Thng Yao Jie \u003cyaoz1337@gmail.com\u003e\n",
            "insertions": 56,
            "deletions": 9
          },
          {
            "hash": "c8815fda3f45d06fd8b484b60c16ad33f102ecc7",
            "messageTitle": "Removed DueTodayCommand.java",
            "messageBody": "Signed-off-by: Thng Yao Jie \u003cyaoz1337@gmail.com\u003e\n",
            "insertions": 0,
            "deletions": 54
          },
          {
            "hash": "e3e9b7e9883e284c646be90cacfa0b436d482af5",
            "messageTitle": "restored TaskDueWithinDayPredicate",
            "messageBody": "Signed-off-by: Thng Yao Jie \u003cyaoz1337@gmail.com\u003e\n",
            "insertions": 44,
            "deletions": 0
          },
          {
            "hash": "939ff512ea78b6f1489b640d54d56f5c974f0c00",
            "messageTitle": "Update TaskDueWithinDayPredicate.java",
            "messageBody": "",
            "insertions": 1,
            "deletions": 1
          },
          {
            "hash": "3cf5466dd1173d7b3fba4684398950e181212d3d",
            "messageTitle": "Updated regex of Tag Added SampleDateUtil to provide time-sensitive sample dates Updated SampleDataUtil to always provide time-sensitive sample tasks when no existing save is detected",
            "messageBody": "Signed-off-by: Thng Yao Jie \u003cyaoz1337@gmail.com\u003e\n",
            "insertions": 52,
            "deletions": 23
          },
          {
            "hash": "33a3fd6a1551f98401b64ee7d2cf9544d341b5fb",
            "messageTitle": "Updated SortedTaskListPanel to start with all lists expanded Updated MainWindow to resize with window size",
            "messageBody": "Signed-off-by: Thng Yao Jie \u003cyaoz1337@gmail.com\u003e\n",
            "insertions": 96,
            "deletions": 83
          },
          {
            "hash": "97b19165d1282bf925d503bf4e55363b8999fbbd",
            "messageTitle": "Added javadoc for SampleDateUtil",
            "messageBody": "Signed-off-by: Thng Yao Jie \u003cyaoz1337@gmail.com\u003e\n",
            "insertions": 3,
            "deletions": 0
          },
          {
            "hash": "b943865c66dceca323b8e47221df92bb1bfc2cfe",
            "messageTitle": "checkstyle",
            "messageBody": "Signed-off-by: Thng Yao Jie \u003cyaoz1337@gmail.com\u003e\n",
            "insertions": 2,
            "deletions": 1
          },
          {
            "hash": "032b2d130c41e2d40e8b785ca9156cddf17c2678",
            "messageTitle": "typo",
            "messageBody": "Signed-off-by: Thng Yao Jie \u003cyaoz1337@gmail.com\u003e\n",
            "insertions": 1,
            "deletions": 1
          },
          {
            "hash": "70427ef34338c291f62797fb61b933b809853426",
            "messageTitle": "Tidied some todos",
            "messageBody": "",
            "insertions": 56,
            "deletions": 48
          },
          {
            "hash": "3a1d6c890eaa69a430b22080cb995849d3be5d64",
            "messageTitle": "Removed Deprecated API call in TaskDueWithinDayPredicate",
            "messageBody": "Signed-off-by: Thng Yao Jie \u003cyaoz1337@gmail.com\u003e\n",
            "insertions": 17,
            "deletions": 19
          },
          {
            "hash": "0ec8ccd9f6a0fb7df098729bd3ae5ad3f9516583",
            "messageTitle": "checkstyle",
            "messageBody": "Signed-off-by: Thng Yao Jie \u003cyaoz1337@gmail.com\u003e\n",
            "insertions": 2,
            "deletions": 2
          },
          {
            "hash": "65363923e72d73a99dbc480d66703381378ef480",
            "messageTitle": "checkstyle",
            "messageBody": "Signed-off-by: Thng Yao Jie \u003cyaoz1337@gmail.com\u003e\n",
            "insertions": 1,
            "deletions": 1
          },
          {
            "hash": "76c10b133addc95e5d94e5dd426e2af8e8daaa55",
            "messageTitle": "checkstyle",
            "messageBody": "Signed-off-by: Thng Yao Jie \u003cyaoz1337@gmail.com\u003e\n",
            "insertions": 6,
            "deletions": 6
          },
          {
            "hash": "9a343208cca3924f6895a81ba2d11c4e53ba6a5d",
            "messageTitle": "checkstyle",
            "messageBody": "Signed-off-by: Thng Yao Jie \u003cyaoz1337@gmail.com\u003e\n",
            "insertions": 2,
            "deletions": 4
          }
        ]
      }
    ],
    "yapdianhao": [
      {
        "insertions": 332,
        "deletions": 371,
        "date": "2020-02-21",
        "commitResults": [
          {
            "hash": "947524d2a5a831db59f9458811c9e43971deed66",
            "messageTitle": "renamed Person to Task",
            "messageBody": "",
            "insertions": 308,
            "deletions": 308
          },
          {
            "hash": "6dce97b29a7af63ca422dcb2eba2a7503a78662c",
            "messageTitle": "removed address field",
            "messageBody": "",
            "insertions": 24,
            "deletions": 63
          }
        ]
      },
      {
        "insertions": 480,
        "deletions": 482,
        "date": "2020-03-01",
        "commitResults": [
          {
            "hash": "1f4bc79a014b4eb913100a9ffa1bd43872293d61",
            "messageTitle": "fixed datetime error bug",
            "messageBody": "",
            "insertions": 478,
            "deletions": 479
          },
          {
            "hash": "7c7a26d50a78a1429717e269ed85c1bac0702cb1",
            "messageTitle": "reverted datetime",
            "messageBody": "",
            "insertions": 2,
            "deletions": 3
          }
        ]
      },
      {
        "insertions": 185,
        "deletions": 171,
        "date": "2020-03-02",
        "commitResults": [
          {
            "hash": "06766576807d6d6f0ddb97784d4c457b2da4820b",
            "messageTitle": "rewroted jsonadaptedtasktest",
            "messageBody": "",
            "insertions": 185,
            "deletions": 171
          }
        ]
      },
      {
        "insertions": 33,
        "deletions": 3,
        "date": "2020-03-05",
        "commitResults": [
          {
            "hash": "7c37f8d33276f1fe3bbb883b5dbd71f7e71b9de0",
            "messageTitle": "removed EditTaskDescriptorTest wildcart import",
            "messageBody": "",
            "insertions": 33,
            "deletions": 1
          },
          {
            "hash": "c9ee21cc84d5c5d2f9533728e2a9a56e65ae86ea",
            "messageTitle": "fixed EditTaskDescriptor.java wildcard import",
            "messageBody": "",
            "insertions": 0,
            "deletions": 2
          }
        ]
      },
      {
        "insertions": 3,
        "deletions": 28,
        "date": "2020-03-08",
        "commitResults": [
          {
            "hash": "70594557b166a446ff1bf7a7698022178aed571e",
            "messageTitle": "removed unused imports",
            "messageBody": "",
            "insertions": 0,
            "deletions": 21
          },
          {
            "hash": "c63f9758dd4ef880384421f914ae3115a249be71",
            "messageTitle": "reordered imports to lexographical order",
            "messageBody": "",
            "insertions": 3,
            "deletions": 5
          },
          {
            "hash": "a9dc91f31ddd10f55ee53932970b50d2b239df55",
            "messageTitle": "removed typicaltasks wildcard imports",
            "messageBody": "",
            "insertions": 0,
            "deletions": 2
          }
        ]
      },
      {
        "insertions": 2,
        "deletions": 3,
        "date": "2020-03-14",
        "commitResults": [
          {
            "hash": "a2a8af251c0e305bf40fbfaa4cb383764647a610",
            "messageTitle": "fixed execute_validIndexUnfilteredList_success test",
            "messageBody": "",
            "insertions": 1,
            "deletions": 1
          },
          {
            "hash": "748be29859f0d606697d8970e2417102048c4517",
            "messageTitle": "fixed execute_validIndexFilteredList_success failed test",
            "messageBody": "",
            "insertions": 1,
            "deletions": 2
          }
        ]
      },
      {
        "insertions": 97,
        "deletions": 6,
        "date": "2020-03-18",
        "commitResults": [
          {
            "hash": "131f8a4620d28ee02012942badc975a9525c557f",
            "messageTitle": "added reminder command",
            "messageBody": "",
            "insertions": 88,
            "deletions": 0
          },
          {
            "hash": "ed8da43214d246e9d7187299c2e583e82ab43105",
            "messageTitle": "fixed checkstyle violations",
            "messageBody": "",
            "insertions": 9,
            "deletions": 6
          }
        ]
      }
    ],
    "Clouddoggo": [
      {
        "insertions": 139,
        "deletions": 31,
        "date": "2020-02-26",
        "commitResults": [
          {
            "hash": "938c0cad4b03eb243f12a27aa211bdee727742da",
            "messageTitle": "add datetime fields and commands",
            "messageBody": "",
            "insertions": 138,
            "deletions": 30
          },
          {
            "hash": "2436bee5e7be965f752fe01265f03eec4dd47602",
            "messageTitle": "remove getAddress in PersonUtil",
            "messageBody": "",
            "insertions": 1,
            "deletions": 1
          }
        ]
      },
      {
        "insertions": 37,
        "deletions": 34,
        "date": "2020-02-27",
        "commitResults": [
          {
            "hash": "81323b5c327f92a18897eb38517321a01ce76338",
            "messageTitle": "fix use of empty DateTime constructor",
            "messageBody": "",
            "insertions": 29,
            "deletions": 29
          },
          {
            "hash": "f9298e9eed9321c6e68c8fc78191291a6cf20870",
            "messageTitle": "add DateTime to JsonAdaptedTask constructor",
            "messageBody": "",
            "insertions": 8,
            "deletions": 5
          }
        ]
      },
      {
        "insertions": 204,
        "deletions": 194,
        "date": "2020-02-28",
        "commitResults": [
          {
            "hash": "19fd7342f714e2f624c2ff39236eba67b20abd17",
            "messageTitle": "add datetime to messages",
            "messageBody": "",
            "insertions": 176,
            "deletions": 170
          },
          {
            "hash": "9ad2cf61713d90376f77c5196406bc946f790fb6",
            "messageTitle": "remove trailing whitespace",
            "messageBody": "",
            "insertions": 28,
            "deletions": 24
          }
        ]
      },
      {
        "insertions": 250,
        "deletions": 215,
        "date": "2020-03-01",
        "commitResults": [
          {
            "hash": "f4852192b831f4fe0c4fc8b13cb1377f0112fb9f",
            "messageTitle": "add tests for model package",
            "messageBody": "",
            "insertions": 250,
            "deletions": 215
          }
        ]
      },
      {
        "insertions": 360,
        "deletions": 377,
        "date": "2020-03-02",
        "commitResults": [
          {
            "hash": "9d1bc802c1aff0df9408279dc175a63b936eed1d",
            "messageTitle": "renamed test tasks in TypicalTasks",
            "messageBody": "",
            "insertions": 360,
            "deletions": 377
          }
        ]
      },
      {
        "insertions": 899,
        "deletions": 906,
        "date": "2020-03-04",
        "commitResults": [
          {
            "hash": "4a6e411f22ee90a3795edb15c32db00727f9d445",
            "messageTitle": "fix Task tests and checkstyle",
            "messageBody": "",
            "insertions": 41,
            "deletions": 49
          },
          {
            "hash": "029c16c644df0a81e9c29f74dc856f9a5c206bf2",
            "messageTitle": "replace CRLF with LF",
            "messageBody": "",
            "insertions": 858,
            "deletions": 857
          }
        ]
      },
      {
        "insertions": 18,
        "deletions": 22,
        "date": "2020-03-05",
        "commitResults": [
          {
            "hash": "746079700780aa45a72faf24e1eab8829a1fe264",
            "messageTitle": "fix tests",
            "messageBody": "",
            "insertions": 18,
            "deletions": 22
          }
        ]
      },
      {
        "insertions": 12,
        "deletions": 9,
        "date": "2020-03-08",
        "commitResults": [
          {
            "hash": "fc688533bc3e7a2fb93399a4c6b6109f2de7c75b",
            "messageTitle": "fix tests",
            "messageBody": "",
            "insertions": 10,
            "deletions": 7
          },
          {
            "hash": "327c91ef958f2d0a4ae9190fa49b14c3a728b0fb",
            "messageTitle": "replace slash with whitespace for 1 datetime format",
            "messageBody": "",
            "insertions": 2,
            "deletions": 2
          }
        ]
      },
      {
        "insertions": 146,
        "deletions": 145,
        "date": "2020-03-13",
        "commitResults": [
          {
            "hash": "fe1ee79b284e6e14b6235b4b7a741fe9ac210393",
            "messageTitle": "convert all person methods to task",
            "messageBody": "",
            "insertions": 117,
            "deletions": 120
          },
          {
            "hash": "e158356285e2e4adb13b798d30111d4ba2fffa05",
            "messageTitle": "fix checkstyle violations",
            "messageBody": "",
            "insertions": 28,
            "deletions": 24
          },
          {
            "hash": "a5ab592b6c8a0a2a5b20620fda37b02e1596d98b",
            "messageTitle": "fix failing tests",
            "messageBody": "",
            "insertions": 1,
            "deletions": 1
          }
        ]
      },
      {
        "insertions": 7,
        "deletions": 4,
        "date": "2020-03-14",
        "commitResults": [
          {
            "hash": "f69c4a589a2f2deaaf79bd47aee0193a53847f11",
            "messageTitle": "update equals test in TaskTest",
            "messageBody": "",
            "insertions": 7,
            "deletions": 4
          }
        ]
      },
      {
        "insertions": 215,
        "deletions": 2,
        "date": "2020-03-16",
        "commitResults": [
          {
            "hash": "82782942204dc581558ccbfaed856b4c74f7d30f",
            "messageTitle": "add stop and start timer classes",
            "messageBody": "",
            "insertions": 215,
            "deletions": 2
          }
        ]
      },
      {
        "insertions": 212,
        "deletions": 35,
        "date": "2020-03-17",
        "commitResults": [
          {
            "hash": "e4432ae13ab6709ac43b104bc8ea38a352fbdd28",
            "messageTitle": "add JavaFX panel for productivity model",
            "messageBody": "",
            "insertions": 193,
            "deletions": 27
          },
          {
            "hash": "dcb61ad98ccc30baf5ed20919303d0524ba0c21e",
            "messageTitle": "fix checkstyle violations",
            "messageBody": "",
            "insertions": 19,
            "deletions": 8
          }
        ]
      },
      {
        "insertions": 261,
        "deletions": 144,
        "date": "2020-03-18",
        "commitResults": [
          {
            "hash": "ea2de0d095da8c1f2a32c0f7cc9d52d874accd7f",
            "messageTitle": "Remove productivity UI elements",
            "messageBody": "",
            "insertions": 196,
            "deletions": 109
          },
          {
            "hash": "68699b25a32a5d87a8d7119909207436d4856f22",
            "messageTitle": "fix checkstyle violations",
            "messageBody": "",
            "insertions": 54,
            "deletions": 26
          },
          {
            "hash": "1d8dfabadc40a3f9904836988e759a00d07d3bc6",
            "messageTitle": "fix feedback message on stopping timer",
            "messageBody": "",
            "insertions": 8,
            "deletions": 3
          },
          {
            "hash": "f01bd6fa42729a2e3156d9e6b95d6a6bf243ddf8",
            "messageTitle": "fix checkstyle",
            "messageBody": "",
            "insertions": 3,
            "deletions": 6
          }
        ]
      },
      {
        "insertions": 1,
        "deletions": 1,
        "date": "2020-03-19",
        "commitResults": [
          {
            "hash": "ac16c094bef03205e49e3d9e6ec9387debe3e322",
            "messageTitle": "modify url link for help",
            "messageBody": "",
            "insertions": 1,
            "deletions": 1
          }
        ]
      },
      {
        "insertions": 39,
        "deletions": 0,
        "date": "2020-03-20",
        "commitResults": [
          {
            "hash": "b1d8da89c10c7b2dcd636b3d1d18480b7443b873",
            "messageTitle": "add ProducitvityList class",
            "messageBody": "",
            "insertions": 39,
            "deletions": 0
          }
        ]
      },
      {
        "insertions": 318,
        "deletions": 180,
        "date": "2020-03-23",
        "commitResults": [
          {
            "hash": "39825221f866fc143c3e3c7174ed603d2a3f0c6d",
            "messageTitle": "allow switching to productivity tab via command word",
            "messageBody": "",
            "insertions": 169,
            "deletions": 63
          },
          {
            "hash": "033b749e44ce330f5cbb9bb940eadfba449e5f40",
            "messageTitle": "remove debugging statement",
            "messageBody": "",
            "insertions": 0,
            "deletions": 1
          },
          {
            "hash": "30ff4973144ba7b8a6e1948c62d77e6c90b0dcd9",
            "messageTitle": "throw error for starting multiple timers for same task",
            "messageBody": "",
            "insertions": 6,
            "deletions": 46
          },
          {
            "hash": "d245a3f0ef3724e126371cac3ca263da795bb30c",
            "messageTitle": "enable deleting of tasks with no running timer",
            "messageBody": "",
            "insertions": 13,
            "deletions": 6
          },
          {
            "hash": "d2b23983ebddfd267c2246aa4dabd9766c58be55",
            "messageTitle": "fill up productivity card",
            "messageBody": "",
            "insertions": 0,
            "deletions": 0
          },
          {
            "hash": "98e3f7c5a14b7ca4180a1d8dfed15524b1f0a07b",
            "messageTitle": "add messages for productivity panel",
            "messageBody": "",
            "insertions": 86,
            "deletions": 36
          },
          {
            "hash": "3d705628b5ed8cabbef103414ba70aa2112b6dbb",
            "messageTitle": "fill productivity panel",
            "messageBody": "",
            "insertions": 44,
            "deletions": 28
          }
        ]
      }
    ],
    "eedenong": [
      {
        "insertions": 55,
        "deletions": 25,
        "date": "2020-02-27",
        "commitResults": [
          {
            "hash": "46a9051db2c5a0753606c1347d75a88ba91fd534",
            "messageTitle": "Added and edited EditCommand, AddCommandParser, SampleDataUtil and Task classes to support status",
            "messageBody": "",
            "insertions": 25,
            "deletions": 10
          },
          {
            "hash": "dd2d9e20a4d66cab2a0a19404edf6b6a0b4f8914",
            "messageTitle": "Edited JsonAdaptedTask to handle the Status enum type",
            "messageBody": "",
            "insertions": 7,
            "deletions": 6
          },
          {
            "hash": "0625e16bdeead5e529e57a5f426414c1693bf7dc",
            "messageTitle": "Updated TaskCard to have a status FXML element",
            "messageBody": "",
            "insertions": 5,
            "deletions": 1
          },
          {
            "hash": "68cd145f3ac4fb0521c54f138ee58b6034c67377",
            "messageTitle": "Fixed bug in UI where the elements did not display",
            "messageBody": "",
            "insertions": 2,
            "deletions": 1
          },
          {
            "hash": "9a69e901008e770179b650b4215f2e90cc8aa837",
            "messageTitle": "Updated EditCommand equals to check status",
            "messageBody": "",
            "insertions": 1,
            "deletions": 0
          },
          {
            "hash": "95eb400b22c9e55d418427dc6e1c8263d90082dc",
            "messageTitle": "Fixed module code formatting in SampleDataUtil",
            "messageBody": "",
            "insertions": 15,
            "deletions": 7
          }
        ]
      },
      {
        "insertions": 303,
        "deletions": 283,
        "date": "2020-03-01",
        "commitResults": [
          {
            "hash": "1dd336fcc8aed3f60cccc30e5e5aaf2a2bea7287",
            "messageTitle": "Added Priority class to Model",
            "messageBody": "(Done by @eedenong)\nCreated Priority enum class. Updated Task constructor to take in Priority as an argument. Updated EditCommand, AddCommandParser, JsonAdaptedTask, and SampleDataUtil to reflect these changes\n",
            "insertions": 30,
            "deletions": 10
          },
          {
            "hash": "8fdcbbe9b2f4c533a4751a0a1663bb542f26a424",
            "messageTitle": "Renamed JelphaBotParserTest, JelphaBotTest, JsonJelphaBotStorageTest, JelphaBotBuilder, TaskBuilder, TaskUtil to reflect the actual class name",
            "messageBody": "",
            "insertions": 273,
            "deletions": 273
          }
        ]
      },
      {
        "insertions": 860,
        "deletions": 783,
        "date": "2020-03-02",
        "commitResults": [
          {
            "hash": "73851daa5c2a7969a307d159e48ba15e775a7f59",
            "messageTitle": "Edited Javadoc for Priority.java",
            "messageBody": "",
            "insertions": 55,
            "deletions": 56
          },
          {
            "hash": "ceb6787831081e5b5ccd61f3c98f4415afd66b40",
            "messageTitle": "Added different supported date time formats, namely: MMM/d/yyyy HH mm, d/M/y HH mm, dd MM yyyy HH mm",
            "messageBody": "",
            "insertions": 78,
            "deletions": 63
          },
          {
            "hash": "157ddc6e818fa115f5642b9ab02206c941d8f238",
            "messageTitle": "Updated SampleDataUtil with Tasks that use the newly added DateTime formats",
            "messageBody": "",
            "insertions": 62,
            "deletions": 56
          },
          {
            "hash": "14cefba2ffd1af79f90714a98e67b4a24b91af3f",
            "messageTitle": "Updated MESSAGE_CONSTRAINTS to reflect updated date formats",
            "messageBody": "",
            "insertions": 3,
            "deletions": 10
          },
          {
            "hash": "f03c684bbbb3480b61581f23ccee7b379d9f1388",
            "messageTitle": "Renamed Persons to Tasks in files JelphaBotTest and JelphaBotBuilder",
            "messageBody": "",
            "insertions": 459,
            "deletions": 459
          },
          {
            "hash": "ba61e8b1a2de7c4cb604bf44c1ee15863ba5cc2b",
            "messageTitle": "Added format field and getDateFormat method to DateTime class. Updated Priority class to indicate that the default priority is MEDIUM",
            "messageBody": "",
            "insertions": 31,
            "deletions": 1
          },
          {
            "hash": "1a35fe4820fe449e20de79aa746e3228ee03d7f8",
            "messageTitle": "Updated Priority class to reflect the priority constraints on invalid priority input",
            "messageBody": "",
            "insertions": 4,
            "deletions": 3
          },
          {
            "hash": "be603140d3b89cd1ffb31b462739132ef4d59128",
            "messageTitle": "Updated test cases in DateTimeTest",
            "messageBody": "",
            "insertions": 42,
            "deletions": 38
          },
          {
            "hash": "6d3fea02d733a0a800436ac0fd8410b2d708479c",
            "messageTitle": "Added test case for invalid time format",
            "messageBody": "",
            "insertions": 1,
            "deletions": 0
          },
          {
            "hash": "dd0da5839427060279fdda6598b8487b62ab8ef1",
            "messageTitle": "Changed DateTime to reflect to user that only one date time format is supported, but kept support for other date time formats",
            "messageBody": "",
            "insertions": 2,
            "deletions": 6
          },
          {
            "hash": "3abd84e132a849070017f32250acc14daca7184e",
            "messageTitle": "Updated DateTime class to store the date in the format of MMM-d-yyyy HH mm, but still able to accept other formats",
            "messageBody": "",
            "insertions": 13,
            "deletions": 2
          },
          {
            "hash": "a2eead367431f8ed02a795bf828bbf757cc7eb71",
            "messageTitle": "Added final static string for a standard format in DateTime",
            "messageBody": "",
            "insertions": 3,
            "deletions": 1
          },
          {
            "hash": "23562df77c7951ead7eccd69a28ada47449ffa2f",
            "messageTitle": "Updated DateTime class to have a display format and a standard format, where the display format will be the one that is printed to the user while standard format is the input format",
            "messageBody": "",
            "insertions": 105,
            "deletions": 87
          },
          {
            "hash": "3f3897cbab9d458aeb83b6c646d2edb4de7d6f47",
            "messageTitle": "Updated test cases in DateTimeTest",
            "messageBody": "",
            "insertions": 2,
            "deletions": 1
          }
        ]
      },
      {
        "insertions": 28,
        "deletions": 13,
        "date": "2020-03-04",
        "commitResults": [
          {
            "hash": "9d48e5e23530a87c2cf40f094d23b9464ff78d76",
            "messageTitle": "Updated test cases in DateTimeTest.java",
            "messageBody": "",
            "insertions": 28,
            "deletions": 13
          }
        ]
      },
      {
        "insertions": 6,
        "deletions": 2,
        "date": "2020-03-05",
        "commitResults": [
          {
            "hash": "b9ddb7b2450c04d4e43fa87ee97066e79dd111b5",
            "messageTitle": "Fixed empty catch block in DateTime.java",
            "messageBody": "",
            "insertions": 6,
            "deletions": 2
          }
        ]
      },
      {
        "insertions": 20,
        "deletions": 27,
        "date": "2020-03-09",
        "commitResults": [
          {
            "hash": "0dae3da07e232ebd33c2e414b77d2fad7c74a45b",
            "messageTitle": "Fixed failing test in JelphaBotParserTest with regards to EditTaskDescriptorBuilder",
            "messageBody": "",
            "insertions": 20,
            "deletions": 27
          }
        ]
      },
      {
        "insertions": 132,
        "deletions": 3,
        "date": "2020-03-10",
        "commitResults": [
          {
            "hash": "71afd7c23436972ad58ddb25d77d83595eb6cb03",
            "messageTitle": "Created DoneCommand class",
            "messageBody": "",
            "insertions": 82,
            "deletions": 0
          },
          {
            "hash": "3597a96b188c74fd8ce53f54e947f817311f193a",
            "messageTitle": "Added javadocs for methods in the DoneCommand class",
            "messageBody": "",
            "insertions": 21,
            "deletions": 0
          },
          {
            "hash": "f0ca664fd55271143c3f349402d4ddb24ae86066",
            "messageTitle": "Added DoneCommandParser Class and updated JelphaBotParser to handle case for DoneCommand",
            "messageBody": "",
            "insertions": 19,
            "deletions": 2
          },
          {
            "hash": "96acdab61509d861f7b0a7c8b8b985941eb59ab1",
            "messageTitle": "Added relevant javadoc for DoneCommandParser",
            "messageBody": "",
            "insertions": 10,
            "deletions": 1
          }
        ]
      },
      {
        "insertions": 176,
        "deletions": 9,
        "date": "2020-03-11",
        "commitResults": [
          {
            "hash": "2d6402c36756653850830f0a0971e5669e5e1709",
            "messageTitle": "Added DoneCommandTest skeleton class",
            "messageBody": "",
            "insertions": 43,
            "deletions": 1
          },
          {
            "hash": "8ff0f117593f1989446ade42a171e87a916f17dc",
            "messageTitle": "Moved DoneCommandTest to the correct folder",
            "messageBody": "",
            "insertions": 0,
            "deletions": 0
          },
          {
            "hash": "3e15695f4c2f09703ce002f4b90d15bc22ab5144",
            "messageTitle": "Completed DoneCommandTest class",
            "messageBody": "",
            "insertions": 64,
            "deletions": 4
          },
          {
            "hash": "4c660b0d04a3a0d97a28bc41d48646e00935a4ab",
            "messageTitle": "Updated DoneCommand to flag to user if user tries to mark a task that is already complete. Added some tests in DoneCommandTest",
            "messageBody": "",
            "insertions": 38,
            "deletions": 4
          },
          {
            "hash": "adfafde42acb4df15102d6a8a331d855140ffd0f",
            "messageTitle": "Added DoneCommandParserTest",
            "messageBody": "",
            "insertions": 31,
            "deletions": 0
          }
        ]
      },
      {
        "insertions": 3,
        "deletions": 3,
        "date": "2020-03-12",
        "commitResults": [
          {
            "hash": "bf34629269382005c386588bdd87b24cd684951d",
            "messageTitle": "Made changes to DoneCommand and DoneCommandTest",
            "messageBody": "",
            "insertions": 1,
            "deletions": 2
          },
          {
            "hash": "b93aca7e3e926485e30608019272b51a106eb341",
            "messageTitle": "Fixed checkstyle violation in DoneCommand",
            "messageBody": "",
            "insertions": 2,
            "deletions": 1
          }
        ]
      },
      {
        "insertions": 110,
        "deletions": 4,
        "date": "2020-03-16",
        "commitResults": [
          {
            "hash": "d142655aa1b5dac75664d7c969482cc1cc94d671",
            "messageTitle": "Added classes TaskCompletedPredicate, TaskIncompletePredicate, ShowIncompleteCommand, ShowCompletedCommand and modified JelphaBotParser to support these commands. Changed the word Person to Task in DescriptionContainsKeywordPredicate",
            "messageBody": "",
            "insertions": 94,
            "deletions": 0
          },
          {
            "hash": "1ba7158b2cbcd9d9a43a881148b13833df8094ed",
            "messageTitle": "Committed changed files on local",
            "messageBody": "",
            "insertions": 16,
            "deletions": 4
          }
        ]
      },
      {
        "insertions": 640,
        "deletions": 48,
        "date": "2020-03-17",
        "commitResults": [
          {
            "hash": "1b3e35327d17216ecb9d6fa4f7d56966b851dc09",
            "messageTitle": "Added test classes for ShowCompletedCommand, ShowIncompleteCommand, TaskCompletedPredicate, TaskIncompletePredicate and modified CommandTestUtil to help with testing.",
            "messageBody": "",
            "insertions": 112,
            "deletions": 0
          },
          {
            "hash": "c69bf5267ca5fb5a1f3df676826fab83d4291edd",
            "messageTitle": "Completed TaskCompletePredicateTest and TaskIncompletePredicateTest classes",
            "messageBody": "",
            "insertions": 60,
            "deletions": 0
          },
          {
            "hash": "d311778e8706ea457e6b334a5d586d86020dc613",
            "messageTitle": "Fixed checkstyle violations in ShowIncompleteCommand, ShowCompletedCommand, ShowCompletedCommandTest classes",
            "messageBody": "",
            "insertions": 6,
            "deletions": 5
          },
          {
            "hash": "4c3c24d13d4044b79931f5d9c3bf5a903cfdad39",
            "messageTitle": "added skeleton files for MorningCallWindow and MorningCallWindow.fxml",
            "messageBody": "",
            "insertions": 95,
            "deletions": 1
          },
          {
            "hash": "df1a35f49b453b3fe38619b9f93443ab9d716365",
            "messageTitle": "Added base functionality for skeleton (empty) MorningCallWindow to popup on app start",
            "messageBody": "",
            "insertions": 36,
            "deletions": 11
          },
          {
            "hash": "33f3560b58e44d131a2373a4946eb8624eefc43c",
            "messageTitle": "Added API methods to Logic and Model to get tasks list filtered by the predicated COMPLETE and INCOMPLETE. Implemented them in their manager classes. Populated the MorningCallWindow with tasks that are incomplete so far",
            "messageBody": "",
            "insertions": 44,
            "deletions": 0
          },
          {
            "hash": "b9428441212d2d34beb03588ff35c019161f894d",
            "messageTitle": "Fixed whitespace issue on Ui in MorningCallWindow.fxml",
            "messageBody": "",
            "insertions": 7,
            "deletions": 7
          },
          {
            "hash": "10d64948931a72c9623aa2bd8bffb68dc0ade996",
            "messageTitle": "Added method to userPrefs to return custome GUI settings for popup windows. Modified the logic and model APIs, as well as their manager classes to support this new method. Made MorningCallWindow smaller than Mainwindow as specified in TODO",
            "messageBody": "",
            "insertions": 39,
            "deletions": 6
          },
          {
            "hash": "762a46e0efb2ff9213053dc684ebd53205072187",
            "messageTitle": "Added a ResultDisplay box to the MorningCallWindow to inform user that the list is the list of incomplete tasks so far",
            "messageBody": "",
            "insertions": 33,
            "deletions": 10
          },
          {
            "hash": "f06e0eede94a13943c9611ef11c116ce8ca8404d",
            "messageTitle": "Fixed checkstyle violations. Added methods to the ModelStub class in AddCommandTest to fix failing gradle checkstyle tests",
            "messageBody": "",
            "insertions": 19,
            "deletions": 2
          },
          {
            "hash": "7b59a6d0aeb1ed12692fffcc99879cf4e82c1192",
            "messageTitle": "Added test cases to LogicManagerTest and ModelMangerTest to test for the newly added operations",
            "messageBody": "",
            "insertions": 19,
            "deletions": 0
          },
          {
            "hash": "baeebdef0ece94465f2be1a86d5ecc0278a1f3dc",
            "messageTitle": "Fixed checkstyle violation in ModelManagerTest",
            "messageBody": "",
            "insertions": 4,
            "deletions": 1
          },
          {
            "hash": "644a2733764519c111d39a9f3ab86e67499dc3ca",
            "messageTitle": "Created NightDebrief class and NightDebriefWindow.fxml file",
            "messageBody": "",
            "insertions": 135,
            "deletions": 2
          },
          {
            "hash": "b5e88eb25c88bbdd1bd456a851397975b6792332",
            "messageTitle": "Completed the NightDebriefWindow class and the NightDebriefWindow.fxml file. Updated MainWindow class to show the NightDebriefWindow upon the app exiting.",
            "messageBody": "",
            "insertions": 31,
            "deletions": 3
          }
        ]
      },
      {
        "insertions": 114,
        "deletions": 12,
        "date": "2020-03-18",
        "commitResults": [
          {
            "hash": "4bb50d727adae039cb7690c9a417432e6e021c56",
            "messageTitle": "Fixed bug where Tasks in morning call window was updating when tasks in the main window were modified. Added a method to get a list of tasks that were incomplete and due within the day, in the API classes for Logic and Model and their implementing classes ModelManager and LogicManager. Updated MorningCallWindow to call this method.",
            "messageBody": "",
            "insertions": 43,
            "deletions": 8
          },
          {
            "hash": "eba33111cb2cf6c5780c6259cdacd9d6b4588e12",
            "messageTitle": "Updated MorningCallWindow text",
            "messageBody": "",
            "insertions": 1,
            "deletions": 1
          },
          {
            "hash": "e19fc620c007e96a7c0e91160a325f1a28d8beaa",
            "messageTitle": "Updated test cases in ModelManagerTest and LogicManagerTest. Added TaskWithinDayPredicateTest",
            "messageBody": "",
            "insertions": 63,
            "deletions": 0
          },
          {
            "hash": "eb0292346aab09a86b54f159cda3d6519d312574",
            "messageTitle": "Fixed checkstyle violations",
            "messageBody": "",
            "insertions": 7,
            "deletions": 3
          }
        ]
      }
    ],
    "alam8064": [
      {
        "insertions": 75,
        "deletions": 63,
        "date": "2020-02-28",
        "commitResults": [
          {
            "hash": "85b2d32fc83895a4454ee2e74f7f231072b229eb",
            "messageTitle": "update Ui",
            "messageBody": "",
            "insertions": 73,
            "deletions": 61
          },
          {
            "hash": "e7f03446cc050f68494c320924ed80d199b6e645",
            "messageTitle": "update Ui",
            "messageBody": "",
            "insertions": 1,
            "deletions": 1
          },
          {
            "hash": "454fb4f294ed3cfbc96781913b917dda15a02cf0",
            "messageTitle": "update Ui",
            "messageBody": "",
            "insertions": 1,
            "deletions": 1
          }
        ]
      },
      {
        "insertions": 30,
        "deletions": 29,
        "date": "2020-02-29",
        "commitResults": [
          {
            "hash": "372686bc7c7fbb809413bacf897255f9832d1cc4",
            "messageTitle": "updated Add Command and related classes",
            "messageBody": "",
            "insertions": 30,
            "deletions": 29
          }
        ]
      },
      {
        "insertions": 7,
        "deletions": 7,
        "date": "2020-03-14",
        "commitResults": [
          {
            "hash": "c2a53155638645198544e50e4985c03a14d65937",
            "messageTitle": "edited TaskCard and fxml file to enable task id",
            "messageBody": "",
            "insertions": 7,
            "deletions": 7
          }
        ]
      },
      {
        "insertions": 77,
        "deletions": 46,
        "date": "2020-03-16",
        "commitResults": [
          {
            "hash": "5c1501b53186e63569cb304fdf7a9ae7040b970c",
            "messageTitle": "updated MainWindow.fxml to show Tabs",
            "messageBody": "",
            "insertions": 77,
            "deletions": 45
          },
          {
            "hash": "4e809d4efc5bc55b1f857d8f7668aed862ace974",
            "messageTitle": "fix whitespace checkstyle",
            "messageBody": "",
            "insertions": 0,
            "deletions": 1
          }
        ]
      },
      {
        "insertions": 191,
        "deletions": 8,
        "date": "2020-03-17",
        "commitResults": [
          {
            "hash": "df725d4d569d3e51e4cb8265e700533e56e0fe9f",
            "messageTitle": "implemented calendar command on CLI",
            "messageBody": "",
            "insertions": 161,
            "deletions": 1
          },
          {
            "hash": "97f41c55dd00c4034de859cfa529a7eb083c27f0",
            "messageTitle": "implemented calendar command on CLI",
            "messageBody": "",
            "insertions": 11,
            "deletions": 6
          },
          {
            "hash": "3f5f30774843979c99634ab13a48307584a2977b",
            "messageTitle": "add calendar ui classes",
            "messageBody": "",
            "insertions": 18,
            "deletions": 0
          },
          {
            "hash": "0b2c4c3b57bb3519e08947b8615bf24892081cac",
            "messageTitle": "add calendar ui classes",
            "messageBody": "",
            "insertions": 1,
            "deletions": 1
          }
        ]
      },
      {
        "insertions": 79,
        "deletions": 28,
        "date": "2020-03-18",
        "commitResults": [
          {
            "hash": "524fff4f4aca276bf6e5cbdfcce259b359e99984",
            "messageTitle": "remove whitespace from CalendarCommandParser",
            "messageBody": "",
            "insertions": 0,
            "deletions": 2
          },
          {
            "hash": "8f59e1ca5bdcec1b11d0b2b4c2e14234877d8a9d",
            "messageTitle": "fixed checkstyle violations",
            "messageBody": "",
            "insertions": 10,
            "deletions": 7
          },
          {
            "hash": "34790dedc838e1679bee8e01bf03802172c9878c",
            "messageTitle": "figuring out Ui",
            "messageBody": "",
            "insertions": 60,
            "deletions": 11
          },
          {
            "hash": "97932aec37cd53b20eed0d8739afdd8a5fa3c869",
            "messageTitle": "fixed travis",
            "messageBody": "",
            "insertions": 0,
            "deletions": 1
          },
          {
            "hash": "f1fc345308d93bdea98bb9c2ac4978f214e2b6eb",
            "messageTitle": "Update CalendarCommand and Parser to use TaskWithinDayPredicate",
            "messageBody": "",
            "insertions": 9,
            "deletions": 7
          }
        ]
      },
      {
        "insertions": 92,
        "deletions": 88,
        "date": "2020-03-19",
        "commitResults": [
          {
            "hash": "4e42cce5f64511ce7bc84233adfe680361653f25",
            "messageTitle": "Updated Ui for Calender Tab in MainWindow",
            "messageBody": "",
            "insertions": 30,
            "deletions": 13
          },
          {
            "hash": "b7a23889aa98e92a33f2378462d9674638360d76",
            "messageTitle": "minimal changes",
            "messageBody": "",
            "insertions": 8,
            "deletions": 0
          },
          {
            "hash": "edcdfc7341b234d925b7036124ebc4b18e01cd7e",
            "messageTitle": "minimal changes",
            "messageBody": "",
            "insertions": 1,
            "deletions": 2
          },
          {
            "hash": "fb6a14a5ae1337cf593d105031ca07f61a39f9f9",
            "messageTitle": "minimal changes",
            "messageBody": "",
            "insertions": 1,
            "deletions": 1
          },
          {
            "hash": "5b43bd0efa0f33012d1046ce7caa362264bb4fa3",
            "messageTitle": "Created Calendar Task List",
            "messageBody": "",
            "insertions": 28,
            "deletions": 41
          },
          {
            "hash": "68a26f0c3d4c033e8b7daf52937c16fbf98d05ed",
            "messageTitle": "Updated Calendar Command",
            "messageBody": "",
            "insertions": 3,
            "deletions": 3
          },
          {
            "hash": "14e489db43cfe9d2822f40aad6247eb4e6f603d7",
            "messageTitle": "fixed travis",
            "messageBody": "",
            "insertions": 17,
            "deletions": 17
          },
          {
            "hash": "ec6b6b02b8e277edffe0db61f0a8dcd8e1cfe210",
            "messageTitle": "fixed checkstyle violations",
            "messageBody": "",
            "insertions": 4,
            "deletions": 6
          },
          {
            "hash": "8ee58285edddbe9aee564355cff3fd32eb7f2066",
            "messageTitle": "fixed checkstyle violations",
            "messageBody": "",
            "insertions": 0,
            "deletions": 5
          }
        ]
      },
      {
        "insertions": 218,
        "deletions": 61,
        "date": "2020-03-21",
        "commitResults": [
          {
            "hash": "019d53ea154b19f5b88b4b6aed2c8756f0e566fe",
            "messageTitle": "ongoing Calendar implementation",
            "messageBody": "",
            "insertions": 58,
            "deletions": 3
          },
          {
            "hash": "5caca13d81494781ae3c9efb27aff882c997d473",
            "messageTitle": "added CalendarDayCard.java and .fxml classes",
            "messageBody": "",
            "insertions": 38,
            "deletions": 2
          },
          {
            "hash": "344b1d8255b755064799f2e398d910361b468c8d",
            "messageTitle": "managed to show something for calendarPanel",
            "messageBody": "",
            "insertions": 37,
            "deletions": 26
          },
          {
            "hash": "86b647493a0b29212a159bff5d0b803d42da38e6",
            "messageTitle": "minor adjustments to Ui",
            "messageBody": "",
            "insertions": 72,
            "deletions": 23
          },
          {
            "hash": "a3f0fd5e42047c7d311537f3a12d82aa1f9b1b69",
            "messageTitle": "why doesnt travis load",
            "messageBody": "",
            "insertions": 1,
            "deletions": 1
          },
          {
            "hash": "8a1a36ed87a397fbf9862a284a06e9aa69f8db2a",
            "messageTitle": "fixed checkstyle violations",
            "messageBody": "",
            "insertions": 12,
            "deletions": 6
          }
        ]
      },
      {
        "insertions": 1,
        "deletions": 1,
        "date": "2020-03-23",
        "commitResults": [
          {
            "hash": "2071f8f7c5960fa2a5b3f6a6db52864256fd76d5",
            "messageTitle": "testing",
            "messageBody": "",
            "insertions": 1,
            "deletions": 1
          }
        ]
      }
    ]
  },
  "authorFinalContributionMap": {
    "yaojiethng": 3277,
    "yapdianhao": 198,
    "Clouddoggo": 1449,
    "eedenong": 1103,
    "alam8064": 460
  },
  "authorFileTypeContributionMap": {
    "yaojiethng": {
      "java": 3207,
      "md": 1,
      "fxml": 68,
      "sh": 1,
      "bat": 0,
      "gradle": 0,
      "txt": 0
    },
    "yapdianhao": {
      "java": 198,
      "md": 0,
      "fxml": 0,
      "sh": 0,
      "bat": 0,
      "gradle": 0,
      "txt": 0
    },
    "Clouddoggo": {
      "java": 1262,
      "md": 0,
      "fxml": 187,
      "sh": 0,
      "bat": 0,
      "gradle": 0,
      "txt": 0
    },
    "eedenong": {
      "java": 1006,
      "md": 0,
      "fxml": 96,
      "sh": 0,
      "bat": 0,
      "gradle": 1,
      "txt": 0
    },
    "alam8064": {
      "java": 294,
      "md": 0,
      "fxml": 166,
      "sh": 0,
      "bat": 0,
      "gradle": 0,
      "txt": 0
    }
  },
  "authorContributionVariance": {
    "yaojiethng": 745707.06,
    "yapdianhao": 36810.957,
    "Clouddoggo": 104252.61,
    "eedenong": 83707.984,
    "alam8064": 4309.305
  },
  "authorDisplayNameMap": {
    "yaojiethng": "CS2103T-F09-2 THNG.. JIE",
    "yapdianhao": "CS2103T-F09-2 YAP .. HAO",
    "Clouddoggo": "CS2103T-F09-2 LIM .. JEL",
    "eedenong": "CS2103T-F09-2 ONG ..EDEN",
    "alam8064": "CS2103T-F09-2 AMAN..YING"
  }
}
