[
  {
    "path": ".gitignore",
    "fileType": "gitignore",
    "lines": [
      {
        "lineNumber": 1,
        "author": {
          "gitId": "-"
        },
        "content": "# Gradle build files"
      },
      {
        "lineNumber": 2,
        "author": {
          "gitId": "-"
        },
        "content": "/.gradle/"
      },
      {
        "lineNumber": 3,
        "author": {
          "gitId": "-"
        },
        "content": "/build/"
      },
      {
        "lineNumber": 4,
        "author": {
          "gitId": "-"
        },
        "content": "src/main/resources/docs/"
      },
      {
        "lineNumber": 5,
        "author": {
          "gitId": "-"
        },
        "content": ""
      },
      {
        "lineNumber": 6,
        "author": {
          "gitId": "-"
        },
        "content": "# IDEA files"
      },
      {
        "lineNumber": 7,
        "author": {
          "gitId": "-"
        },
        "content": "/.idea/"
      },
      {
        "lineNumber": 8,
        "author": {
          "gitId": "-"
        },
        "content": "/out/"
      },
      {
        "lineNumber": 9,
        "author": {
          "gitId": "-"
        },
        "content": "/*.iml"
      },
      {
        "lineNumber": 10,
        "author": {
          "gitId": "-"
        },
        "content": ""
      },
      {
        "lineNumber": 11,
        "author": {
          "gitId": "-"
        },
        "content": "# Storage/log files"
      },
      {
        "lineNumber": 12,
        "author": {
          "gitId": "-"
        },
        "content": "/data/"
      },
      {
        "lineNumber": 13,
        "author": {
          "gitId": "-"
        },
        "content": "/config.json"
      },
      {
        "lineNumber": 14,
        "author": {
          "gitId": "-"
        },
        "content": "/preferences.json"
      },
      {
        "lineNumber": 15,
        "author": {
          "gitId": "-"
        },
        "content": "/*.log.*"
      },
      {
        "lineNumber": 16,
        "author": {
          "gitId": "-"
        },
        "content": ""
      },
      {
        "lineNumber": 17,
        "author": {
          "gitId": "-"
        },
        "content": "# Test sandbox files"
      },
      {
        "lineNumber": 18,
        "author": {
          "gitId": "-"
        },
        "content": "src/test/data/sandbox/"
      },
      {
        "lineNumber": 19,
        "author": {
          "gitId": "-"
        },
        "content": ""
      },
      {
        "lineNumber": 20,
        "author": {
          "gitId": "-"
        },
        "content": "# MacOS custom attributes files created by Finder"
      },
      {
        "lineNumber": 21,
        "author": {
          "gitId": "-"
        },
        "content": ".DS_Store"
      },
      {
        "lineNumber": 22,
        "author": {
          "gitId": "JKOK005"
        },
        "content": ""
      },
      {
        "lineNumber": 23,
        "author": {
          "gitId": "JKOK005"
        },
        "content": "# Do not add docs folder"
      }
    ],
    "authorContributionMap": {
      "JKOK005": 2,
      "-": 21
    }
  },
  {
    "path": "README.adoc",
    "fileType": "adoc",
    "lines": [
      {
        "lineNumber": 1,
        "author": {
          "gitId": "-"
        },
        "content": "\u003d Address Book (Level 3)"
      },
      {
        "lineNumber": 2,
        "author": {
          "gitId": "-"
        },
        "content": "ifdef::env-github,env-browser[:relfileprefix: docs/]"
      },
      {
        "lineNumber": 3,
        "author": {
          "gitId": "-"
        },
        "content": ""
      },
      {
        "lineNumber": 4,
        "author": {
          "gitId": "JKOK005"
        },
        "content": "https://travis-ci.org/se-edu/addressbook-level3[image:https://travis-ci.org/AY1920S2-CS2103T-W15-1/main.svg?branch\u003dmaster[Build Status]]"
      },
      {
        "lineNumber": 5,
        "author": {
          "gitId": "-"
        },
        "content": "https://coveralls.io/github/se-edu/addressbook-level3?branch\u003dmaster[image:https://coveralls.io/repos/github/se-edu/addressbook-level3/badge.svg?branch\u003dmaster[Coverage Status]]"
      },
      {
        "lineNumber": 6,
        "author": {
          "gitId": "-"
        },
        "content": "https://www.codacy.com/app/damith/addressbook-level3?utm_source\u003dgithub.com\u0026utm_medium\u003dreferral\u0026utm_content\u003dse-edu/addressbook-level3\u0026utm_campaign\u003dBadge_Grade[image:https://api.codacy.com/project/badge/Grade/fc0b7775cf7f4fdeaf08776f3d8e364a[Codacy Badge]]"
      },
      {
        "lineNumber": 7,
        "author": {
          "gitId": "-"
        },
        "content": ""
      },
      {
        "lineNumber": 8,
        "author": {
          "gitId": "-"
        },
        "content": ""
      },
      {
        "lineNumber": 9,
        "author": {
          "gitId": "-"
        },
        "content": "ifdef::env-github[]"
      },
      {
        "lineNumber": 10,
        "author": {
          "gitId": "-"
        },
        "content": "image::docs/images/Ui.png[width\u003d\"600\"]"
      },
      {
        "lineNumber": 11,
        "author": {
          "gitId": "-"
        },
        "content": "endif::[]"
      },
      {
        "lineNumber": 12,
        "author": {
          "gitId": "-"
        },
        "content": ""
      },
      {
        "lineNumber": 13,
        "author": {
          "gitId": "-"
        },
        "content": "ifndef::env-github[]"
      },
      {
        "lineNumber": 14,
        "author": {
          "gitId": "-"
        },
        "content": "image::images/Ui.png[width\u003d\"600\"]"
      },
      {
        "lineNumber": 15,
        "author": {
          "gitId": "-"
        },
        "content": "endif::[]"
      },
      {
        "lineNumber": 16,
        "author": {
          "gitId": "-"
        },
        "content": ""
      },
      {
        "lineNumber": 17,
        "author": {
          "gitId": "-"
        },
        "content": "* This is a desktop Address Book application. It has a GUI but most of the user interactions happen using a CLI (Command Line Interface)."
      },
      {
        "lineNumber": 18,
        "author": {
          "gitId": "-"
        },
        "content": "* It is a Java sample application intended for students learning Software Engineering while using Java as the main programming language."
      },
      {
        "lineNumber": 19,
        "author": {
          "gitId": "-"
        },
        "content": "* It is *written in OOP fashion*. It provides a *reasonably well-written* code example that is *significantly bigger* (around 6 KLoC)than what students usually write in beginner-level SE modules."
      },
      {
        "lineNumber": 20,
        "author": {
          "gitId": "-"
        },
        "content": ""
      },
      {
        "lineNumber": 21,
        "author": {
          "gitId": "-"
        },
        "content": "\u003d\u003d Site Map"
      },
      {
        "lineNumber": 22,
        "author": {
          "gitId": "-"
        },
        "content": ""
      },
      {
        "lineNumber": 23,
        "author": {
          "gitId": "-"
        },
        "content": "* \u003c\u003cUserGuide#, User Guide\u003e\u003e"
      },
      {
        "lineNumber": 24,
        "author": {
          "gitId": "-"
        },
        "content": "* \u003c\u003cDeveloperGuide#, Developer Guide\u003e\u003e"
      },
      {
        "lineNumber": 25,
        "author": {
          "gitId": "-"
        },
        "content": "* \u003c\u003cLearningOutcomes#, Learning Outcomes\u003e\u003e"
      },
      {
        "lineNumber": 26,
        "author": {
          "gitId": "-"
        },
        "content": "* \u003c\u003cAboutUs#, About Us\u003e\u003e"
      },
      {
        "lineNumber": 27,
        "author": {
          "gitId": "-"
        },
        "content": "* \u003c\u003cContactUs#, Contact Us\u003e\u003e"
      },
      {
        "lineNumber": 28,
        "author": {
          "gitId": "-"
        },
        "content": ""
      },
      {
        "lineNumber": 29,
        "author": {
          "gitId": "-"
        },
        "content": "\u003d\u003d Acknowledgements"
      },
      {
        "lineNumber": 30,
        "author": {
          "gitId": "-"
        },
        "content": ""
      },
      {
        "lineNumber": 31,
        "author": {
          "gitId": "-"
        },
        "content": "* Some parts of this sample application were inspired by the excellent http://code.makery.ch/library/javafx-8-tutorial/[Java FX tutorial] by"
      },
      {
        "lineNumber": 32,
        "author": {
          "gitId": "-"
        },
        "content": "_Marco Jakob_."
      },
      {
        "lineNumber": 33,
        "author": {
          "gitId": "-"
        },
        "content": "* Libraries used: https://openjfx.io/[JavaFX], https://github.com/FasterXML/jackson[Jackson], https://github.com/junit-team/junit5[JUnit5]"
      },
      {
        "lineNumber": 34,
        "author": {
          "gitId": "-"
        },
        "content": ""
      },
      {
        "lineNumber": 35,
        "author": {
          "gitId": "-"
        },
        "content": "\u003d\u003d Licence : link:LICENSE[MIT]"
      }
    ],
    "authorContributionMap": {
      "JKOK005": 1,
      "-": 34
    }
  }
]
