{
  "authorDailyContributionsMap": {
    "JKOK005": [
      {
        "insertions": 228,
        "deletions": 18,
        "date": "2020-03-16",
        "commitResults": [
          {
            "hash": "da8c02fc0c81ea112918d45e7576378c20645c63",
            "messageTitle": "Working on defining timestamp class for bluetooth pings",
            "messageBody": "",
            "insertions": 112,
            "deletions": 0
          },
          {
            "hash": "e50ef04a49e80a0f94927099615256ea8370742a",
            "messageTitle": "Fixed bug with class",
            "messageBody": "",
            "insertions": 1,
            "deletions": 1
          },
          {
            "hash": "a8dc7cefc769f6a093b436f408ed2ef87139e7ab",
            "messageTitle": "Added Persons class",
            "messageBody": "",
            "insertions": 25,
            "deletions": 0
          },
          {
            "hash": "abdfd3cae13ae9cafb8cb7b9e3650c5d607dde8d",
            "messageTitle": "Creating bluetooth ping panel and bluetooth ping card classes",
            "messageBody": "",
            "insertions": 90,
            "deletions": 17
          }
        ]
      },
      {
        "insertions": 560,
        "deletions": 47,
        "date": "2020-03-17",
        "commitResults": [
          {
            "hash": "4c712f4d6ddf1f66795ebdcfd58917bc3db3b3a3",
            "messageTitle": "AppLogic interface definitions",
            "messageBody": "",
            "insertions": 41,
            "deletions": 0
          },
          {
            "hash": "5e139f105f9c7c51ecfd46f68843834a953c6749",
            "messageTitle": "Generic types for AppLogics and Conditions",
            "messageBody": "",
            "insertions": 5,
            "deletions": 5
          },
          {
            "hash": "8388b7b23c7d834696a0958c91857af82a158fb9",
            "messageTitle": "AppLogicManager and AppStorage implementation",
            "messageBody": "",
            "insertions": 41,
            "deletions": 5
          },
          {
            "hash": "887cfdd08d38ce2601fddc4248aa5ca591f97a90",
            "messageTitle": "Massive commit ... I lost track of what this commit contains",
            "messageBody": "",
            "insertions": 148,
            "deletions": 14
          },
          {
            "hash": "f765a7f7feaa21545e3aba05fe124e9d0cdb1479",
            "messageTitle": "Major update: - Managed to get the application to display something",
            "messageBody": "",
            "insertions": 325,
            "deletions": 23
          }
        ]
      },
      {
        "insertions": 276,
        "deletions": 25,
        "date": "2020-03-18",
        "commitResults": [
          {
            "hash": "3aeedd37443002eb6a8461fc03aba1a880044635",
            "messageTitle": "Modified AppMainWindow to add command box and panel display functionalities",
            "messageBody": "",
            "insertions": 187,
            "deletions": 11
          },
          {
            "hash": "92316d945273d7165735d53c91734056a8186b23",
            "messageTitle": "Partial implementation of filter commands",
            "messageBody": "",
            "insertions": 89,
            "deletions": 14
          }
        ]
      },
      {
        "insertions": 39,
        "deletions": 11,
        "date": "2020-03-19",
        "commitResults": [
          {
            "hash": "76533c14d42b694c13c8cf05cbcc76134fc2e00b",
            "messageTitle": "Modifications to AppCommandResults",
            "messageBody": "Function to clear display and render new list of bluetoothpings\n",
            "insertions": 39,
            "deletions": 11
          }
        ]
      },
      {
        "insertions": 80,
        "deletions": 15,
        "date": "2020-03-24",
        "commitResults": [
          {
            "hash": "f37586ffbb1117cdffa1c9517ffe6e73767fb63d",
            "messageTitle": "Command parsing refractoring",
            "messageBody": "",
            "insertions": 46,
            "deletions": 7
          },
          {
            "hash": "b76b8cc1df0c4a64f413a65817959e3f0261e8b2",
            "messageTitle": "Doc string for AppCommand interface",
            "messageBody": "",
            "insertions": 9,
            "deletions": 2
          },
          {
            "hash": "35225558b49dc3eee987161689c3b34dbb8dae71",
            "messageTitle": "Filter by timestamp condition",
            "messageBody": "",
            "insertions": 25,
            "deletions": 6
          }
        ]
      },
      {
        "insertions": 227,
        "deletions": 3573,
        "date": "2020-03-29",
        "commitResults": [
          {
            "hash": "849898931b09a4dd4fe42492954fdffca18b04e4",
            "messageTitle": "Fixed label alignment issue with bluetoothping card display",
            "messageBody": "",
            "insertions": 53,
            "deletions": 11
          },
          {
            "hash": "a7ed5c7741e596039abf0cd9feb2e6304f4420b7",
            "messageTitle": "Added filter by user id condition",
            "messageBody": "",
            "insertions": 65,
            "deletions": 3
          },
          {
            "hash": "f978a3cc737a4033786d6d8e2074ed3be25d9382",
            "messageTitle": "Moved contact tracing main app out of package",
            "messageBody": "",
            "insertions": 96,
            "deletions": 0
          },
          {
            "hash": "37a14a3cc896e22fe5cb262dcb6e084720be0fa7",
            "messageTitle": "UBER commit - This commit removes all packages / classes pointing to the old address book - In addition, several refractorings were needed to be done for compatibility with new contract tracing app classes / packages",
            "messageBody": "",
            "insertions": 13,
            "deletions": 3559
          }
        ]
      },
      {
        "insertions": 156,
        "deletions": 0,
        "date": "2020-04-03",
        "commitResults": [
          {
            "hash": "53182d15cf88ce6dbd111cd7cd01fb4e1928af3b",
            "messageTitle": "Added filter by user pairs command and condition",
            "messageBody": "",
            "insertions": 62,
            "deletions": 0
          },
          {
            "hash": "f2ea6e3e1bae1809bcb346f432165cd879878710",
            "messageTitle": "Partial implementation of Aggregator logic",
            "messageBody": "",
            "insertions": 94,
            "deletions": 0
          }
        ]
      },
      {
        "insertions": 381,
        "deletions": 74,
        "date": "2020-04-04",
        "commitResults": [
          {
            "hash": "d6c4647a8473c8a58cba8c053cfb8e25ed34b612",
            "messageTitle": "Partial commit",
            "messageBody": "",
            "insertions": 113,
            "deletions": 50
          },
          {
            "hash": "fb70eb64b30d785ee5a5c346aed28c3587d77ee0",
            "messageTitle": "Refractored display to toggle between different message types",
            "messageBody": "",
            "insertions": 24,
            "deletions": 7
          },
          {
            "hash": "f3dc314a34f0b82e6bd205626ebe374a710ed5d7",
            "messageTitle": "Uber commit - Adding feature to identify dangerous users - Major refractoring of code for switching panel display",
            "messageBody": "",
            "insertions": 244,
            "deletions": 17
          }
        ]
      },
      {
        "insertions": 139,
        "deletions": 55,
        "date": "2020-04-05",
        "commitResults": [
          {
            "hash": "85714b9cfc7c5592de1926ca256236fdad8b04dd",
            "messageTitle": "Partial major refractoring - Adding support for secondary storage",
            "messageBody": "",
            "insertions": 139,
            "deletions": 7
          },
          {
            "hash": "3ebc924bbf655cc1c629a31ebee1eb21b1e29e99",
            "messageTitle": "Removed dependency on central dao for AppLogicManager - DAO is to be inferred on execution time now",
            "messageBody": "",
            "insertions": 0,
            "deletions": 48
          }
        ]
      },
      {
        "insertions": 428,
        "deletions": 107,
        "date": "2020-04-06",
        "commitResults": [
          {
            "hash": "5659d1cc018d3b9a25c2ca5ab4a6e42d4a8c1692",
            "messageTitle": "Completed implementation of UserSummary display",
            "messageBody": "",
            "insertions": 356,
            "deletions": 83
          },
          {
            "hash": "805d313507cbc061ffa162e701db2835f623e2ad",
            "messageTitle": "Used command word \"users\" to list all users - Removed the parsing of any arguments",
            "messageBody": "",
            "insertions": 1,
            "deletions": 11
          },
          {
            "hash": "9ab204f0d75b16d910566c35b9cd50278d9f5381",
            "messageTitle": "Added filter by Person id feature",
            "messageBody": "",
            "insertions": 69,
            "deletions": 11
          },
          {
            "hash": "d0f5502df86e5000add4839a24516730d2a9fa62",
            "messageTitle": "Switched the term user to person - For consistency",
            "messageBody": "",
            "insertions": 2,
            "deletions": 2
          }
        ]
      },
      {
        "insertions": 237,
        "deletions": 62,
        "date": "2020-04-08",
        "commitResults": [
          {
            "hash": "1009e9509c645c872b463f6a853367e44fa60fda",
            "messageTitle": "Added person addition support",
            "messageBody": "",
            "insertions": 172,
            "deletions": 59
          },
          {
            "hash": "e20d71f7cb00a8c6886b72a3b8576d5b1a5ae9e6",
            "messageTitle": "Support spacing in name addition of person",
            "messageBody": "",
            "insertions": 1,
            "deletions": 1
          },
          {
            "hash": "43e66a443e2f4288fa2b6904ca143a8b59efa14b",
            "messageTitle": "Assert mobile numbers have to be integers",
            "messageBody": "",
            "insertions": 1,
            "deletions": 1
          },
          {
            "hash": "dc5f7f2bb2eb5dafd698d08e55c3c7a4ca7e4769",
            "messageTitle": "Support for deletion of person by userid",
            "messageBody": "",
            "insertions": 63,
            "deletions": 1
          }
        ]
      },
      {
        "insertions": 351,
        "deletions": 226,
        "date": "2020-04-12",
        "commitResults": [
          {
            "hash": "a56a2289cd89ef202660ca47e6f78e7e79490580",
            "messageTitle": "Added help command support",
            "messageBody": "",
            "insertions": 181,
            "deletions": 54
          },
          {
            "hash": "c1543a9ebba98196e750b9da7015bbe6c8922bc1",
            "messageTitle": "Modified synthetic data for realistic Epoch timing",
            "messageBody": "",
            "insertions": 150,
            "deletions": 150
          },
          {
            "hash": "579aeb2a752dda9472b66e6fef3eb6cc7becece2",
            "messageTitle": "Bug fix - Must only increment ID by 1",
            "messageBody": "",
            "insertions": 19,
            "deletions": 19
          },
          {
            "hash": "1b82bb61a56df515fd15df3e844987adbd8f56dc",
            "messageTitle": "Removed duplicate NRIC constraint from user guide - Feature freeze. No time to solve problem",
            "messageBody": "Used proper getNric() method to get Person object\u0027s name\n",
            "insertions": 1,
            "deletions": 3
          }
        ]
      }
    ],
    "Yujian-Fu": [
      {
        "insertions": 682,
        "deletions": 110,
        "date": "2020-04-10",
        "commitResults": [
          {
            "hash": "ff2cf3aa983c454c870094f51d49babe3c5613e8",
            "messageTitle": "merge report generation to master",
            "messageBody": "",
            "insertions": 366,
            "deletions": 1
          },
          {
            "hash": "89176c7c907dfdbd01259030edf368ea9159f0f1",
            "messageTitle": "Make changes for PR",
            "messageBody": "",
            "insertions": 0,
            "deletions": 4
          },
          {
            "hash": "afddb8f990b251af40580e346ed9e9f3b755687b",
            "messageTitle": "make changes for PR",
            "messageBody": "",
            "insertions": 10,
            "deletions": 6
          },
          {
            "hash": "a1267842b5ce89785ebff936df8edecfb73c4ee4",
            "messageTitle": "make changes for PR",
            "messageBody": "",
            "insertions": 4,
            "deletions": 5
          },
          {
            "hash": "dedee0f301c5aa5b44b9ba4b0c195919e9e47ce4",
            "messageTitle": "make changes for PR",
            "messageBody": "",
            "insertions": 0,
            "deletions": 2
          },
          {
            "hash": "c3784b1039d7331c2f8c6340c41b2997393ea0a1",
            "messageTitle": "make changes for PR",
            "messageBody": "",
            "insertions": 42,
            "deletions": 44
          },
          {
            "hash": "39f9e835fad95598a973ec90f601dd1d75cebdcc",
            "messageTitle": "make changes for PR",
            "messageBody": "",
            "insertions": 0,
            "deletions": 1
          },
          {
            "hash": "bd14186af47a20601136e61e3650cb1c7397e2c2",
            "messageTitle": "added data points and fix some bugs",
            "messageBody": "",
            "insertions": 239,
            "deletions": 27
          },
          {
            "hash": "3c790049ce591831fdcc59067a6d19b9c1084309",
            "messageTitle": "Add data points and fix a bug",
            "messageBody": "",
            "insertions": 21,
            "deletions": 20
          }
        ]
      },
      {
        "insertions": 268,
        "deletions": 32,
        "date": "2020-04-11",
        "commitResults": [
          {
            "hash": "9d6dd0c6d1fc91481fadb8156097fc680657c7d2",
            "messageTitle": "add report person and help feature",
            "messageBody": "",
            "insertions": 268,
            "deletions": 32
          }
        ]
      },
      {
        "insertions": 150,
        "deletions": 31,
        "date": "2020-04-12",
        "commitResults": [
          {
            "hash": "21b20473559aff9d6cedcdf736766e5b9bf60d96",
            "messageTitle": "modify help feature",
            "messageBody": "",
            "insertions": 142,
            "deletions": 28
          },
          {
            "hash": "e15525b1355ca7504d1066f07858bbdaa9996373",
            "messageTitle": "add report commands to help command list",
            "messageBody": "",
            "insertions": 6,
            "deletions": 1
          },
          {
            "hash": "3c4be44245f836d2432ec2745317b3ff935a4691",
            "messageTitle": "make some modifications",
            "messageBody": "",
            "insertions": 2,
            "deletions": 2
          }
        ]
      }
    ]
  },
  "authorFinalContributionMap": {
    "JKOK005": 2463,
    "Yujian-Fu": 707
  },
  "authorFileTypeContributionMap": {
    "JKOK005": {
      "docs": 0,
      "functional-code": 2463,
      "test-code": 0
    },
    "Yujian-Fu": {
      "docs": 0,
      "functional-code": 704,
      "test-code": 0,
      "other": 3
    }
  },
  "authorContributionVariance": {
    "JKOK005": 254944.19,
    "Yujian-Fu": 12246.752
  },
  "authorDisplayNameMap": {
    "JKOK005": "CS2103-W15-1 JOHA..KANG",
    "Yujian-Fu": "CS2103-W15-1 FU Y..JIAN"
  }
}
