{
  "authorDailyContributionsMap": {
    "JKOK005": [
      {
        "insertions": 1,
        "deletions": 2,
        "date": "2020-02-28",
        "commitResults": [
          {
            "hash": "6568de1482f4ef6112e00986d0d18e9e54a0472f",
            "messageTitle": "Point travis build status to right link",
            "messageBody": "",
            "fileTypesAndContributionMap": {
              "docs": {
                "insertions": 1,
                "deletions": 2
              }
            }
          }
        ]
      },
      {
        "insertions": 15,
        "deletions": 41,
        "date": "2020-03-12",
        "commitResults": [
          {
            "hash": "4d5367bf8455b5afe295dd9a45f647bad05b5bb6",
            "messageTitle": "Modifications to aboutus page",
            "messageBody": "",
            "fileTypesAndContributionMap": {
              "docs": {
                "insertions": 11,
                "deletions": 37
              }
            }
          },
          {
            "hash": "384aa02324c0f55fed88bd526b167858403c3073",
            "messageTitle": "Modified homepage and github",
            "messageBody": "",
            "fileTypesAndContributionMap": {
              "docs": {
                "insertions": 2,
                "deletions": 2
              }
            }
          },
          {
            "hash": "2fded60240f17ff8a25b5110acb799a0615ff414",
            "messageTitle": "Editing contact us details",
            "messageBody": "",
            "fileTypesAndContributionMap": {
              "docs": {
                "insertions": 2,
                "deletions": 2
              }
            }
          }
        ]
      },
      {
        "insertions": 47,
        "deletions": 233,
        "date": "2020-03-14",
        "commitResults": [
          {
            "hash": "21de63063832abaa6a8b619f24f10f8755127c4e",
            "messageTitle": "modifications to developer guide",
            "messageBody": "",
            "fileTypesAndContributionMap": {
              "docs": {
                "insertions": 31,
                "deletions": 231
              }
            }
          },
          {
            "hash": "878cddbaaf48aea663282719d20b0f4a24a3d8d3",
            "messageTitle": "minor bug fix",
            "messageBody": "",
            "fileTypesAndContributionMap": {
              "docs": {
                "insertions": 1,
                "deletions": 1
              }
            }
          },
          {
            "hash": "6a9d24b316fd5ee9d91243ed95ea663aa81717d9",
            "messageTitle": "Addition of Architecture diagram + class definitions",
            "messageBody": "",
            "fileTypesAndContributionMap": {
              "docs": {
                "insertions": 15,
                "deletions": 1
              }
            }
          }
        ]
      },
      {
        "insertions": 228,
        "deletions": 18,
        "date": "2020-03-16",
        "commitResults": [
          {
            "hash": "da8c02fc0c81ea112918d45e7576378c20645c63",
            "messageTitle": "Working on defining timestamp class for bluetooth pings",
            "messageBody": "",
            "fileTypesAndContributionMap": {
              "functional-code": {
                "insertions": 112,
                "deletions": 0
              }
            }
          },
          {
            "hash": "e50ef04a49e80a0f94927099615256ea8370742a",
            "messageTitle": "Fixed bug with class",
            "messageBody": "",
            "fileTypesAndContributionMap": {
              "functional-code": {
                "insertions": 1,
                "deletions": 1
              }
            }
          },
          {
            "hash": "a8dc7cefc769f6a093b436f408ed2ef87139e7ab",
            "messageTitle": "Added Persons class",
            "messageBody": "",
            "fileTypesAndContributionMap": {
              "functional-code": {
                "insertions": 25,
                "deletions": 0
              }
            }
          },
          {
            "hash": "abdfd3cae13ae9cafb8cb7b9e3650c5d607dde8d",
            "messageTitle": "Creating bluetooth ping panel and bluetooth ping card classes",
            "messageBody": "",
            "fileTypesAndContributionMap": {
              "functional-code": {
                "insertions": 90,
                "deletions": 17
              }
            }
          }
        ]
      },
      {
        "insertions": 560,
        "deletions": 47,
        "date": "2020-03-17",
        "commitResults": [
          {
            "hash": "4c712f4d6ddf1f66795ebdcfd58917bc3db3b3a3",
            "messageTitle": "AppLogic interface definitions",
            "messageBody": "",
            "fileTypesAndContributionMap": {
              "functional-code": {
                "insertions": 41,
                "deletions": 0
              }
            }
          },
          {
            "hash": "5e139f105f9c7c51ecfd46f68843834a953c6749",
            "messageTitle": "Generic types for AppLogics and Conditions",
            "messageBody": "",
            "fileTypesAndContributionMap": {
              "functional-code": {
                "insertions": 4,
                "deletions": 5
              },
              "other": {
                "insertions": 1,
                "deletions": 0
              }
            }
          },
          {
            "hash": "8388b7b23c7d834696a0958c91857af82a158fb9",
            "messageTitle": "AppLogicManager and AppStorage implementation",
            "messageBody": "",
            "fileTypesAndContributionMap": {
              "functional-code": {
                "insertions": 41,
                "deletions": 5
              }
            }
          },
          {
            "hash": "887cfdd08d38ce2601fddc4248aa5ca591f97a90",
            "messageTitle": "Massive commit ... I lost track of what this commit contains",
            "messageBody": "",
            "fileTypesAndContributionMap": {
              "functional-code": {
                "insertions": 148,
                "deletions": 14
              }
            }
          },
          {
            "hash": "f765a7f7feaa21545e3aba05fe124e9d0cdb1479",
            "messageTitle": "Major update: - Managed to get the application to display something",
            "messageBody": "",
            "fileTypesAndContributionMap": {
              "functional-code": {
                "insertions": 325,
                "deletions": 23
              }
            }
          }
        ]
      },
      {
        "insertions": 276,
        "deletions": 25,
        "date": "2020-03-18",
        "commitResults": [
          {
            "hash": "3aeedd37443002eb6a8461fc03aba1a880044635",
            "messageTitle": "Modified AppMainWindow to add command box and panel display functionalities",
            "messageBody": "",
            "fileTypesAndContributionMap": {
              "functional-code": {
                "insertions": 187,
                "deletions": 11
              }
            }
          },
          {
            "hash": "92316d945273d7165735d53c91734056a8186b23",
            "messageTitle": "Partial implementation of filter commands",
            "messageBody": "",
            "fileTypesAndContributionMap": {
              "functional-code": {
                "insertions": 89,
                "deletions": 14
              }
            }
          }
        ]
      },
      {
        "insertions": 39,
        "deletions": 11,
        "date": "2020-03-19",
        "commitResults": [
          {
            "hash": "76533c14d42b694c13c8cf05cbcc76134fc2e00b",
            "messageTitle": "Modifications to AppCommandResults",
            "messageBody": "Function to clear display and render new list of bluetoothpings\n",
            "fileTypesAndContributionMap": {
              "functional-code": {
                "insertions": 39,
                "deletions": 11
              }
            }
          }
        ]
      },
      {
        "insertions": 80,
        "deletions": 15,
        "date": "2020-03-24",
        "commitResults": [
          {
            "hash": "f37586ffbb1117cdffa1c9517ffe6e73767fb63d",
            "messageTitle": "Command parsing refractoring",
            "messageBody": "",
            "fileTypesAndContributionMap": {
              "functional-code": {
                "insertions": 46,
                "deletions": 7
              }
            }
          },
          {
            "hash": "b76b8cc1df0c4a64f413a65817959e3f0261e8b2",
            "messageTitle": "Doc string for AppCommand interface",
            "messageBody": "",
            "fileTypesAndContributionMap": {
              "functional-code": {
                "insertions": 9,
                "deletions": 2
              }
            }
          },
          {
            "hash": "35225558b49dc3eee987161689c3b34dbb8dae71",
            "messageTitle": "Filter by timestamp condition",
            "messageBody": "",
            "fileTypesAndContributionMap": {
              "functional-code": {
                "insertions": 25,
                "deletions": 6
              }
            }
          }
        ]
      },
      {
        "insertions": 227,
        "deletions": 3573,
        "date": "2020-03-29",
        "commitResults": [
          {
            "hash": "849898931b09a4dd4fe42492954fdffca18b04e4",
            "messageTitle": "Fixed label alignment issue with bluetoothping card display",
            "messageBody": "",
            "fileTypesAndContributionMap": {
              "functional-code": {
                "insertions": 53,
                "deletions": 11
              }
            }
          },
          {
            "hash": "a7ed5c7741e596039abf0cd9feb2e6304f4420b7",
            "messageTitle": "Added filter by user id condition",
            "messageBody": "",
            "fileTypesAndContributionMap": {
              "functional-code": {
                "insertions": 65,
                "deletions": 3
              }
            }
          },
          {
            "hash": "f978a3cc737a4033786d6d8e2074ed3be25d9382",
            "messageTitle": "Moved contact tracing main app out of package",
            "messageBody": "",
            "fileTypesAndContributionMap": {
              "functional-code": {
                "insertions": 96,
                "deletions": 0
              }
            }
          },
          {
            "hash": "37a14a3cc896e22fe5cb262dcb6e084720be0fa7",
            "messageTitle": "UBER commit - This commit removes all packages / classes pointing to the old address book - In addition, several refractorings were needed to be done for compatibility with new contract tracing app classes / packages",
            "messageBody": "",
            "fileTypesAndContributionMap": {
              "functional-code": {
                "insertions": 13,
                "deletions": 3483
              },
              "test-code": {
                "insertions": 0,
                "deletions": 76
              }
            }
          }
        ]
      },
      {
        "insertions": 206,
        "deletions": 44,
        "date": "2020-04-03",
        "commitResults": [
          {
            "hash": "85c5f4253f8f2e0c0e3ee9e1589f991468ee9bc9",
            "messageTitle": "Updating user guide for latest features",
            "messageBody": "",
            "fileTypesAndContributionMap": {
              "docs": {
                "insertions": 50,
                "deletions": 44
              }
            }
          },
          {
            "hash": "53182d15cf88ce6dbd111cd7cd01fb4e1928af3b",
            "messageTitle": "Added filter by user pairs command and condition",
            "messageBody": "",
            "fileTypesAndContributionMap": {
              "functional-code": {
                "insertions": 62,
                "deletions": 0
              }
            }
          },
          {
            "hash": "f2ea6e3e1bae1809bcb346f432165cd879878710",
            "messageTitle": "Partial implementation of Aggregator logic",
            "messageBody": "",
            "fileTypesAndContributionMap": {
              "functional-code": {
                "insertions": 94,
                "deletions": 0
              }
            }
          }
        ]
      },
      {
        "insertions": 381,
        "deletions": 74,
        "date": "2020-04-04",
        "commitResults": [
          {
            "hash": "d6c4647a8473c8a58cba8c053cfb8e25ed34b612",
            "messageTitle": "Partial commit",
            "messageBody": "",
            "fileTypesAndContributionMap": {
              "functional-code": {
                "insertions": 105,
                "deletions": 43
              },
              "other": {
                "insertions": 8,
                "deletions": 7
              }
            }
          },
          {
            "hash": "fb70eb64b30d785ee5a5c346aed28c3587d77ee0",
            "messageTitle": "Refractored display to toggle between different message types",
            "messageBody": "",
            "fileTypesAndContributionMap": {
              "functional-code": {
                "insertions": 24,
                "deletions": 7
              }
            }
          },
          {
            "hash": "f3dc314a34f0b82e6bd205626ebe374a710ed5d7",
            "messageTitle": "Uber commit - Adding feature to identify dangerous users - Major refractoring of code for switching panel display",
            "messageBody": "",
            "fileTypesAndContributionMap": {
              "functional-code": {
                "insertions": 244,
                "deletions": 17
              }
            }
          }
        ]
      },
      {
        "insertions": 139,
        "deletions": 55,
        "date": "2020-04-05",
        "commitResults": [
          {
            "hash": "85714b9cfc7c5592de1926ca256236fdad8b04dd",
            "messageTitle": "Partial major refractoring - Adding support for secondary storage",
            "messageBody": "",
            "fileTypesAndContributionMap": {
              "functional-code": {
                "insertions": 139,
                "deletions": 7
              }
            }
          },
          {
            "hash": "3ebc924bbf655cc1c629a31ebee1eb21b1e29e99",
            "messageTitle": "Removed dependency on central dao for AppLogicManager - DAO is to be inferred on execution time now",
            "messageBody": "",
            "fileTypesAndContributionMap": {
              "functional-code": {
                "insertions": 0,
                "deletions": 48
              }
            }
          }
        ]
      },
      {
        "insertions": 428,
        "deletions": 107,
        "date": "2020-04-06",
        "commitResults": [
          {
            "hash": "5659d1cc018d3b9a25c2ca5ab4a6e42d4a8c1692",
            "messageTitle": "Completed implementation of UserSummary display",
            "messageBody": "",
            "fileTypesAndContributionMap": {
              "functional-code": {
                "insertions": 356,
                "deletions": 83
              }
            }
          },
          {
            "hash": "805d313507cbc061ffa162e701db2835f623e2ad",
            "messageTitle": "Used command word \"users\" to list all users - Removed the parsing of any arguments",
            "messageBody": "",
            "fileTypesAndContributionMap": {
              "functional-code": {
                "insertions": 1,
                "deletions": 11
              }
            }
          },
          {
            "hash": "9ab204f0d75b16d910566c35b9cd50278d9f5381",
            "messageTitle": "Added filter by Person id feature",
            "messageBody": "",
            "fileTypesAndContributionMap": {
              "functional-code": {
                "insertions": 67,
                "deletions": 8
              },
              "other": {
                "insertions": 2,
                "deletions": 3
              }
            }
          },
          {
            "hash": "d0f5502df86e5000add4839a24516730d2a9fa62",
            "messageTitle": "Switched the term user to person - For consistency",
            "messageBody": "",
            "fileTypesAndContributionMap": {
              "functional-code": {
                "insertions": 2,
                "deletions": 2
              }
            }
          }
        ]
      },
      {
        "insertions": 273,
        "deletions": 93,
        "date": "2020-04-08",
        "commitResults": [
          {
            "hash": "1009e9509c645c872b463f6a853367e44fa60fda",
            "messageTitle": "Added person addition support",
            "messageBody": "",
            "fileTypesAndContributionMap": {
              "functional-code": {
                "insertions": 172,
                "deletions": 59
              }
            }
          },
          {
            "hash": "e20d71f7cb00a8c6886b72a3b8576d5b1a5ae9e6",
            "messageTitle": "Support spacing in name addition of person",
            "messageBody": "",
            "fileTypesAndContributionMap": {
              "functional-code": {
                "insertions": 1,
                "deletions": 1
              }
            }
          },
          {
            "hash": "43e66a443e2f4288fa2b6904ca143a8b59efa14b",
            "messageTitle": "Assert mobile numbers have to be integers",
            "messageBody": "",
            "fileTypesAndContributionMap": {
              "functional-code": {
                "insertions": 1,
                "deletions": 1
              }
            }
          },
          {
            "hash": "dc5f7f2bb2eb5dafd698d08e55c3c7a4ca7e4769",
            "messageTitle": "Support for deletion of person by userid",
            "messageBody": "",
            "fileTypesAndContributionMap": {
              "functional-code": {
                "insertions": 63,
                "deletions": 1
              }
            }
          },
          {
            "hash": "f285e4aeb23c9938e69390dfdfb20d7952d8badb",
            "messageTitle": "Updated user guide doc",
            "messageBody": "",
            "fileTypesAndContributionMap": {
              "docs": {
                "insertions": 26,
                "deletions": 14
              }
            }
          },
          {
            "hash": "57ef45b56d72adf2a582fef4f3f9a8b66e902e00",
            "messageTitle": "Parital completion of developer guide",
            "messageBody": "",
            "fileTypesAndContributionMap": {
              "docs": {
                "insertions": 10,
                "deletions": 17
              }
            }
          }
        ]
      },
      {
        "insertions": 137,
        "deletions": 109,
        "date": "2020-04-09",
        "commitResults": [
          {
            "hash": "efc7ec65deb13647607b7429a7349321fe3f3be1",
            "messageTitle": "Documentation for class diagram explaination",
            "messageBody": "",
            "fileTypesAndContributionMap": {
              "docs": {
                "insertions": 30,
                "deletions": 8
              }
            }
          },
          {
            "hash": "7e3b65cc774ae89febb70c0a5e71285c0f2e3002",
            "messageTitle": "Added diagrams and model class explaination",
            "messageBody": "",
            "fileTypesAndContributionMap": {
              "docs": {
                "insertions": 41,
                "deletions": 50
              }
            }
          },
          {
            "hash": "ddd94dd192f0618cde729eccc49eb5480b7cb05d",
            "messageTitle": "Further developments to developer guide",
            "messageBody": "",
            "fileTypesAndContributionMap": {
              "docs": {
                "insertions": 16,
                "deletions": 34
              }
            }
          },
          {
            "hash": "8ddca01ecf83f0dd9e018d7133cf67626072b6a8",
            "messageTitle": "Modifications to user guide",
            "messageBody": "",
            "fileTypesAndContributionMap": {
              "docs": {
                "insertions": 45,
                "deletions": 16
              }
            }
          },
          {
            "hash": "d88aac20681bdcf07d043095d3b56f15bed80327",
            "messageTitle": "bug fix in documentation",
            "messageBody": "",
            "fileTypesAndContributionMap": {
              "docs": {
                "insertions": 5,
                "deletions": 1
              }
            }
          }
        ]
      },
      {
        "insertions": 185,
        "deletions": 47,
        "date": "2020-04-10",
        "commitResults": [
          {
            "hash": "b22c9d5a7b22aa93ad7aeb4c323db2af488e4efb",
            "messageTitle": "Partially completing PPP",
            "messageBody": "",
            "fileTypesAndContributionMap": {
              "docs": {
                "insertions": 84,
                "deletions": 0
              }
            }
          },
          {
            "hash": "1d52fea0650df921a905688bf5ace5664301d158",
            "messageTitle": "Continue writeup",
            "messageBody": "",
            "fileTypesAndContributionMap": {
              "docs": {
                "insertions": 8,
                "deletions": 6
              }
            }
          },
          {
            "hash": "aa19a88da66b87add9b1c7b38aebcf134138e9cd",
            "messageTitle": "Partial completion of PPP",
            "messageBody": "",
            "fileTypesAndContributionMap": {
              "docs": {
                "insertions": 68,
                "deletions": 39
              }
            }
          },
          {
            "hash": "a8d8c11621753bbf91566ff5d6acad7111ed84b3",
            "messageTitle": "Completed PPP",
            "messageBody": "",
            "fileTypesAndContributionMap": {
              "docs": {
                "insertions": 22,
                "deletions": 2
              }
            }
          },
          {
            "hash": "0e0979942a2a2e8699aa9d4df53756f29ca0e0e7",
            "messageTitle": "Added RepoSense code tracker",
            "messageBody": "",
            "fileTypesAndContributionMap": {
              "docs": {
                "insertions": 3,
                "deletions": 0
              }
            }
          }
        ]
      },
      {
        "insertions": 375,
        "deletions": 235,
        "date": "2020-04-12",
        "commitResults": [
          {
            "hash": "a56a2289cd89ef202660ca47e6f78e7e79490580",
            "messageTitle": "Added help command support",
            "messageBody": "",
            "fileTypesAndContributionMap": {
              "functional-code": {
                "insertions": 175,
                "deletions": 47
              },
              "other": {
                "insertions": 6,
                "deletions": 7
              }
            }
          },
          {
            "hash": "c1543a9ebba98196e750b9da7015bbe6c8922bc1",
            "messageTitle": "Modified synthetic data for realistic Epoch timing",
            "messageBody": "",
            "fileTypesAndContributionMap": {
              "functional-code": {
                "insertions": 150,
                "deletions": 150
              }
            }
          },
          {
            "hash": "579aeb2a752dda9472b66e6fef3eb6cc7becece2",
            "messageTitle": "Bug fix - Must only increment ID by 1",
            "messageBody": "",
            "fileTypesAndContributionMap": {
              "functional-code": {
                "insertions": 19,
                "deletions": 19
              }
            }
          },
          {
            "hash": "1b82bb61a56df515fd15df3e844987adbd8f56dc",
            "messageTitle": "Removed duplicate NRIC constraint from user guide - Feature freeze. No time to solve problem",
            "messageBody": "Used proper getNric() method to get Person object\u0027s name\n",
            "fileTypesAndContributionMap": {
              "functional-code": {
                "insertions": 1,
                "deletions": 3
              },
              "docs": {
                "insertions": 4,
                "deletions": 2
              }
            }
          },
          {
            "hash": "27d34516480d52e4c84498b8c9307aa0bdfe5b15",
            "messageTitle": "Added in help command usage to user guide",
            "messageBody": "",
            "fileTypesAndContributionMap": {
              "docs": {
                "insertions": 2,
                "deletions": 2
              }
            }
          },
          {
            "hash": "b3fce678161dd58d0024588fbe3327df7c56700b",
            "messageTitle": "Fixing broken epoch url",
            "messageBody": "",
            "fileTypesAndContributionMap": {
              "docs": {
                "insertions": 1,
                "deletions": 1
              }
            }
          },
          {
            "hash": "d07e91ba9f0edf6be4b455f572497f300c929985",
            "messageTitle": "Added use case diagram and dao router sequence diagram",
            "messageBody": "",
            "fileTypesAndContributionMap": {
              "docs": {
                "insertions": 17,
                "deletions": 4
              }
            }
          }
        ]
      }
    ],
    "Yujian-Fu": [
      {
        "insertions": 60,
        "deletions": 111,
        "date": "2020-03-08",
        "commitResults": [
          {
            "hash": "ccb9f26193bb558f20ab2f07d5e4289972df6da6",
            "messageTitle": "update userguide and readme",
            "messageBody": "",
            "fileTypesAndContributionMap": {
              "docs": {
                "insertions": 60,
                "deletions": 111
              }
            }
          }
        ]
      },
      {
        "insertions": 682,
        "deletions": 110,
        "date": "2020-04-10",
        "commitResults": [
          {
            "hash": "ff2cf3aa983c454c870094f51d49babe3c5613e8",
            "messageTitle": "merge report generation to master",
            "messageBody": "",
            "fileTypesAndContributionMap": {
              "functional-code": {
                "insertions": 365,
                "deletions": 1
              },
              "other": {
                "insertions": 1,
                "deletions": 0
              }
            }
          },
          {
            "hash": "89176c7c907dfdbd01259030edf368ea9159f0f1",
            "messageTitle": "Make changes for PR",
            "messageBody": "",
            "fileTypesAndContributionMap": {
              "functional-code": {
                "insertions": 0,
                "deletions": 4
              }
            }
          },
          {
            "hash": "afddb8f990b251af40580e346ed9e9f3b755687b",
            "messageTitle": "make changes for PR",
            "messageBody": "",
            "fileTypesAndContributionMap": {
              "functional-code": {
                "insertions": 4,
                "deletions": 2
              },
              "other": {
                "insertions": 6,
                "deletions": 4
              }
            }
          },
          {
            "hash": "a1267842b5ce89785ebff936df8edecfb73c4ee4",
            "messageTitle": "make changes for PR",
            "messageBody": "",
            "fileTypesAndContributionMap": {
              "functional-code": {
                "insertions": 1,
                "deletions": 3
              },
              "other": {
                "insertions": 3,
                "deletions": 2
              }
            }
          },
          {
            "hash": "dedee0f301c5aa5b44b9ba4b0c195919e9e47ce4",
            "messageTitle": "make changes for PR",
            "messageBody": "",
            "fileTypesAndContributionMap": {
              "other": {
                "insertions": 0,
                "deletions": 2
              }
            }
          },
          {
            "hash": "c3784b1039d7331c2f8c6340c41b2997393ea0a1",
            "messageTitle": "make changes for PR",
            "messageBody": "",
            "fileTypesAndContributionMap": {
              "functional-code": {
                "insertions": 24,
                "deletions": 28
              },
              "other": {
                "insertions": 18,
                "deletions": 16
              }
            }
          },
          {
            "hash": "39f9e835fad95598a973ec90f601dd1d75cebdcc",
            "messageTitle": "make changes for PR",
            "messageBody": "",
            "fileTypesAndContributionMap": {
              "other": {
                "insertions": 0,
                "deletions": 1
              }
            }
          },
          {
            "hash": "bd14186af47a20601136e61e3650cb1c7397e2c2",
            "messageTitle": "added data points and fix some bugs",
            "messageBody": "",
            "fileTypesAndContributionMap": {
              "functional-code": {
                "insertions": 239,
                "deletions": 27
              }
            }
          },
          {
            "hash": "3c790049ce591831fdcc59067a6d19b9c1084309",
            "messageTitle": "Add data points and fix a bug",
            "messageBody": "",
            "fileTypesAndContributionMap": {
              "functional-code": {
                "insertions": 21,
                "deletions": 20
              }
            }
          }
        ]
      },
      {
        "insertions": 510,
        "deletions": 108,
        "date": "2020-04-11",
        "commitResults": [
          {
            "hash": "9d6dd0c6d1fc91481fadb8156097fc680657c7d2",
            "messageTitle": "add report person and help feature",
            "messageBody": "",
            "fileTypesAndContributionMap": {
              "functional-code": {
                "insertions": 268,
                "deletions": 32
              },
              "docs": {
                "insertions": 66,
                "deletions": 69
              }
            }
          },
          {
            "hash": "9ee0545fa699ba51f20ab1585a2625a696b07e5c",
            "messageTitle": "modify UG, DG, PPP and about_us",
            "messageBody": "",
            "fileTypesAndContributionMap": {
              "docs": {
                "insertions": 120,
                "deletions": 5
              }
            }
          },
          {
            "hash": "16b9c92faada7bff8d74d1d90fafa34968fe2512",
            "messageTitle": "modify UG, DG, PPP and about_us",
            "messageBody": "",
            "fileTypesAndContributionMap": {
              "docs": {
                "insertions": 2,
                "deletions": 2
              }
            }
          },
          {
            "hash": "4100295fcac04fd5d6b32aed64cd420b0a93badc",
            "messageTitle": "modifications on document",
            "messageBody": "",
            "fileTypesAndContributionMap": {
              "docs": {
                "insertions": 54,
                "deletions": 0
              }
            }
          }
        ]
      },
      {
        "insertions": 177,
        "deletions": 52,
        "date": "2020-04-12",
        "commitResults": [
          {
            "hash": "21b20473559aff9d6cedcdf736766e5b9bf60d96",
            "messageTitle": "modify help feature",
            "messageBody": "",
            "fileTypesAndContributionMap": {
              "functional-code": {
                "insertions": 142,
                "deletions": 28
              },
              "docs": {
                "insertions": 2,
                "deletions": 2
              }
            }
          },
          {
            "hash": "e15525b1355ca7504d1066f07858bbdaa9996373",
            "messageTitle": "add report commands to help command list",
            "messageBody": "",
            "fileTypesAndContributionMap": {
              "functional-code": {
                "insertions": 6,
                "deletions": 1
              }
            }
          },
          {
            "hash": "5592253786ef83992fd352aa05844cc4a9b5063e",
            "messageTitle": "modify UG and DG",
            "messageBody": "",
            "fileTypesAndContributionMap": {
              "docs": {
                "insertions": 3,
                "deletions": 3
              }
            }
          },
          {
            "hash": "537192437ceb4634250ad725f9885c157b0fe7d9",
            "messageTitle": "modify Readme",
            "messageBody": "",
            "fileTypesAndContributionMap": {
              "docs": {
                "insertions": 1,
                "deletions": 1
              }
            }
          },
          {
            "hash": "3c4be44245f836d2432ec2745317b3ff935a4691",
            "messageTitle": "make some modifications",
            "messageBody": "",
            "fileTypesAndContributionMap": {
              "functional-code": {
                "insertions": 2,
                "deletions": 2
              },
              "docs": {
                "insertions": 21,
                "deletions": 15
              }
            }
          }
        ]
      }
    ]
  },
  "authorFinalContributionMap": {
    "JKOK005": 2787,
    "Yujian-Fu": 926
  },
  "authorFileTypeContributionMap": {
    "JKOK005": {
      "docs": 324,
      "functional-code": 2463,
      "test-code": 0
    },
    "Yujian-Fu": {
      "docs": 219,
      "functional-code": 704,
      "test-code": 0,
      "other": 3
    }
  },
  "authorContributionVariance": {
    "JKOK005": 255787.48,
    "Yujian-Fu": 17548.184
  },
  "authorDisplayNameMap": {
    "JKOK005": "CS2103-W15-1 JOHA..KANG",
    "Yujian-Fu": "CS2103-W15-1 FU Y..JIAN"
  }
}
