{
  "authorDailyContributionsMap": {
    "ZhangYiping126": [
      {
        "insertions": 409,
        "deletions": 1,
        "date": "2020-02-23",
        "commitResults": [
          {
            "hash": "722525334ba42d125805d3d3486fd9a3fcc1705a",
            "messageTitle": "add addfood command",
            "messageBody": "",
            "insertions": 408,
            "deletions": 0
          },
          {
            "hash": "234827805a706268ba959f69fc9196fdb6de17d4",
            "messageTitle": "remove extra tostring",
            "messageBody": "",
            "insertions": 1,
            "deletions": 1
          }
        ]
      },
      {
        "insertions": 56,
        "deletions": 326,
        "date": "2020-02-24",
        "commitResults": [
          {
            "hash": "55cba824107d236f4d014529acc0a80109ce14b3",
            "messageTitle": "remove phone for person",
            "messageBody": "",
            "insertions": 34,
            "deletions": 304
          },
          {
            "hash": "62761fe6ee3587ed28819641ed315783cd28bfac",
            "messageTitle": "edit addfood command",
            "messageBody": "",
            "insertions": 22,
            "deletions": 22
          }
        ]
      }
    ],
    "lm5lm5": [],
    "WANG-Yuchen-Alice": [
      {
        "insertions": 409,
        "deletions": 267,
        "date": "2020-02-19",
        "commitResults": [
          {
            "hash": "8e29d8860156465b72be889bba00f9f4e68f3411",
            "messageTitle": "Tutorial 2 - Removing a field from an entity",
            "messageBody": "",
            "insertions": 142,
            "deletions": 118
          },
          {
            "hash": "b8616a96951aaa586a1e8188ed0a5eaff15a741f",
            "messageTitle": "Revert \"Tutorial 2 - Removing a field from an entity\"",
            "messageBody": "",
            "insertions": 118,
            "deletions": 142
          },
          {
            "hash": "7e41fd4757b41b3bd1e9c2a2cf1355dc0b15757c",
            "messageTitle": "Tutorial 3 - hook RemarkCommand into the application",
            "messageBody": "",
            "insertions": 20,
            "deletions": 0
          },
          {
            "hash": "1ff1943fa9e358437f79ab99b76c760552e237b7",
            "messageTitle": "Tutorial 3 - enhance RemarkCommand to pick out key parameters",
            "messageBody": "",
            "insertions": 84,
            "deletions": 3
          },
          {
            "hash": "615dc4edfa29950403d46b708f90f620efaf2694",
            "messageTitle": "Tutorial 3 - add Remark to the model",
            "messageBody": "",
            "insertions": 42,
            "deletions": 4
          },
          {
            "hash": "3099c7839c6934f85bff9f78e3cc127fdea0aa13",
            "messageTitle": "Tutorial 3 - Add a placeholder element for remark to the UI",
            "messageBody": "",
            "insertions": 3,
            "deletions": 0
          }
        ]
      },
      {
        "insertions": 285,
        "deletions": 284,
        "date": "2020-02-22",
        "commitResults": [
          {
            "hash": "8e5e989540b855963ed8079ef56570ea5697e6d3",
            "messageTitle": "Tutorial 3 - Finalize UI with the remark field",
            "messageBody": "",
            "insertions": 54,
            "deletions": 35
          },
          {
            "hash": "ef688133e7a32e6ba1fc10632a7e5bd3065d5e28",
            "messageTitle": "Tutorial 3 - Modify the storage and test files by adding the Remark field",
            "messageBody": "",
            "insertions": 69,
            "deletions": 28
          },
          {
            "hash": "57fab524be303906105ef48aa6e5ef5e4e1d57f9",
            "messageTitle": "Tutorial 3 - Finalize adding a new command",
            "messageBody": "",
            "insertions": 80,
            "deletions": 0
          },
          {
            "hash": "f3599b235ab0a6121b64019c44c7e31ed0862dbe",
            "messageTitle": "CheckStyle_Remark",
            "messageBody": "",
            "insertions": 63,
            "deletions": 30
          },
          {
            "hash": "8945ca1bfd1f5ef3938f6f931611d0bff96bec3e",
            "messageTitle": "Modify test file name to fit in the standard",
            "messageBody": "",
            "insertions": 3,
            "deletions": 3
          },
          {
            "hash": "7802a4c390c318cdd2106876525adc9610708f2a",
            "messageTitle": "modify test cases errors",
            "messageBody": "",
            "insertions": 16,
            "deletions": 16
          },
          {
            "hash": "500197a762a7cb9182615ef18b012d7b7bb3062c",
            "messageTitle": "Resolve test cases checkstyle issues",
            "messageBody": "",
            "insertions": 0,
            "deletions": 156
          },
          {
            "hash": "d3fb5169c6ff17dc29bfca1da548fcf2917efca0",
            "messageTitle": "Resolve checkstyle issues: LogicManagerTest.java",
            "messageBody": "",
            "insertions": 0,
            "deletions": 2
          },
          {
            "hash": "389a74b47af95bc9866d42ea1989321596012a1a",
            "messageTitle": "Resolve checkstyle issues in EditCommandTest.java",
            "messageBody": "",
            "insertions": 0,
            "deletions": 14
          }
        ]
      },
      {
        "insertions": 498,
        "deletions": 28,
        "date": "2020-02-24",
        "commitResults": [
          {
            "hash": "450796b4f3d1056f2f710e43f3db6abe68ee76dc",
            "messageTitle": "Add field Entry (parent class of food and exercise)",
            "messageBody": "",
            "insertions": 472,
            "deletions": 3
          },
          {
            "hash": "7214866bffbd97f71bb9160b13720b715abe5565",
            "messageTitle": "Add field Entry (parent class of food and exercise)_checkstyle0.1",
            "messageBody": "",
            "insertions": 12,
            "deletions": 17
          },
          {
            "hash": "9800c0300719d27aeb235ce6e6ce30ad23680edb",
            "messageTitle": "Add field Entry (parent class of food and exercise)_checkstyle0.2",
            "messageBody": "",
            "insertions": 8,
            "deletions": 8
          },
          {
            "hash": "084e7368e2f0364a446e751a78a59609a8438338",
            "messageTitle": "Add field Entry (parent class of food and exercise)_checkstyle0.3",
            "messageBody": "",
            "insertions": 6,
            "deletions": 0
          }
        ]
      },
      {
        "insertions": 704,
        "deletions": 109,
        "date": "2020-03-02",
        "commitResults": [
          {
            "hash": "6a2a371777dddb384e149a30ef6185628fc7da24",
            "messageTitle": "Configure Entry class in logic manager",
            "messageBody": "",
            "insertions": 202,
            "deletions": 39
          },
          {
            "hash": "b57142127dd0ddb24d423381b25ef74c0371bcef",
            "messageTitle": "Implement DeleteEntryCommand and DeleteEntryCommandParser",
            "messageBody": "",
            "insertions": 88,
            "deletions": 11
          },
          {
            "hash": "36889c13ed6838b56225f7fe498f9d2d9c6516e1",
            "messageTitle": "Implement editEntryCommand and editEntryCommandParser",
            "messageBody": "",
            "insertions": 295,
            "deletions": 0
          },
          {
            "hash": "9df646373432b09f82d02fbcffdde8076d507426",
            "messageTitle": "checkstyle 0.2",
            "messageBody": "",
            "insertions": 23,
            "deletions": 24
          },
          {
            "hash": "1bc11f1283e6ccd60ae36f3c6cf3860b5f9e213f",
            "messageTitle": "checkstyle v0.3",
            "messageBody": "",
            "insertions": 29,
            "deletions": 30
          },
          {
            "hash": "bb3cad037a57b3ece4f7736e19abee61cc055f45",
            "messageTitle": "checkstyle v0.4",
            "messageBody": "",
            "insertions": 1,
            "deletions": 2
          },
          {
            "hash": "4fddce12b7763bdc1a3ec43f5359f5d9eec8be32",
            "messageTitle": "implement abstract methods in test",
            "messageBody": "",
            "insertions": 63,
            "deletions": 0
          },
          {
            "hash": "b7afb7f97c2439b3258d194110460005803b26d1",
            "messageTitle": "implement empty tests",
            "messageBody": "",
            "insertions": 3,
            "deletions": 3
          }
        ]
      }
    ],
    "IYVVVVV": []
  },
  "authorFinalContributionMap": {
    "ZhangYiping126": 440,
    "lm5lm5": 0,
    "WANG-Yuchen-Alice": 1399,
    "IYVVVVV": 0
  },
  "authorFileTypeContributionMap": {
    "ZhangYiping126": {
      "java": 440,
      "md": 0,
      "fxml": 0,
      "sh": 0,
      "bat": 0,
      "gradle": 0,
      "txt": 0
    },
    "lm5lm5": {
      "java": 0,
      "md": 0,
      "fxml": 0,
      "sh": 0,
      "bat": 0,
      "gradle": 0,
      "txt": 0
    },
    "WANG-Yuchen-Alice": {
      "java": 1398,
      "md": 0,
      "fxml": 1,
      "sh": 0,
      "bat": 0,
      "gradle": 0,
      "txt": 0
    },
    "IYVVVVV": {
      "java": 0,
      "md": 0,
      "fxml": 0,
      "sh": 0,
      "bat": 0,
      "gradle": 0,
      "txt": 0
    }
  },
  "authorContributionVariance": {
    "ZhangYiping126": 15509.777,
    "lm5lm5": 0.0,
    "WANG-Yuchen-Alice": 74857.47,
    "IYVVVVV": 0.0
  },
  "authorDisplayNameMap": {
    "ZhangYiping126": "CS2103-T09-4 ZHAN..PING",
    "lm5lm5": "CS2103-T09-4 LIAO..MENG",
    "WANG-Yuchen-Alice": "CS2103-T09-4 WANG..CHEN",
    "IYVVVVV": "CS2103-T09-4 YE C..CHEN"
  }
}
