{
  "authorDailyContributionsMap": {
    "ChesterSim": [
      {
        "insertions": 455,
        "deletions": 71,
        "date": "2020-03-12",
        "commitResults": [
          {
            "hash": "2099a01dbcc0c871628c5e6bab4e7c3f6b30427d",
            "messageTitle": "Add Usage field and Usage command",
            "messageBody": "",
            "insertions": 253,
            "deletions": 13
          },
          {
            "hash": "82c6c548357f743bd61b738b0b8ef897c31dcbe9",
            "messageTitle": "Add usage limit",
            "messageBody": "",
            "insertions": 65,
            "deletions": 12
          },
          {
            "hash": "7620ed36b8b415e72389349717084ef41e0d63a7",
            "messageTitle": "Fix Validation Regex of Usage",
            "messageBody": "",
            "insertions": 1,
            "deletions": 3
          },
          {
            "hash": "0ad03557344d5da182810b98eaea4177558edf5e",
            "messageTitle": "Include usage in tests",
            "messageBody": "",
            "insertions": 136,
            "deletions": 43
          }
        ]
      },
      {
        "insertions": 221,
        "deletions": 100,
        "date": "2020-03-13",
        "commitResults": [
          {
            "hash": "901e02725df60ba617f463a89f5b39733eca72cd",
            "messageTitle": "Add limit field to Coupon",
            "messageBody": "",
            "insertions": 221,
            "deletions": 100
          }
        ]
      },
      {
        "insertions": 159,
        "deletions": 75,
        "date": "2020-03-14",
        "commitResults": [
          {
            "hash": "6e6287ae1a74bf66f741b2d3ee6d3f0e436b1e81",
            "messageTitle": "Fix all test failures after inclusion of Limit field",
            "messageBody": "",
            "insertions": 155,
            "deletions": 71
          },
          {
            "hash": "55fc25aec590621d79ab70b772476a90cc554931",
            "messageTitle": "Fix AppVeyor issues",
            "messageBody": "",
            "insertions": 4,
            "deletions": 4
          }
        ]
      },
      {
        "insertions": 4,
        "deletions": 1,
        "date": "2020-03-16",
        "commitResults": [
          {
            "hash": "a5c2d426fa0b62bb5d5f5e5f07b775d9a399f2d9",
            "messageTitle": "Updated Usage MESSAGE_USED string",
            "messageBody": "",
            "insertions": 4,
            "deletions": 1
          }
        ]
      },
      {
        "insertions": 460,
        "deletions": 56,
        "date": "2020-03-17",
        "commitResults": [
          {
            "hash": "0bb780be048ef6f4f4db2e973da5782c4883b9fc",
            "messageTitle": "Add original price of purchase to UsedCommand for coupons with percentage savings",
            "messageBody": "",
            "insertions": 106,
            "deletions": 14
          },
          {
            "hash": "08310def763fa77f15a004bf7157b84e37d80a79",
            "messageTitle": "Add UsedCommandTest",
            "messageBody": "",
            "insertions": 168,
            "deletions": 7
          },
          {
            "hash": "72665a904daa32e4402171f4f5f6e9e8dbcd10aa",
            "messageTitle": "Add tests for multiple usages and limits",
            "messageBody": "",
            "insertions": 14,
            "deletions": 3
          },
          {
            "hash": "f4267e31eb529b951798684c4f2c091630885ffb",
            "messageTitle": "Add tests for usages and limit",
            "messageBody": "",
            "insertions": 152,
            "deletions": 9
          },
          {
            "hash": "a3b56ea455316c007d67a32b2e53954cb96b7f6a",
            "messageTitle": "Fix codacy errors",
            "messageBody": "",
            "insertions": 3,
            "deletions": 2
          },
          {
            "hash": "579776a537587ceebd511b94181127e164305189",
            "messageTitle": "Changed implementation of getValueForOptionalField",
            "messageBody": "",
            "insertions": 14,
            "deletions": 19
          },
          {
            "hash": "6f2e5049332d0c3692a9764a5fb32ddcb5f35564",
            "messageTitle": "Update CouponStashTest.java",
            "messageBody": "",
            "insertions": 1,
            "deletions": 0
          },
          {
            "hash": "80ba57a91a532fead6be0fedcd6de90c14214130",
            "messageTitle": "Update EditCouponDescriptorTest.java",
            "messageBody": "",
            "insertions": 1,
            "deletions": 1
          },
          {
            "hash": "0570a21dfcc5478caccd0fd156e3fc98474fbba4",
            "messageTitle": "Update CouponTest.java",
            "messageBody": "",
            "insertions": 1,
            "deletions": 1
          }
        ]
      },
      {
        "insertions": 49,
        "deletions": 24,
        "date": "2020-03-18",
        "commitResults": [
          {
            "hash": "fbb1fb6034e3c17a91d0880eace62feab06262e3",
            "messageTitle": "Prevent editing of usage",
            "messageBody": "",
            "insertions": 3,
            "deletions": 2
          },
          {
            "hash": "5cf8d3a9cc0560eb59274bd89a89f8e57f481187",
            "messageTitle": "Add usage lower bound for limit",
            "messageBody": "",
            "insertions": 46,
            "deletions": 22
          }
        ]
      },
      {
        "insertions": 0,
        "deletions": 29,
        "date": "2020-03-23",
        "commitResults": [
          {
            "hash": "68f5a077f1ff08cd1c508834136173ec3c4da1d6",
            "messageTitle": "Fix unresolved merge conflict",
            "messageBody": "",
            "insertions": 0,
            "deletions": 29
          }
        ]
      },
      {
        "insertions": 621,
        "deletions": 102,
        "date": "2020-03-24",
        "commitResults": [
          {
            "hash": "7fbaf972b3420fd80d57c2104d55dcc6d82b500f",
            "messageTitle": "Add archive field and archives coupon when usage reach limit",
            "messageBody": "",
            "insertions": 292,
            "deletions": 53
          },
          {
            "hash": "6bc97eb150cba426f02ceb5b7dc840ac565654d1",
            "messageTitle": "Archive expired coupon upon init of ModelManager",
            "messageBody": "",
            "insertions": 31,
            "deletions": 24
          },
          {
            "hash": "f6f95b24ee449ce8170ba74b7526f8afb6f89d1f",
            "messageTitle": "Remove validation of Date to be before today\u0027s date",
            "messageBody": "",
            "insertions": 12,
            "deletions": 0
          },
          {
            "hash": "8407bf0bd954dcf652d1741aaa88269e3294c109",
            "messageTitle": "Add Archive command",
            "messageBody": "",
            "insertions": 106,
            "deletions": 15
          },
          {
            "hash": "4b0c5e5851b7e08cd42b7e96bcb1d3552507d774",
            "messageTitle": "Add test for ArchiveCommand",
            "messageBody": "",
            "insertions": 155,
            "deletions": 2
          },
          {
            "hash": "14c6ece7f4a4bad49b5efc37d39f7a739a1d7fe0",
            "messageTitle": "Add test for archiving of expired coupons upon init of ModelManager",
            "messageBody": "",
            "insertions": 20,
            "deletions": 5
          },
          {
            "hash": "62fe143dcfe379df42a1a16622cf8033de935ece",
            "messageTitle": "Improve archive expired coupons test",
            "messageBody": "",
            "insertions": 5,
            "deletions": 3
          }
        ]
      },
      {
        "insertions": 200,
        "deletions": 109,
        "date": "2020-03-25",
        "commitResults": [
          {
            "hash": "8c855725e534e045a4730396e5b90bd27898f5a0",
            "messageTitle": "Add UI for Coupon List and Command Box",
            "messageBody": "",
            "insertions": 200,
            "deletions": 109
          }
        ]
      },
      {
        "insertions": 695,
        "deletions": 1,
        "date": "2020-03-26",
        "commitResults": [
          {
            "hash": "cad2d94cd33574ab5f55488d94aab527e3f7f3e1",
            "messageTitle": "Update DG with Achiving Coupon Implementation without diagrams",
            "messageBody": "",
            "insertions": 2,
            "deletions": 1
          },
          {
            "hash": "7bf1ee74684b539f86a8defa7be46e4780764f8b",
            "messageTitle": "Merge with upstream/master",
            "messageBody": "",
            "insertions": 690,
            "deletions": 0
          },
          {
            "hash": "3f51b062e597c384d195c23e602260c3dfc41cf3",
            "messageTitle": "Reolving merge conflicts",
            "messageBody": "",
            "insertions": 3,
            "deletions": 0
          }
        ]
      },
      {
        "insertions": 55,
        "deletions": 51,
        "date": "2020-03-27",
        "commitResults": [
          {
            "hash": "b1d0e9572db3e95aaf496e4e477c4d59479fb37e",
            "messageTitle": "Add ArchiveExpiredSequenceDiagram.puml",
            "messageBody": "",
            "insertions": 2,
            "deletions": 1
          },
          {
            "hash": "c96cfcb6d2cf27edd45a0e9f9cb576e93b1845ca",
            "messageTitle": "Improve implementation of archiving used coupons",
            "messageBody": "",
            "insertions": 14,
            "deletions": 9
          },
          {
            "hash": "f3495e4335931de5e7ca102706230d5fa8c2386a",
            "messageTitle": "Remove unused import in CouponCard",
            "messageBody": "",
            "insertions": 0,
            "deletions": 1
          },
          {
            "hash": "17f3c330f8d8d48d837fb72fe1d438966678f28f",
            "messageTitle": "Add resizability to MainWindow",
            "messageBody": "",
            "insertions": 39,
            "deletions": 40
          }
        ]
      }
    ],
    "Denise-Ng": [
      {
        "insertions": 431,
        "deletions": 203,
        "date": "2020-03-12",
        "commitResults": [
          {
            "hash": "eb97c19f62ce04168be009bc3203072151cf63a1",
            "messageTitle": "Expiring Command and Expiry Date",
            "messageBody": "",
            "insertions": 257,
            "deletions": 16
          },
          {
            "hash": "774fc5b870c30344c76fee31e978a002df9dcb96",
            "messageTitle": "Minor changes (tests)",
            "messageBody": "",
            "insertions": 48,
            "deletions": 22
          },
          {
            "hash": "2b4d628de85109456da89437efbec90e649b95d6",
            "messageTitle": "Updated test cases",
            "messageBody": "",
            "insertions": 96,
            "deletions": 140
          },
          {
            "hash": "fa11c017518f216976d74509e0e71682ba78525d",
            "messageTitle": "Merge conflicts",
            "messageBody": "",
            "insertions": 30,
            "deletions": 25
          }
        ]
      },
      {
        "insertions": 519,
        "deletions": 49,
        "date": "2020-03-16",
        "commitResults": [
          {
            "hash": "8b78bc9b82effc5c89ed9c8b39836e20496de80d",
            "messageTitle": "Added Start Date Field",
            "messageBody": "",
            "insertions": 289,
            "deletions": 41
          },
          {
            "hash": "b45638cfebe0e765b478be593044204689a05235",
            "messageTitle": "Added Test Cases for ExpiringCommand, ExpiryDate, StartDate and DateIsBeforePredicate",
            "messageBody": "",
            "insertions": 230,
            "deletions": 8
          }
        ]
      },
      {
        "insertions": 86,
        "deletions": 25,
        "date": "2020-03-17",
        "commitResults": [
          {
            "hash": "b2d0907b32b5cfc5e6b21329e768b41ad004caac",
            "messageTitle": "Fixed Codacy Errors",
            "messageBody": "",
            "insertions": 13,
            "deletions": 5
          },
          {
            "hash": "ebe5b011b6f2e72c3e8507879a07b44bc08d41c1",
            "messageTitle": "Fixed Checkstyle",
            "messageBody": "",
            "insertions": 0,
            "deletions": 1
          },
          {
            "hash": "a340b33053b19e5af755404e772638a2dfc1edc9",
            "messageTitle": "Added tests",
            "messageBody": "",
            "insertions": 72,
            "deletions": 18
          },
          {
            "hash": "c9cc184afa02c97f0723781d54689fc176a8ed35",
            "messageTitle": "Minor changes",
            "messageBody": "",
            "insertions": 1,
            "deletions": 1
          }
        ]
      },
      {
        "insertions": 987,
        "deletions": 67,
        "date": "2020-03-21",
        "commitResults": [
          {
            "hash": "f6dfd99a495acc03481c27cf310eccd1f41d1315",
            "messageTitle": "Added CalendarPane to MainWindow \u0026 shifted the position of ResultDisplay",
            "messageBody": "",
            "insertions": 985,
            "deletions": 65
          },
          {
            "hash": "96f57fc11d66c88c3a1eff47df4457f41ce4cc1f",
            "messageTitle": "Fixed no new line at EOF errors",
            "messageBody": "",
            "insertions": 2,
            "deletions": 2
          }
        ]
      },
      {
        "insertions": 234,
        "deletions": 218,
        "date": "2020-03-22",
        "commitResults": [
          {
            "hash": "9d57d04ba94ad4d7c3ed135f3ba54c8cf23fd39d",
            "messageTitle": "Minor changes",
            "messageBody": "",
            "insertions": 109,
            "deletions": 106
          },
          {
            "hash": "6ed2d66f36131701f12a104ecc3295b8ad8ba6b2",
            "messageTitle": "Fixed checkstyle errors",
            "messageBody": "",
            "insertions": 89,
            "deletions": 86
          },
          {
            "hash": "5c50d199b573d71337699c31bdd72f370c7ca223",
            "messageTitle": "Minor change: Dates without expiring coupons are not clickable",
            "messageBody": "",
            "insertions": 34,
            "deletions": 23
          },
          {
            "hash": "7fc34ac9b03a0e5b3398734d403d35bfa1185b73",
            "messageTitle": "Fixed checkstyle errors",
            "messageBody": "",
            "insertions": 2,
            "deletions": 3
          }
        ]
      },
      {
        "insertions": 381,
        "deletions": 100,
        "date": "2020-03-23",
        "commitResults": [
          {
            "hash": "63f2d24fe85f42cb1c0f318f67161c61797f8cb3",
            "messageTitle": "Merge branch \u0027master\u0027 into CalendarBranch",
            "messageBody": "# Conflicts:\n#\tsrc/main/resources/view/CouponListCard.fxml\n",
            "insertions": 1,
            "deletions": 1
          },
          {
            "hash": "3a6a14d4f7706a3f61e6eb3f6d9b2be9fd5ef185",
            "messageTitle": "Merge conflict",
            "messageBody": "",
            "insertions": 0,
            "deletions": 29
          },
          {
            "hash": "c5086a4aa939fd32b50fbb3027653117de717bc2",
            "messageTitle": "Added ExportCommand",
            "messageBody": "",
            "insertions": 141,
            "deletions": 0
          },
          {
            "hash": "c98290b07759e0b914e518eda8e35543431972ea",
            "messageTitle": "Added test cases for ExportCommand",
            "messageBody": "",
            "insertions": 176,
            "deletions": 16
          },
          {
            "hash": "ed1f82772faa46f060842cc8c964642e288533f2",
            "messageTitle": "MInor changes",
            "messageBody": "",
            "insertions": 0,
            "deletions": 8
          },
          {
            "hash": "d9bacb60e57a1064622237b859366d32b33da7f6",
            "messageTitle": "Fixed exceptions caught by Travis",
            "messageBody": "",
            "insertions": 21,
            "deletions": 4
          },
          {
            "hash": "b8175216a9c6d083204e5d093f1ac7b077a31136",
            "messageTitle": "Minor changes to fix exceptions caught by Travis",
            "messageBody": "",
            "insertions": 19,
            "deletions": 15
          },
          {
            "hash": "c014efc42bc95af1c1d77751e75f66a3a44d88a9",
            "messageTitle": "Minor changes",
            "messageBody": "",
            "insertions": 17,
            "deletions": 17
          },
          {
            "hash": "8db9222b4c97c971168dea3fcdc767c26e3967ce",
            "messageTitle": "Minor change",
            "messageBody": "",
            "insertions": 3,
            "deletions": 2
          },
          {
            "hash": "acb0b737b08cfa679694e0fa60f6e45b3322ced9",
            "messageTitle": "Minor change",
            "messageBody": "",
            "insertions": 1,
            "deletions": 4
          },
          {
            "hash": "67cd8f6fb97a647cd5243c49430d8c3346191395",
            "messageTitle": "Minor change",
            "messageBody": "",
            "insertions": 2,
            "deletions": 4
          }
        ]
      },
      {
        "insertions": 7,
        "deletions": 8,
        "date": "2020-03-24",
        "commitResults": [
          {
            "hash": "3be0b060f583a88c0250debc55f9852383e67225",
            "messageTitle": "Minor changes",
            "messageBody": "",
            "insertions": 7,
            "deletions": 8
          }
        ]
      },
      {
        "insertions": 481,
        "deletions": 379,
        "date": "2020-03-27",
        "commitResults": [
          {
            "hash": "9d2556e3877d63663d93095eb745a7df86de6664",
            "messageTitle": "Minor changes to Classes with dates",
            "messageBody": "",
            "insertions": 178,
            "deletions": 155
          },
          {
            "hash": "82338197014b95a1e74c6b3fc7bfb8ccd43cfa89",
            "messageTitle": "Fixed Checkstyle errors",
            "messageBody": "",
            "insertions": 33,
            "deletions": 40
          },
          {
            "hash": "60f1b1e0b6c7166d7e7d381ea13535a8b67cc154",
            "messageTitle": "Updated the MainWindow and its components",
            "messageBody": "",
            "insertions": 270,
            "deletions": 184
          }
        ]
      },
      {
        "insertions": 208,
        "deletions": 133,
        "date": "2020-03-28",
        "commitResults": [
          {
            "hash": "3773eb61b85ebce922b5675ff9f9b9453aa05b7a",
            "messageTitle": "Updated the UI: Added Tabs.",
            "messageBody": "",
            "insertions": 203,
            "deletions": 125
          },
          {
            "hash": "667b474828dd376ca4780dbac84b32979f9bd9de",
            "messageTitle": "Fixed errors",
            "messageBody": "",
            "insertions": 5,
            "deletions": 8
          }
        ]
      }
    ],
    "KEVVVINN": [
      {
        "insertions": 278,
        "deletions": 74,
        "date": "2020-03-12",
        "commitResults": [
          {
            "hash": "c81b38a03cf18fb4392f8c6f5e0b8ae996ddad39",
            "messageTitle": "JsonAdaptedCoupon.java",
            "messageBody": "Syntax error- resolve merge conflict\r\nmy bad",
            "insertions": 1,
            "deletions": 1
          },
          {
            "hash": "e0369011ec3ac013918a7661a3dce483350d27d2",
            "messageTitle": "Update SampleDataUtil.java",
            "messageBody": "Remove extra bracket - syntax error to resolve merge conflict",
            "insertions": 1,
            "deletions": 1
          },
          {
            "hash": "44834b8b2e7f69e3b87e1d0171091093e30cf197",
            "messageTitle": "JsonAdaptedCoupon.java pt 2",
            "messageBody": "missing arguments for coupon in line 110 has been added",
            "insertions": 1,
            "deletions": 1
          },
          {
            "hash": "3e82787448d192f729c790c079fad94b30060f94",
            "messageTitle": "JsonAdaptedCoupon.java pt 3",
            "messageBody": "Missing argument has been added",
            "insertions": 1,
            "deletions": 1
          },
          {
            "hash": "d5e529acb2c7054fefa140969bf602dd202786ae",
            "messageTitle": "Update JsonAdaptedCoupon.java pt 3",
            "messageBody": "Removed duplicated initialized statement, \" final Set\u003cTag\u003e modelTags \u003d new HashSet\u003c\u003e(couponTags);\"",
            "insertions": 1,
            "deletions": 1
          },
          {
            "hash": "97424a9dd780ed9def3a8a383ad13b3189dc573e",
            "messageTitle": "Update JsonAdaptedCoupon.java pt 4",
            "messageBody": "Removed duplicate statements -        return new Coupon(modelName, modelPhone, modelSavings, modelTags, modelExpiryDate);",
            "insertions": 1,
            "deletions": 2
          },
          {
            "hash": "0cefaea03f3fa13b440acedde9f86b2cadf7f91d",
            "messageTitle": "CheckStyle pt 1",
            "messageBody": "Revised to please checkstyle",
            "insertions": 1,
            "deletions": 1
          },
          {
            "hash": "8d0ebdb57c5773b6f1eb6985f23ce729c94755e6",
            "messageTitle": "checkstyle pt 2",
            "messageBody": "",
            "insertions": 0,
            "deletions": 1
          },
          {
            "hash": "4bc8389c78cb1764ede73dd2e6a73629dd142b12",
            "messageTitle": "checkstyle pt 3",
            "messageBody": "",
            "insertions": 3,
            "deletions": 3
          },
          {
            "hash": "4915436782039d26cd5583f472d92640843bd1ac",
            "messageTitle": "checkstyle",
            "messageBody": "",
            "insertions": 16,
            "deletions": 22
          },
          {
            "hash": "f9208cc90cdb739506389eda5b05a793fbec4c0a",
            "messageTitle": "checkstyle",
            "messageBody": "",
            "insertions": 0,
            "deletions": 3
          },
          {
            "hash": "23598b948e8c756006da624a852ac81b88182dc0",
            "messageTitle": "Remove syntax error",
            "messageBody": "",
            "insertions": 1,
            "deletions": 1
          },
          {
            "hash": "5120e735b5f4e60052e40ad22cc7c47360c3e161",
            "messageTitle": "update coupon.java  - checkstyle fix",
            "messageBody": "Revised to please checkstyle",
            "insertions": 0,
            "deletions": 3
          },
          {
            "hash": "8ab4f143fba1f2e196c382e3814ba618c2406032",
            "messageTitle": "Update SampleDataUtil.java - checkstyle",
            "messageBody": "Revise to please checkstyle",
            "insertions": 14,
            "deletions": 20
          },
          {
            "hash": "465e26ac732827d1af84681af72bc8a7db6a3cf4",
            "messageTitle": "Update JsonAdaptedCoupon.java - checkstyle",
            "messageBody": "Revised to please checkstyle",
            "insertions": 1,
            "deletions": 2
          },
          {
            "hash": "dc4f5e26c7a2533984de1a38eabca3029c474e69",
            "messageTitle": "Remind-feature 1/2 -implemented logic -created Remind class for Coupon -created RemindCommand \u0026 RemindCommandParser",
            "messageBody": "Have yet to implement\n1) Java FX to show pop up (looping coupons to see if remind date is today\u0027s date)\n",
            "insertions": 236,
            "deletions": 11
          }
        ]
      },
      {
        "insertions": 69,
        "deletions": 50,
        "date": "2020-03-13",
        "commitResults": [
          {
            "hash": "efd1460b7b90cd52f73ce82a5d80b7a547c9064c",
            "messageTitle": "Update RemindCommand.java",
            "messageBody": "slave to checkstyle",
            "insertions": 35,
            "deletions": 25
          },
          {
            "hash": "a301017fdfa5f23f7f9f0969dbe6cdbae65d7ab6",
            "messageTitle": "Update RemindCommand.java",
            "messageBody": "resolved checkstyle",
            "insertions": 12,
            "deletions": 12
          },
          {
            "hash": "de4099467bf6467bcb97c8c4b4b34abc79a7c51f",
            "messageTitle": "Update CouponStashParser.java",
            "messageBody": "slave of checkstyle\r\n\r\nSorry if i commit too much. i stupid",
            "insertions": 1,
            "deletions": 2
          },
          {
            "hash": "cf3a2eff7be72a17566f378b4192650cc6564f90",
            "messageTitle": "RemindCommandParser.java",
            "messageBody": "slave of checkstyle\r\n\r\nSorry for all the unnecessary emails notification",
            "insertions": 11,
            "deletions": 4
          },
          {
            "hash": "680b0064dfd9ff923251da9817048d08810b35ad",
            "messageTitle": "Update Coupon.java",
            "messageBody": "Slave of checkstyle\r\n\r\nSorry for all the unnecessary emails. I stupid",
            "insertions": 4,
            "deletions": 1
          },
          {
            "hash": "9e7ab9e90d7225e61c2fb021bbe12a0e2109f205",
            "messageTitle": "Update Remind.java",
            "messageBody": "Sorry for being stupid",
            "insertions": 6,
            "deletions": 6
          }
        ]
      },
      {
        "insertions": 364,
        "deletions": 116,
        "date": "2020-03-19",
        "commitResults": [
          {
            "hash": "93d6063907e8ad695a93dad1b098eb3ce3dd0f3a",
            "messageTitle": "Remind-feature 2/2",
            "messageBody": "+ ensure that undo/redo works for remind feature\n+ pop up works for remind date \u003d today\u0027s\n+ ensure that remind date should be before expiry date and after/equal today\u0027s date\n\n- Still have to fix the compulsory remind field in add command\n- Beautify the remind pop up window\n",
            "insertions": 363,
            "deletions": 115
          },
          {
            "hash": "3a7e760d56fea794a95016ef3387daf17171f3f4",
            "messageTitle": "Remind-feature 2/2",
            "messageBody": "+ ensure that undo/redo works for remind feature\n+ pop up works for remind date \u003d today\u0027s\n+ ensure that remind date should be before expiry date and after/equal today\u0027s date\n\n- Still have to fix the compulsory remind field in add command\n- Beautify the remind pop up window\n",
            "insertions": 1,
            "deletions": 1
          }
        ]
      },
      {
        "insertions": 1839,
        "deletions": 576,
        "date": "2020-03-20",
        "commitResults": [
          {
            "hash": "1e6e306eb12291cc2583ae8baf4cfa63a1ed2e5e",
            "messageTitle": "Remind_Feature revised",
            "messageBody": "+ ensure that undo/redo works for remind feature\n+ pop up works for remind date \u003d today\u0027s\n+ ensure that remind date should be before expiry date and after/equal today\u0027s date\n+ default set reminder to 3 days before expiry date\n\n- Still have to fix the compulsory remind field in add command\n- Beautify the remind pop up window\n",
            "insertions": 1839,
            "deletions": 576
          }
        ]
      },
      {
        "insertions": 87,
        "deletions": 70,
        "date": "2020-03-21",
        "commitResults": [
          {
            "hash": "7ebb93963edfb86f17508d3202d7ef0f6cd9da00",
            "messageTitle": "Revised",
            "messageBody": "",
            "insertions": 87,
            "deletions": 70
          }
        ]
      },
      {
        "insertions": 97,
        "deletions": 20,
        "date": "2020-03-22",
        "commitResults": [
          {
            "hash": "a428154cf85c4a65bbecc4aa53442f43bebf7a72",
            "messageTitle": "Revised",
            "messageBody": "",
            "insertions": 44,
            "deletions": 5
          },
          {
            "hash": "14701a265663a02865b16bf6e69fc50c6efcebaf",
            "messageTitle": "Revised to correct the 5 test case failures",
            "messageBody": "",
            "insertions": 53,
            "deletions": 15
          }
        ]
      },
      {
        "insertions": 9,
        "deletions": 9,
        "date": "2020-03-23",
        "commitResults": [
          {
            "hash": "6fdb175f7aebbae079b5096d073c00271d21eed4",
            "messageTitle": "Revised to correct the 5 test case failures",
            "messageBody": "",
            "insertions": 7,
            "deletions": 7
          },
          {
            "hash": "f84493a6ad9356bdb3f0626846102b7641ae0d22",
            "messageTitle": "Revised to change minor error in date_formatter",
            "messageBody": "",
            "insertions": 2,
            "deletions": 2
          }
        ]
      },
      {
        "insertions": 542,
        "deletions": 42,
        "date": "2020-03-24",
        "commitResults": [
          {
            "hash": "4ab33ac5b4973a898f2f497c99ac820c3141738a",
            "messageTitle": "Implemented new Condition class for Coupon + limit condition to 50 words",
            "messageBody": "",
            "insertions": 536,
            "deletions": 36
          },
          {
            "hash": "5c85edb1ecd60cfc3e3e620e5b8736c3ebcde507",
            "messageTitle": "Update EditCommand.java",
            "messageBody": "",
            "insertions": 1,
            "deletions": 1
          },
          {
            "hash": "766f986d9df67a26f4902d5ab06b3724a61502c8",
            "messageTitle": "Update JsonAdaptedCoupon.java",
            "messageBody": "",
            "insertions": 1,
            "deletions": 1
          },
          {
            "hash": "bc984359b7c6f9d5dc031eeb7c5a5a9873ddbb1e",
            "messageTitle": "Update Coupon.java",
            "messageBody": "",
            "insertions": 1,
            "deletions": 1
          },
          {
            "hash": "c041c82b5b68ab7a4ec964fa561f0bdd05310132",
            "messageTitle": "Update ConditionCommand.java",
            "messageBody": "",
            "insertions": 1,
            "deletions": 1
          },
          {
            "hash": "31831c1a9bc4c2997ea0ba0668c0e2f5240c34b3",
            "messageTitle": "Update ConditionCommand.java",
            "messageBody": "",
            "insertions": 2,
            "deletions": 2
          }
        ]
      }
    ],
    "alcen": [
      {
        "insertions": 66,
        "deletions": 357,
        "date": "2020-02-20",
        "commitResults": [
          {
            "hash": "89fd9ad6f632df4b1831a98fa6444441c7e0fb94",
            "messageTitle": "Deleted ParserUtil#parseAddress",
            "messageBody": "",
            "insertions": 4,
            "deletions": 55
          },
          {
            "hash": "6343152d634caaf7409ef30b35d323f518687268",
            "messageTitle": "Remove Address tests",
            "messageBody": "",
            "insertions": 9,
            "deletions": 83
          },
          {
            "hash": "35723858006fa96562b998bfb95f147f375b414f",
            "messageTitle": "Deleted model.person.Address",
            "messageBody": "",
            "insertions": 3,
            "deletions": 107
          },
          {
            "hash": "82371e5176081d836c9bed10c73f74d146634984",
            "messageTitle": "Deleted Address in FXML, tests",
            "messageBody": "",
            "insertions": 10,
            "deletions": 17
          },
          {
            "hash": "c0c186e6e9345b21255d0b907ad4b676771b907e",
            "messageTitle": "Fix tests after removing Address",
            "messageBody": "",
            "insertions": 40,
            "deletions": 95
          }
        ]
      },
      {
        "insertions": 2,
        "deletions": 3,
        "date": "2020-03-05",
        "commitResults": [
          {
            "hash": "3357f3a6621ae250db8d727d2744f52ad7c563e9",
            "messageTitle": "Change build.gradle to reflect new site title",
            "messageBody": "",
            "insertions": 2,
            "deletions": 3
          }
        ]
      },
      {
        "insertions": 66,
        "deletions": 0,
        "date": "2020-03-10",
        "commitResults": [
          {
            "hash": "98dd7b3220cbce155279cafa1515ecb9b66a4bf4",
            "messageTitle": "Usable \"saved\" command without functionality",
            "messageBody": "",
            "insertions": 66,
            "deletions": 0
          }
        ]
      },
      {
        "insertions": 4051,
        "deletions": 3257,
        "date": "2020-03-11",
        "commitResults": [
          {
            "hash": "e05727fb31b0e59867f8782ba22b9b3acd5f7b13",
            "messageTitle": "Rename seedu.address -\u003e csdev.couponstash",
            "messageBody": "",
            "insertions": 1276,
            "deletions": 1282
          },
          {
            "hash": "46ee5fa25ed56c435aac5239ffce339280e81513",
            "messageTitle": "Fix checkstyle errors",
            "messageBody": "",
            "insertions": 71,
            "deletions": 62
          },
          {
            "hash": "7cc9979284ad5de5c8ab8156d1c001c008cb5452",
            "messageTitle": "Rename Person -\u003e Coupon",
            "messageBody": "",
            "insertions": 460,
            "deletions": 462
          },
          {
            "hash": "c8493d19ea205302ca690cc8b4d7c66794b509a7",
            "messageTitle": "Rename Address App -\u003e Coupon Stash",
            "messageBody": "",
            "insertions": 1,
            "deletions": 1
          },
          {
            "hash": "9709ff489024f81ca80e6bc907b8887a4b1132e0",
            "messageTitle": "Fix checkstyle errors",
            "messageBody": "",
            "insertions": 249,
            "deletions": 230
          },
          {
            "hash": "5af4ce7b2f6525c216dc5930b6d55f0be407fb29",
            "messageTitle": "Rename Person -\u003e Coupon",
            "messageBody": "",
            "insertions": 662,
            "deletions": 662
          },
          {
            "hash": "18eead9180f1d9b4c14a8070cdbea7b2d545e1a8",
            "messageTitle": "Fix checkstyle errors",
            "messageBody": "",
            "insertions": 17,
            "deletions": 15
          },
          {
            "hash": "331039e646ca726040ba962eefb06ad0d7bac595",
            "messageTitle": "Rename AddressBook -\u003e CouponStash",
            "messageBody": "",
            "insertions": 491,
            "deletions": 499
          },
          {
            "hash": "a8af02a5410c2a36dcef32418fac57fa4f05d76c",
            "messageTitle": "Fix tests and checkstyle",
            "messageBody": "",
            "insertions": 17,
            "deletions": 9
          },
          {
            "hash": "8f44cefcd1a030f06933afe68d028129b5e94555",
            "messageTitle": "Fix saved command still referencing seedu.address",
            "messageBody": "",
            "insertions": 5,
            "deletions": 5
          },
          {
            "hash": "f4f34099871a533a8b0a5530f7137c4166ea13a6",
            "messageTitle": "PercentageAmount class",
            "messageBody": "",
            "insertions": 66,
            "deletions": 0
          },
          {
            "hash": "f445156552edac45d878de40661ec0b94cae0c82",
            "messageTitle": "Fix imports, toString method",
            "messageBody": "",
            "insertions": 2,
            "deletions": 3
          },
          {
            "hash": "76fb3b9136b99576a2c914a5b20da2c4e0bf595c",
            "messageTitle": "MonetaryAmount class",
            "messageBody": "",
            "insertions": 64,
            "deletions": 0
          },
          {
            "hash": "c8c2047f1f2750c1f64009b635785f3cc41eadf4",
            "messageTitle": "StashSettings so user can configure the type of money",
            "messageBody": "",
            "insertions": 251,
            "deletions": 1
          },
          {
            "hash": "bfb354ece9480f3a9e145304fe8280129492e4b1",
            "messageTitle": "Savings, PureMonetarySavings classes",
            "messageBody": "",
            "insertions": 355,
            "deletions": 9
          },
          {
            "hash": "d0f45af8d0e013484cb3c59a878f8aa2302d29d0",
            "messageTitle": "Some logic for SavedCommand",
            "messageBody": "",
            "insertions": 39,
            "deletions": 1
          },
          {
            "hash": "323e34c98eccb129b9a77f9c778585465290260a",
            "messageTitle": "Fix \"unnecessary Double.toString call\"",
            "messageBody": "",
            "insertions": 1,
            "deletions": 1
          },
          {
            "hash": "2239c5a65e7c6c202db2f624e4eba1c2dcf80ff6",
            "messageTitle": "Fix tests",
            "messageBody": "",
            "insertions": 11,
            "deletions": 0
          },
          {
            "hash": "71dc31ac8253ab772dffde962ab917a1274e4bad",
            "messageTitle": "Fix checkstyle",
            "messageBody": "",
            "insertions": 9,
            "deletions": 11
          },
          {
            "hash": "714993c1a40197f0b0159c997689d47b1de7def0",
            "messageTitle": "Rename SavingsConverter -\u003e SavingsConversionUtil",
            "messageBody": "",
            "insertions": 4,
            "deletions": 4
          }
        ]
      },
      {
        "insertions": 883,
        "deletions": 192,
        "date": "2020-03-12",
        "commitResults": [
          {
            "hash": "3202deafbbc2a24f91f056abe457cc5b8112d3ef",
            "messageTitle": "Add Savings field to \"add\" command",
            "messageBody": "",
            "insertions": 126,
            "deletions": 14
          },
          {
            "hash": "7b68314e94b9d0c4f5b1c73f48a79dbe466a5fc8",
            "messageTitle": "Add Savings property to Coupon",
            "messageBody": "",
            "insertions": 44,
            "deletions": 10
          },
          {
            "hash": "dd18a24f6a2ab5b0e7d7fda083061f540cb72e7e",
            "messageTitle": "Add Savings label to JavaFX GUI",
            "messageBody": "",
            "insertions": 5,
            "deletions": 1
          },
          {
            "hash": "a8bcbd1ddc8d2f9677165c89765057e01f14ba0d",
            "messageTitle": "Fix \"results of ...isNotEmptyList ignored\"",
            "messageBody": "",
            "insertions": 2,
            "deletions": 1
          },
          {
            "hash": "582e079cf5c5fcdd57a9203673aac3221d1f3909",
            "messageTitle": "Savings data now saved properly to JSON",
            "messageBody": "",
            "insertions": 194,
            "deletions": 10
          },
          {
            "hash": "af7c08fd145a39aaf089aae8f0b6206baf8c3da5",
            "messageTitle": "Fix remaining bugs with email",
            "messageBody": "",
            "insertions": 2,
            "deletions": 3
          },
          {
            "hash": "d8c3790614f50e3bbbe239ba26d683d01ed4aec3",
            "messageTitle": "Fix tests for AddCommand with Savings",
            "messageBody": "",
            "insertions": 224,
            "deletions": 50
          },
          {
            "hash": "8f171cea142afc77227e632925c7d3661bd2bbc6",
            "messageTitle": "Fix checkstyle errors",
            "messageBody": "",
            "insertions": 34,
            "deletions": 21
          },
          {
            "hash": "059a573bd368af590cbb1d3d28a3579bb157baeb",
            "messageTitle": "Rename \"saved\" -\u003e \"savings\"",
            "messageBody": "",
            "insertions": 23,
            "deletions": 23
          },
          {
            "hash": "e08038de5bd356b32c08bb0547d214da17095325",
            "messageTitle": "Modify EditCommand to edit Savings field",
            "messageBody": "",
            "insertions": 90,
            "deletions": 20
          },
          {
            "hash": "85e2661ad0c69c53dd833ba950cc801bb03045e8",
            "messageTitle": "Fix tests",
            "messageBody": "",
            "insertions": 17,
            "deletions": 3
          },
          {
            "hash": "436ad50705678e014ec31712537dfb26f5836415",
            "messageTitle": "Implement \"saved\" command functionality",
            "messageBody": "",
            "insertions": 2,
            "deletions": 1
          },
          {
            "hash": "5d56a4b513a388f9136d0dcc968bdb08d0658403",
            "messageTitle": "Fix \"saved\" message not showing money amount to 2 decimal places",
            "messageBody": "",
            "insertions": 1,
            "deletions": 1
          },
          {
            "hash": "5c3e807557576f72e0d4ae46c6897c8474a938be",
            "messageTitle": "Fix issue \"avoid unused local variables\"",
            "messageBody": "",
            "insertions": 4,
            "deletions": 4
          },
          {
            "hash": "2aaaa82405adf2cf9474e2ee8122bf4789686a88",
            "messageTitle": "StashSettings are now loaded properly",
            "messageBody": "* Money symbol for Savings now gets the symbol set in UserPrefs\n",
            "insertions": 115,
            "deletions": 30
          }
        ]
      },
      {
        "insertions": 16,
        "deletions": 14,
        "date": "2020-03-14",
        "commitResults": [
          {
            "hash": "41230ea572d50891fd70dc250c71a9966c18cf3c",
            "messageTitle": "Allow apostrophe in names",
            "messageBody": "",
            "insertions": 3,
            "deletions": 2
          },
          {
            "hash": "c3d96f03403995116af5dffc1da9066c93b7563c",
            "messageTitle": "Change default sample data to fit Coupon",
            "messageBody": "",
            "insertions": 13,
            "deletions": 12
          }
        ]
      },
      {
        "insertions": 543,
        "deletions": 159,
        "date": "2020-03-17",
        "commitResults": [
          {
            "hash": "194d281c99ad701d9f392c6ac4378c2ef68f573d",
            "messageTitle": "Add count field to Saveable",
            "messageBody": "",
            "insertions": 55,
            "deletions": 12
          },
          {
            "hash": "a8885ad720037f976df9750993fea2cf33cac21f",
            "messageTitle": "New method increaseCount for Saveable",
            "messageBody": "",
            "insertions": 14,
            "deletions": 0
          },
          {
            "hash": "7bc3631b129c0c0e92d99a1ef25be7b76d6724f2",
            "messageTitle": "Overloaded increaseCount method for convenience",
            "messageBody": "",
            "insertions": 25,
            "deletions": 0
          },
          {
            "hash": "704ec24b612c5ea3d7bb088163529c8ecb265b70",
            "messageTitle": "JsonAdaptedSaveable modified for new count field",
            "messageBody": "",
            "insertions": 10,
            "deletions": 3
          },
          {
            "hash": "aa5eee8a8d3780cd8b69a960f456fcd917fca4cc",
            "messageTitle": "Fix Savings.java not compiling",
            "messageBody": "",
            "insertions": 1,
            "deletions": 1
          },
          {
            "hash": "9a27fb42ef80f31b38375fcf230e1609a0c0e8f5",
            "messageTitle": "Modify add method to change the Saveables count",
            "messageBody": "",
            "insertions": 29,
            "deletions": 11
          },
          {
            "hash": "2010f6949810b8a80fe1bb238d68d99719fe9605",
            "messageTitle": "JsonAdaptedPureMonetarySavings class for total savings",
            "messageBody": "",
            "insertions": 82,
            "deletions": 0
          },
          {
            "hash": "b0621e99d2bbd10459bead26981eef8c95684acd",
            "messageTitle": "Add totalSavings field to Coupon, checkstyle fixes",
            "messageBody": "",
            "insertions": 109,
            "deletions": 38
          },
          {
            "hash": "9d9edd52b73caec742c657d0a64165159a3fb905",
            "messageTitle": "Fix CouponStash clone method",
            "messageBody": "* Rename to copy to avoid overriding Object.clone()\n\n* Now copies the total savings as well\n",
            "insertions": 21,
            "deletions": 8
          },
          {
            "hash": "406f0ac23fc393d412285e0f3422e3f3ff43def3",
            "messageTitle": "Total savings are now saved properly to the file",
            "messageBody": "",
            "insertions": 25,
            "deletions": 7
          },
          {
            "hash": "17893ae04f40b52a6bcbaf116c72ca43643a007a",
            "messageTitle": "Fix tests for total savings",
            "messageBody": "",
            "insertions": 60,
            "deletions": 14
          },
          {
            "hash": "c17972b5c020ca5603b0f41db39db14bc44be838",
            "messageTitle": "Fix saved command to get value from total savings",
            "messageBody": "",
            "insertions": 1,
            "deletions": 1
          },
          {
            "hash": "b170937d52db58ca23f0b573050f8d1e6f86daad",
            "messageTitle": "Fix used command to update total savings",
            "messageBody": "",
            "insertions": 9,
            "deletions": 8
          },
          {
            "hash": "b6431f6bcbeefd698d081f35d11103ab35b980b4",
            "messageTitle": "Checkstyle fixes",
            "messageBody": "",
            "insertions": 8,
            "deletions": 1
          },
          {
            "hash": "45de30b1be99246723654d95c969cf93cc40320e",
            "messageTitle": "Fix saved command, used command",
            "messageBody": "",
            "insertions": 38,
            "deletions": 31
          },
          {
            "hash": "3ee667dd067528049cffda2092596d7047191b52",
            "messageTitle": "Fix tests",
            "messageBody": "",
            "insertions": 42,
            "deletions": 14
          },
          {
            "hash": "27d77aac3d3d91a09508303c746e010cf1c99dd2",
            "messageTitle": "Fix checkstyle errors",
            "messageBody": "",
            "insertions": 5,
            "deletions": 1
          },
          {
            "hash": "483178d4694dec4ce5dece8fb5efaa892e9c759b",
            "messageTitle": "Make Codacy happy",
            "messageBody": "",
            "insertions": 9,
            "deletions": 9
          }
        ]
      },
      {
        "insertions": 307,
        "deletions": 75,
        "date": "2020-03-20",
        "commitResults": [
          {
            "hash": "4efb875243234c84c08a811037507d591961adda",
            "messageTitle": "New class DateSavingsSumMap",
            "messageBody": "",
            "insertions": 47,
            "deletions": 0
          },
          {
            "hash": "ea9d56195c0fc857f39ee40573d6779951d79960",
            "messageTitle": "DateSavingsSumMap now obeys Liskov Substitution",
            "messageBody": "",
            "insertions": 13,
            "deletions": 5
          },
          {
            "hash": "10b584c8c9afcf86181a39d742e4bba15d63458d",
            "messageTitle": "Require m to be non-null",
            "messageBody": "",
            "insertions": 3,
            "deletions": 1
          },
          {
            "hash": "fa582fd1fbb6fca9cacc9d41c16c851e005102ff",
            "messageTitle": "New class JsonAdaptedDssm",
            "messageBody": "",
            "insertions": 113,
            "deletions": 0
          },
          {
            "hash": "c6953420698e5b9f8e355da856bb9d90875afe72",
            "messageTitle": "Checkstyle fixes",
            "messageBody": "",
            "insertions": 15,
            "deletions": 8
          },
          {
            "hash": "411008c1e542220f95ec1dc71ce295a60f2c065c",
            "messageTitle": "Represent totalSavings with DateSavingsSumMap instead",
            "messageBody": "",
            "insertions": 45,
            "deletions": 22
          },
          {
            "hash": "c7476fc0cdf9931a146843965f53af2f36c2878a",
            "messageTitle": "Fix tests to use DateSavingsSumMap",
            "messageBody": "* Change Coupon\u0027s getSavingsMap to always clone the DSSM\n",
            "insertions": 63,
            "deletions": 35
          },
          {
            "hash": "e8e40c435b20075ea8545c4b2f9e5d2d9c3baab9",
            "messageTitle": "Fix checkstyle",
            "messageBody": "",
            "insertions": 8,
            "deletions": 4
          }
        ]
      },
      {
        "insertions": 3,
        "deletions": 3,
        "date": "2020-03-23",
        "commitResults": [
          {
            "hash": "24a981cc970f48b0a8785ed365482140c36b2011",
            "messageTitle": "Fix missing comma",
            "messageBody": "",
            "insertions": 1,
            "deletions": 1
          },
          {
            "hash": "a286ffcdd428701a0f9d600c76220be981f8ea94",
            "messageTitle": "Update RemindCommand.java",
            "messageBody": "",
            "insertions": 2,
            "deletions": 2
          }
        ]
      },
      {
        "insertions": 347,
        "deletions": 65,
        "date": "2020-03-24",
        "commitResults": [
          {
            "hash": "fe55e71ecc716a8bfb461cc55cbd87223a7b9ad7",
            "messageTitle": "New command SetPrefCommand",
            "messageBody": "",
            "insertions": 43,
            "deletions": 1
          },
          {
            "hash": "fdd123cd5fdb00420ddba443c6bc57ac5de5ca79",
            "messageTitle": "Fix tests",
            "messageBody": "",
            "insertions": 5,
            "deletions": 0
          },
          {
            "hash": "f5481ef606fd182449986bd859ff12d0802f23d5",
            "messageTitle": "Implementation of setpref command",
            "messageBody": "",
            "insertions": 77,
            "deletions": 23
          },
          {
            "hash": "ef1aa1975a8dfbe51576141a397d15c005899737",
            "messageTitle": "MoneySymbol class",
            "messageBody": "",
            "insertions": 58,
            "deletions": 0
          },
          {
            "hash": "c9f902c7fb75db8d7ba66c797ec2a952c1325b39",
            "messageTitle": "Use mutable MoneySymbol class instead of String",
            "messageBody": "",
            "insertions": 32,
            "deletions": 28
          },
          {
            "hash": "26e8cf0e5c123567ebfb3d4786551cca00a19ebd",
            "messageTitle": "Checkstyle fixes",
            "messageBody": "",
            "insertions": 14,
            "deletions": 9
          },
          {
            "hash": "54fd4daf34bb89ef1baa9ff4c2c721d8820fea80",
            "messageTitle": "MoneySymbol now saved properly to disk",
            "messageBody": "",
            "insertions": 118,
            "deletions": 4
          }
        ]
      },
      {
        "insertions": 316,
        "deletions": 73,
        "date": "2020-03-25",
        "commitResults": [
          {
            "hash": "c5bf71ed7c425c5680aeead130630af713e21101",
            "messageTitle": "Fix money symbol not updating immediately",
            "messageBody": "",
            "insertions": 10,
            "deletions": 3
          },
          {
            "hash": "3ff6f7a5af889a074b7ddc7bda0ad696307500cf",
            "messageTitle": "Thanks checkstyle very helpful!",
            "messageBody": "",
            "insertions": 6,
            "deletions": 4
          },
          {
            "hash": "f34c04331f385eba52c7af67631123e1e56cd617",
            "messageTitle": "Fix tests",
            "messageBody": "",
            "insertions": 129,
            "deletions": 43
          },
          {
            "hash": "4f1b33a5aca8ec43aeafa675da0124d10a729a84",
            "messageTitle": "Fix tests",
            "messageBody": "",
            "insertions": 1,
            "deletions": 1
          },
          {
            "hash": "41062a0b51608bc03811aa9772ce45de5de2cba5",
            "messageTitle": "Modify SavedCommand to possibly take in a date",
            "messageBody": "",
            "insertions": 81,
            "deletions": 5
          },
          {
            "hash": "cdc92ecead07ee3fbad3cb0ee286c425422f42c4",
            "messageTitle": "Modify SavedCommandParser to look for the dates",
            "messageBody": "",
            "insertions": 55,
            "deletions": 9
          },
          {
            "hash": "c83b49484943eef2bd4d5fa4bdce2a6b212401c6",
            "messageTitle": "Fix IllegalStateException from duplicate Saveable items",
            "messageBody": "",
            "insertions": 23,
            "deletions": 3
          },
          {
            "hash": "434b2a2bf83c6db02de3196803670ae35cbbf7c2",
            "messageTitle": "Fix tests",
            "messageBody": "",
            "insertions": 4,
            "deletions": 2
          },
          {
            "hash": "3dcced7290aa5280aa275d3eb26977f0623b6307",
            "messageTitle": "Show an error if saved is run with unknown arguments",
            "messageBody": "",
            "insertions": 5,
            "deletions": 1
          },
          {
            "hash": "b01694c66d0f0b8d4909abd44af3e3805c6ed190",
            "messageTitle": "Fix missing spaces in saved command usage",
            "messageBody": "",
            "insertions": 2,
            "deletions": 2
          }
        ]
      },
      {
        "insertions": 10,
        "deletions": 9,
        "date": "2020-03-26",
        "commitResults": [
          {
            "hash": "09c3d4099c6d1d7adc9f37d4986a0eda415733bb",
            "messageTitle": "Fix used command error message",
            "messageBody": "",
            "insertions": 6,
            "deletions": 5
          },
          {
            "hash": "f0621904cd944d0bf21d6375d252ff5e26482821",
            "messageTitle": "Tests and checkstyle",
            "messageBody": "",
            "insertions": 2,
            "deletions": 2
          },
          {
            "hash": "6cdd08d80dd99d7c120804beccddf589a05a9580",
            "messageTitle": "Version 1.2.5",
            "messageBody": "",
            "insertions": 2,
            "deletions": 2
          }
        ]
      }
    ],
    "nelsontky": [
      {
        "insertions": 68,
        "deletions": 399,
        "date": "2020-03-12",
        "commitResults": [
          {
            "hash": "98a99e96c710e5f2629c1f626f4f2a79fb096626",
            "messageTitle": "Remove Email field",
            "messageBody": "",
            "insertions": 68,
            "deletions": 399
          }
        ]
      },
      {
        "insertions": 586,
        "deletions": 88,
        "date": "2020-03-13",
        "commitResults": [
          {
            "hash": "c1818370d77eca1094a029af60df951d8c5ab41f",
            "messageTitle": "Add undo command",
            "messageBody": "",
            "insertions": 17,
            "deletions": 0
          },
          {
            "hash": "f0ebc0f3f489b1bee82245e0e359d3a99df5da8b",
            "messageTitle": "Implement undo",
            "messageBody": "",
            "insertions": 139,
            "deletions": 5
          },
          {
            "hash": "a80232fb625dad31d99ac8ac9054447ac4ddd674",
            "messageTitle": "Implement redo",
            "messageBody": "",
            "insertions": 50,
            "deletions": 4
          },
          {
            "hash": "108bd66154a11df3b632d52c142f3539ea314e22",
            "messageTitle": "Add undo tests",
            "messageBody": "",
            "insertions": 213,
            "deletions": 17
          },
          {
            "hash": "6a9cd446545b89f4480d5b54f745f1bc4ceb28a9",
            "messageTitle": "Add redo tests",
            "messageBody": "",
            "insertions": 124,
            "deletions": 5
          },
          {
            "hash": "3ba64774e051a845fe12db23adec3bbf7b7606c0",
            "messageTitle": "Fix checkstyle",
            "messageBody": "",
            "insertions": 10,
            "deletions": 13
          },
          {
            "hash": "8b725bcf3e546a79e3f892057f79f525aa53097b",
            "messageTitle": "Fix code quality I am useless",
            "messageBody": "",
            "insertions": 8,
            "deletions": 13
          },
          {
            "hash": "daa66a06260b806b3285afcee3f82a2e121a6152",
            "messageTitle": "Fix CouponStash clone to actually clone tags",
            "messageBody": "",
            "insertions": 5,
            "deletions": 4
          },
          {
            "hash": "fc9bdf22e0122dd952b21c91bcdb2cb3cc76fdac",
            "messageTitle": "Fix checkstyle",
            "messageBody": "",
            "insertions": 11,
            "deletions": 15
          },
          {
            "hash": "3ebdcca53b3f921c877ece713ac09c639a2c29a2",
            "messageTitle": "Fix checkstyle (again?) At this point I have no idea how github works...",
            "messageBody": "",
            "insertions": 9,
            "deletions": 12
          }
        ]
      },
      {
        "insertions": 264,
        "deletions": 347,
        "date": "2020-03-19",
        "commitResults": [
          {
            "hash": "4845ce77f973821424d9cbb2d141ce5cb62bc203",
            "messageTitle": "Replace phone numer with coupon code",
            "messageBody": "",
            "insertions": 264,
            "deletions": 347
          }
        ]
      },
      {
        "insertions": 51,
        "deletions": 30,
        "date": "2020-03-20",
        "commitResults": [
          {
            "hash": "3abb9cd78f85a6e86987feafea5d4cfb5dd1f7a2",
            "messageTitle": "Allow undone/redone commands to be known",
            "messageBody": "",
            "insertions": 51,
            "deletions": 30
          }
        ]
      },
      {
        "insertions": 355,
        "deletions": 110,
        "date": "2020-03-23",
        "commitResults": [
          {
            "hash": "4855d1382b06e50e01a4398e1149465756c7ce40",
            "messageTitle": "Undo redo now has nicer information",
            "messageBody": "",
            "insertions": 50,
            "deletions": 48
          },
          {
            "hash": "f293167e4160c84c4d7fd491a2963de503d46859",
            "messageTitle": "Fix copy",
            "messageBody": "",
            "insertions": 179,
            "deletions": 56
          },
          {
            "hash": "95263f63c49272c17b99f46a679e9bd0d3a10703",
            "messageTitle": "Add UP DOWN arrow keys retrive last executed command",
            "messageBody": "",
            "insertions": 126,
            "deletions": 6
          }
        ]
      },
      {
        "insertions": 233,
        "deletions": 54,
        "date": "2020-03-24",
        "commitResults": [
          {
            "hash": "a4e9646290ba3445a49cd9012df9ca620e3c8f04",
            "messageTitle": "Half of sorting",
            "messageBody": "",
            "insertions": 124,
            "deletions": 1
          },
          {
            "hash": "a14fb8d8b4e372e9e1bb7149522dc2f8bc86930d",
            "messageTitle": "Half of sort function and resolved conflicts. I should use branches next time...",
            "messageBody": "",
            "insertions": 24,
            "deletions": 8
          },
          {
            "hash": "d7510b83cb33f9507e86454f0f6767819ffc75ae",
            "messageTitle": "Implement v1.0 of sorting and fix arrow key bugs",
            "messageBody": "",
            "insertions": 61,
            "deletions": 17
          },
          {
            "hash": "2009e5c5dd89fcd32c929dc351cd67b1066239d3",
            "messageTitle": "Fix checkstyle",
            "messageBody": "",
            "insertions": 0,
            "deletions": 10
          },
          {
            "hash": "d5d8c9f18f5b59821ef1d95d4d425314793360d7",
            "messageTitle": "Fix build",
            "messageBody": "",
            "insertions": 11,
            "deletions": 8
          },
          {
            "hash": "520451c9d3d0e93a18b8af76f84130c249d5a911",
            "messageTitle": "Fix build",
            "messageBody": "",
            "insertions": 13,
            "deletions": 9
          },
          {
            "hash": "d7452a76fbb9bc026319e8be3b0007535e19e1e0",
            "messageTitle": "Fix build",
            "messageBody": "",
            "insertions": 0,
            "deletions": 1
          }
        ]
      },
      {
        "insertions": 18,
        "deletions": 29,
        "date": "2020-03-26",
        "commitResults": [
          {
            "hash": "87ead7bfd3e2e64eed95382a059a340bf89f3ea3",
            "messageTitle": "Re-implement CommandTextHistory to use a stack",
            "messageBody": "",
            "insertions": 16,
            "deletions": 28
          },
          {
            "hash": "d6e278fe8971edbed40bb23da669d437ce196686",
            "messageTitle": "Fix checkstyle",
            "messageBody": "",
            "insertions": 2,
            "deletions": 1
          }
        ]
      }
    ]
  },
  "authorFinalContributionMap": {
    "ChesterSim": 1647,
    "Denise-Ng": 2302,
    "KEVVVINN": 1267,
    "alcen": 4571,
    "nelsontky": 1213
  },
  "authorFileTypeContributionMap": {
    "ChesterSim": {
      "java": 1559,
      "md": 0,
      "fxml": 88,
      "sh": 0,
      "bat": 0,
      "gradle": 0,
      "txt": 0
    },
    "Denise-Ng": {
      "java": 2008,
      "md": 0,
      "fxml": 294,
      "sh": 0,
      "bat": 0,
      "gradle": 0,
      "txt": 0
    },
    "KEVVVINN": {
      "java": 1267,
      "md": 0,
      "fxml": 0,
      "sh": 0,
      "bat": 0,
      "gradle": 0,
      "txt": 0
    },
    "alcen": {
      "java": 4560,
      "md": 0,
      "fxml": 4,
      "sh": 0,
      "bat": 0,
      "gradle": 5,
      "txt": 2
    },
    "nelsontky": {
      "java": 1213,
      "md": 0,
      "fxml": 0,
      "sh": 0,
      "bat": 0,
      "gradle": 0,
      "txt": 0
    }
  },
  "authorContributionVariance": {
    "ChesterSim": 34915.88,
    "Denise-Ng": 60820.05,
    "KEVVVINN": 140260.0,
    "alcen": 1205627.5,
    "nelsontky": 27172.918
  },
  "authorDisplayNameMap": {
    "ChesterSim": "CS2103T-F09-1 CHES.. YI)",
    "Denise-Ng": "CS2103T-F09-1 NG K..NISE",
    "KEVVVINN": "CS2103T-F09-1 LAW ..EVIN",
    "alcen": "CS2103T-F09-1 TAN ..LDEN",
    "nelsontky": "CS2103T-F09-1 NELS..K YI"
  }
}
