{
  "authorDailyContributionsMap": {
    "seanlowcy77": [
      {
        "insertions": 44,
        "deletions": 50,
        "date": "2020-03-03",
        "commitResults": [
          {
            "hash": "be46579d7fa6e1370787286fa36556c553c836af",
            "messageTitle": "Add image of seanlowcy77",
            "messageBody": "",
            "insertions": 0,
            "deletions": 0
          },
          {
            "hash": "8025f7dbdfae8d2d9bd6d7f5e58ffeeee01a43df",
            "messageTitle": "Update ContactUs.adoc",
            "messageBody": "Updated it with emails and a new link for \u0027issue tracker\u0027",
            "insertions": 9,
            "deletions": 2
          },
          {
            "hash": "336a15d499c7bc406f9158d0814c0f90ea4194ff",
            "messageTitle": "Delete whitespacing",
            "messageBody": "",
            "insertions": 4,
            "deletions": 7
          },
          {
            "hash": "75867d08bd9edc9519e86628751bb42369b7aa53",
            "messageTitle": "Delete whitespacing",
            "messageBody": "",
            "insertions": 3,
            "deletions": 3
          },
          {
            "hash": "05137783c4955a06ae9c7d4336b584cd63f21924",
            "messageTitle": "Update UserGuide 3.3 to 3.6",
            "messageBody": "",
            "insertions": 26,
            "deletions": 36
          },
          {
            "hash": "925387bc033f001e54293a2cfbebbba09b3a2287",
            "messageTitle": "Change words",
            "messageBody": "",
            "insertions": 2,
            "deletions": 2
          },
          {
            "hash": "197e7111a2f5d0f4407e9b67a5454222f300a270",
            "messageTitle": "Change jpg to png name",
            "messageBody": "",
            "insertions": 0,
            "deletions": 0
          }
        ]
      }
    ],
    "JingYuOng": [
      {
        "insertions": 0,
        "deletions": 0,
        "date": "2020-03-03",
        "commitResults": [
          {
            "hash": "13df952a75462a4a2d38dd65c1527f58f8fa76ca",
            "messageTitle": "Update Photo by JingYu",
            "messageBody": "",
            "insertions": 0,
            "deletions": 0
          },
          {
            "hash": "55d7170935705c739a8d071f9eb541ef8d609f83",
            "messageTitle": "Photo",
            "messageBody": "",
            "insertions": 0,
            "deletions": 0
          }
        ]
      }
    ],
    "zhuhanming": [
      {
        "insertions": 3,
        "deletions": 4,
        "date": "2020-02-18",
        "commitResults": [
          {
            "hash": "be9c91a3c558c5d4bb1712492440bc3024ea9efd",
            "messageTitle": "docs: update readme",
            "messageBody": "Updating README to show team name and to prompt Travis to build.",
            "insertions": 1,
            "deletions": 1
          },
          {
            "hash": "efdb85f4f3c821d9f751382ef1bb0312f215ce38",
            "messageTitle": "docs: update readme with travis badge",
            "messageBody": "Updated Travis build status badge to be the correct build status badge.",
            "insertions": 1,
            "deletions": 1
          },
          {
            "hash": "9846966ae2981d003d0515ea5dd648a22a8a7ccd",
            "messageTitle": "docs: update readme with coveralls badge",
            "messageBody": "Updated the Coveralls badge to be the actual one from this repository.",
            "insertions": 1,
            "deletions": 1
          },
          {
            "hash": "add7f5835f614e6fd913ad9d436490f1abb4184a",
            "messageTitle": "docs: remove codacy badge from readme",
            "messageBody": "As suggested by [this website](https://nus-cs2103-ay1920s2.github.io/addressbook-level3/UsingTravis.html#enabling-auto-publishing-of-documentation)",
            "insertions": 0,
            "deletions": 1
          }
        ]
      },
      {
        "insertions": 1,
        "deletions": 1,
        "date": "2020-02-20",
        "commitResults": [
          {
            "hash": "3b5300a57fa00dadb1c8475d2f7cf8fad71f8d80",
            "messageTitle": "docs: update appveyor badge",
            "messageBody": "",
            "insertions": 1,
            "deletions": 1
          }
        ]
      },
      {
        "insertions": 3,
        "deletions": 2,
        "date": "2020-02-21",
        "commitResults": [
          {
            "hash": "4291cd564e29ed8c63f2ce97f3d5e466db48df9e",
            "messageTitle": "chore: update gradle-wrapper properties",
            "messageBody": "",
            "insertions": 3,
            "deletions": 2
          }
        ]
      },
      {
        "insertions": 97,
        "deletions": 87,
        "date": "2020-03-03",
        "commitResults": [
          {
            "hash": "bba7d7d20221cdeb7baf15deda2ac695d2e520c7",
            "messageTitle": "docs: add user image",
            "messageBody": "",
            "insertions": 0,
            "deletions": 0
          },
          {
            "hash": "27ebd60506fce72f818d2928b1ac7111685fd642",
            "messageTitle": "docs: update about us",
            "messageBody": "",
            "insertions": 16,
            "deletions": 27
          },
          {
            "hash": "9f92a77f9a896cf672c39ed1aac35224a23f2e17",
            "messageTitle": "docs: update about me",
            "messageBody": "",
            "insertions": 1,
            "deletions": 2
          },
          {
            "hash": "b9de820c72ef633b34a1c7b947ea311c6515b15c",
            "messageTitle": "docs: update readme",
            "messageBody": "",
            "insertions": 8,
            "deletions": 6
          },
          {
            "hash": "ecacfbe90b8c21034946e5274c3602d3103de91f",
            "messageTitle": "docs: update site title to modulo",
            "messageBody": "",
            "insertions": 1,
            "deletions": 1
          },
          {
            "hash": "4222bc39a38077097ed80724b69b047e8d31cc0c",
            "messageTitle": "docs: update site title to modulo",
            "messageBody": "",
            "insertions": 1,
            "deletions": 1
          },
          {
            "hash": "e124730ea123a5180c557ecca6e1faa1eca81f16",
            "messageTitle": "docs: update site title to modulo",
            "messageBody": "",
            "insertions": 1,
            "deletions": 1
          },
          {
            "hash": "66b10dc3e2fc221dffa2d61ec72f9d87508c35d3",
            "messageTitle": "docs: update site title to modulo",
            "messageBody": "",
            "insertions": 1,
            "deletions": 1
          },
          {
            "hash": "0f8bd8f6adfde863172c58ea8077a545f130e25e",
            "messageTitle": "docs: update site title to modulo",
            "messageBody": "",
            "insertions": 1,
            "deletions": 1
          },
          {
            "hash": "76814e6c7c2f8ab261b0564bf21ee0bdcea51c90",
            "messageTitle": "docs: update site title to modulo",
            "messageBody": "",
            "insertions": 1,
            "deletions": 1
          },
          {
            "hash": "98779ecd4807b492650379f06558afdb9c65542b",
            "messageTitle": "docs: update user guide",
            "messageBody": "",
            "insertions": 7,
            "deletions": 8
          },
          {
            "hash": "7036639f8ae074162b0f7f5a3dc7fa65b4751a97",
            "messageTitle": "docs: update user guide",
            "messageBody": "",
            "insertions": 18,
            "deletions": 15
          },
          {
            "hash": "cffecc622de47f4e7b2823d2e9c2ccb064b2ce71",
            "messageTitle": "docs: update user guide",
            "messageBody": "Included changes from @JingYuOng and fixed some syntax errors.",
            "insertions": 36,
            "deletions": 21
          },
          {
            "hash": "00f60da3fa4c25bce7cbbe9a65517bc3a19fc802",
            "messageTitle": "docs: fix user guide",
            "messageBody": "Added in @seanlowcy77\u0027s content properly without any issues.",
            "insertions": 5,
            "deletions": 2
          }
        ]
      },
      {
        "insertions": 78,
        "deletions": 31,
        "date": "2020-03-04",
        "commitResults": [
          {
            "hash": "7fbe09a281b47ce56f05759947e1baecc959c078",
            "messageTitle": "docs: update developer guide",
            "messageBody": "",
            "insertions": 74,
            "deletions": 27
          },
          {
            "hash": "ee2c2881937dbe57ec9c3189b3012d849b4040c0",
            "messageTitle": "docs: fix whitespace issue with developer guide",
            "messageBody": "",
            "insertions": 4,
            "deletions": 4
          },
          {
            "hash": "fc2e3c4688dc40113f1e71fdc1c17bf0c2d6e270",
            "messageTitle": "docs: update images",
            "messageBody": "",
            "insertions": 0,
            "deletions": 0
          }
        ]
      }
    ],
    "ErnTekTeoh": [
      {
        "insertions": 28,
        "deletions": 90,
        "date": "2020-03-03",
        "commitResults": [
          {
            "hash": "156df82f6867bd3a2a8bb664c6033aba077c5c08",
            "messageTitle": "added image",
            "messageBody": "",
            "insertions": 0,
            "deletions": 0
          },
          {
            "hash": "b5973dca46031a98b9ce957b3428d2b49e8e842b",
            "messageTitle": "updated user guide 10-13",
            "messageBody": "",
            "insertions": 21,
            "deletions": 86
          },
          {
            "hash": "ee8b5d17a3cbece47ee4a46e6f37df0c819e48b1",
            "messageTitle": "minor updates",
            "messageBody": "",
            "insertions": 2,
            "deletions": 2
          },
          {
            "hash": "e3f15d67a9eb19cd038115f8fbdc556e70aeea55",
            "messageTitle": "minor",
            "messageBody": "",
            "insertions": 4,
            "deletions": 1
          },
          {
            "hash": "7a7ec499e89c75d9c6d779a334528428ca49d640",
            "messageTitle": "minor",
            "messageBody": "",
            "insertions": 1,
            "deletions": 1
          }
        ]
      }
    ]
  },
  "authorFinalContributionMap": {
    "seanlowcy77": 27,
    "JingYuOng": 0,
    "zhuhanming": 168,
    "ErnTekTeoh": 16
  },
  "authorFileTypeContributionMap": {
    "seanlowcy77": {
      "adoc": 6,
      "adoc": 21
    },
    "JingYuOng": {},
    "zhuhanming": {
      "adoc": 10,
      "adoc": 17,
      "adoc": 1,
      "adoc": 75,
      "adoc": 1,
      "adoc": 1,
      "adoc": 1,
      "adoc": 59,
      "properties": 3
    },
    "ErnTekTeoh": {
      "adoc": 16
    }
  },
  "authorContributionVariance": {
    "seanlowcy77": 315.13855,
    "JingYuOng": 0.0,
    "zhuhanming": 1567.5664,
    "ErnTekTeoh": 496.60358
  },
  "authorDisplayNameMap": {
    "seanlowcy77": "CS2103-T09-1 LOW ..SEAN",
    "JingYuOng": "CS2103-T09-1 ONG ..G YU",
    "zhuhanming": "CS2103-T09-1 ZHU ..MING",
    "ErnTekTeoh": "CS2103-T09-1 TEOH.. TEK"
  }
}
