{
  "authorDailyContributionsMap": {
    "NicholasCF": [
      {
        "insertions": 674,
        "deletions": 321,
        "date": "2020-03-15",
        "commitResults": [
          {
            "hash": "5b51002e10bf946d155aa58a59b7cf55011f9ff0",
            "messageTitle": "Refactor Tag class name to Offer",
            "messageBody": "",
            "insertions": 109,
            "deletions": 109
          },
          {
            "hash": "80fed17a233f2361884d51a756a94bfe22bf5199",
            "messageTitle": "Change tag package to offer",
            "messageBody": "",
            "insertions": 18,
            "deletions": 18
          },
          {
            "hash": "92aa949332716ff200c3ae818aec0e1d21231157",
            "messageTitle": "Add Price class",
            "messageBody": "",
            "insertions": 53,
            "deletions": 0
          },
          {
            "hash": "6eb49ba9bdfef505d09b0071ea266dffdb06afa2",
            "messageTitle": "Add tests for Price class",
            "messageBody": "",
            "insertions": 101,
            "deletions": 0
          },
          {
            "hash": "994748dde6a9d00bc28ed7e263109a97b6b9da22",
            "messageTitle": "Add dummy Good class",
            "messageBody": "",
            "insertions": 44,
            "deletions": 0
          },
          {
            "hash": "19a5ebc6042a23a17b212ebf4b345a938fff76a8",
            "messageTitle": "Update fields and methods of Offer class",
            "messageBody": "",
            "insertions": 32,
            "deletions": 36
          },
          {
            "hash": "9ff7d658436cbba83d334d4a96b9702bf7d74a66",
            "messageTitle": "Add toString method to Offer class",
            "messageBody": "",
            "insertions": 5,
            "deletions": 0
          },
          {
            "hash": "80e8657fd96a0afbdd04ad9b202540bcc20856c1",
            "messageTitle": "Change Offer storage implementation in Person",
            "messageBody": "",
            "insertions": 7,
            "deletions": 7
          },
          {
            "hash": "125ef60dacbd8f5d2a6c08827e40135867a184a1",
            "messageTitle": "Update ParserUtil to parse Offer",
            "messageBody": "",
            "insertions": 77,
            "deletions": 18
          },
          {
            "hash": "289944d747c220a75bc8f3d7f5704ec0b719f1d1",
            "messageTitle": "Change JsonAdaptedTag to JsonAdaptedOffer",
            "messageBody": "",
            "insertions": 12,
            "deletions": 12
          },
          {
            "hash": "0cb5799edfda37b25f24a39e60d26005b38a7b6a",
            "messageTitle": "Update JsonAdaptedOffer to match Offer",
            "messageBody": "",
            "insertions": 42,
            "deletions": 16
          },
          {
            "hash": "9e38c82d415e534ab06f88763adaaf0e660e59d0",
            "messageTitle": "Change offers storage in JsonAdaptedPerson",
            "messageBody": "",
            "insertions": 8,
            "deletions": 8
          },
          {
            "hash": "b52d549fc1c1bd716ca9e8626b745ab3850a3273",
            "messageTitle": "Update SampleDataUtil.java",
            "messageBody": "",
            "insertions": 31,
            "deletions": 11
          },
          {
            "hash": "b8ed356bbf3ae73332a904fefe0ae2718731c165",
            "messageTitle": "Change Offer storage in PersonBuilder",
            "messageBody": "",
            "insertions": 7,
            "deletions": 7
          },
          {
            "hash": "f52cf20705d9fa2958f953fcf5305801d6348caf",
            "messageTitle": "Update test for Offer",
            "messageBody": "",
            "insertions": 45,
            "deletions": 8
          },
          {
            "hash": "7490f23099cbd33ea05f241ab74958e4bd2d8eb5",
            "messageTitle": "Change access modifier of splitOnLastWhitespace",
            "messageBody": "",
            "insertions": 1,
            "deletions": 1
          },
          {
            "hash": "522f23b4322c98e9a17b77797b490d4599e91538",
            "messageTitle": "Change prefix for Tag to prefix for Offer",
            "messageBody": "",
            "insertions": 23,
            "deletions": 23
          },
          {
            "hash": "c48e659e30753e0766ae303f3f25bde321373dea",
            "messageTitle": "Update edit command to use list of offers",
            "messageBody": "",
            "insertions": 18,
            "deletions": 19
          },
          {
            "hash": "6bb2a3cd4921efda4fa2c54bd3bb702c4653f21f",
            "messageTitle": "Update parseTags method name to parseOffers",
            "messageBody": "",
            "insertions": 1,
            "deletions": 1
          },
          {
            "hash": "81e5cde73770b6459969a5409efa10edce14c2ee",
            "messageTitle": "Update PersonUtil strings and storage for Offer",
            "messageBody": "",
            "insertions": 10,
            "deletions": 4
          },
          {
            "hash": "73a2b3ec4299e4fc0f5846d09a1dc6622899e37e",
            "messageTitle": "Move getGoodPricePair parser method",
            "messageBody": "",
            "insertions": 16,
            "deletions": 17
          },
          {
            "hash": "0bc5258057a3881d3c2cec40567d7ff9947b6d94",
            "messageTitle": "Update storage of Offer in EditPersonDescription",
            "messageBody": "",
            "insertions": 12,
            "deletions": 5
          },
          {
            "hash": "1cf4d4caf03aebda4462cb75baa07208ad36ccd1",
            "messageTitle": "Change Offer storage implementation in AddCommandParser",
            "messageBody": "",
            "insertions": 2,
            "deletions": 1
          }
        ]
      },
      {
        "insertions": 307,
        "deletions": 232,
        "date": "2020-03-16",
        "commitResults": [
          {
            "hash": "714c76a738f996764ec7acdbafeac8f0ae5c1193",
            "messageTitle": "Incorporate Offer in UI",
            "messageBody": "",
            "insertions": 60,
            "deletions": 5
          },
          {
            "hash": "7ee86552f4214ca11fdaa6b1b0d10925829bd76a",
            "messageTitle": "Fix bug in parsing offers",
            "messageBody": "",
            "insertions": 9,
            "deletions": 6
          },
          {
            "hash": "aa53bef2fc341edda5056296171804bc92df2812",
            "messageTitle": "Update dummy Good class to truly accept any string",
            "messageBody": "",
            "insertions": 1,
            "deletions": 5
          },
          {
            "hash": "c912d1d14213094f8d5f3b3aaf766ad4666c8761",
            "messageTitle": "Fix bug where only good is stored as JSON for offers",
            "messageBody": "",
            "insertions": 3,
            "deletions": 10
          },
          {
            "hash": "f69c888f03b8044847a609fbc5edfa9d6fdfa550",
            "messageTitle": "Replace constants related to Tag to Offer equivalents",
            "messageBody": "",
            "insertions": 13,
            "deletions": 8
          },
          {
            "hash": "2e2e120ffa4c4e1ffc666e562a5c3edf28d818e6",
            "messageTitle": "Replace tests for Tag with tests for Offer",
            "messageBody": "",
            "insertions": 115,
            "deletions": 93
          },
          {
            "hash": "c1e5ef7465e01cf1ef580623a33c2adc10b0a9d6",
            "messageTitle": "Remove references to Tag class",
            "messageBody": "",
            "insertions": 40,
            "deletions": 41
          },
          {
            "hash": "be381c51cf5f9aadd848ea92943d0ec481c38d68",
            "messageTitle": "Change Offer to be stored as Set",
            "messageBody": "",
            "insertions": 66,
            "deletions": 64
          }
        ]
      },
      {
        "insertions": 216,
        "deletions": 99,
        "date": "2020-03-17",
        "commitResults": [
          {
            "hash": "fe646bf8f907935a5dc48cf2bb470f3f584c7f3d",
            "messageTitle": "Fix checkstyle violations for all main classes except Good",
            "messageBody": "",
            "insertions": 47,
            "deletions": 27
          },
          {
            "hash": "08a9b902d71e94a404bcd4e7fac4ed798d5ba2de",
            "messageTitle": "Fix checkstyle violation for test classes",
            "messageBody": "",
            "insertions": 29,
            "deletions": 25
          },
          {
            "hash": "87ade6b6ea6d25ca4e1c8b764935f319156637bd",
            "messageTitle": "Link Offer to GoodName instead of Good",
            "messageBody": "",
            "insertions": 34,
            "deletions": 30
          },
          {
            "hash": "f5e8206b06cb3f910e4d524b528877ea9362f8ce",
            "messageTitle": "Fix checkstyle violations in test classes",
            "messageBody": "",
            "insertions": 0,
            "deletions": 3
          },
          {
            "hash": "74ef06856b6e4e6312fdf74a11db2d6359143407",
            "messageTitle": "Fix checkstyle violations in Good class",
            "messageBody": "",
            "insertions": 0,
            "deletions": 1
          },
          {
            "hash": "41407b55ddc3b9b4edca36c99151aa3aad1dc522",
            "messageTitle": "Add GoodName testing in Offer tests",
            "messageBody": "",
            "insertions": 36,
            "deletions": 4
          },
          {
            "hash": "c1f80d05ddadc872317001861ac34b206fc99410",
            "messageTitle": "Update field type in JsonAdaptedOffer",
            "messageBody": "",
            "insertions": 3,
            "deletions": 2
          },
          {
            "hash": "957ddb33959b3be044e8f12001f4b2171bcb8c37",
            "messageTitle": "Add tests for JsonAdaptedOffer",
            "messageBody": "",
            "insertions": 57,
            "deletions": 0
          },
          {
            "hash": "2d6fd5f60af3c8d7d6dc1a487eaef7f87e26c38e",
            "messageTitle": "Fix checkstyle violations",
            "messageBody": "",
            "insertions": 4,
            "deletions": 4
          },
          {
            "hash": "b9d6598eb9e0e2cf6b5e68aaedd22ddc0dcc3610",
            "messageTitle": "Fix bug in splitOnLastWhitespace",
            "messageBody": "",
            "insertions": 1,
            "deletions": 1
          },
          {
            "hash": "525c704a09b9feed870558612496105d7fad0186",
            "messageTitle": "Add requireNonNull to parser methods",
            "messageBody": "",
            "insertions": 5,
            "deletions": 2
          }
        ]
      },
      {
        "insertions": 162,
        "deletions": 175,
        "date": "2020-03-20",
        "commitResults": [
          {
            "hash": "6b3c1d280e388003c6cc5d87aff39ad59ff2852c",
            "messageTitle": "Refactor ReadOnlyInventory and ReadOnlyAddressBook into ReadOnlyList",
            "messageBody": "",
            "insertions": 152,
            "deletions": 165
          },
          {
            "hash": "ee1356193ac80317361a31abbc4af60e8443d3fb",
            "messageTitle": "Fix checkstyle violations on main classes",
            "messageBody": "",
            "insertions": 8,
            "deletions": 8
          },
          {
            "hash": "39ed972f63fbd50eb7a66ec1ce028bb0af2a003c",
            "messageTitle": "Fix checkstyle violations in test classes",
            "messageBody": "",
            "insertions": 2,
            "deletions": 2
          }
        ]
      },
      {
        "insertions": 460,
        "deletions": 8,
        "date": "2020-03-26",
        "commitResults": [
          {
            "hash": "82f0173f1ba5fb00512869e98421012cdd9d2ee5",
            "messageTitle": "Add VersionedInventory and VersionedAddressBook",
            "messageBody": "",
            "insertions": 297,
            "deletions": 8
          },
          {
            "hash": "9993d1cd705b9748e6c25f347086ebd129acfd60",
            "messageTitle": "Update ModelStub",
            "messageBody": "",
            "insertions": 10,
            "deletions": 0
          },
          {
            "hash": "9867295ceb1d2ac86c21fb3d45355804563fe245",
            "messageTitle": "Add tests for undo and commit in model",
            "messageBody": "",
            "insertions": 153,
            "deletions": 0
          }
        ]
      },
      {
        "insertions": 397,
        "deletions": 88,
        "date": "2020-03-27",
        "commitResults": [
          {
            "hash": "eeac85e1a4e99969e32c9e5275cd529588a74af3",
            "messageTitle": "Update test cases for versioned databases",
            "messageBody": "",
            "insertions": 47,
            "deletions": 6
          },
          {
            "hash": "4ca7ca7ada91142a82cdbc8d095b8dacc224591a",
            "messageTitle": "Implement undo and commit in the model",
            "messageBody": "",
            "insertions": 65,
            "deletions": 30
          },
          {
            "hash": "05e3801b04f01c0fa323a70f746cdf5f167cea82",
            "messageTitle": "Add UndoCommand skeleton",
            "messageBody": "",
            "insertions": 13,
            "deletions": 0
          },
          {
            "hash": "892e96fe81fc810d94bd7aed8e2413057dd89d6f",
            "messageTitle": "Add error message for undo",
            "messageBody": "",
            "insertions": 1,
            "deletions": 0
          },
          {
            "hash": "54d815d642631fd2b1ec1f2109e39f40222f57ec",
            "messageTitle": "Add success message for UndoCommand",
            "messageBody": "",
            "insertions": 2,
            "deletions": 0
          },
          {
            "hash": "7e920c36d65959e707e48dcbec60b30933329971",
            "messageTitle": "Add tests for UndoCommand",
            "messageBody": "",
            "insertions": 30,
            "deletions": 0
          },
          {
            "hash": "e2c4c28fda18977f4f91627e164f3c5bf29b19b3",
            "messageTitle": "Add test for parsing UndoCommand",
            "messageBody": "",
            "insertions": 7,
            "deletions": 0
          },
          {
            "hash": "765db697a5ab5cc87d11679b37539bae128f6783",
            "messageTitle": "Add parsing for UndoCommand",
            "messageBody": "",
            "insertions": 4,
            "deletions": 0
          },
          {
            "hash": "2005e1be537a9c3f0b077bbb9aba6658248e5141",
            "messageTitle": "Add new StateNotFoundException for undo methods",
            "messageBody": "",
            "insertions": 16,
            "deletions": 6
          },
          {
            "hash": "6ff6b8b1a93ec01346099bf25daca0b6bedcd405",
            "messageTitle": "Update undo tests to use StateNotFoundException",
            "messageBody": "",
            "insertions": 9,
            "deletions": 4
          },
          {
            "hash": "e1009f19f6fef7b41f34de21790cea27f377d36d",
            "messageTitle": "Add stricter equality tests for testing versioned databases",
            "messageBody": "",
            "insertions": 56,
            "deletions": 32
          },
          {
            "hash": "d59eb28234721fa26ad985849807561f959daf57",
            "messageTitle": "Fix undo method",
            "messageBody": "",
            "insertions": 2,
            "deletions": 2
          },
          {
            "hash": "b9d209708d08eb0c92f020347827df5b0e30ffd9",
            "messageTitle": "Add stricter equality testing for undo test in ModelManager",
            "messageBody": "",
            "insertions": 9,
            "deletions": 4
          },
          {
            "hash": "a7bd651688fc23ac8f44f92f11826bd6fbf61d06",
            "messageTitle": "Add more test case to ModelManagerTest",
            "messageBody": "",
            "insertions": 20,
            "deletions": 0
          },
          {
            "hash": "0059a618ca7ef259bdf32ae8e0ed1133839c7290",
            "messageTitle": "Update FilteredList during undo",
            "messageBody": "",
            "insertions": 2,
            "deletions": 2
          },
          {
            "hash": "ca6d5d2c5cf64d5826df4cae2fab900944330ef7",
            "messageTitle": "Implement UndoCommand",
            "messageBody": "",
            "insertions": 8,
            "deletions": 1
          },
          {
            "hash": "c6b11e135f85c93ce33d53b86e353b627fe1e6fc",
            "messageTitle": "Add tests to ensure modifying commands call commit on Model",
            "messageBody": "",
            "insertions": 100,
            "deletions": 1
          },
          {
            "hash": "a7a1cf3d71af4d34f06345b00097c504ee1b1770",
            "messageTitle": "Add commit calls to modifying commands",
            "messageBody": "",
            "insertions": 6,
            "deletions": 0
          }
        ]
      },
      {
        "insertions": 388,
        "deletions": 96,
        "date": "2020-03-29",
        "commitResults": [
          {
            "hash": "4646ea9ae54d60c092a452e97b06bda641e414c2",
            "messageTitle": "Add tests for VersionedTransactionHistory",
            "messageBody": "",
            "insertions": 98,
            "deletions": 0
          },
          {
            "hash": "1493849206fcb58fa770639195ed046de7b7569a",
            "messageTitle": "Add VersionedTransactionHistory",
            "messageBody": "",
            "insertions": 126,
            "deletions": 0
          },
          {
            "hash": "c5e8f6cd5ef9d03d280121aa22be7caefeb22457",
            "messageTitle": "Update ModelManagerTest",
            "messageBody": "",
            "insertions": 16,
            "deletions": 4
          },
          {
            "hash": "b2156124bc27f9122342a9a170cf2879cf038741",
            "messageTitle": "Use VersionedTransactionHistory in ModelManager",
            "messageBody": "",
            "insertions": 5,
            "deletions": 4
          },
          {
            "hash": "b55e80aa75448a26132851ce8fba05294a22a805",
            "messageTitle": "Make fields in versioned databases private",
            "messageBody": "",
            "insertions": 7,
            "deletions": 8
          },
          {
            "hash": "c2d17d17cd548e26d671c5628989d1284792a5af",
            "messageTitle": "Fix checkstyle errors on main java files",
            "messageBody": "",
            "insertions": 31,
            "deletions": 12
          },
          {
            "hash": "dbda94d78f9106ab49564370ef90dd1e22e12518",
            "messageTitle": "Fix checkstyle errors in test java files",
            "messageBody": "",
            "insertions": 30,
            "deletions": 27
          },
          {
            "hash": "b044ea5fe418f1ba2451d5464c56b43684f006c6",
            "messageTitle": "Fix references to obsolete ReadOnly classes",
            "messageBody": "",
            "insertions": 36,
            "deletions": 18
          },
          {
            "hash": "143942f0f7849fd20383c21632dfed02c4e25182",
            "messageTitle": "Add commit tests for buy and sell commands",
            "messageBody": "",
            "insertions": 16,
            "deletions": 0
          },
          {
            "hash": "30fa33551eeb1362ee71d6ce65facf5179b5cad1",
            "messageTitle": "Change javadoc divider for database classes",
            "messageBody": "",
            "insertions": 21,
            "deletions": 21
          },
          {
            "hash": "cefe2745195a7a54077a20fb4a4cb1babb771d95",
            "messageTitle": "Change test name for tests",
            "messageBody": "",
            "insertions": 2,
            "deletions": 2
          }
        ]
      },
      {
        "insertions": 25,
        "deletions": 3,
        "date": "2020-03-30",
        "commitResults": [
          {
            "hash": "052bb30dbe798a3f5dc66d6d88724dd85041e88d",
            "messageTitle": "Update assertCommandFailure to consider all databases",
            "messageBody": "",
            "insertions": 14,
            "deletions": 2
          },
          {
            "hash": "97cf56099ec95d5503ca363d91925cb35c22aec8",
            "messageTitle": "Enable equality check between versioned and normal TransactionHistory",
            "messageBody": "",
            "insertions": 11,
            "deletions": 1
          }
        ]
      },
      {
        "insertions": 373,
        "deletions": 11,
        "date": "2020-03-31",
        "commitResults": [
          {
            "hash": "c5fcbc972396243a570c49ae9c3b1d89bb163f20",
            "messageTitle": "Implement redo (#98)",
            "messageBody": "* Add redo method signature\r\n\r\n* Add tests for redo in versioned databases\r\n\r\n* Implement redo in versioned databases\r\n\r\n* Add redo tests for ModelManager\r\n\r\n* Implement redo in ModelManager\r\n\r\n* Add RedoCommand skeleton\r\n\r\n* Add test for parsing redo command\r\n\r\n* Add tests for RedoCommand\r\n\r\n* Implement RedoCommand execute\r\n\r\n* Add ability to parse RedoCommand\r\n\r\n* Fix checkstyle violations\r\n\r\n* Add null guard for undo or redo execution\r\n\r\n* Fix code style\r\n\r\n* Add null tests for undo and redo execute\r\n\r\n* Fix checkstyle violations",
            "insertions": 373,
            "deletions": 11
          }
        ]
      }
    ],
    "FangShaoHua94": [
      {
        "insertions": 918,
        "deletions": 0,
        "date": "2020-03-16",
        "commitResults": [
          {
            "hash": "48b06288e66bd56b1394cf7e821e8b73f4bf9a20",
            "messageTitle": "Add Good class (#58)",
            "messageBody": "* Add GoodName class\r\n\r\n* Add GoodName tests\r\n\r\n* Add Good class\r\n\r\n* Add Good class tests\r\n\r\n* Remove unused good variable in typical goods.\r\n\r\n* Remove unused static and non-static variables for Typical Goods.\r\n\r\n* Add more test cases for Good and GoodName classes.\r\n\r\n* Update the summary for Good class\r\n\r\n* Add GoodQuantity class\r\n\r\n* Add GoodQuantity class test\r\n\r\n* Merge good quantity into good class\r\n\r\n* Add Good Information Ui and related FXML file\r\n\r\n* Add comment for the regex for good quantity.\r\n\r\n* Add UniqueGoodList and tests.\r\n\r\n* Add Ui for list of goods\r\n\r\n* Fix design choices and coding style errors.\r\n\r\nCo-authored-by: Daythehangedman \u003c59592689+Daythehangedman@users.noreply.github.com\u003e",
            "insertions": 918,
            "deletions": 0
          }
        ]
      },
      {
        "insertions": 1457,
        "deletions": 75,
        "date": "2020-03-17",
        "commitResults": [
          {
            "hash": "3fcb691060a2a3f44757cb01c421fbf11f9a9f92",
            "messageTitle": "Add inventory (#63)",
            "messageBody": "* Add GoodName class\r\n\r\n* Add GoodName tests\r\n\r\n* Add Good class\r\n\r\n* Add Good class tests\r\n\r\n* Remove unused good variable in typical goods.\r\n\r\n* Remove unused static and non-static variables for Typical Goods.\r\n\r\n* Add more test cases for Good and GoodName classes.\r\n\r\n* Update the summary for Good class\r\n\r\n* Add GoodQuantity class\r\n\r\n* Add GoodQuantity class test\r\n\r\n* Merge good quantity into good class\r\n\r\n* Add Good Information Ui and related FXML file\r\n\r\n* Add comment for the regex for good quantity.\r\n\r\n* Add UniqueGoodList and tests.\r\n\r\n* Add Ui for list of goods\r\n\r\n* Add Inventory and related tests.\r\n\r\n* Add Json for Good and Inventory with relevant tests.\r\n\r\n* Resolve checkstyle errors on EOF in test file\r\n\r\n* Incorporate Inventory into Model.\r\nUpdated related classes and tests during the incorporation.\r\n\r\n* Add GoodNameContainsKeywordsPredicateTest.\r\n\r\n* Update Logic Manager with method to obtain list of good.\r\n\r\n* Update GUI, split main window into two sub windows\r\n\r\n* Add more goods in the sample data.\r\n\r\n* Fix checkstyle error for trailing space in MainWindow.fxml\r\n\r\n* Fix design choices and coding style errors.\r\n\r\nCo-authored-by: Daythehangedman \u003c59592689+Daythehangedman@users.noreply.github.com\u003e",
            "insertions": 1457,
            "deletions": 75
          }
        ]
      },
      {
        "insertions": 2679,
        "deletions": 134,
        "date": "2020-03-29",
        "commitResults": [
          {
            "hash": "7b01d33ca366b7b3963d5ef4146246ec2d6870ec",
            "messageTitle": "Add transaction and transaction History (#83)",
            "messageBody": "* Add Transaction with related tests.\r\n\r\n* Add UniqueTransactionList with related tests.\r\n\r\n* Add TransactionHistory with related tests.\r\n\r\n* Add Transaction id, JsonAdaptedTransaction and relevant tests.\r\n\r\n* Add Transaction History json with relevant tests.\r\n\r\n* Fix Transaction json parse error.\r\n\r\n* Incorporate Transaction History into major components Model, Storage and MainApp.\r\n\r\n* Add Gui to Transaction History.\r\n\r\n* Fix Transaction History GUI.\r\n\r\n* Resolve merge conflicts for commands.\r\n\r\n* Fix checkstyle issues and add more tests.\r\n\r\n* Fix spacing in the javaDoc\r\n\r\nCo-authored-by: Daythehangedman \u003c59592689+Daythehangedman@users.noreply.github.com\u003e",
            "insertions": 2679,
            "deletions": 134
          }
        ]
      },
      {
        "insertions": 463,
        "deletions": 20,
        "date": "2020-03-30",
        "commitResults": [
          {
            "hash": "2a5ed2c2ab30961d07ba0a2092a676788e63fde5",
            "messageTitle": "Add threshold warning to good (#97)",
            "messageBody": "* Add SetThresholdCommand and add Threshold quantity to Good\r\n\r\n* Fix Json test due to Good threshold\r\n\r\n* Add SetThresholdCommandTest and SetThresholdCommandParserTest\r\n\r\n* Add gui indication on good with quantity below threshold\r\n\r\n* Add sorting for goods in inventory\r\n\r\n* Fix the problem where red background for quantity cannot be removed\r\n\r\n* Resolve checkStyle error on unused import.\r\n\r\n* Fix test error due to Versioning",
            "insertions": 463,
            "deletions": 20
          }
        ]
      }
    ],
    "LiuChao93": [
      {
        "insertions": 1329,
        "deletions": 1315,
        "date": "2020-03-19",
        "commitResults": [
          {
            "hash": "5942fe058f7131ba2e95099b65272d2cac4da7b2",
            "messageTitle": "add supplier",
            "messageBody": "",
            "tags": [
              "closes-#42"
            ],
            "insertions": 1329,
            "deletions": 1315
          }
        ]
      },
      {
        "insertions": 191,
        "deletions": 186,
        "date": "2020-03-24",
        "commitResults": [
          {
            "hash": "80771a31b08d11fb674e4b8699aa85fe0a294ac5",
            "messageTitle": "add listing all suppliers list-s",
            "messageBody": "",
            "tags": [
              "closes-#30"
            ],
            "insertions": 1,
            "deletions": 1
          },
          {
            "hash": "1cb07657a15d2c729ebb409d003a6a53266e378e",
            "messageTitle": "Add ability to edit prices of goods",
            "messageBody": "",
            "tags": [
              "closes-39"
            ],
            "insertions": 69,
            "deletions": 69
          },
          {
            "hash": "fe8ab2c801f5953928cd8faf5a7f9a083ab98167",
            "messageTitle": "add ability to delete a supplier",
            "messageBody": "",
            "tags": [
              "closes-#86"
            ],
            "insertions": 40,
            "deletions": 40
          },
          {
            "hash": "4b4905174d0b4e74ff5a2587d9c62a218c35a27a",
            "messageTitle": "add ability to clear supplier list",
            "messageBody": "",
            "tags": [
              "closes-#87"
            ],
            "insertions": 13,
            "deletions": 13
          },
          {
            "hash": "bc89288c842aa1111326a3e73e89baded2dc038b",
            "messageTitle": "add ability to locate suppliers by name",
            "messageBody": "",
            "tags": [
              "closes-#43"
            ],
            "insertions": 33,
            "deletions": 33
          },
          {
            "hash": "e4ccf3afe62d6af5e9fce13f76a7cd577922f305",
            "messageTitle": "Update Find supplier command",
            "messageBody": "",
            "insertions": 3,
            "deletions": 3
          },
          {
            "hash": "3ff499d38bdfa3c5505e4357eb7ca8cd31262a9e",
            "messageTitle": "update list supplier command",
            "messageBody": "",
            "insertions": 14,
            "deletions": 14
          },
          {
            "hash": "a754098aa3d9fd9a6c58519850b1c68d1556df2e",
            "messageTitle": "improve on coding style",
            "messageBody": "",
            "insertions": 3,
            "deletions": 2
          },
          {
            "hash": "3007f92b09456c1141dd16aee2eddd8b6f810756",
            "messageTitle": "correct code according to checkstyle",
            "messageBody": "",
            "insertions": 13,
            "deletions": 9
          },
          {
            "hash": "2d37b01ed110e70d9f6e5e7d3df74e6f9457d608",
            "messageTitle": "correct code in accordance to checkstyle",
            "messageBody": "",
            "insertions": 1,
            "deletions": 1
          },
          {
            "hash": "a63ab6be99699dc845eea265b635deaa3d1342a1",
            "messageTitle": "correct test case for delete supplier",
            "messageBody": "",
            "insertions": 1,
            "deletions": 1
          }
        ]
      },
      {
        "insertions": 24,
        "deletions": 2,
        "date": "2020-03-30",
        "commitResults": [
          {
            "hash": "2f72341f53963f07202a8fc924a3c2b940c0111a",
            "messageTitle": "Update the edit-s function to enable editing good price pair",
            "messageBody": "",
            "tags": [
              "Closes-#41"
            ],
            "insertions": 23,
            "deletions": 1
          },
          {
            "hash": "b7ec64e6387129cb892f8cc94358cad101025063",
            "messageTitle": "change supplierToEditOffer from public to private",
            "messageBody": "",
            "insertions": 1,
            "deletions": 1
          }
        ]
      },
      {
        "insertions": 292,
        "deletions": 137,
        "date": "2020-03-31",
        "commitResults": [
          {
            "hash": "e12cfe26022d1562b559705902cf3e5e124d7579",
            "messageTitle": "Correct formatting",
            "messageBody": "",
            "insertions": 2,
            "deletions": 2
          },
          {
            "hash": "67a241c13f4335c8cae64f705e6068cbdd7b8c2e",
            "messageTitle": "correct code formatting for checkstyle",
            "messageBody": "",
            "insertions": 1,
            "deletions": 2
          },
          {
            "hash": "f343eb8860970544b0b059f386fdd11f7214c934",
            "messageTitle": "correct formating",
            "messageBody": "",
            "insertions": 2,
            "deletions": 5
          },
          {
            "hash": "e17cec29ec0123deb32ca54af3f97332b640e021",
            "messageTitle": "correct static variable order",
            "messageBody": "",
            "insertions": 1,
            "deletions": 2
          },
          {
            "hash": "8f45fffc413a381c997064bb26e59eb9a24616b6",
            "messageTitle": "correct formatting",
            "messageBody": "",
            "insertions": 1,
            "deletions": 2
          },
          {
            "hash": "88056c744a660ddc5ed8b15b2f60f77be48ff657",
            "messageTitle": "Commented away the test cases as the test cases will be updated later",
            "messageBody": "",
            "insertions": 26,
            "deletions": 23
          },
          {
            "hash": "e7ed935ffcbe15235b29c21c5d65ee1ebdf5ed26",
            "messageTitle": "update formatting",
            "messageBody": "",
            "insertions": 33,
            "deletions": 33
          },
          {
            "hash": "f8c149f7563f3dd8934d5adb89ce33a0d62ab0c3",
            "messageTitle": "correct formatting",
            "messageBody": "",
            "insertions": 3,
            "deletions": 2
          },
          {
            "hash": "319c40b65466e52354e7f70c7bbc86c80f68017e",
            "messageTitle": "edit formatting",
            "messageBody": "",
            "insertions": 6,
            "deletions": 6
          },
          {
            "hash": "9ccd107321c38aa0ee7d5c86c2deb31babe1ff13",
            "messageTitle": "correct formatting",
            "messageBody": "",
            "insertions": 5,
            "deletions": 5
          },
          {
            "hash": "c3b4ebaaba6ac244e0066ca90b13a256dd515c29",
            "messageTitle": "correct formatting",
            "messageBody": "",
            "insertions": 19,
            "deletions": 19
          },
          {
            "hash": "49c2eb068341f233afbdffa2271ac2863feac249",
            "messageTitle": "added function to delete each good price pair in the supplier\u0027s list",
            "messageBody": "",
            "tags": [
              "Closes-#40"
            ],
            "insertions": 161,
            "deletions": 14
          },
          {
            "hash": "0e56cd700ac4fb9fbc791b71ccc2e83661e42c96",
            "messageTitle": "correct formatting for checkstyle",
            "messageBody": "",
            "insertions": 13,
            "deletions": 11
          },
          {
            "hash": "1aac7b205ad3f8aaa00098ee51fa4e4288fc925c",
            "messageTitle": "Correct formatting for checkstyle",
            "messageBody": "",
            "insertions": 3,
            "deletions": 3
          },
          {
            "hash": "3d0bcb28ac5cc10ba8a090c728e70c9de8ac9974",
            "messageTitle": "Update test case",
            "messageBody": "",
            "insertions": 5,
            "deletions": 0
          },
          {
            "hash": "5bdd8cafd9c3cf27191216c415d55bf443043763",
            "messageTitle": "correct formatting",
            "messageBody": "",
            "insertions": 10,
            "deletions": 7
          },
          {
            "hash": "6620fcb580944c94786a99b345562e83defb5cd7",
            "messageTitle": "Update formatting",
            "messageBody": "",
            "insertions": 1,
            "deletions": 1
          }
        ]
      }
    ],
    "PangJiaDa": [
      {
        "insertions": 588,
        "deletions": 44,
        "date": "2020-03-17",
        "commitResults": [
          {
            "hash": "6f500c2bd5ab526dc5644cb5b10c30047ab9b56f",
            "messageTitle": "Add simplified Buy command (#67)",
            "messageBody": "* Add GoodName class\r\n\r\n* Add GoodName tests\r\n\r\n* Add Good class\r\n\r\n* Add Good class tests\r\n\r\n* Remove unused good variable in typical goods.\r\n\r\n* Remove unused static and non-static variables for Typical Goods.\r\n\r\n* Add more test cases for Good and GoodName classes.\r\n\r\n* Update the summary for Good class\r\n\r\n* Add GoodQuantity class\r\n\r\n* Add GoodQuantity class test\r\n\r\n* Merge good quantity into good class\r\n\r\n* Add Good Information Ui and related FXML file\r\n\r\n* Enhance BuyCommand to accept and echo parameters\r\n\r\n* implement buy command\r\n\r\n* refactor BuyCommandParser and remove unecessary buy fields for v1.2 demo\r\n\r\n* add BuyCommandParserTest test cases\r\n\r\n* fix checkstyle issues\r\n\r\n* fix code review suggestions\r\n\r\nCo-authored-by: Daythehangedman \u003c59592689+Daythehangedman@users.noreply.github.com\u003e",
            "insertions": 338,
            "deletions": 37
          },
          {
            "hash": "fb13b61b5bd46a6772220c01e0ca7b6433470275",
            "messageTitle": "Implemented Sell command (#68)",
            "messageBody": "* Add GoodName class\r\n\r\n* Add GoodName tests\r\n\r\n* Add Good class\r\n\r\n* Add Good class tests\r\n\r\n* Remove unused good variable in typical goods.\r\n\r\n* Remove unused static and non-static variables for Typical Goods.\r\n\r\n* Add more test cases for Good and GoodName classes.\r\n\r\n* Update the summary for Good class\r\n\r\n* Add GoodQuantity class\r\n\r\n* Add GoodQuantity class test\r\n\r\n* Merge good quantity into good class\r\n\r\n* Add Good Information Ui and related FXML file\r\n\r\n* Enhance BuyCommand to accept and echo parameters\r\n\r\n* Implement buy command\r\n\r\n* Refactor BuyCommandParser and remove unecessary buy fields for v1.2 demo\r\n\r\n* Add BuyCommandParserTest test cases\r\n\r\n* Fix checkstyle issues\r\n\r\n* Fix code review suggestions\r\n\r\n* Add sell goods command\r\n\r\n* Add SellCommandPaserTest\r\n\r\n* Fix checkstyle issues\r\n\r\n* Make requested changes in PR\r\n\r\nCo-authored-by: Daythehangedman \u003c59592689+Daythehangedman@users.noreply.github.com\u003e",
            "tags": [
              "v1.2"
            ],
            "insertions": 250,
            "deletions": 7
          }
        ]
      },
      {
        "insertions": 708,
        "deletions": 3,
        "date": "2020-03-29",
        "commitResults": [
          {
            "hash": "ef8ffffd87241422532daece2a4f6be9555bca44",
            "messageTitle": "Implement BuyCommandTest (#94)",
            "messageBody": "* Make git ignore windows .bat files\r\n\r\n* Add null constructor test\r\n\r\n* Add equals test\r\n\r\n* Implement buyExistingGood test success\r\n\r\n* Implement buyNewGood test success\r\n\r\n* Add BuyCommandTest for overflow template\r\n\r\n* Fix checkstyle issues\r\n\r\n* Resolve breaking tests from transaction history merge\r\n\r\n* Labelled future tests as TODO",
            "insertions": 338,
            "deletions": 0
          },
          {
            "hash": "05cdc0b07b06007da3f00530d4fbaefcba9f9157",
            "messageTitle": "Implement SellCommandTest (#95)",
            "messageBody": "* Create SellCommandTests: equals and constructor tests\r\n\r\n* Create SellCommandTests: sell existing good successfully test\r\n\r\n* Create SellCommandTests: sell non existent good throws command exception\r\n\r\n* Create SellCommandTests: sell good with insufficient quantity throws command exception\r\n\r\n* Fix checkstyle format\r\n\r\n* Add bat files to gitignore\r\n\r\n* Remove bat file",
            "insertions": 370,
            "deletions": 3
          }
        ]
      },
      {
        "insertions": 539,
        "deletions": 172,
        "date": "2020-03-31",
        "commitResults": [
          {
            "hash": "0de2ddab4794141e5ad617d9c13670012e13a685",
            "messageTitle": "Enhance sell command to require selling price per unit sold",
            "messageBody": "",
            "insertions": 58,
            "deletions": 31
          },
          {
            "hash": "1036fe4e4bfa0dafc8df27c7361c79b9e0441bb0",
            "messageTitle": "Fix breaking sell command tests and checkstyle errors.",
            "messageBody": "",
            "insertions": 29,
            "deletions": 23
          },
          {
            "hash": "ce4792aacf3e2a37771a9ddae6a88561c082954c",
            "messageTitle": "Rename DeleteCommandParser to DeleteSupplierCommandParser",
            "messageBody": "",
            "insertions": 3,
            "deletions": 3
          },
          {
            "hash": "7cb1b16ea99e98398d747d18b45ba767004d8d4e",
            "messageTitle": "Create DeleteGoodCommand",
            "messageBody": "",
            "insertions": 55,
            "deletions": 0
          },
          {
            "hash": "74120e349d70de57bea1886f05564d7a2549bed0",
            "messageTitle": "Create DeleteGoodCommandParser",
            "messageBody": "",
            "insertions": 30,
            "deletions": 0
          },
          {
            "hash": "4eb4b2682c187ff3a5707aed67af94dfaf2f9ac7",
            "messageTitle": "Hook DeleteGoodCommand into AddressBookParser",
            "messageBody": "",
            "insertions": 5,
            "deletions": 1
          },
          {
            "hash": "54aad5945b2d9803cfc0218af70c3cf3fb28c75d",
            "messageTitle": "Implement DeleteSupplierCommandParserTest tests",
            "messageBody": "",
            "insertions": 40,
            "deletions": 1
          },
          {
            "hash": "3177c8d869c190be36a1800bed66703d6aa9896b",
            "messageTitle": "Add DeleteGoodCommandTest tests.",
            "messageBody": "",
            "insertions": 152,
            "deletions": 41
          },
          {
            "hash": "3d9f0bc048fee07196a09f0c0c5533d08930d5a5",
            "messageTitle": "Fix checkstyle errors",
            "messageBody": "",
            "insertions": 17,
            "deletions": 14
          },
          {
            "hash": "5d0921728be21cd06d648012ff0895b5158a468d",
            "messageTitle": "Implement requested changes.",
            "messageBody": "",
            "insertions": 6,
            "deletions": 5
          },
          {
            "hash": "e4adea159b4320c0e53c0e20c8dfcb3ea802cad8",
            "messageTitle": "Fix checkstyle errors",
            "messageBody": "",
            "insertions": 0,
            "deletions": 1
          },
          {
            "hash": "e460f38f4da2409458350906e93a544c93f2fb6d",
            "messageTitle": "Jiada/feature/enhance buycommand (#102)",
            "messageBody": "* Fix bug: BuyCommand cannot cause inventory overflow\r\n\r\n* Make BuyCommand require supplier\u0027s name.\r\n\r\n* Refactor Good class to hold a Name for it\u0027s supplier\r\n\r\n* Make BuyCommand require supplier to sell the good being bought.\r\n\r\n* Fix broken BuyCommandParser and BuyCommand tests after BuyCommand enhancement\r\n\r\n* Fix checkstyle errors\r\n\r\n* Implement requested changes\r\n\r\n* Resolve merge conflicts",
            "insertions": 144,
            "deletions": 52
          }
        ]
      }
    ]
  },
  "authorFinalContributionMap": {
    "NicholasCF": 2425,
    "FangShaoHua94": 5054,
    "LiuChao93": 1628,
    "PangJiaDa": 1679
  },
  "authorFileTypeContributionMap": {
    "NicholasCF": {
      "docs": 0,
      "functional-code": 1145,
      "test-code": 1280
    },
    "FangShaoHua94": {
      "docs": 0,
      "functional-code": 2626,
      "test-code": 2428
    },
    "LiuChao93": {
      "docs": 0,
      "functional-code": 718,
      "test-code": 910
    },
    "PangJiaDa": {
      "docs": 0,
      "functional-code": 601,
      "test-code": 1078
    }
  },
  "authorContributionVariance": {
    "NicholasCF": 42205.863,
    "FangShaoHua94": 226245.22,
    "LiuChao93": 150223.48,
    "PangJiaDa": 28100.037
  },
  "authorDisplayNameMap": {
    "NicholasCF": "CS2103-W14-2 NICH..ANDO",
    "FangShaoHua94": "CS2103-W14-2 FANG..OHUA",
    "LiuChao93": "CS2103-W14-2 LIU ..CHAO",
    "PangJiaDa": "CS2103-W14-2 PANG..A DA"
  }
}
