{
  "authorDailyContributionsMap": {
    "NicholasCF": [],
    "FangShaoHua94": [],
    "LiuChao93": [],
    "PangJiaDa": []
  },
  "authorFinalContributionMap": {
    "NicholasCF": 0,
    "FangShaoHua94": 0,
    "LiuChao93": 0,
    "PangJiaDa": 0
  },
  "authorFileTypeContributionMap": {
    "NicholasCF": {
      "java": 0,
      "md": 0,
      "fxml": 0,
      "sh": 0,
      "bat": 0,
      "gradle": 0,
      "txt": 0
    },
    "FangShaoHua94": {
      "java": 0,
      "md": 0,
      "fxml": 0,
      "sh": 0,
      "bat": 0,
      "gradle": 0,
      "txt": 0
    },
    "LiuChao93": {
      "java": 0,
      "md": 0,
      "fxml": 0,
      "sh": 0,
      "bat": 0,
      "gradle": 0,
      "txt": 0
    },
    "PangJiaDa": {
      "java": 0,
      "md": 0,
      "fxml": 0,
      "sh": 0,
      "bat": 0,
      "gradle": 0,
      "txt": 0
    }
  },
  "authorContributionVariance": {
    "NicholasCF": 0.0,
    "FangShaoHua94": 0.0,
    "LiuChao93": 0.0,
    "PangJiaDa": 0.0
  },
  "authorDisplayNameMap": {
    "NicholasCF": "CS2103-W14-2 NICH..ANDO",
    "FangShaoHua94": "CS2103-W14-2 FANG..OHUA",
    "LiuChao93": "CS2103-W14-2 LIU ..CHAO",
    "PangJiaDa": "CS2103-W14-2 PANG..A DA"
  }
}
