{
  "authorDailyContributionsMap": {
    "loycatherine": [
      {
        "insertions": 681,
        "deletions": 0,
        "date": "2020-03-13",
        "commitResults": [
          {
            "hash": "c684b23d2043f6dd54bc782b0580e98c1b3c2f83",
            "messageTitle": "Add ReadOnlyPackingList.java",
            "messageBody": "",
            "insertions": 15,
            "deletions": 0
          },
          {
            "hash": "0cf78d89a68fbd1d5c253cda8775cb62159ec01f",
            "messageTitle": "Add PackingListManager.java",
            "messageBody": "",
            "insertions": 174,
            "deletions": 0
          },
          {
            "hash": "c834846b835e4ef8e7e47d434becd021bb10612c",
            "messageTitle": "Add UniquePackingList.java",
            "messageBody": "",
            "insertions": 192,
            "deletions": 0
          },
          {
            "hash": "cb10b687e1f1b869546a997b89f350d868607371",
            "messageTitle": "Add Quantity.java",
            "messageBody": "",
            "insertions": 47,
            "deletions": 0
          },
          {
            "hash": "999f35c481462e8a42195225343f57c3d0d73c45",
            "messageTitle": "Add ItemName.java",
            "messageBody": "",
            "insertions": 65,
            "deletions": 0
          },
          {
            "hash": "4ddfd27c44129643ee98ed32cd2a323331ff1f7a",
            "messageTitle": "Add Item.java",
            "messageBody": "",
            "insertions": 130,
            "deletions": 0
          },
          {
            "hash": "97ed8d739b6b041c686d34be8ec15ba9fe06ee31",
            "messageTitle": "Add Check.java",
            "messageBody": "",
            "insertions": 39,
            "deletions": 0
          },
          {
            "hash": "b543dd364bc19a3ec95d70122d772074caa2d045",
            "messageTitle": "Add ItemNotFoundException.java",
            "messageBody": "",
            "insertions": 6,
            "deletions": 0
          },
          {
            "hash": "a8db9ee8e01fb8d597771632c26d4febd283f5fe",
            "messageTitle": "Add DuplicateItemException.java",
            "messageBody": "",
            "insertions": 13,
            "deletions": 0
          }
        ]
      },
      {
        "insertions": 681,
        "deletions": 184,
        "date": "2020-03-19",
        "commitResults": [
          {
            "hash": "9bd477acf4f0634ceed84fe4695ef5255d9e620d",
            "messageTitle": "Edit Name to ItemName",
            "messageBody": "",
            "insertions": 90,
            "deletions": 2
          },
          {
            "hash": "63913f262ddd6b4cd5d451d0995607e1de67517e",
            "messageTitle": "Create JsonPackingListStorage.java",
            "messageBody": "",
            "insertions": 66,
            "deletions": 0
          },
          {
            "hash": "4f74790d51a779ebe295ea1d64e40ac3b86c27c0",
            "messageTitle": "Create JsonSerializablePackingListManager.java",
            "messageBody": "",
            "insertions": 54,
            "deletions": 0
          },
          {
            "hash": "3b9071c9f3d9b66510ab26517c3cec025a257598",
            "messageTitle": "Create serializable packing list",
            "messageBody": "",
            "insertions": 5,
            "deletions": 5
          },
          {
            "hash": "f9ba504a918834ac9922d0cac3c6842dc6ded7aa",
            "messageTitle": "Create JsonAdaptedItem.java",
            "messageBody": "",
            "insertions": 51,
            "deletions": 0
          },
          {
            "hash": "84967e6ccab240549b486a9f065f8b7770308691",
            "messageTitle": "Edit serializable packing list",
            "messageBody": "",
            "insertions": 6,
            "deletions": 6
          },
          {
            "hash": "5dc02da1c05d665207251f2e347afb2b565e0e57",
            "messageTitle": "Edit JsonAdaptedItem.java",
            "messageBody": "",
            "insertions": 5,
            "deletions": 5
          },
          {
            "hash": "6374a4d412cea8e31db632aabbbaba1dd6c3d2ad",
            "messageTitle": "Create PackingListStorage.java",
            "messageBody": "",
            "insertions": 20,
            "deletions": 0
          },
          {
            "hash": "0428b288e8a0f38524a40b204866b57dcdd8a8e9",
            "messageTitle": "Edit JsonPackingListStorage.java",
            "messageBody": "",
            "insertions": 3,
            "deletions": 1
          },
          {
            "hash": "49da5d277fc1e7d8a723af02a4d84f260c392254",
            "messageTitle": "Add javadocs",
            "messageBody": "",
            "insertions": 83,
            "deletions": 0
          },
          {
            "hash": "938caaa64c345822061859339dbc44ad6653e91a",
            "messageTitle": "Update storage",
            "messageBody": "",
            "insertions": 6,
            "deletions": 1
          },
          {
            "hash": "9cb3ab0cf04d22a28548544998bad39364905e5f",
            "messageTitle": "Edit PackingListStorage.java",
            "messageBody": "",
            "insertions": 12,
            "deletions": 2
          },
          {
            "hash": "cbcb784e449ed908e6a831641599ab6b244f444f",
            "messageTitle": "Edit StorageManager.java",
            "messageBody": "",
            "insertions": 44,
            "deletions": 0
          },
          {
            "hash": "15e43c828ff3ae2ec9f794e262b6c73d68735bf0",
            "messageTitle": "Edit MainApp.java",
            "messageBody": "",
            "insertions": 28,
            "deletions": 0
          },
          {
            "hash": "4d8059d239e2c90d47cebb6ded6916c99140d1ea",
            "messageTitle": "Edit MainApp.java",
            "messageBody": "",
            "insertions": 3,
            "deletions": 2
          },
          {
            "hash": "e12e5a6dfbcfc7c1fb337fc8f9dfe4c13da731c5",
            "messageTitle": "Edit SampleDataUtil.java",
            "messageBody": "",
            "insertions": 85,
            "deletions": 0
          },
          {
            "hash": "b668044d261fbfedf28b6ad7dce2a35edab31cb4",
            "messageTitle": "Update UserPrefs.java",
            "messageBody": "",
            "insertions": 12,
            "deletions": 0
          },
          {
            "hash": "5dadf46ce945aa3e194ca4adb7a46fb770049676",
            "messageTitle": "Update ModelManager.java",
            "messageBody": "",
            "insertions": 3,
            "deletions": 2
          },
          {
            "hash": "f04ec2ea018419bbfd93dfd03eb39bddabf43387",
            "messageTitle": "Update JsonAdaptedItem.java",
            "messageBody": "",
            "insertions": 4,
            "deletions": 2
          },
          {
            "hash": "4bf8e0c63283978633340f5753ff56462b857689",
            "messageTitle": "Update MainApp.java",
            "messageBody": "",
            "insertions": 2,
            "deletions": 2
          },
          {
            "hash": "c7f03397a3871de7d72c994e2ad56d57de0bd6ef",
            "messageTitle": "Update ModelManager.java",
            "messageBody": "",
            "insertions": 10,
            "deletions": 6
          },
          {
            "hash": "00048f11e3863a2957410ac99de85f704dafa837",
            "messageTitle": "Update StorageManager.java",
            "messageBody": "",
            "insertions": 4,
            "deletions": 9
          },
          {
            "hash": "67594cdcdf2105ba909f527d6b015904162ac5c0",
            "messageTitle": "Update PackingListManager.java",
            "messageBody": "",
            "insertions": 1,
            "deletions": 12
          },
          {
            "hash": "df68442a4ce6c8108d6b1d231990f0d0efdbf5dd",
            "messageTitle": "Improve code quality",
            "messageBody": "",
            "insertions": 78,
            "deletions": 33
          },
          {
            "hash": "a87c778524ad3806c5948257330d56a59d153fdf",
            "messageTitle": "Delete old packing list folder",
            "messageBody": "",
            "insertions": 6,
            "deletions": 94
          }
        ]
      },
      {
        "insertions": 343,
        "deletions": 10,
        "date": "2020-03-20",
        "commitResults": [
          {
            "hash": "33f94b5e93ecb3af060563775830c34cdfd11a17",
            "messageTitle": "Create AddItemCommand.java",
            "messageBody": "",
            "insertions": 81,
            "deletions": 0
          },
          {
            "hash": "d46153ee1224052dc9c053f405f7483fbfd9a818",
            "messageTitle": "Create AddItemParser.java",
            "messageBody": "",
            "insertions": 55,
            "deletions": 0
          },
          {
            "hash": "ce0382d5039795dcca74e864eab5b3e38a7a9ab6",
            "messageTitle": "Create ItemCategory.java",
            "messageBody": "",
            "insertions": 61,
            "deletions": 0
          },
          {
            "hash": "bf3fe22cfd6a6378a43ac1c7d0a9f48e2e809d15",
            "messageTitle": "Update PackingListItem.java",
            "messageBody": "",
            "insertions": 33,
            "deletions": 3
          },
          {
            "hash": "381291f4a8360aa01c86affa49988b4e5f9f7ead",
            "messageTitle": "Update JsonAdaptedItem.java",
            "messageBody": "",
            "insertions": 11,
            "deletions": 1
          },
          {
            "hash": "a29d1c18a6b1fa2781d641265803c2236b99db61",
            "messageTitle": "Update AddressBookParser.java",
            "messageBody": "",
            "insertions": 5,
            "deletions": 0
          },
          {
            "hash": "e3dbd8e6306c4d9db19ba22367bc05b7a8ed6075",
            "messageTitle": "Update CliSyntax.java",
            "messageBody": "",
            "insertions": 4,
            "deletions": 0
          },
          {
            "hash": "6a645213ee3e09c3dadbe71c1a34d4e82ff665a3",
            "messageTitle": "Update ParserUtil.java",
            "messageBody": "",
            "insertions": 92,
            "deletions": 5
          },
          {
            "hash": "76042eba9428255ab2679a309c6e152b77c9c0a7",
            "messageTitle": "Update AddItemCommand.java",
            "messageBody": "Co-Authored-By: zenatrick \u003ctenglec@u.nus.edu\u003e\n",
            "insertions": 1,
            "deletions": 1
          }
        ]
      },
      {
        "insertions": 650,
        "deletions": 37,
        "date": "2020-03-21",
        "commitResults": [
          {
            "hash": "4481edb7635587189ebb3568a834a87d817036e1",
            "messageTitle": "Create CheckItemCommand.java",
            "messageBody": "",
            "insertions": 23,
            "deletions": 0
          },
          {
            "hash": "bbcbabb6d6b47e74223acb0fec99c3a3cae0133e",
            "messageTitle": "Create DeleteItemCommand.java",
            "messageBody": "",
            "insertions": 61,
            "deletions": 0
          },
          {
            "hash": "0131afaa9d591f15b213bfd2b2aed09872f709eb",
            "messageTitle": "Create DeleteItemParser.java",
            "messageBody": "",
            "insertions": 25,
            "deletions": 0
          },
          {
            "hash": "3b6c920936396241ca0cf6504e4a89b5bef1b468",
            "messageTitle": "Create EditItemParser.java",
            "messageBody": "",
            "insertions": 53,
            "deletions": 0
          },
          {
            "hash": "711600e25f660f9d7fabcfeb8f46e300b15ab86d",
            "messageTitle": "Create CheckItemCommand.java",
            "messageBody": "",
            "insertions": 173,
            "deletions": 0
          },
          {
            "hash": "3de115eb720ede2f919e051a6497837ff5cef746",
            "messageTitle": "Create EditItemCommand.java",
            "messageBody": "",
            "insertions": 237,
            "deletions": 0
          },
          {
            "hash": "a678c9cb52b8c223be528fafa08688814b5ebbd6",
            "messageTitle": "Update AddressBookParser.java",
            "messageBody": "",
            "insertions": 15,
            "deletions": 0
          },
          {
            "hash": "7873d4d5427cd90da3b2ce95365beff4d598bc02",
            "messageTitle": "Improve code quality",
            "messageBody": "",
            "insertions": 15,
            "deletions": 11
          },
          {
            "hash": "8998ad9a03c37be09305d2d6df9811daa8a74429",
            "messageTitle": "Change saveItems to savePackingList",
            "messageBody": "",
            "insertions": 11,
            "deletions": 10
          },
          {
            "hash": "cfd717b670bf6d11ccd2933e2f4eed82cf4f41b7",
            "messageTitle": "Change isChecked to getCheck",
            "messageBody": "",
            "insertions": 4,
            "deletions": 4
          },
          {
            "hash": "eb7c1a011cf24030fe7efaed32d545e94da02133",
            "messageTitle": "Update Messages.java",
            "messageBody": "",
            "insertions": 3,
            "deletions": 0
          },
          {
            "hash": "56d402d8f8a3f4c437d519b2b4bd9341dd5d403e",
            "messageTitle": "Improve code quality",
            "messageBody": "",
            "insertions": 30,
            "deletions": 12
          }
        ]
      },
      {
        "insertions": 228,
        "deletions": 19,
        "date": "2020-03-22",
        "commitResults": [
          {
            "hash": "beed6f9b6dfc9275b539b457770a7eeef339c9c0",
            "messageTitle": "Create UncheckItemCommand.java",
            "messageBody": "",
            "insertions": 175,
            "deletions": 2
          },
          {
            "hash": "ace4f0192633c06397dc3724f9169530e68929cd",
            "messageTitle": "Create UncheckItemParser.java",
            "messageBody": "",
            "insertions": 26,
            "deletions": 0
          },
          {
            "hash": "882ada7626e801e60405ec73c1feacc0e08dac73",
            "messageTitle": "Edit Messages.java",
            "messageBody": "",
            "insertions": 1,
            "deletions": 1
          },
          {
            "hash": "5827c13cdc9a852a5f97373a4b36b94ca6dddd89",
            "messageTitle": "Rename AddressBookParser to EasyTravelParser",
            "messageBody": "",
            "insertions": 11,
            "deletions": 7
          },
          {
            "hash": "2d7189d1431683bd28630706abd43097c25f2435",
            "messageTitle": "Edit Messages.java",
            "messageBody": "",
            "insertions": 0,
            "deletions": 2
          },
          {
            "hash": "c143a0b4777aa41dc0e28d0660e422fc71315a05",
            "messageTitle": "Improve code",
            "messageBody": "",
            "insertions": 15,
            "deletions": 7
          }
        ]
      }
    ],
    "jwee97": [
      {
        "insertions": 5462,
        "deletions": 2142,
        "date": "2020-03-13",
        "commitResults": [
          {
            "hash": "6cf1a54256d51f23f79ab2388a1c1e6855c8b46d",
            "messageTitle": "Add set,remove,edit,show budgets",
            "messageBody": "",
            "insertions": 199,
            "deletions": 0
          },
          {
            "hash": "7c68d4f66efa76e9a32dc0244ef7571dabd91808",
            "messageTitle": "Add Budget commands",
            "messageBody": "",
            "insertions": 1057,
            "deletions": 97
          },
          {
            "hash": "f4a3ee75fb435579175170409b6c09a6b84af3d3",
            "messageTitle": "Modify model",
            "messageBody": "",
            "insertions": 475,
            "deletions": 175
          },
          {
            "hash": "b15a11878ee73ead252820d0d9d39bb6bc1a1843",
            "messageTitle": "Rebase AB3 to ET",
            "messageBody": "",
            "insertions": 120,
            "deletions": 253
          },
          {
            "hash": "1cf8d71a300e3e19ba9aa56d91144321df511b4a",
            "messageTitle": "Add AddressBook sub",
            "messageBody": "",
            "insertions": 320,
            "deletions": 189
          },
          {
            "hash": "870abcb33dc36acec65edf6080d5fefa3262fe25",
            "messageTitle": "Add stuff",
            "messageBody": "",
            "insertions": 3,
            "deletions": 3
          },
          {
            "hash": "1c68d8905a3750bb2cf65aba0def12bd2f5c8de6",
            "messageTitle": "Add BudgetCommands",
            "messageBody": "",
            "insertions": 293,
            "deletions": 82
          },
          {
            "hash": "c4f61e407393b18e29a6a03a993d4b375b6734c6",
            "messageTitle": "Refractor Budget",
            "messageBody": "",
            "insertions": 258,
            "deletions": 45
          },
          {
            "hash": "f1fef2ffd7688afa9bfea1397fd4da33ca284e20",
            "messageTitle": "Clean up some code",
            "messageBody": "",
            "insertions": 0,
            "deletions": 102
          },
          {
            "hash": "1b0e15cef97b09a0d06fbed447fc824a3de9d7b8",
            "messageTitle": "Clean up some code",
            "messageBody": "",
            "insertions": 0,
            "deletions": 2
          },
          {
            "hash": "aba0ece5e98300c1877ab62c52b6d6c0a37fe19f",
            "messageTitle": "Improve code quality",
            "messageBody": "",
            "insertions": 0,
            "deletions": 42
          },
          {
            "hash": "73c4c10dd7c97e44a838868430bee1953d801fb1",
            "messageTitle": "Add Trip and Budget",
            "messageBody": "",
            "insertions": 6,
            "deletions": 81
          },
          {
            "hash": "6cf1a54256d51f23f79ab2388a1c1e6855c8b46d",
            "messageTitle": "Add set,remove,edit,show budgets",
            "messageBody": "",
            "insertions": 199,
            "deletions": 0
          },
          {
            "hash": "7c68d4f66efa76e9a32dc0244ef7571dabd91808",
            "messageTitle": "Add Budget commands",
            "messageBody": "",
            "insertions": 1057,
            "deletions": 97
          },
          {
            "hash": "f4a3ee75fb435579175170409b6c09a6b84af3d3",
            "messageTitle": "Modify model",
            "messageBody": "",
            "insertions": 475,
            "deletions": 175
          },
          {
            "hash": "b15a11878ee73ead252820d0d9d39bb6bc1a1843",
            "messageTitle": "Rebase AB3 to ET",
            "messageBody": "",
            "insertions": 120,
            "deletions": 253
          },
          {
            "hash": "1cf8d71a300e3e19ba9aa56d91144321df511b4a",
            "messageTitle": "Add AddressBook sub",
            "messageBody": "",
            "insertions": 320,
            "deletions": 189
          },
          {
            "hash": "870abcb33dc36acec65edf6080d5fefa3262fe25",
            "messageTitle": "Add stuff",
            "messageBody": "",
            "insertions": 3,
            "deletions": 3
          },
          {
            "hash": "1c68d8905a3750bb2cf65aba0def12bd2f5c8de6",
            "messageTitle": "Add BudgetCommands",
            "messageBody": "",
            "insertions": 293,
            "deletions": 82
          },
          {
            "hash": "c4f61e407393b18e29a6a03a993d4b375b6734c6",
            "messageTitle": "Refractor Budget",
            "messageBody": "",
            "insertions": 258,
            "deletions": 45
          },
          {
            "hash": "f1fef2ffd7688afa9bfea1397fd4da33ca284e20",
            "messageTitle": "Clean up some code",
            "messageBody": "",
            "insertions": 0,
            "deletions": 102
          },
          {
            "hash": "1b0e15cef97b09a0d06fbed447fc824a3de9d7b8",
            "messageTitle": "Clean up some code",
            "messageBody": "",
            "insertions": 0,
            "deletions": 2
          },
          {
            "hash": "aba0ece5e98300c1877ab62c52b6d6c0a37fe19f",
            "messageTitle": "Improve code quality",
            "messageBody": "",
            "insertions": 0,
            "deletions": 42
          },
          {
            "hash": "73c4c10dd7c97e44a838868430bee1953d801fb1",
            "messageTitle": "Add Trip and Budget",
            "messageBody": "",
            "insertions": 6,
            "deletions": 81
          }
        ]
      },
      {
        "insertions": 3208,
        "deletions": 628,
        "date": "2020-03-15",
        "commitResults": [
          {
            "hash": "88f1cac434a5436b2c6f30f5158f8e819f73508b",
            "messageTitle": "Add JUnit test for Category",
            "messageBody": "",
            "insertions": 145,
            "deletions": 0
          },
          {
            "hash": "4ade319fab52ea24932e52eb214d550e06d71aa8",
            "messageTitle": "Clean up code",
            "messageBody": "",
            "insertions": 12,
            "deletions": 15
          },
          {
            "hash": "91dc5e1c09d89809f502ebe94fcc884ba121807e",
            "messageTitle": "Add FixedExpense JUnit Tests",
            "messageBody": "",
            "insertions": 376,
            "deletions": 7
          },
          {
            "hash": "767fff76f600ff276b5c7ad17fa3a0debecc83a5",
            "messageTitle": "Improve code quality",
            "messageBody": "",
            "insertions": 62,
            "deletions": 63
          },
          {
            "hash": "d16d5d460e94a8c6c174cfcd4fe801b28e299171",
            "messageTitle": "Complete JUnit Tests for FixedExpense",
            "messageBody": "",
            "insertions": 73,
            "deletions": 43
          },
          {
            "hash": "0e1848bd6fe3583d0f24b0bf4491f2b8783e2e1f",
            "messageTitle": "Add JUnit Test for Packing List",
            "messageBody": "",
            "insertions": 518,
            "deletions": 14
          },
          {
            "hash": "702de554096c0cc6ebf1b4d0dd72df0a97011a9e",
            "messageTitle": "Add JUnit Tests for Transport Booking",
            "messageBody": "",
            "insertions": 211,
            "deletions": 1
          },
          {
            "hash": "d08dc9568b96aa108cd02c079d581f1bc1791cad",
            "messageTitle": "Edit Checkstyle Errors",
            "messageBody": "",
            "insertions": 43,
            "deletions": 50
          },
          {
            "hash": "2aa596f099183ec813569b6139b21ce5630734a8",
            "messageTitle": "Improve code quality",
            "messageBody": "",
            "insertions": 154,
            "deletions": 111
          },
          {
            "hash": "027a36c9e4b185a635aaf498f9e2a87bcd3d0cfa",
            "messageTitle": "Fix Codacy Issue",
            "messageBody": "",
            "insertions": 1,
            "deletions": 1
          },
          {
            "hash": "367dca62b8aad871805de47f0d6068084e03a4db",
            "messageTitle": "Make changes according to code review",
            "messageBody": "",
            "insertions": 9,
            "deletions": 9
          },
          {
            "hash": "88f1cac434a5436b2c6f30f5158f8e819f73508b",
            "messageTitle": "Add JUnit test for Category",
            "messageBody": "",
            "insertions": 145,
            "deletions": 0
          },
          {
            "hash": "4ade319fab52ea24932e52eb214d550e06d71aa8",
            "messageTitle": "Clean up code",
            "messageBody": "",
            "insertions": 12,
            "deletions": 15
          },
          {
            "hash": "91dc5e1c09d89809f502ebe94fcc884ba121807e",
            "messageTitle": "Add FixedExpense JUnit Tests",
            "messageBody": "",
            "insertions": 376,
            "deletions": 7
          },
          {
            "hash": "767fff76f600ff276b5c7ad17fa3a0debecc83a5",
            "messageTitle": "Improve code quality",
            "messageBody": "",
            "insertions": 62,
            "deletions": 63
          },
          {
            "hash": "d16d5d460e94a8c6c174cfcd4fe801b28e299171",
            "messageTitle": "Complete JUnit Tests for FixedExpense",
            "messageBody": "",
            "insertions": 73,
            "deletions": 43
          },
          {
            "hash": "0e1848bd6fe3583d0f24b0bf4491f2b8783e2e1f",
            "messageTitle": "Add JUnit Test for Packing List",
            "messageBody": "",
            "insertions": 518,
            "deletions": 14
          },
          {
            "hash": "702de554096c0cc6ebf1b4d0dd72df0a97011a9e",
            "messageTitle": "Add JUnit Tests for Transport Booking",
            "messageBody": "",
            "insertions": 211,
            "deletions": 1
          },
          {
            "hash": "d08dc9568b96aa108cd02c079d581f1bc1791cad",
            "messageTitle": "Edit Checkstyle Errors",
            "messageBody": "",
            "insertions": 43,
            "deletions": 50
          },
          {
            "hash": "2aa596f099183ec813569b6139b21ce5630734a8",
            "messageTitle": "Improve code quality",
            "messageBody": "",
            "insertions": 154,
            "deletions": 111
          },
          {
            "hash": "027a36c9e4b185a635aaf498f9e2a87bcd3d0cfa",
            "messageTitle": "Fix Codacy Issue",
            "messageBody": "",
            "insertions": 1,
            "deletions": 1
          },
          {
            "hash": "367dca62b8aad871805de47f0d6068084e03a4db",
            "messageTitle": "Make changes according to code review",
            "messageBody": "",
            "insertions": 9,
            "deletions": 9
          }
        ]
      },
      {
        "insertions": 1326,
        "deletions": 58,
        "date": "2020-03-16",
        "commitResults": [
          {
            "hash": "a5f1f98dd744cddc65b84ff18dadee77adfc0660",
            "messageTitle": "Add ReadOnlyAccommodationList.java",
            "messageBody": "",
            "insertions": 21,
            "deletions": 0
          },
          {
            "hash": "51000469c81e61c2bd42fa456fdb56d436186195",
            "messageTitle": "Add Name.java in model.accommodationbooking",
            "messageBody": "",
            "insertions": 57,
            "deletions": 0
          },
          {
            "hash": "18d56beac117216429e870e6375351c87538b2b8",
            "messageTitle": "Add Location.java in model.accommodation",
            "messageBody": "",
            "insertions": 60,
            "deletions": 0
          },
          {
            "hash": "9eb878bec738a173c4eb03bd4d4ed1450575f6cc",
            "messageTitle": "Add Remark.java in model.accommodation",
            "messageBody": "",
            "insertions": 57,
            "deletions": 0
          },
          {
            "hash": "a1bba13e44e044e5fcf82fa1788599fa624fe4a1",
            "messageTitle": "Add Day.java in model.accommodation",
            "messageBody": "",
            "insertions": 58,
            "deletions": 2
          },
          {
            "hash": "b6fa99afb6052fbd06774bea30c4468a3467c6d0",
            "messageTitle": "Add AccommodationBooking.java in model.accommodationbooking",
            "messageBody": "",
            "insertions": 102,
            "deletions": 0
          },
          {
            "hash": "93193feb9961b1f3c358d81bb75010946f987964",
            "messageTitle": "Add UniqueAccommodationBookingList.java",
            "messageBody": "- Add AccommodationBookingNotFoundException.java\n- Add DuplicateAccommodationBookingException.java\n- Rename to getAccommodationBookingList in ReadOnlyAccommodationBookingManager.java\n",
            "insertions": 158,
            "deletions": 1
          },
          {
            "hash": "709df57280dec59d88acb817991e1e357c224d0e",
            "messageTitle": "Add AccommodationBookingManager.java",
            "messageBody": "- Rename to ReadOnlyAccommodationBookingManager.java\n",
            "insertions": 124,
            "deletions": 1
          },
          {
            "hash": "447438fe9916bfdbe1fb7cd6f06bcacbbc4f1baa",
            "messageTitle": "Update AccommodationBooking.java",
            "messageBody": "",
            "insertions": 4,
            "deletions": 5
          },
          {
            "hash": "79946537abc3b876120d7be590dc57f63b710e2c",
            "messageTitle": "Improve Code Quality",
            "messageBody": "",
            "insertions": 22,
            "deletions": 20
          },
          {
            "hash": "a5f1f98dd744cddc65b84ff18dadee77adfc0660",
            "messageTitle": "Add ReadOnlyAccommodationList.java",
            "messageBody": "",
            "insertions": 21,
            "deletions": 0
          },
          {
            "hash": "51000469c81e61c2bd42fa456fdb56d436186195",
            "messageTitle": "Add Name.java in model.accommodationbooking",
            "messageBody": "",
            "insertions": 57,
            "deletions": 0
          },
          {
            "hash": "18d56beac117216429e870e6375351c87538b2b8",
            "messageTitle": "Add Location.java in model.accommodation",
            "messageBody": "",
            "insertions": 60,
            "deletions": 0
          },
          {
            "hash": "9eb878bec738a173c4eb03bd4d4ed1450575f6cc",
            "messageTitle": "Add Remark.java in model.accommodation",
            "messageBody": "",
            "insertions": 57,
            "deletions": 0
          },
          {
            "hash": "a1bba13e44e044e5fcf82fa1788599fa624fe4a1",
            "messageTitle": "Add Day.java in model.accommodation",
            "messageBody": "",
            "insertions": 58,
            "deletions": 2
          },
          {
            "hash": "b6fa99afb6052fbd06774bea30c4468a3467c6d0",
            "messageTitle": "Add AccommodationBooking.java in model.accommodationbooking",
            "messageBody": "",
            "insertions": 102,
            "deletions": 0
          },
          {
            "hash": "93193feb9961b1f3c358d81bb75010946f987964",
            "messageTitle": "Add UniqueAccommodationBookingList.java",
            "messageBody": "- Add AccommodationBookingNotFoundException.java\n- Add DuplicateAccommodationBookingException.java\n- Rename to getAccommodationBookingList in ReadOnlyAccommodationBookingManager.java\n",
            "insertions": 158,
            "deletions": 1
          },
          {
            "hash": "709df57280dec59d88acb817991e1e357c224d0e",
            "messageTitle": "Add AccommodationBookingManager.java",
            "messageBody": "- Rename to ReadOnlyAccommodationBookingManager.java\n",
            "insertions": 124,
            "deletions": 1
          },
          {
            "hash": "447438fe9916bfdbe1fb7cd6f06bcacbbc4f1baa",
            "messageTitle": "Update AccommodationBooking.java",
            "messageBody": "",
            "insertions": 4,
            "deletions": 5
          },
          {
            "hash": "79946537abc3b876120d7be590dc57f63b710e2c",
            "messageTitle": "Improve Code Quality",
            "messageBody": "",
            "insertions": 22,
            "deletions": 20
          }
        ]
      },
      {
        "insertions": 4285,
        "deletions": 1604,
        "date": "2020-03-17",
        "commitResults": [
          {
            "hash": "b1c9b560ae2e890d7bd1711568ef0053ba3dd9ab",
            "messageTitle": "Add GUI for Transport, PackingList, FixedExpense",
            "messageBody": "",
            "insertions": 445,
            "deletions": 0
          },
          {
            "hash": "81c66062f875b4fba803e5581db4bf3951a084a5",
            "messageTitle": "Add GUI for Transport, PackingList, FixedExpense",
            "messageBody": "",
            "insertions": 173,
            "deletions": 80
          },
          {
            "hash": "f4aa004b7011cddf926b77f14aba9c80f1fbf255",
            "messageTitle": "Fix Travis issue and add FixedExpense storage",
            "messageBody": "",
            "insertions": 757,
            "deletions": 269
          },
          {
            "hash": "b1c9b560ae2e890d7bd1711568ef0053ba3dd9ab",
            "messageTitle": "Add GUI for Transport, PackingList, FixedExpense",
            "messageBody": "",
            "insertions": 445,
            "deletions": 0
          },
          {
            "hash": "81c66062f875b4fba803e5581db4bf3951a084a5",
            "messageTitle": "Add GUI for Transport, PackingList, FixedExpense",
            "messageBody": "",
            "insertions": 173,
            "deletions": 80
          },
          {
            "hash": "f4aa004b7011cddf926b77f14aba9c80f1fbf255",
            "messageTitle": "Fix Travis issue and add FixedExpense storage",
            "messageBody": "",
            "insertions": 757,
            "deletions": 269
          },
          {
            "hash": "907f27efc87b7e301f9655ea03d44d367bc820d4",
            "messageTitle": "Add JsonAdaptedAccommodationBooking.java",
            "messageBody": "",
            "insertions": 101,
            "deletions": 0
          },
          {
            "hash": "b113005b4f5ffa05f2c69e2333e054cbab4e8b6b",
            "messageTitle": "Add JsonSerializableAccommodationBookingManager.java",
            "messageBody": "",
            "insertions": 67,
            "deletions": 0
          },
          {
            "hash": "21f09fda76ff3d34849f692e90aaf48dbf87e662",
            "messageTitle": "Add AccommodationBookingStorage.java",
            "messageBody": "",
            "insertions": 50,
            "deletions": 0
          },
          {
            "hash": "f2a3e2927d8abe3389a29f3ecb95719b041fd671",
            "messageTitle": "Add JsonAccommodationBookingStorage.java",
            "messageBody": "",
            "insertions": 85,
            "deletions": 2
          },
          {
            "hash": "67f12293d718d095242cc5a048f469f93b1019e5",
            "messageTitle": "Modify model package and Storage.java",
            "messageBody": "",
            "insertions": 34,
            "deletions": 8
          },
          {
            "hash": "04d47e26cd662b32628d4c7c0a4fb2e347995f87",
            "messageTitle": "Modify StorageManager.java",
            "messageBody": "",
            "insertions": 37,
            "deletions": 0
          },
          {
            "hash": "a35c4cb2168af8845feece89b1cbe3debad7d8c6",
            "messageTitle": "Modify ReadOnlyUserPrefs.java and UserPrefs.java",
            "messageBody": "",
            "insertions": 22,
            "deletions": 3
          },
          {
            "hash": "aa4e3fed7ccc2c0dd296f9400a3fe2beaf3064ab",
            "messageTitle": "Use Transport Booking Location in Accommodation Booking",
            "messageBody": "",
            "insertions": 4,
            "deletions": 62
          },
          {
            "hash": "72de3f27e46c6a1a2ae14f9c45ed463aa3aa9ae0",
            "messageTitle": "Refactor name to accommodationName for accommodation booking",
            "messageBody": "",
            "insertions": 20,
            "deletions": 20
          },
          {
            "hash": "302039a8ac03eff429610ff495cf8480f61e5ba7",
            "messageTitle": "Modify SampleDataUtil.java",
            "messageBody": "",
            "insertions": 34,
            "deletions": 13
          },
          {
            "hash": "f8e474d34a650210f3f60e5d4bff631267f906a2",
            "messageTitle": "Modify MainApp.java",
            "messageBody": "",
            "insertions": 45,
            "deletions": 1
          },
          {
            "hash": "d9f54d12268b2a7e88df720855c9ced4f9ec9b71",
            "messageTitle": "Modify ModelManager.java",
            "messageBody": "",
            "insertions": 116,
            "deletions": 6
          },
          {
            "hash": "4bda707171c7741d16afe68bd3eb2bb09e6419bf",
            "messageTitle": "Modify LogicManager.java",
            "messageBody": "",
            "insertions": 13,
            "deletions": 6
          },
          {
            "hash": "db5399f1d0325ac64c7991ae560b7f81fb15de57",
            "messageTitle": "Improve Code Quality",
            "messageBody": "",
            "tags": [
              "v1.2"
            ],
            "insertions": 903,
            "deletions": 781
          },
          {
            "hash": "55d317ca63b4591912318c3144819daef0097e32",
            "messageTitle": "Edit Remark Field in SampleDataUtil",
            "messageBody": "",
            "insertions": 2,
            "deletions": 2
          },
          {
            "hash": "55d317ca63b4591912318c3144819daef0097e32",
            "messageTitle": "Edit Remark Field in SampleDataUtil",
            "messageBody": "",
            "insertions": 2,
            "deletions": 2
          }
        ]
      },
      {
        "insertions": 526,
        "deletions": 26,
        "date": "2020-03-18",
        "commitResults": [
          {
            "hash": "800cb5abe53392b34b0e99a380b8c7fa5a520ec5",
            "messageTitle": "Add ClearBudgetCommand",
            "messageBody": "",
            "insertions": 46,
            "deletions": 1
          },
          {
            "hash": "7b736d9e4a81ad75fd20d0c674b6a39d827e4e53",
            "messageTitle": "Complete ClearBudgetCommand",
            "messageBody": "",
            "insertions": 33,
            "deletions": 0
          },
          {
            "hash": "b029e61cde6704c3e9d77f76bcf0f9cb544fcbea",
            "messageTitle": "Edit command for ClearBudgetCommand",
            "messageBody": "",
            "insertions": 1,
            "deletions": 1
          },
          {
            "hash": "8522c1f88653324dfbd2d72861b0b6a3c62be1e6",
            "messageTitle": "Create AddFixedExpense Command",
            "messageBody": "",
            "insertions": 154,
            "deletions": 0
          },
          {
            "hash": "27b3152608d081ace881b40849fe8b0a5867585c",
            "messageTitle": "Modify Code Structure",
            "messageBody": "",
            "insertions": 29,
            "deletions": 11
          },
          {
            "hash": "800cb5abe53392b34b0e99a380b8c7fa5a520ec5",
            "messageTitle": "Add ClearBudgetCommand",
            "messageBody": "",
            "insertions": 46,
            "deletions": 1
          },
          {
            "hash": "7b736d9e4a81ad75fd20d0c674b6a39d827e4e53",
            "messageTitle": "Complete ClearBudgetCommand",
            "messageBody": "",
            "insertions": 33,
            "deletions": 0
          },
          {
            "hash": "b029e61cde6704c3e9d77f76bcf0f9cb544fcbea",
            "messageTitle": "Edit command for ClearBudgetCommand",
            "messageBody": "",
            "insertions": 1,
            "deletions": 1
          },
          {
            "hash": "8522c1f88653324dfbd2d72861b0b6a3c62be1e6",
            "messageTitle": "Create AddFixedExpense Command",
            "messageBody": "",
            "insertions": 154,
            "deletions": 0
          },
          {
            "hash": "27b3152608d081ace881b40849fe8b0a5867585c",
            "messageTitle": "Modify Code Structure",
            "messageBody": "",
            "insertions": 29,
            "deletions": 11
          }
        ]
      },
      {
        "insertions": 247,
        "deletions": 26,
        "date": "2020-03-20",
        "commitResults": [
          {
            "hash": "21f04586a5c7dbb972e3db8aab6ac5a85309d271",
            "messageTitle": "Modify CliSyntax.java",
            "messageBody": "",
            "insertions": 7,
            "deletions": 5
          },
          {
            "hash": "d66e3588303bc5b93f963c2f626b6759032fbd75",
            "messageTitle": "Add AddAccommodationBookingCommand",
            "messageBody": "",
            "insertions": 70,
            "deletions": 0
          },
          {
            "hash": "0c4128a29214a2ad4fefdb3f0d7176f300399897",
            "messageTitle": "Add AddAccommodationBookingCommandParser",
            "messageBody": "- Modified AddressBookParser.java\n",
            "insertions": 85,
            "deletions": 0
          },
          {
            "hash": "98a38a4d72704c05111877394bcdfd54848a01ba",
            "messageTitle": "Modify ParserUtil.java",
            "messageBody": "",
            "insertions": 54,
            "deletions": 8
          },
          {
            "hash": "c40070a3fda8e9acce3eeb447816120249fdf318",
            "messageTitle": "Modify Remark.java",
            "messageBody": "",
            "insertions": 1,
            "deletions": 1
          },
          {
            "hash": "dc3a02a0060e063f96b9e687b4208ea36b195098",
            "messageTitle": "Change storage for accommodation",
            "messageBody": "",
            "insertions": 24,
            "deletions": 2
          },
          {
            "hash": "68ae11f965e629260e697caf184e9430b864a2fc",
            "messageTitle": "Improve Code Quality",
            "messageBody": "",
            "insertions": 6,
            "deletions": 10
          }
        ]
      },
      {
        "insertions": 928,
        "deletions": 38,
        "date": "2020-03-22",
        "commitResults": [
          {
            "hash": "0de4a73a2cfa7b766303f76e201370a8df47b084",
            "messageTitle": "Add ClearAccommodationBookingCommand",
            "messageBody": "",
            "insertions": 29,
            "deletions": 0
          },
          {
            "hash": "105f84004983ded7e59fc2355d3688399909e61f",
            "messageTitle": "Add DeleteAccommodationBookingCommand",
            "messageBody": "",
            "insertions": 56,
            "deletions": 0
          },
          {
            "hash": "f2de7cbdc8338253ff9040e8ffd91253f6168141",
            "messageTitle": "Add DeleteAccommodationBookingCommandParser",
            "messageBody": "",
            "insertions": 37,
            "deletions": 0
          },
          {
            "hash": "c53043b61a3609a5f5459e34f56de1ed766f8354",
            "messageTitle": "Fix bug in accommdation commands",
            "messageBody": "- Edit error message in ParserUtil\n- Edit AddAccommodationBookingCommandParser\n",
            "insertions": 14,
            "deletions": 7
          },
          {
            "hash": "0de4a73a2cfa7b766303f76e201370a8df47b084",
            "messageTitle": "Add ClearAccommodationBookingCommand",
            "messageBody": "",
            "insertions": 29,
            "deletions": 0
          },
          {
            "hash": "105f84004983ded7e59fc2355d3688399909e61f",
            "messageTitle": "Add DeleteAccommodationBookingCommand",
            "messageBody": "",
            "insertions": 56,
            "deletions": 0
          },
          {
            "hash": "f2de7cbdc8338253ff9040e8ffd91253f6168141",
            "messageTitle": "Add DeleteAccommodationBookingCommandParser",
            "messageBody": "",
            "insertions": 37,
            "deletions": 0
          },
          {
            "hash": "c53043b61a3609a5f5459e34f56de1ed766f8354",
            "messageTitle": "Fix bug in accommdation commands",
            "messageBody": "- Edit error message in ParserUtil\n- Edit AddAccommodationBookingCommandParser\n",
            "insertions": 14,
            "deletions": 7
          },
          {
            "hash": "c0bab09e835c21d95f51cbeaaf37c82f00c025e6",
            "messageTitle": "Add EditAccommodationBookingCommand",
            "messageBody": "",
            "insertions": 231,
            "deletions": 1
          },
          {
            "hash": "93a015c63e6bb48c6ef6f7762e84c55c1ef5a284",
            "messageTitle": "Add Parser for Edit Command",
            "messageBody": "",
            "insertions": 97,
            "deletions": 11
          },
          {
            "hash": "c0bab09e835c21d95f51cbeaaf37c82f00c025e6",
            "messageTitle": "Add EditAccommodationBookingCommand",
            "messageBody": "",
            "insertions": 231,
            "deletions": 1
          },
          {
            "hash": "93a015c63e6bb48c6ef6f7762e84c55c1ef5a284",
            "messageTitle": "Add Parser for Edit Command",
            "messageBody": "",
            "insertions": 97,
            "deletions": 11
          }
        ]
      }
    ],
    "Deunitato": [
      {
        "insertions": 1372,
        "deletions": 151,
        "date": "2020-03-16",
        "commitResults": [
          {
            "hash": "7ce3aebb8b3b11257e8f7c7403ce899dfeafc6b6",
            "messageTitle": "Add title in Activity",
            "messageBody": "",
            "insertions": 60,
            "deletions": 0
          },
          {
            "hash": "a12d58d394dd7ac7478eed671f9eaf12e9284976",
            "messageTitle": "Add Duration in Activity",
            "messageBody": "",
            "insertions": 72,
            "deletions": 3
          },
          {
            "hash": "7770ecae97d384e5a6cc0f53a99e8a4e373c30de",
            "messageTitle": "Add base code for Activity feature",
            "messageBody": "",
            "insertions": 16,
            "deletions": 0
          },
          {
            "hash": "4415440f3c6abbfb20217d8e2745ae1290b46315",
            "messageTitle": "Add Activity model",
            "messageBody": "",
            "insertions": 318,
            "deletions": 8
          },
          {
            "hash": "9ae30e22fe57da96580e533b688c5d95c83f0f4a",
            "messageTitle": "Add ActivityManager and ReadOnlyActivityManager",
            "messageBody": "",
            "insertions": 120,
            "deletions": 1
          },
          {
            "hash": "0ceb91bff695db89fd0ed3592a0bb56f888e2692",
            "messageTitle": "Add activity test skeleton",
            "messageBody": "",
            "insertions": 16,
            "deletions": 0
          },
          {
            "hash": "7384ace80bafd4a7c1e4318f5bfbba9e0799b1e5",
            "messageTitle": "Add activity tests",
            "messageBody": "",
            "insertions": 449,
            "deletions": 13
          },
          {
            "hash": "bf7db7d564161b955e8befb8ccee612bef5f139d",
            "messageTitle": "Fix Duration to hours Add ActivityTest and UniqueActivityListTest",
            "messageBody": "",
            "insertions": 177,
            "deletions": 11
          },
          {
            "hash": "3d456154a4e7dd3c7c6f4b5f52788a273efb5458",
            "messageTitle": "Fix ActivityManager function",
            "messageBody": "",
            "insertions": 16,
            "deletions": 19
          },
          {
            "hash": "5d5f5cf7138c3bbfb3b6a4268eec9edebd85721d",
            "messageTitle": "Improve code quality",
            "messageBody": "",
            "insertions": 127,
            "deletions": 95
          },
          {
            "hash": "d4d1980155b68f8b2d4aa2e0a1a9c6a5b6b9a782",
            "messageTitle": "Update JavaDocs",
            "messageBody": "",
            "insertions": 1,
            "deletions": 1
          }
        ]
      },
      {
        "insertions": 645,
        "deletions": 66,
        "date": "2020-03-17",
        "commitResults": [
          {
            "hash": "9e9da811287e47f3d7950b97cce051f30af99e90",
            "messageTitle": "Add Activity Package for Storage",
            "messageBody": "",
            "insertions": 466,
            "deletions": 14
          },
          {
            "hash": "dc1601d4f53325e3883ded12c2796501cdbf822a",
            "messageTitle": "Update Model and Logic",
            "messageBody": "",
            "insertions": 133,
            "deletions": 32
          },
          {
            "hash": "eae0f822373e73d25e92e56616ba2a79c9332e04",
            "messageTitle": "Update Activity to Model",
            "messageBody": "",
            "insertions": 25,
            "deletions": 7
          },
          {
            "hash": "77de6bd292003a82e69c3b53e511b41c090b19fa",
            "messageTitle": "Improve code quality",
            "messageBody": "",
            "insertions": 21,
            "deletions": 13
          }
        ]
      },
      {
        "insertions": 406,
        "deletions": 14,
        "date": "2020-03-20",
        "commitResults": [
          {
            "hash": "e68b2cd2b59f4ecc82b3285bfa81c4ab137f5f6c",
            "messageTitle": "Add Addactivity command",
            "messageBody": "",
            "insertions": 372,
            "deletions": 3
          },
          {
            "hash": "1b81cef7c7f556734b3a57a9c17e1e47c6d68a02",
            "messageTitle": "Update model",
            "messageBody": "",
            "insertions": 18,
            "deletions": 0
          },
          {
            "hash": "1e34f282bb9a292ee20b2e9abaf6b1741b70c654",
            "messageTitle": "Add activity storage in logicManager",
            "messageBody": "",
            "insertions": 1,
            "deletions": 0
          },
          {
            "hash": "4d876f482d1ffad95223baa2a98d5d3930e44523",
            "messageTitle": "Fix addactivity error printout",
            "messageBody": "",
            "insertions": 9,
            "deletions": 5
          },
          {
            "hash": "5fcb09fee448dec7deb198f27ece298ba3ac8fc1",
            "messageTitle": "Improve code quality",
            "messageBody": "",
            "insertions": 6,
            "deletions": 6
          }
        ]
      },
      {
        "insertions": 1525,
        "deletions": 155,
        "date": "2020-03-22",
        "commitResults": [
          {
            "hash": "deb26270ffd583e4c80fa830bae7942fc0ca4faa",
            "messageTitle": "Add DeleteActivity command",
            "messageBody": "",
            "insertions": 82,
            "deletions": 2
          },
          {
            "hash": "30db8947b6d6f8b946feb1c840d9b08105b33b6b",
            "messageTitle": "Improve code quality",
            "messageBody": "",
            "insertions": 2,
            "deletions": 1
          },
          {
            "hash": "47b8eb344a6007ada01d3f359fdea0c76e008926",
            "messageTitle": "Add ClearActivity command",
            "messageBody": "",
            "insertions": 32,
            "deletions": 0
          },
          {
            "hash": "75205cb41559ce7aa9a14d40d767b77833a5cd12",
            "messageTitle": "Add editactivity command",
            "messageBody": "",
            "insertions": 310,
            "deletions": 0
          },
          {
            "hash": "33f028cd13c165b5a64dead03bd152446140fdd9",
            "messageTitle": "Improve code quality",
            "messageBody": "",
            "insertions": 0,
            "deletions": 1
          },
          {
            "hash": "f669dce113cbe8be9d169bf731c9dab9aa068e8a",
            "messageTitle": "Add AddActivity equals function",
            "messageBody": "",
            "insertions": 19,
            "deletions": 0
          },
          {
            "hash": "6ae046c31c4956d2c4833edceae6531720df9471",
            "messageTitle": "Add AddActivity equals function",
            "messageBody": "",
            "insertions": 116,
            "deletions": 1
          },
          {
            "hash": "21dd1b92149aa9b3c54423a73006847c3bf90791",
            "messageTitle": "Add AddActivityTest",
            "messageBody": "",
            "insertions": 385,
            "deletions": 4
          },
          {
            "hash": "1f156ec0adaf1142877890c723f3845d1a9bf7fc",
            "messageTitle": "Add DeleteActivity equals function Add DeleteActivityTest",
            "messageBody": "",
            "insertions": 231,
            "deletions": 64
          },
          {
            "hash": "4d65db9cfae7706979536a13f153a007fdad7051",
            "messageTitle": "Improve code quality Remove some test cases for DeleteActivityCommand",
            "messageBody": "",
            "insertions": 64,
            "deletions": 73
          },
          {
            "hash": "c520248995450737d50c1c7cb6c2df76795443cf",
            "messageTitle": "Improve code quality",
            "messageBody": "",
            "insertions": 0,
            "deletions": 1
          },
          {
            "hash": "3534769307e391d41ddd453261eaaf0c7eb984ee",
            "messageTitle": "Add trip model",
            "messageBody": "",
            "insertions": 178,
            "deletions": 0
          },
          {
            "hash": "8f3ff7fe05cf0034ba3d35d45d7b6a290c9b8ffb",
            "messageTitle": "Change Budget type to integer",
            "messageBody": "",
            "insertions": 14,
            "deletions": 3
          },
          {
            "hash": "e4e30d0a0b0603d09a707926fa7c5f60be8fc7f5",
            "messageTitle": "Improve code quality",
            "messageBody": "",
            "insertions": 7,
            "deletions": 5
          },
          {
            "hash": "5b6c1ba99f181aac35f18bc6bc5e39ae26637a07",
            "messageTitle": "Add test for trip",
            "messageBody": "",
            "insertions": 85,
            "deletions": 0
          }
        ]
      },
      {
        "insertions": 415,
        "deletions": 19,
        "date": "2020-03-24",
        "commitResults": [
          {
            "hash": "3222796773e0538ac09843c322369c0246dfb812",
            "messageTitle": "Add SetTripCommand",
            "messageBody": "",
            "insertions": 409,
            "deletions": 13
          },
          {
            "hash": "60a6545d24e357336e92d3e05f8bcd325dfd870c",
            "messageTitle": "Remove Trip Dependency",
            "messageBody": "",
            "insertions": 2,
            "deletions": 2
          },
          {
            "hash": "9100b19203a0dc1e3c6a17672b909284c9683ed6",
            "messageTitle": "Update TripManager",
            "messageBody": "",
            "tags": [
              "v1.2.1"
            ],
            "insertions": 4,
            "deletions": 4
          }
        ]
      },
      {
        "insertions": 1191,
        "deletions": 1100,
        "date": "2020-03-26",
        "commitResults": [
          {
            "hash": "a7f6aa958b84e11b5adca28e9c73f85095993a22",
            "messageTitle": "Update MainApp and JUnit tests",
            "messageBody": "",
            "insertions": 190,
            "deletions": 258
          },
          {
            "hash": "502d02ffe2e708d089c27781e9cabd8f9d817003",
            "messageTitle": "Refactor the model package",
            "messageBody": "",
            "insertions": 252,
            "deletions": 258
          },
          {
            "hash": "f11d96a0e5109fb48674fbf7ca625aa74ca72e1c",
            "messageTitle": "Add SetTripCommand",
            "messageBody": "",
            "insertions": 170,
            "deletions": 71
          },
          {
            "hash": "6b43b02bb67a60645d603259052424660def7f7a",
            "messageTitle": "Update Set Trip feature",
            "messageBody": "",
            "insertions": 579,
            "deletions": 513
          }
        ]
      }
    ],
    "zenatrick": [
      {
        "insertions": 2,
        "deletions": 3,
        "date": "2020-03-03",
        "commitResults": [
          {
            "hash": "9be1a833eb3f84e153b247ea99fcc4c646083139",
            "messageTitle": "Update README and build.gradle (#98)",
            "messageBody": "Update README and build.gradle",
            "insertions": 2,
            "deletions": 3
          }
        ]
      },
      {
        "insertions": 1305,
        "deletions": 1965,
        "date": "2020-03-13",
        "commitResults": [
          {
            "hash": "54164930309ad2c956fd44a8a6087bcd8294de34",
            "messageTitle": "Revert unnecessary changes",
            "messageBody": "",
            "insertions": 4,
            "deletions": 1142
          },
          {
            "hash": "e6960fbe8d7870b394a59b0d16729802ba0361c6",
            "messageTitle": "Update FixedExpense",
            "messageBody": "- Rename FixedCost to FixedExpense\n- Update the fields of FixedExpense\n",
            "insertions": 451,
            "deletions": 482
          },
          {
            "hash": "f157a111d9165054f944e92c1a2c460b758c5a87",
            "messageTitle": "Rename budget package to fixedexpense",
            "messageBody": "",
            "insertions": 12,
            "deletions": 12
          },
          {
            "hash": "52367560495de84a7bbec53a31c7bddaf0b912eb",
            "messageTitle": "Add ReadOnlyTransportationManager.java",
            "messageBody": "",
            "insertions": 17,
            "deletions": 0
          },
          {
            "hash": "11dd0a12a9eccb7d6116f335a5a55d4c720ed279",
            "messageTitle": "Add Mode.java in model.transportation",
            "messageBody": "",
            "insertions": 57,
            "deletions": 0
          },
          {
            "hash": "13cb1ffe32c20e4cd0ff8d62ed528a5b2a5b4eb7",
            "messageTitle": "Add StartLocation.java in model.transportation",
            "messageBody": "",
            "insertions": 57,
            "deletions": 0
          },
          {
            "hash": "169f1e47787972ca0fed32af82cde4d0791625fd",
            "messageTitle": "Add EndLocation.java in model.transportation",
            "messageBody": "",
            "insertions": 57,
            "deletions": 0
          },
          {
            "hash": "7fae11d3aebe5a56a0edc373a3a2d0a3c408fb00",
            "messageTitle": "Add StartTime.java in model.transportation",
            "messageBody": "",
            "insertions": 63,
            "deletions": 0
          },
          {
            "hash": "19a71856cfe46611f5c13904b3b1a387fe11e864",
            "messageTitle": "Add EndTime.java in model.transportation",
            "messageBody": "",
            "insertions": 63,
            "deletions": 0
          },
          {
            "hash": "a074322bed2b0065b5c4f28fb639f04c0f3caa49",
            "messageTitle": "Modify model.transportation package",
            "messageBody": "- Add Transportation.java in model.transportation\n- Change StartTime class and EndTime class to a single class Time.\n- Change StartLocation class and EndLocation class to a single class\nLocation.\n",
            "insertions": 139,
            "deletions": 146
          },
          {
            "hash": "fdebca4be250e5a077ce8be98ed8b01d1936a1fa",
            "messageTitle": "Rename Transportation to TransportBooking",
            "messageBody": "",
            "insertions": 35,
            "deletions": 35
          },
          {
            "hash": "98bfa89aeacd5602d272f07219f5ec636462d284",
            "messageTitle": "Add UniqueTransportBookingList.java",
            "messageBody": "",
            "insertions": 137,
            "deletions": 0
          },
          {
            "hash": "59de2d59ca4a6c16503f7b733ccce8bb3280c819",
            "messageTitle": "Rename a method in UniqueTransportBookingList.java",
            "messageBody": "",
            "insertions": 1,
            "deletions": 1
          },
          {
            "hash": "cf2333c97a6fcb5ff76832f4a78953d71f77f382",
            "messageTitle": "Add TransportBookingManager.java",
            "messageBody": "",
            "insertions": 123,
            "deletions": 0
          },
          {
            "hash": "65c22cbf36c121488aaaffd64c48c14354050b49",
            "messageTitle": "Add Exceptions for operations on TransportBooking",
            "messageBody": "",
            "insertions": 24,
            "deletions": 7
          },
          {
            "hash": "baae5367529b0fee67921751e640dd70b5463bc9",
            "messageTitle": "Remove irrelevant comment",
            "messageBody": "",
            "insertions": 0,
            "deletions": 1
          },
          {
            "hash": "fc4421eb44725f1f61326e7f6287d8bf27be3515",
            "messageTitle": "Update packinglistitem package",
            "messageBody": "",
            "insertions": 46,
            "deletions": 120
          },
          {
            "hash": "14d3553a5dd19b164e8967041fda02bc26a2e5e9",
            "messageTitle": "Update packing list classes in model",
            "messageBody": "",
            "insertions": 7,
            "deletions": 7
          },
          {
            "hash": "db7f30f4cc327f45a03561580bb2e6e180febf42",
            "messageTitle": "Rename transportation package to transportbooking",
            "messageBody": "",
            "insertions": 12,
            "deletions": 12
          }
        ]
      },
      {
        "insertions": 1623,
        "deletions": 851,
        "date": "2020-03-17",
        "commitResults": [
          {
            "hash": "aebb146da4d907109cb0a0b86c4cc89ab8d80eee",
            "messageTitle": "Add Tab view with temporary tabs to the GUI",
            "messageBody": "The 3 tabs in the GUI currently all show the same person list.\n",
            "insertions": 72,
            "deletions": 19
          },
          {
            "hash": "aae808abf01e2d33c4f5ddb832832aac49f69f5c",
            "messageTitle": "Refactor code in the model and logic packages",
            "messageBody": "",
            "insertions": 588,
            "deletions": 263
          },
          {
            "hash": "432418345ca88f483eb171903d7e05fcf813f342",
            "messageTitle": "Implement some methods in ModelManager.java",
            "messageBody": "",
            "insertions": 81,
            "deletions": 51
          },
          {
            "hash": "9fc53c69c1456230aa77a91d9a7adb1ad9e328da",
            "messageTitle": "Move all list managers into a single package",
            "messageBody": "",
            "insertions": 12,
            "deletions": 6
          },
          {
            "hash": "1cbcd4fdbf76028e7b9b6936bb2a2522178fdb8b",
            "messageTitle": "Change the value attribute in Time.java to String",
            "messageBody": "",
            "insertions": 85,
            "deletions": 104
          },
          {
            "hash": "7e7521ff42f6b1510a637c0143168157f90d4f2d",
            "messageTitle": "Add Json representation classes to storage package",
            "messageBody": "",
            "insertions": 174,
            "deletions": 2
          },
          {
            "hash": "f134c225b88ae2fc188c1fc24e0fafbe11891243",
            "messageTitle": "Add storage for TransportBookingManager",
            "messageBody": "",
            "insertions": 154,
            "deletions": 9
          },
          {
            "hash": "55a1b388fc9c5decfd5fd1b3a2977d385f46f19a",
            "messageTitle": "Fix errors caused by previous implementations",
            "messageBody": "",
            "insertions": 146,
            "deletions": 31
          },
          {
            "hash": "1aaf9765d2c89da683e54395a0b59aa28d99e540",
            "messageTitle": "Refactor the storage package",
            "messageBody": "",
            "insertions": 8,
            "deletions": 6
          },
          {
            "hash": "f2a30d3eef16fce03eab693df92592942c059df2",
            "messageTitle": "Fix name of storage file path",
            "messageBody": "",
            "insertions": 3,
            "deletions": 3
          },
          {
            "hash": "3c471b9337464d77763ef151537e2a10571bac5c",
            "messageTitle": "Create GUI tab for TransportBookingManager",
            "messageBody": "",
            "insertions": 53,
            "deletions": 121
          },
          {
            "hash": "6597d343dbba79b8a53967782d021cb104fe8aac",
            "messageTitle": "Improve code quality",
            "messageBody": "",
            "insertions": 247,
            "deletions": 236
          }
        ]
      },
      {
        "insertions": 2462,
        "deletions": 3047,
        "date": "2020-03-18",
        "commitResults": [
          {
            "hash": "966534e0f4e2d3bcaee8bf0d8de435667098383c",
            "messageTitle": "Add AddTransportBookingCommand.java",
            "messageBody": "",
            "insertions": 186,
            "deletions": 4
          },
          {
            "hash": "fbb3b489da8c7c26715203b8ba085e025d5577a3",
            "messageTitle": "Resolve naming issues for multiple files",
            "messageBody": "",
            "insertions": 45,
            "deletions": 22
          },
          {
            "hash": "5163d46e714fdd6f3b2fd9eb5e94d1b5d51e6e85",
            "messageTitle": "Improve code quality",
            "messageBody": "",
            "insertions": 10,
            "deletions": 7
          },
          {
            "hash": "f09c0e0359baef84045750f0b8d40504dd2327cc",
            "messageTitle": "Refactor DateTime into a different package",
            "messageBody": "",
            "insertions": 163,
            "deletions": 136
          },
          {
            "hash": "9185bcc3f88826345b7db2e0542e57ecf96b1466",
            "messageTitle": "Improve code quality",
            "messageBody": "",
            "insertions": 24,
            "deletions": 30
          },
          {
            "hash": "fdcaf50a561bb28b01d786e2abab794bc45a3540",
            "messageTitle": "Add model.uniquelist package",
            "messageBody": "",
            "insertions": 193,
            "deletions": 36
          },
          {
            "hash": "26f72fba09ee359e56a91046e586f2021b21ca37",
            "messageTitle": "Refactor code to use the model.uniquelist package",
            "messageBody": "",
            "insertions": 1287,
            "deletions": 2257
          },
          {
            "hash": "18dc2751faacbea3f4e2eb2bf2ca70ad4ba25a40",
            "messageTitle": "Refactor subpackages in model package",
            "messageBody": "",
            "insertions": 554,
            "deletions": 541
          },
          {
            "hash": "0293e1e87b89951a8df1fc35ad252142172459c4",
            "messageTitle": "Remove an unused method from Activity.java",
            "messageBody": "",
            "insertions": 0,
            "deletions": 14
          }
        ]
      },
      {
        "insertions": 437,
        "deletions": 26,
        "date": "2020-03-22",
        "commitResults": [
          {
            "hash": "ccb6a7a24b8a403001a8e0c44d28368d911dee24",
            "messageTitle": "Add commands for transport booking list",
            "messageBody": "",
            "insertions": 437,
            "deletions": 26
          }
        ]
      },
      {
        "insertions": 1310,
        "deletions": 586,
        "date": "2020-03-26",
        "commitResults": [
          {
            "hash": "6c25a648eb14be6c479f757ef5a1ed83981520ec",
            "messageTitle": "Add Date and Time to commons package",
            "messageBody": "",
            "insertions": 219,
            "deletions": 2
          },
          {
            "hash": "d832410b5e024e8c583c821fcb1c47dfe6ec6c34",
            "messageTitle": "Add schedule feature models",
            "messageBody": "",
            "insertions": 331,
            "deletions": 130
          },
          {
            "hash": "be5f91bc018b449eba3ad3bfe9858e775129ad70",
            "messageTitle": "Update commons.core.time package",
            "messageBody": "",
            "insertions": 29,
            "deletions": 3
          },
          {
            "hash": "abc8ce085f574bb9d27110ba99727fd428958cf6",
            "messageTitle": "Update TripManager and ModelManager",
            "messageBody": "",
            "insertions": 264,
            "deletions": 111
          },
          {
            "hash": "0abd0001878c25b93b488aba8e4f73cbd92e9f3c",
            "messageTitle": "Update and trip feature in model package",
            "messageBody": "",
            "insertions": 84,
            "deletions": 103
          },
          {
            "hash": "d783aa3bdd68106448f7076b67e9d7b56b793693",
            "messageTitle": "Update and trip feature in storage package",
            "messageBody": "",
            "insertions": 283,
            "deletions": 106
          },
          {
            "hash": "46c1d5ed58c7807c6efcc81a611afadeba11218e",
            "messageTitle": "Update and trip feature in logic package",
            "messageBody": "",
            "insertions": 92,
            "deletions": 127
          },
          {
            "hash": "302c998c76e2188fa5a0f9942c581aae8911cc9e",
            "messageTitle": "Update ActivityCard",
            "messageBody": "",
            "insertions": 8,
            "deletions": 4
          }
        ]
      }
    ],
    "joshlay96": [
      {
        "insertions": 33,
        "deletions": 0,
        "date": "2020-03-19",
        "commitResults": [
          {
            "hash": "04d724c10898d19f1ebfde65aaf5ae9976b38f8e",
            "messageTitle": "Add DeleteFixedExpenseCommand",
            "messageBody": "",
            "insertions": 30,
            "deletions": 0
          },
          {
            "hash": "c84dfd3b05d6b6e1395eb4d1b36d59149cdc90fc",
            "messageTitle": "Add Javadocs for DeleteFixedExpenseCommand",
            "messageBody": "",
            "insertions": 3,
            "deletions": 0
          }
        ]
      },
      {
        "insertions": 2052,
        "deletions": 1326,
        "date": "2020-03-20",
        "commitResults": [
          {
            "hash": "267ec6e52471dc25a4058835c4fbdee4500ec206",
            "messageTitle": "Fix DeleteFixedExpenseCommand",
            "messageBody": "",
            "insertions": 4,
            "deletions": 0
          },
          {
            "hash": "2ce52f516cc35ffc8bcd37ab18f4c02e5c3da981",
            "messageTitle": "Fix DeleteFixedExpenseCommand and its parser",
            "messageBody": "",
            "insertions": 51,
            "deletions": 5
          },
          {
            "hash": "ae16a2b3e09567451db673622dc62c4eb90149ec",
            "messageTitle": "Add ClearTransportBookingCommand",
            "messageBody": "",
            "insertions": 29,
            "deletions": 2
          },
          {
            "hash": "5a44ee6c52f5dd3b97bdb80ede9e279c48a2d5f8",
            "messageTitle": "Add UI for AccommodationBooking",
            "messageBody": "",
            "insertions": 196,
            "deletions": 3
          },
          {
            "hash": "c0c5bac6d91dd435a69f543ee31d6cfa312600a0",
            "messageTitle": "Create UI for Activity",
            "messageBody": "",
            "insertions": 185,
            "deletions": 15
          },
          {
            "hash": "27ac34d043d010e1faa9c6ebbda7881744de77a3",
            "messageTitle": "Edit AddressBookParser",
            "messageBody": "",
            "insertions": 2,
            "deletions": 2
          },
          {
            "hash": "c3ecf70db301184931fc5556858876ad72e94cd3",
            "messageTitle": "Add itemCategory field to PackingList",
            "messageBody": "",
            "insertions": 4,
            "deletions": 0
          },
          {
            "hash": "ab269b5c83b08090bc0d83fc246b597f7b4f2d1e",
            "messageTitle": "Fix Activity Tests",
            "messageBody": "",
            "insertions": 539,
            "deletions": 550
          },
          {
            "hash": "0f2c04719affe67f7061542d5d46138d3600db81",
            "messageTitle": "Modify UniqueList to throw correct exception",
            "messageBody": "",
            "insertions": 2,
            "deletions": 3
          },
          {
            "hash": "5ea39b07747b97e6ce7eb0cab734ac9912a13a36",
            "messageTitle": "Fix Fixed Expense Tests",
            "messageBody": "",
            "insertions": 219,
            "deletions": 214
          },
          {
            "hash": "07559d43f27af54490b38c0fd0a045ca1ef62482",
            "messageTitle": "Improve Code quality",
            "messageBody": "",
            "insertions": 0,
            "deletions": 3
          },
          {
            "hash": "7daa3ea92ec7f6024900509972dd144168272b86",
            "messageTitle": "Fix PackingList Tests",
            "messageBody": "",
            "insertions": 330,
            "deletions": 329
          },
          {
            "hash": "e42872b2391ca854f3907d92f0f218f90e53c03a",
            "messageTitle": "Add Tests for AccommodationBooking",
            "messageBody": "",
            "insertions": 441,
            "deletions": 0
          },
          {
            "hash": "6ced67202cc04ecb5772ca2c828edc92807e9fcc",
            "messageTitle": "Edit Tests for PackingList",
            "messageBody": "",
            "insertions": 41,
            "deletions": 21
          },
          {
            "hash": "a30e1afd8e43db909d8811588c2759f6338bfc4d",
            "messageTitle": "Fix Codacy Errors",
            "messageBody": "",
            "insertions": 7,
            "deletions": 7
          },
          {
            "hash": "eb2059a364e7ec04dc815141669d524530b4d968",
            "messageTitle": "Remove Activity UI",
            "messageBody": "",
            "insertions": 2,
            "deletions": 171
          },
          {
            "hash": "f7d89d326288ee3661c8193c5c6ae2e81bcf5408",
            "messageTitle": "Improve Code Quality",
            "messageBody": "",
            "insertions": 0,
            "deletions": 1
          }
        ]
      },
      {
        "insertions": 265,
        "deletions": 30,
        "date": "2020-03-21",
        "commitResults": [
          {
            "hash": "a91ce4bd2303e83a48f8722402e72beb464db67e",
            "messageTitle": "Add EditParser",
            "messageBody": "",
            "insertions": 201,
            "deletions": 0
          },
          {
            "hash": "4edbb5a998268d1fa97cc37e7fcc37ac66c042b1",
            "messageTitle": "Add EditFixedExpense",
            "messageBody": "",
            "insertions": 45,
            "deletions": 2
          },
          {
            "hash": "eba6e2d84802e7ae33e45dde12fb1e7fa338e238",
            "messageTitle": "Edit Category Regrex to include Caps",
            "messageBody": "",
            "insertions": 1,
            "deletions": 1
          },
          {
            "hash": "196ebacd150b624614c3cfa5aad4875eab200ea7",
            "messageTitle": "Improve Code Quality",
            "messageBody": "",
            "insertions": 16,
            "deletions": 22
          },
          {
            "hash": "2a95ca1b69fd400703813132bd863c0a8d145c15",
            "messageTitle": "Remove Extra Activity Tab",
            "messageBody": "",
            "insertions": 0,
            "deletions": 4
          },
          {
            "hash": "a2804b526256604195b227a268403ff770e7803a",
            "messageTitle": "Edit CategoryTest",
            "messageBody": "",
            "insertions": 2,
            "deletions": 1
          }
        ]
      },
      {
        "insertions": 10,
        "deletions": 4,
        "date": "2020-03-22",
        "commitResults": [
          {
            "hash": "d1f48773dab85d41d3dfc19d87893c56b55cf1bf",
            "messageTitle": "Fix Bugs",
            "messageBody": "",
            "insertions": 4,
            "deletions": 3
          },
          {
            "hash": "076e687c287c80a23020dfa244556e42da0652f0",
            "messageTitle": "Fix UI Bug",
            "messageBody": "",
            "insertions": 5,
            "deletions": 0
          },
          {
            "hash": "a11c661bbd8b8ba6d0a56bd5347c52ea55fac847",
            "messageTitle": "Fix Typo in commands",
            "messageBody": "",
            "insertions": 1,
            "deletions": 1
          }
        ]
      },
      {
        "insertions": 528,
        "deletions": 306,
        "date": "2020-03-24",
        "commitResults": [
          {
            "hash": "2250a4b07ca0c0e76edcb36378f80a6c32d1f93d",
            "messageTitle": "Create sortCommand for FixedExpense w/o Parser",
            "messageBody": "",
            "insertions": 89,
            "deletions": 0
          },
          {
            "hash": "1a0211792ee5c941df9b8db4ad6bf5cca999d3d0",
            "messageTitle": "Add Sorting Amount to be high or low",
            "messageBody": "",
            "insertions": 82,
            "deletions": 28
          },
          {
            "hash": "95baaedd8fba46b5e0521410f0c65cc88471108e",
            "messageTitle": "Improve Code Quality",
            "messageBody": "",
            "insertions": 22,
            "deletions": 13
          },
          {
            "hash": "88dd805504056c67802af083dfa1ec39b903a7cf",
            "messageTitle": "Implement Sorting for FixedExpense Fields",
            "messageBody": "",
            "insertions": 122,
            "deletions": 27
          },
          {
            "hash": "a4e8fdf9a0e8065f0e3d10d6927ef86d3b6fefee",
            "messageTitle": "Remove redundant comments",
            "messageBody": "",
            "insertions": 0,
            "deletions": 14
          },
          {
            "hash": "0a2f68a5b9a50ac3fd513860762a27f5c9f97b75",
            "messageTitle": "Edit Logic Manager Tests",
            "messageBody": "",
            "insertions": 213,
            "deletions": 224
          }
        ]
      },
      {
        "insertions": 1202,
        "deletions": 265,
        "date": "2020-03-26",
        "commitResults": [
          {
            "hash": "19a948baeae041b1b5ce5b858d997962d476b81d",
            "messageTitle": "Initial commit for fixing tests",
            "messageBody": "",
            "insertions": 46,
            "deletions": 0
          },
          {
            "hash": "101cf3669eef98276ef795120b05d0c301625d72",
            "messageTitle": "Add Activity and Accommodation Test",
            "messageBody": "",
            "insertions": 286,
            "deletions": 41
          },
          {
            "hash": "a0b9468b18801c923d7a7263bc3291e557b4b16e",
            "messageTitle": "Add FixedExpenseManager Tests",
            "messageBody": "",
            "insertions": 140,
            "deletions": 2
          },
          {
            "hash": "d70838eecec497c56bb60c1e7c0aee87bed647ff",
            "messageTitle": "Add FixedExpenseManager Tests",
            "messageBody": "",
            "insertions": 3,
            "deletions": 4
          },
          {
            "hash": "6e8741e6d32cb93166731a072b21f26795b28f7d",
            "messageTitle": "Add Tests for PackingListManagerTest",
            "messageBody": "",
            "insertions": 138,
            "deletions": 1
          },
          {
            "hash": "32eb1b8bb7eeb6512dd21fc52c662c042171fdce",
            "messageTitle": "Add Tests for TransportBookingManager",
            "messageBody": "",
            "insertions": 140,
            "deletions": 0
          },
          {
            "hash": "0856efaf994085815f58067f88c27eae2f900299",
            "messageTitle": "Fix Checkstyle Errors",
            "messageBody": "",
            "insertions": 40,
            "deletions": 38
          },
          {
            "hash": "5c34f65224a0d2dff0d1a1f6277f9cafdb999aab",
            "messageTitle": "Add AccommodationBookingTest",
            "messageBody": "",
            "insertions": 14,
            "deletions": 2
          },
          {
            "hash": "aa91ec943bf086554e555cb9d9a2c003f7790689",
            "messageTitle": "Add Tests for AccommodationBookingTest",
            "messageBody": "",
            "insertions": 6,
            "deletions": 2
          },
          {
            "hash": "3cfcdf38527ce5c434a243ead902544f5b6877dd",
            "messageTitle": "Improve FixedExpenseTest",
            "messageBody": "",
            "insertions": 24,
            "deletions": 0
          },
          {
            "hash": "47a98b4799e449b86100f4134e141fe2b7d486e6",
            "messageTitle": "Add TransportBookingTest",
            "messageBody": "",
            "insertions": 189,
            "deletions": 1
          },
          {
            "hash": "4d5710f829b3e63d22578da16c2f794929293efb",
            "messageTitle": "Edit Sort Identifier to asc and des",
            "messageBody": "",
            "insertions": 15,
            "deletions": 14
          },
          {
            "hash": "b092e0c8866b742b1d053810572be336dd6c8bcd",
            "messageTitle": "Resolve rebase conflict issues",
            "messageBody": "",
            "insertions": 161,
            "deletions": 160
          }
        ]
      }
    ]
  },
  "authorFinalContributionMap": {
    "loycatherine": 1788,
    "jwee97": 3868,
    "Deunitato": 3489,
    "zenatrick": 4384,
    "joshlay96": 3104
  },
  "authorFileTypeContributionMap": {
    "loycatherine": {
      "java": 1788,
      "md": 0,
      "fxml": 0,
      "sh": 0,
      "bat": 0,
      "gradle": 0,
      "txt": 0
    },
    "jwee97": {
      "java": 3773,
      "md": 0,
      "fxml": 95,
      "sh": 0,
      "bat": 0,
      "gradle": 0,
      "txt": 0
    },
    "Deunitato": {
      "java": 3438,
      "md": 0,
      "fxml": 51,
      "sh": 0,
      "bat": 0,
      "gradle": 0,
      "txt": 0
    },
    "zenatrick": {
      "java": 4308,
      "md": 0,
      "fxml": 74,
      "sh": 0,
      "bat": 0,
      "gradle": 2,
      "txt": 0
    },
    "joshlay96": {
      "java": 3049,
      "md": 0,
      "fxml": 55,
      "sh": 0,
      "bat": 0,
      "gradle": 0,
      "txt": 0
    }
  },
  "authorContributionVariance": {
    "loycatherine": 39963.82,
    "jwee97": 2391286.0,
    "Deunitato": 239868.33,
    "zenatrick": 1108501.1,
    "joshlay96": 321040.12
  },
  "authorDisplayNameMap": {
    "loycatherine": "CS2103T-W17-3 LOY ..-YIN",
    "jwee97": "CS2103T-W17-3 WEE ..SHUA",
    "Deunitato": "CS2103T-W17-3 CHAR..TENG",
    "zenatrick": "CS2103T-W17-3 CHAU..G LE",
    "joshlay96": "CS2103T-W17-3 JOSH.. JIE"
  }
}
