{
  "authorDailyContributionsMap": {
    "helloImHai": [],
    "wardetu": [],
    "nhamhung": [
      {
        "insertions": 2,
        "deletions": 2,
        "date": "2020-03-04",
        "commitResults": [
          {
            "hash": "686b6d8d91d5b0ded39c3c0786750ff87348ac18",
            "messageTitle": "Update sites in adoc",
            "messageBody": "",
            "insertions": 2,
            "deletions": 2
          }
        ]
      }
    ],
    "duongphammmm": [],
    "chrisjwelly": []
  },
  "authorFinalContributionMap": {
    "helloImHai": 0,
    "wardetu": 0,
    "nhamhung": 2,
    "duongphammmm": 0,
    "chrisjwelly": 0
  },
  "authorFileTypeContributionMap": {
    "helloImHai": {
      "java": 0,
      "md": 0,
      "fxml": 0,
      "sh": 0,
      "bat": 0,
      "gradle": 0,
      "txt": 0
    },
    "wardetu": {
      "java": 0,
      "md": 0,
      "fxml": 0,
      "sh": 0,
      "bat": 0,
      "gradle": 0,
      "txt": 0
    },
    "nhamhung": {
      "java": 0,
      "md": 0,
      "fxml": 0,
      "sh": 0,
      "bat": 0,
      "gradle": 2,
      "txt": 0
    },
    "duongphammmm": {
      "java": 0,
      "md": 0,
      "fxml": 0,
      "sh": 0,
      "bat": 0,
      "gradle": 0,
      "txt": 0
    },
    "chrisjwelly": {
      "java": 0,
      "md": 0,
      "fxml": 0,
      "sh": 0,
      "bat": 0,
      "gradle": 0,
      "txt": 0
    }
  },
  "authorContributionVariance": {
    "helloImHai": 0.0,
    "wardetu": 0.0,
    "nhamhung": 0.76,
    "duongphammmm": 0.0,
    "chrisjwelly": 0.0
  },
  "authorDisplayNameMap": {
    "helloImHai": "CS2103T-F10-1 NGUY.. HAI",
    "wardetu": "CS2103T-F10-1 NGUY..OANG",
    "nhamhung": "CS2103T-F10-1 NHAM..HUNG",
    "duongphammmm": "CS2103T-F10-1 PHAM..UONG",
    "chrisjwelly": "CS2103T-F10-1 CHRI..ELLY"
  }
}
