[
  {
    "path": "build.gradle",
    "fileType": "gradle",
    "lines": [
      {
        "lineNumber": 1,
        "author": {
          "gitId": "-"
        },
        "content": "// Gradle Configuration File"
      },
      {
        "lineNumber": 2,
        "author": {
          "gitId": "-"
        },
        "content": "// For more details take a look at the Java Quickstart chapter in the Gradle"
      },
      {
        "lineNumber": 3,
        "author": {
          "gitId": "-"
        },
        "content": "// user guide available at http://gradle.org/docs/5.2.1/userguide/tutorial_java_projects.html"
      },
      {
        "lineNumber": 4,
        "author": {
          "gitId": "-"
        },
        "content": ""
      },
      {
        "lineNumber": 5,
        "author": {
          "gitId": "-"
        },
        "content": "import org.gradle.api.tasks.testing.logging.TestLogEvent"
      },
      {
        "lineNumber": 6,
        "author": {
          "gitId": "-"
        },
        "content": ""
      },
      {
        "lineNumber": 7,
        "author": {
          "gitId": "-"
        },
        "content": "plugins {"
      },
      {
        "lineNumber": 8,
        "author": {
          "gitId": "-"
        },
        "content": "    id \u0027java\u0027"
      },
      {
        "lineNumber": 9,
        "author": {
          "gitId": "-"
        },
        "content": "    id \u0027jacoco\u0027"
      },
      {
        "lineNumber": 10,
        "author": {
          "gitId": "-"
        },
        "content": "    id \u0027checkstyle\u0027"
      },
      {
        "lineNumber": 11,
        "author": {
          "gitId": "-"
        },
        "content": "    id \u0027com.github.kt3k.coveralls\u0027 version \u00272.4.0\u0027"
      },
      {
        "lineNumber": 12,
        "author": {
          "gitId": "-"
        },
        "content": "    id \u0027com.github.johnrengelman.shadow\u0027 version \u00274.0.4\u0027"
      },
      {
        "lineNumber": 13,
        "author": {
          "gitId": "-"
        },
        "content": "    id \u0027org.asciidoctor.convert\u0027 version \u00271.5.6\u0027"
      },
      {
        "lineNumber": 14,
        "author": {
          "gitId": "-"
        },
        "content": "    id \u0027application\u0027"
      },
      {
        "lineNumber": 15,
        "author": {
          "gitId": "-"
        },
        "content": "}"
      },
      {
        "lineNumber": 16,
        "author": {
          "gitId": "-"
        },
        "content": ""
      },
      {
        "lineNumber": 17,
        "author": {
          "gitId": "-"
        },
        "content": "// Specifies the entry point of the application"
      },
      {
        "lineNumber": 18,
        "author": {
          "gitId": "-"
        },
        "content": "mainClassName \u003d \u0027seedu.address.Main\u0027"
      },
      {
        "lineNumber": 19,
        "author": {
          "gitId": "-"
        },
        "content": ""
      },
      {
        "lineNumber": 20,
        "author": {
          "gitId": "-"
        },
        "content": "sourceCompatibility \u003d JavaVersion.VERSION_11"
      },
      {
        "lineNumber": 21,
        "author": {
          "gitId": "-"
        },
        "content": "targetCompatibility \u003d JavaVersion.VERSION_11"
      },
      {
        "lineNumber": 22,
        "author": {
          "gitId": "-"
        },
        "content": ""
      },
      {
        "lineNumber": 23,
        "author": {
          "gitId": "-"
        },
        "content": "repositories {"
      },
      {
        "lineNumber": 24,
        "author": {
          "gitId": "-"
        },
        "content": "    mavenCentral()"
      },
      {
        "lineNumber": 25,
        "author": {
          "gitId": "-"
        },
        "content": "    maven { url \u0027https://oss.sonatype.org/content/repositories/snapshots/\u0027 }"
      },
      {
        "lineNumber": 26,
        "author": {
          "gitId": "-"
        },
        "content": "}"
      },
      {
        "lineNumber": 27,
        "author": {
          "gitId": "-"
        },
        "content": ""
      },
      {
        "lineNumber": 28,
        "author": {
          "gitId": "-"
        },
        "content": "checkstyle {"
      },
      {
        "lineNumber": 29,
        "author": {
          "gitId": "-"
        },
        "content": "    toolVersion \u003d \u00278.1\u0027"
      },
      {
        "lineNumber": 30,
        "author": {
          "gitId": "-"
        },
        "content": "}"
      },
      {
        "lineNumber": 31,
        "author": {
          "gitId": "-"
        },
        "content": ""
      },
      {
        "lineNumber": 32,
        "author": {
          "gitId": "-"
        },
        "content": "jacocoTestReport {"
      },
      {
        "lineNumber": 33,
        "author": {
          "gitId": "-"
        },
        "content": "    reports {"
      },
      {
        "lineNumber": 34,
        "author": {
          "gitId": "-"
        },
        "content": "        xml.enabled false"
      },
      {
        "lineNumber": 35,
        "author": {
          "gitId": "-"
        },
        "content": "        csv.enabled false"
      },
      {
        "lineNumber": 36,
        "author": {
          "gitId": "-"
        },
        "content": "        html.destination file(\"${buildDir}/jacocoHtml\")"
      },
      {
        "lineNumber": 37,
        "author": {
          "gitId": "-"
        },
        "content": "    }"
      },
      {
        "lineNumber": 38,
        "author": {
          "gitId": "-"
        },
        "content": "}"
      },
      {
        "lineNumber": 39,
        "author": {
          "gitId": "-"
        },
        "content": ""
      },
      {
        "lineNumber": 40,
        "author": {
          "gitId": "-"
        },
        "content": "test {"
      },
      {
        "lineNumber": 41,
        "author": {
          "gitId": "-"
        },
        "content": "    useJUnitPlatform()"
      },
      {
        "lineNumber": 42,
        "author": {
          "gitId": "-"
        },
        "content": "}"
      },
      {
        "lineNumber": 43,
        "author": {
          "gitId": "-"
        },
        "content": ""
      },
      {
        "lineNumber": 44,
        "author": {
          "gitId": "-"
        },
        "content": "dependencies {"
      },
      {
        "lineNumber": 45,
        "author": {
          "gitId": "-"
        },
        "content": "    String jUnitVersion \u003d \u00275.4.0\u0027"
      },
      {
        "lineNumber": 46,
        "author": {
          "gitId": "-"
        },
        "content": "    String javaFxVersion \u003d \u002711\u0027"
      },
      {
        "lineNumber": 47,
        "author": {
          "gitId": "-"
        },
        "content": ""
      },
      {
        "lineNumber": 48,
        "author": {
          "gitId": "-"
        },
        "content": "    implementation group: \u0027org.openjfx\u0027, name: \u0027javafx-base\u0027, version: javaFxVersion, classifier: \u0027win\u0027"
      },
      {
        "lineNumber": 49,
        "author": {
          "gitId": "-"
        },
        "content": "    implementation group: \u0027org.openjfx\u0027, name: \u0027javafx-base\u0027, version: javaFxVersion, classifier: \u0027mac\u0027"
      },
      {
        "lineNumber": 50,
        "author": {
          "gitId": "-"
        },
        "content": "    implementation group: \u0027org.openjfx\u0027, name: \u0027javafx-base\u0027, version: javaFxVersion, classifier: \u0027linux\u0027"
      },
      {
        "lineNumber": 51,
        "author": {
          "gitId": "-"
        },
        "content": "    implementation group: \u0027org.openjfx\u0027, name: \u0027javafx-controls\u0027, version: javaFxVersion, classifier: \u0027win\u0027"
      },
      {
        "lineNumber": 52,
        "author": {
          "gitId": "-"
        },
        "content": "    implementation group: \u0027org.openjfx\u0027, name: \u0027javafx-controls\u0027, version: javaFxVersion, classifier: \u0027mac\u0027"
      },
      {
        "lineNumber": 53,
        "author": {
          "gitId": "-"
        },
        "content": "    implementation group: \u0027org.openjfx\u0027, name: \u0027javafx-controls\u0027, version: javaFxVersion, classifier: \u0027linux\u0027"
      },
      {
        "lineNumber": 54,
        "author": {
          "gitId": "-"
        },
        "content": "    implementation group: \u0027org.openjfx\u0027, name: \u0027javafx-fxml\u0027, version: javaFxVersion, classifier: \u0027win\u0027"
      },
      {
        "lineNumber": 55,
        "author": {
          "gitId": "-"
        },
        "content": "    implementation group: \u0027org.openjfx\u0027, name: \u0027javafx-fxml\u0027, version: javaFxVersion, classifier: \u0027mac\u0027"
      },
      {
        "lineNumber": 56,
        "author": {
          "gitId": "-"
        },
        "content": "    implementation group: \u0027org.openjfx\u0027, name: \u0027javafx-fxml\u0027, version: javaFxVersion, classifier: \u0027linux\u0027"
      },
      {
        "lineNumber": 57,
        "author": {
          "gitId": "-"
        },
        "content": "    implementation group: \u0027org.openjfx\u0027, name: \u0027javafx-graphics\u0027, version: javaFxVersion, classifier: \u0027win\u0027"
      },
      {
        "lineNumber": 58,
        "author": {
          "gitId": "-"
        },
        "content": "    implementation group: \u0027org.openjfx\u0027, name: \u0027javafx-graphics\u0027, version: javaFxVersion, classifier: \u0027mac\u0027"
      },
      {
        "lineNumber": 59,
        "author": {
          "gitId": "-"
        },
        "content": "    implementation group: \u0027org.openjfx\u0027, name: \u0027javafx-graphics\u0027, version: javaFxVersion, classifier: \u0027linux\u0027"
      },
      {
        "lineNumber": 60,
        "author": {
          "gitId": "-"
        },
        "content": ""
      },
      {
        "lineNumber": 61,
        "author": {
          "gitId": "-"
        },
        "content": "    implementation group: \u0027com.fasterxml.jackson.core\u0027, name: \u0027jackson-databind\u0027, version: \u00272.7.0\u0027"
      },
      {
        "lineNumber": 62,
        "author": {
          "gitId": "-"
        },
        "content": "    implementation group: \u0027com.fasterxml.jackson.datatype\u0027, name: \u0027jackson-datatype-jsr310\u0027, version: \u00272.7.4\u0027"
      },
      {
        "lineNumber": 63,
        "author": {
          "gitId": "-"
        },
        "content": ""
      },
      {
        "lineNumber": 64,
        "author": {
          "gitId": "-"
        },
        "content": "    testImplementation group: \u0027org.junit.jupiter\u0027, name: \u0027junit-jupiter-api\u0027, version: jUnitVersion"
      },
      {
        "lineNumber": 65,
        "author": {
          "gitId": "-"
        },
        "content": ""
      },
      {
        "lineNumber": 66,
        "author": {
          "gitId": "-"
        },
        "content": "    testRuntimeOnly group: \u0027org.junit.jupiter\u0027, name: \u0027junit-jupiter-engine\u0027, version: jUnitVersion"
      },
      {
        "lineNumber": 67,
        "author": {
          "gitId": "-"
        },
        "content": "}"
      },
      {
        "lineNumber": 68,
        "author": {
          "gitId": "-"
        },
        "content": ""
      },
      {
        "lineNumber": 69,
        "author": {
          "gitId": "-"
        },
        "content": "shadowJar {"
      },
      {
        "lineNumber": 70,
        "author": {
          "gitId": "-"
        },
        "content": "    archiveName \u003d \u0027addressbook.jar\u0027"
      },
      {
        "lineNumber": 71,
        "author": {
          "gitId": "-"
        },
        "content": ""
      },
      {
        "lineNumber": 72,
        "author": {
          "gitId": "-"
        },
        "content": "    destinationDir \u003d file(\"${buildDir}/jar/\")"
      },
      {
        "lineNumber": 73,
        "author": {
          "gitId": "-"
        },
        "content": "}"
      },
      {
        "lineNumber": 74,
        "author": {
          "gitId": "-"
        },
        "content": ""
      },
      {
        "lineNumber": 75,
        "author": {
          "gitId": "-"
        },
        "content": "task coverage(type: JacocoReport) {"
      },
      {
        "lineNumber": 76,
        "author": {
          "gitId": "-"
        },
        "content": "    sourceDirectories.from files(sourceSets.main.allSource.srcDirs)"
      },
      {
        "lineNumber": 77,
        "author": {
          "gitId": "-"
        },
        "content": "    classDirectories.from files(sourceSets.main.output)"
      },
      {
        "lineNumber": 78,
        "author": {
          "gitId": "-"
        },
        "content": "    executionData.from files(jacocoTestReport.executionData)"
      },
      {
        "lineNumber": 79,
        "author": {
          "gitId": "-"
        },
        "content": "    afterEvaluate {"
      },
      {
        "lineNumber": 80,
        "author": {
          "gitId": "-"
        },
        "content": "        classDirectories.from files(classDirectories.files.collect {"
      },
      {
        "lineNumber": 81,
        "author": {
          "gitId": "-"
        },
        "content": "            fileTree(dir: it, exclude: [\u0027**/*.jar\u0027])"
      },
      {
        "lineNumber": 82,
        "author": {
          "gitId": "-"
        },
        "content": "        })"
      },
      {
        "lineNumber": 83,
        "author": {
          "gitId": "-"
        },
        "content": "    }"
      },
      {
        "lineNumber": 84,
        "author": {
          "gitId": "-"
        },
        "content": "    reports {"
      },
      {
        "lineNumber": 85,
        "author": {
          "gitId": "-"
        },
        "content": "        html.enabled \u003d true"
      },
      {
        "lineNumber": 86,
        "author": {
          "gitId": "-"
        },
        "content": "        xml.enabled \u003d true"
      },
      {
        "lineNumber": 87,
        "author": {
          "gitId": "-"
        },
        "content": "    }"
      },
      {
        "lineNumber": 88,
        "author": {
          "gitId": "-"
        },
        "content": "}"
      },
      {
        "lineNumber": 89,
        "author": {
          "gitId": "-"
        },
        "content": ""
      },
      {
        "lineNumber": 90,
        "author": {
          "gitId": "-"
        },
        "content": "coveralls {"
      },
      {
        "lineNumber": 91,
        "author": {
          "gitId": "-"
        },
        "content": "    sourceDirs \u003d sourceSets.main.allSource.srcDirs.absolutePath"
      },
      {
        "lineNumber": 92,
        "author": {
          "gitId": "-"
        },
        "content": "    jacocoReportPath \u003d \"${buildDir}/reports/jacoco/coverage/coverage.xml\""
      },
      {
        "lineNumber": 93,
        "author": {
          "gitId": "-"
        },
        "content": "}"
      },
      {
        "lineNumber": 94,
        "author": {
          "gitId": "-"
        },
        "content": ""
      },
      {
        "lineNumber": 95,
        "author": {
          "gitId": "-"
        },
        "content": "tasks.coveralls {"
      },
      {
        "lineNumber": 96,
        "author": {
          "gitId": "-"
        },
        "content": "    dependsOn coverage"
      },
      {
        "lineNumber": 97,
        "author": {
          "gitId": "-"
        },
        "content": "    onlyIf { System.env.\u0027CI\u0027 }"
      },
      {
        "lineNumber": 98,
        "author": {
          "gitId": "-"
        },
        "content": "}"
      },
      {
        "lineNumber": 99,
        "author": {
          "gitId": "-"
        },
        "content": ""
      },
      {
        "lineNumber": 100,
        "author": {
          "gitId": "-"
        },
        "content": "test {"
      },
      {
        "lineNumber": 101,
        "author": {
          "gitId": "-"
        },
        "content": "    testLogging {"
      },
      {
        "lineNumber": 102,
        "author": {
          "gitId": "-"
        },
        "content": "        events TestLogEvent.FAILED, TestLogEvent.SKIPPED"
      },
      {
        "lineNumber": 103,
        "author": {
          "gitId": "-"
        },
        "content": ""
      },
      {
        "lineNumber": 104,
        "author": {
          "gitId": "-"
        },
        "content": "        // Prints the currently running test\u0027s name in the CI\u0027s build log,"
      },
      {
        "lineNumber": 105,
        "author": {
          "gitId": "-"
        },
        "content": "        // so that we can check if tests are being silently skipped or"
      },
      {
        "lineNumber": 106,
        "author": {
          "gitId": "-"
        },
        "content": "        // stalling the build."
      },
      {
        "lineNumber": 107,
        "author": {
          "gitId": "-"
        },
        "content": "        if (System.env.\u0027CI\u0027) {"
      },
      {
        "lineNumber": 108,
        "author": {
          "gitId": "-"
        },
        "content": "            events \u003c\u003c TestLogEvent.STARTED"
      },
      {
        "lineNumber": 109,
        "author": {
          "gitId": "-"
        },
        "content": "        }"
      },
      {
        "lineNumber": 110,
        "author": {
          "gitId": "-"
        },
        "content": "    }"
      },
      {
        "lineNumber": 111,
        "author": {
          "gitId": "-"
        },
        "content": ""
      },
      {
        "lineNumber": 112,
        "author": {
          "gitId": "-"
        },
        "content": "    jacoco {"
      },
      {
        "lineNumber": 113,
        "author": {
          "gitId": "-"
        },
        "content": "        destinationFile \u003d new File(\"${buildDir}/jacoco/test.exec\")"
      },
      {
        "lineNumber": 114,
        "author": {
          "gitId": "-"
        },
        "content": "    }"
      },
      {
        "lineNumber": 115,
        "author": {
          "gitId": "-"
        },
        "content": "}"
      },
      {
        "lineNumber": 116,
        "author": {
          "gitId": "-"
        },
        "content": ""
      },
      {
        "lineNumber": 117,
        "author": {
          "gitId": "-"
        },
        "content": "asciidoctor {"
      },
      {
        "lineNumber": 118,
        "author": {
          "gitId": "-"
        },
        "content": "    backends \u0027html5\u0027"
      },
      {
        "lineNumber": 119,
        "author": {
          "gitId": "-"
        },
        "content": "    sourceDir \u0027docs\u0027"
      },
      {
        "lineNumber": 120,
        "author": {
          "gitId": "-"
        },
        "content": "    outputDir \"${buildDir}/docs\""
      },
      {
        "lineNumber": 121,
        "author": {
          "gitId": "-"
        },
        "content": ""
      },
      {
        "lineNumber": 122,
        "author": {
          "gitId": "-"
        },
        "content": "    options \u003d ["
      },
      {
        "lineNumber": 123,
        "author": {
          "gitId": "-"
        },
        "content": "        template_dirs: [file(\"${sourceDir}/templates\")],"
      },
      {
        "lineNumber": 124,
        "author": {
          "gitId": "-"
        },
        "content": "    ]"
      },
      {
        "lineNumber": 125,
        "author": {
          "gitId": "-"
        },
        "content": ""
      },
      {
        "lineNumber": 126,
        "author": {
          "gitId": "-"
        },
        "content": "    attributes \u003d ["
      },
      {
        "lineNumber": 127,
        "author": {
          "gitId": "-"
        },
        "content": "        linkcss: true,"
      },
      {
        "lineNumber": 128,
        "author": {
          "gitId": "-"
        },
        "content": "        stylesheet: \u0027gh-pages.css\u0027,"
      },
      {
        "lineNumber": 129,
        "author": {
          "gitId": "-"
        },
        "content": "        \u0027source-highlighter\u0027: \u0027coderay\u0027,"
      },
      {
        "lineNumber": 130,
        "author": {
          "gitId": "-"
        },
        "content": "        icons: \u0027font\u0027,"
      },
      {
        "lineNumber": 131,
        "author": {
          "gitId": "-"
        },
        "content": "        experimental: true,"
      },
      {
        "lineNumber": 132,
        "author": {
          "gitId": "-"
        },
        "content": "        sectlinks: true,"
      },
      {
        "lineNumber": 133,
        "author": {
          "gitId": "-"
        },
        "content": "        idprefix: \u0027\u0027,  // for compatibility with GitHub preview"
      },
      {
        "lineNumber": 134,
        "author": {
          "gitId": "-"
        },
        "content": "        idseparator: \u0027-\u0027,"
      },
      {
        "lineNumber": 135,
        "author": {
          "gitId": "-"
        },
        "content": "        \u0027site-root\u0027: \"${sourceDir}\",  // must be the same as sourceDir, do not modify"
      },
      {
        "lineNumber": 136,
        "author": {
          "gitId": "-"
        },
        "content": "        \u0027site-name\u0027: \u0027AddressBook-Level3\u0027,"
      },
      {
        "lineNumber": 137,
        "author": {
          "gitId": "HubertHalim"
        },
        "content": "        \u0027site-githuburl\u0027: \u0027https://github.com/AY1920S2-CS2103-T09-3/main\u0027,"
      },
      {
        "lineNumber": 138,
        "author": {
          "gitId": "-"
        },
        "content": "        \u0027site-seedu\u0027: true,  // delete this line if your project is not a fork (not a SE-EDU project)"
      },
      {
        "lineNumber": 139,
        "author": {
          "gitId": "-"
        },
        "content": "    ]"
      },
      {
        "lineNumber": 140,
        "author": {
          "gitId": "-"
        },
        "content": ""
      },
      {
        "lineNumber": 141,
        "author": {
          "gitId": "-"
        },
        "content": "    options[\u0027template_dirs\u0027].each {"
      },
      {
        "lineNumber": 142,
        "author": {
          "gitId": "-"
        },
        "content": "        inputs.files fileTree(it)"
      },
      {
        "lineNumber": 143,
        "author": {
          "gitId": "-"
        },
        "content": "    }"
      },
      {
        "lineNumber": 144,
        "author": {
          "gitId": "-"
        },
        "content": "}"
      },
      {
        "lineNumber": 145,
        "author": {
          "gitId": "-"
        },
        "content": ""
      },
      {
        "lineNumber": 146,
        "author": {
          "gitId": "-"
        },
        "content": "// Copies stylesheets into the directory containing generated HTML files as"
      },
      {
        "lineNumber": 147,
        "author": {
          "gitId": "-"
        },
        "content": "// Asciidoctor does not copy linked CSS files to the output directory when rendering."
      },
      {
        "lineNumber": 148,
        "author": {
          "gitId": "-"
        },
        "content": "// This is needed for linked stylesheets and embedded stylesheets which import other files."
      },
      {
        "lineNumber": 149,
        "author": {
          "gitId": "-"
        },
        "content": "task copyStylesheets(type: Copy) {"
      },
      {
        "lineNumber": 150,
        "author": {
          "gitId": "-"
        },
        "content": "    from \"${asciidoctor.sourceDir}/stylesheets\""
      },
      {
        "lineNumber": 151,
        "author": {
          "gitId": "-"
        },
        "content": "    into \"${asciidoctor.outputDir}/html5/stylesheets\""
      },
      {
        "lineNumber": 152,
        "author": {
          "gitId": "-"
        },
        "content": "}"
      },
      {
        "lineNumber": 153,
        "author": {
          "gitId": "-"
        },
        "content": "asciidoctor.dependsOn copyStylesheets"
      },
      {
        "lineNumber": 154,
        "author": {
          "gitId": "-"
        },
        "content": ""
      },
      {
        "lineNumber": 155,
        "author": {
          "gitId": "-"
        },
        "content": "defaultTasks \u0027clean\u0027, \u0027test\u0027, \u0027coverage\u0027, \u0027asciidoctor\u0027"
      }
    ],
    "authorContributionMap": {
      "HubertHalim": 1,
      "-": 154
    }
  },
  {
    "path": "src/main/java/seedu/address/ui/MainWindow.java",
    "fileType": "java",
    "lines": [
      {
        "lineNumber": 1,
        "author": {
          "gitId": "-"
        },
        "content": "package seedu.address.ui;"
      },
      {
        "lineNumber": 2,
        "author": {
          "gitId": "-"
        },
        "content": ""
      },
      {
        "lineNumber": 3,
        "author": {
          "gitId": "-"
        },
        "content": "import java.util.logging.Logger;"
      },
      {
        "lineNumber": 4,
        "author": {
          "gitId": "-"
        },
        "content": ""
      },
      {
        "lineNumber": 5,
        "author": {
          "gitId": "-"
        },
        "content": "import javafx.event.ActionEvent;"
      },
      {
        "lineNumber": 6,
        "author": {
          "gitId": "-"
        },
        "content": "import javafx.fxml.FXML;"
      },
      {
        "lineNumber": 7,
        "author": {
          "gitId": "-"
        },
        "content": "import javafx.scene.control.MenuItem;"
      },
      {
        "lineNumber": 8,
        "author": {
          "gitId": "-"
        },
        "content": "import javafx.scene.control.TextInputControl;"
      },
      {
        "lineNumber": 9,
        "author": {
          "gitId": "-"
        },
        "content": "import javafx.scene.input.KeyCombination;"
      },
      {
        "lineNumber": 10,
        "author": {
          "gitId": "-"
        },
        "content": "import javafx.scene.input.KeyEvent;"
      },
      {
        "lineNumber": 11,
        "author": {
          "gitId": "-"
        },
        "content": "import javafx.scene.layout.StackPane;"
      },
      {
        "lineNumber": 12,
        "author": {
          "gitId": "-"
        },
        "content": "import javafx.stage.Stage;"
      },
      {
        "lineNumber": 13,
        "author": {
          "gitId": "-"
        },
        "content": "import seedu.address.commons.core.GuiSettings;"
      },
      {
        "lineNumber": 14,
        "author": {
          "gitId": "-"
        },
        "content": "import seedu.address.commons.core.LogsCenter;"
      },
      {
        "lineNumber": 15,
        "author": {
          "gitId": "-"
        },
        "content": "import seedu.address.logic.Logic;"
      },
      {
        "lineNumber": 16,
        "author": {
          "gitId": "-"
        },
        "content": "import seedu.address.logic.commands.CommandResult;"
      },
      {
        "lineNumber": 17,
        "author": {
          "gitId": "-"
        },
        "content": "import seedu.address.logic.commands.exceptions.CommandException;"
      },
      {
        "lineNumber": 18,
        "author": {
          "gitId": "-"
        },
        "content": "import seedu.address.logic.parser.exceptions.ParseException;"
      },
      {
        "lineNumber": 19,
        "author": {
          "gitId": "-"
        },
        "content": ""
      },
      {
        "lineNumber": 20,
        "author": {
          "gitId": "-"
        },
        "content": "/**"
      },
      {
        "lineNumber": 21,
        "author": {
          "gitId": "-"
        },
        "content": " * The Main Window. Provides the basic application layout containing"
      },
      {
        "lineNumber": 22,
        "author": {
          "gitId": "-"
        },
        "content": " * a menu bar and space where other JavaFX elements can be placed."
      },
      {
        "lineNumber": 23,
        "author": {
          "gitId": "-"
        },
        "content": " */"
      },
      {
        "lineNumber": 24,
        "author": {
          "gitId": "-"
        },
        "content": "public class MainWindow extends UiPart\u003cStage\u003e {"
      },
      {
        "lineNumber": 25,
        "author": {
          "gitId": "-"
        },
        "content": ""
      },
      {
        "lineNumber": 26,
        "author": {
          "gitId": "-"
        },
        "content": "    private static final String FXML \u003d \"MainWindow.fxml\";"
      },
      {
        "lineNumber": 27,
        "author": {
          "gitId": "-"
        },
        "content": ""
      },
      {
        "lineNumber": 28,
        "author": {
          "gitId": "-"
        },
        "content": "    private final Logger logger \u003d LogsCenter.getLogger(getClass());"
      },
      {
        "lineNumber": 29,
        "author": {
          "gitId": "-"
        },
        "content": ""
      },
      {
        "lineNumber": 30,
        "author": {
          "gitId": "-"
        },
        "content": "    private Stage primaryStage;"
      },
      {
        "lineNumber": 31,
        "author": {
          "gitId": "-"
        },
        "content": "    private Logic logic;"
      },
      {
        "lineNumber": 32,
        "author": {
          "gitId": "-"
        },
        "content": ""
      },
      {
        "lineNumber": 33,
        "author": {
          "gitId": "-"
        },
        "content": "    // Independent Ui parts residing in this Ui container"
      },
      {
        "lineNumber": 34,
        "author": {
          "gitId": "HubertHalim"
        },
        "content": "    private MonthlyDataPanel monthlyDataPanel;"
      },
      {
        "lineNumber": 35,
        "author": {
          "gitId": "-"
        },
        "content": "    private PersonListPanel personListPanel;"
      },
      {
        "lineNumber": 36,
        "author": {
          "gitId": "-"
        },
        "content": "    private ResultDisplay resultDisplay;"
      },
      {
        "lineNumber": 37,
        "author": {
          "gitId": "-"
        },
        "content": "    private HelpWindow helpWindow;"
      },
      {
        "lineNumber": 38,
        "author": {
          "gitId": "-"
        },
        "content": ""
      },
      {
        "lineNumber": 39,
        "author": {
          "gitId": "-"
        },
        "content": "    @FXML"
      },
      {
        "lineNumber": 40,
        "author": {
          "gitId": "-"
        },
        "content": "    private StackPane commandBoxPlaceholder;"
      },
      {
        "lineNumber": 41,
        "author": {
          "gitId": "-"
        },
        "content": ""
      },
      {
        "lineNumber": 42,
        "author": {
          "gitId": "-"
        },
        "content": "    @FXML"
      },
      {
        "lineNumber": 43,
        "author": {
          "gitId": "-"
        },
        "content": "    private MenuItem helpMenuItem;"
      },
      {
        "lineNumber": 44,
        "author": {
          "gitId": "-"
        },
        "content": ""
      },
      {
        "lineNumber": 45,
        "author": {
          "gitId": "HubertHalim"
        },
        "content": "    @FXML"
      },
      {
        "lineNumber": 46,
        "author": {
          "gitId": "HubertHalim"
        },
        "content": "    private StackPane monthlyDataPlaceholder;"
      },
      {
        "lineNumber": 47,
        "author": {
          "gitId": "HubertHalim"
        },
        "content": ""
      },
      {
        "lineNumber": 48,
        "author": {
          "gitId": "-"
        },
        "content": "    @FXML"
      },
      {
        "lineNumber": 49,
        "author": {
          "gitId": "-"
        },
        "content": "    private StackPane personListPanelPlaceholder;"
      },
      {
        "lineNumber": 50,
        "author": {
          "gitId": "-"
        },
        "content": ""
      },
      {
        "lineNumber": 51,
        "author": {
          "gitId": "-"
        },
        "content": "    @FXML"
      },
      {
        "lineNumber": 52,
        "author": {
          "gitId": "-"
        },
        "content": "    private StackPane resultDisplayPlaceholder;"
      },
      {
        "lineNumber": 53,
        "author": {
          "gitId": "-"
        },
        "content": ""
      },
      {
        "lineNumber": 54,
        "author": {
          "gitId": "-"
        },
        "content": "    @FXML"
      },
      {
        "lineNumber": 55,
        "author": {
          "gitId": "-"
        },
        "content": "    private StackPane statusbarPlaceholder;"
      },
      {
        "lineNumber": 56,
        "author": {
          "gitId": "-"
        },
        "content": ""
      },
      {
        "lineNumber": 57,
        "author": {
          "gitId": "-"
        },
        "content": "    public MainWindow(Stage primaryStage, Logic logic) {"
      },
      {
        "lineNumber": 58,
        "author": {
          "gitId": "-"
        },
        "content": "        super(FXML, primaryStage);"
      },
      {
        "lineNumber": 59,
        "author": {
          "gitId": "-"
        },
        "content": ""
      },
      {
        "lineNumber": 60,
        "author": {
          "gitId": "-"
        },
        "content": "        // Set dependencies"
      },
      {
        "lineNumber": 61,
        "author": {
          "gitId": "-"
        },
        "content": "        this.primaryStage \u003d primaryStage;"
      },
      {
        "lineNumber": 62,
        "author": {
          "gitId": "-"
        },
        "content": "        this.logic \u003d logic;"
      },
      {
        "lineNumber": 63,
        "author": {
          "gitId": "-"
        },
        "content": ""
      },
      {
        "lineNumber": 64,
        "author": {
          "gitId": "-"
        },
        "content": "        // Configure the UI"
      },
      {
        "lineNumber": 65,
        "author": {
          "gitId": "-"
        },
        "content": "        setWindowDefaultSize(logic.getGuiSettings());"
      },
      {
        "lineNumber": 66,
        "author": {
          "gitId": "-"
        },
        "content": ""
      },
      {
        "lineNumber": 67,
        "author": {
          "gitId": "-"
        },
        "content": "        setAccelerators();"
      },
      {
        "lineNumber": 68,
        "author": {
          "gitId": "-"
        },
        "content": ""
      },
      {
        "lineNumber": 69,
        "author": {
          "gitId": "-"
        },
        "content": "        helpWindow \u003d new HelpWindow();"
      },
      {
        "lineNumber": 70,
        "author": {
          "gitId": "-"
        },
        "content": "    }"
      },
      {
        "lineNumber": 71,
        "author": {
          "gitId": "-"
        },
        "content": ""
      },
      {
        "lineNumber": 72,
        "author": {
          "gitId": "-"
        },
        "content": "    public Stage getPrimaryStage() {"
      },
      {
        "lineNumber": 73,
        "author": {
          "gitId": "-"
        },
        "content": "        return primaryStage;"
      },
      {
        "lineNumber": 74,
        "author": {
          "gitId": "-"
        },
        "content": "    }"
      },
      {
        "lineNumber": 75,
        "author": {
          "gitId": "-"
        },
        "content": ""
      },
      {
        "lineNumber": 76,
        "author": {
          "gitId": "-"
        },
        "content": "    private void setAccelerators() {"
      },
      {
        "lineNumber": 77,
        "author": {
          "gitId": "-"
        },
        "content": "        setAccelerator(helpMenuItem, KeyCombination.valueOf(\"F1\"));"
      },
      {
        "lineNumber": 78,
        "author": {
          "gitId": "-"
        },
        "content": "    }"
      },
      {
        "lineNumber": 79,
        "author": {
          "gitId": "-"
        },
        "content": ""
      },
      {
        "lineNumber": 80,
        "author": {
          "gitId": "-"
        },
        "content": "    /**"
      },
      {
        "lineNumber": 81,
        "author": {
          "gitId": "-"
        },
        "content": "     * Sets the accelerator of a MenuItem."
      },
      {
        "lineNumber": 82,
        "author": {
          "gitId": "-"
        },
        "content": "     * @param keyCombination the KeyCombination value of the accelerator"
      },
      {
        "lineNumber": 83,
        "author": {
          "gitId": "-"
        },
        "content": "     */"
      },
      {
        "lineNumber": 84,
        "author": {
          "gitId": "-"
        },
        "content": "    private void setAccelerator(MenuItem menuItem, KeyCombination keyCombination) {"
      },
      {
        "lineNumber": 85,
        "author": {
          "gitId": "-"
        },
        "content": "        menuItem.setAccelerator(keyCombination);"
      },
      {
        "lineNumber": 86,
        "author": {
          "gitId": "-"
        },
        "content": ""
      },
      {
        "lineNumber": 87,
        "author": {
          "gitId": "-"
        },
        "content": "        /*"
      },
      {
        "lineNumber": 88,
        "author": {
          "gitId": "-"
        },
        "content": "         * TODO: the code below can be removed once the bug reported here"
      },
      {
        "lineNumber": 89,
        "author": {
          "gitId": "-"
        },
        "content": "         * https://bugs.openjdk.java.net/browse/JDK-8131666"
      },
      {
        "lineNumber": 90,
        "author": {
          "gitId": "-"
        },
        "content": "         * is fixed in later version of SDK."
      },
      {
        "lineNumber": 91,
        "author": {
          "gitId": "-"
        },
        "content": "         *"
      },
      {
        "lineNumber": 92,
        "author": {
          "gitId": "-"
        },
        "content": "         * According to the bug report, TextInputControl (TextField, TextArea) will"
      },
      {
        "lineNumber": 93,
        "author": {
          "gitId": "-"
        },
        "content": "         * consume function-key events. Because CommandBox contains a TextField, and"
      },
      {
        "lineNumber": 94,
        "author": {
          "gitId": "-"
        },
        "content": "         * ResultDisplay contains a TextArea, thus some accelerators (e.g F1) will"
      },
      {
        "lineNumber": 95,
        "author": {
          "gitId": "-"
        },
        "content": "         * not work when the focus is in them because the key event is consumed by"
      },
      {
        "lineNumber": 96,
        "author": {
          "gitId": "-"
        },
        "content": "         * the TextInputControl(s)."
      },
      {
        "lineNumber": 97,
        "author": {
          "gitId": "-"
        },
        "content": "         *"
      },
      {
        "lineNumber": 98,
        "author": {
          "gitId": "-"
        },
        "content": "         * For now, we add following event filter to capture such key events and open"
      },
      {
        "lineNumber": 99,
        "author": {
          "gitId": "-"
        },
        "content": "         * help window purposely so to support accelerators even when focus is"
      },
      {
        "lineNumber": 100,
        "author": {
          "gitId": "-"
        },
        "content": "         * in CommandBox or ResultDisplay."
      },
      {
        "lineNumber": 101,
        "author": {
          "gitId": "-"
        },
        "content": "         */"
      },
      {
        "lineNumber": 102,
        "author": {
          "gitId": "-"
        },
        "content": "        getRoot().addEventFilter(KeyEvent.KEY_PRESSED, event -\u003e {"
      },
      {
        "lineNumber": 103,
        "author": {
          "gitId": "-"
        },
        "content": "            if (event.getTarget() instanceof TextInputControl \u0026\u0026 keyCombination.match(event)) {"
      },
      {
        "lineNumber": 104,
        "author": {
          "gitId": "-"
        },
        "content": "                menuItem.getOnAction().handle(new ActionEvent());"
      },
      {
        "lineNumber": 105,
        "author": {
          "gitId": "-"
        },
        "content": "                event.consume();"
      },
      {
        "lineNumber": 106,
        "author": {
          "gitId": "-"
        },
        "content": "            }"
      },
      {
        "lineNumber": 107,
        "author": {
          "gitId": "-"
        },
        "content": "        });"
      },
      {
        "lineNumber": 108,
        "author": {
          "gitId": "-"
        },
        "content": "    }"
      },
      {
        "lineNumber": 109,
        "author": {
          "gitId": "-"
        },
        "content": ""
      },
      {
        "lineNumber": 110,
        "author": {
          "gitId": "-"
        },
        "content": "    /**"
      },
      {
        "lineNumber": 111,
        "author": {
          "gitId": "-"
        },
        "content": "     * Fills up all the placeholders of this window."
      },
      {
        "lineNumber": 112,
        "author": {
          "gitId": "-"
        },
        "content": "     */"
      },
      {
        "lineNumber": 113,
        "author": {
          "gitId": "-"
        },
        "content": "    void fillInnerParts() {"
      },
      {
        "lineNumber": 114,
        "author": {
          "gitId": "-"
        },
        "content": "        personListPanel \u003d new PersonListPanel(logic.getFilteredPersonList());"
      },
      {
        "lineNumber": 115,
        "author": {
          "gitId": "HubertHalim"
        },
        "content": "        monthlyDataPanel \u003d new MonthlyDataPanel();"
      },
      {
        "lineNumber": 116,
        "author": {
          "gitId": "-"
        },
        "content": "        personListPanelPlaceholder.getChildren().add(personListPanel.getRoot());"
      },
      {
        "lineNumber": 117,
        "author": {
          "gitId": "HubertHalim"
        },
        "content": "        monthlyDataPlaceholder.getChildren().add(monthlyDataPanel.getRoot());"
      },
      {
        "lineNumber": 118,
        "author": {
          "gitId": "-"
        },
        "content": ""
      },
      {
        "lineNumber": 119,
        "author": {
          "gitId": "-"
        },
        "content": "        resultDisplay \u003d new ResultDisplay();"
      },
      {
        "lineNumber": 120,
        "author": {
          "gitId": "-"
        },
        "content": "        resultDisplayPlaceholder.getChildren().add(resultDisplay.getRoot());"
      },
      {
        "lineNumber": 121,
        "author": {
          "gitId": "-"
        },
        "content": ""
      },
      {
        "lineNumber": 122,
        "author": {
          "gitId": "-"
        },
        "content": "        StatusBarFooter statusBarFooter \u003d new StatusBarFooter(logic.getAddressBookFilePath());"
      },
      {
        "lineNumber": 123,
        "author": {
          "gitId": "-"
        },
        "content": "        statusbarPlaceholder.getChildren().add(statusBarFooter.getRoot());"
      },
      {
        "lineNumber": 124,
        "author": {
          "gitId": "-"
        },
        "content": ""
      },
      {
        "lineNumber": 125,
        "author": {
          "gitId": "-"
        },
        "content": "        CommandBox commandBox \u003d new CommandBox(this::executeCommand);"
      },
      {
        "lineNumber": 126,
        "author": {
          "gitId": "-"
        },
        "content": "        commandBoxPlaceholder.getChildren().add(commandBox.getRoot());"
      },
      {
        "lineNumber": 127,
        "author": {
          "gitId": "-"
        },
        "content": "    }"
      },
      {
        "lineNumber": 128,
        "author": {
          "gitId": "-"
        },
        "content": ""
      },
      {
        "lineNumber": 129,
        "author": {
          "gitId": "-"
        },
        "content": "    /**"
      },
      {
        "lineNumber": 130,
        "author": {
          "gitId": "-"
        },
        "content": "     * Sets the default size based on {@code guiSettings}."
      },
      {
        "lineNumber": 131,
        "author": {
          "gitId": "-"
        },
        "content": "     */"
      },
      {
        "lineNumber": 132,
        "author": {
          "gitId": "-"
        },
        "content": "    private void setWindowDefaultSize(GuiSettings guiSettings) {"
      },
      {
        "lineNumber": 133,
        "author": {
          "gitId": "-"
        },
        "content": "        primaryStage.setHeight(guiSettings.getWindowHeight());"
      },
      {
        "lineNumber": 134,
        "author": {
          "gitId": "-"
        },
        "content": "        primaryStage.setWidth(guiSettings.getWindowWidth());"
      },
      {
        "lineNumber": 135,
        "author": {
          "gitId": "-"
        },
        "content": "        if (guiSettings.getWindowCoordinates() !\u003d null) {"
      },
      {
        "lineNumber": 136,
        "author": {
          "gitId": "-"
        },
        "content": "            primaryStage.setX(guiSettings.getWindowCoordinates().getX());"
      },
      {
        "lineNumber": 137,
        "author": {
          "gitId": "-"
        },
        "content": "            primaryStage.setY(guiSettings.getWindowCoordinates().getY());"
      },
      {
        "lineNumber": 138,
        "author": {
          "gitId": "-"
        },
        "content": "        }"
      },
      {
        "lineNumber": 139,
        "author": {
          "gitId": "-"
        },
        "content": "    }"
      },
      {
        "lineNumber": 140,
        "author": {
          "gitId": "-"
        },
        "content": ""
      },
      {
        "lineNumber": 141,
        "author": {
          "gitId": "-"
        },
        "content": "    /**"
      },
      {
        "lineNumber": 142,
        "author": {
          "gitId": "-"
        },
        "content": "     * Opens the help window or focuses on it if it\u0027s already opened."
      },
      {
        "lineNumber": 143,
        "author": {
          "gitId": "-"
        },
        "content": "     */"
      },
      {
        "lineNumber": 144,
        "author": {
          "gitId": "-"
        },
        "content": "    @FXML"
      },
      {
        "lineNumber": 145,
        "author": {
          "gitId": "-"
        },
        "content": "    public void handleHelp() {"
      },
      {
        "lineNumber": 146,
        "author": {
          "gitId": "-"
        },
        "content": "        if (!helpWindow.isShowing()) {"
      },
      {
        "lineNumber": 147,
        "author": {
          "gitId": "-"
        },
        "content": "            helpWindow.show();"
      },
      {
        "lineNumber": 148,
        "author": {
          "gitId": "-"
        },
        "content": "        } else {"
      },
      {
        "lineNumber": 149,
        "author": {
          "gitId": "-"
        },
        "content": "            helpWindow.focus();"
      },
      {
        "lineNumber": 150,
        "author": {
          "gitId": "-"
        },
        "content": "        }"
      },
      {
        "lineNumber": 151,
        "author": {
          "gitId": "-"
        },
        "content": "    }"
      },
      {
        "lineNumber": 152,
        "author": {
          "gitId": "-"
        },
        "content": ""
      },
      {
        "lineNumber": 153,
        "author": {
          "gitId": "-"
        },
        "content": "    void show() {"
      },
      {
        "lineNumber": 154,
        "author": {
          "gitId": "-"
        },
        "content": "        primaryStage.show();"
      },
      {
        "lineNumber": 155,
        "author": {
          "gitId": "-"
        },
        "content": "    }"
      },
      {
        "lineNumber": 156,
        "author": {
          "gitId": "-"
        },
        "content": ""
      },
      {
        "lineNumber": 157,
        "author": {
          "gitId": "-"
        },
        "content": "    /**"
      },
      {
        "lineNumber": 158,
        "author": {
          "gitId": "-"
        },
        "content": "     * Closes the application."
      },
      {
        "lineNumber": 159,
        "author": {
          "gitId": "-"
        },
        "content": "     */"
      },
      {
        "lineNumber": 160,
        "author": {
          "gitId": "-"
        },
        "content": "    @FXML"
      },
      {
        "lineNumber": 161,
        "author": {
          "gitId": "-"
        },
        "content": "    private void handleExit() {"
      },
      {
        "lineNumber": 162,
        "author": {
          "gitId": "-"
        },
        "content": "        GuiSettings guiSettings \u003d new GuiSettings(primaryStage.getWidth(), primaryStage.getHeight(),"
      },
      {
        "lineNumber": 163,
        "author": {
          "gitId": "-"
        },
        "content": "                (int) primaryStage.getX(), (int) primaryStage.getY());"
      },
      {
        "lineNumber": 164,
        "author": {
          "gitId": "-"
        },
        "content": "        logic.setGuiSettings(guiSettings);"
      },
      {
        "lineNumber": 165,
        "author": {
          "gitId": "-"
        },
        "content": "        helpWindow.hide();"
      },
      {
        "lineNumber": 166,
        "author": {
          "gitId": "-"
        },
        "content": "        primaryStage.hide();"
      },
      {
        "lineNumber": 167,
        "author": {
          "gitId": "-"
        },
        "content": "    }"
      },
      {
        "lineNumber": 168,
        "author": {
          "gitId": "-"
        },
        "content": ""
      },
      {
        "lineNumber": 169,
        "author": {
          "gitId": "-"
        },
        "content": "    public PersonListPanel getPersonListPanel() {"
      },
      {
        "lineNumber": 170,
        "author": {
          "gitId": "-"
        },
        "content": "        return personListPanel;"
      },
      {
        "lineNumber": 171,
        "author": {
          "gitId": "-"
        },
        "content": "    }"
      },
      {
        "lineNumber": 172,
        "author": {
          "gitId": "-"
        },
        "content": ""
      },
      {
        "lineNumber": 173,
        "author": {
          "gitId": "-"
        },
        "content": "    /**"
      },
      {
        "lineNumber": 174,
        "author": {
          "gitId": "-"
        },
        "content": "     * Executes the command and returns the result."
      },
      {
        "lineNumber": 175,
        "author": {
          "gitId": "-"
        },
        "content": "     *"
      },
      {
        "lineNumber": 176,
        "author": {
          "gitId": "-"
        },
        "content": "     * @see seedu.address.logic.Logic#execute(String)"
      },
      {
        "lineNumber": 177,
        "author": {
          "gitId": "-"
        },
        "content": "     */"
      },
      {
        "lineNumber": 178,
        "author": {
          "gitId": "-"
        },
        "content": "    private CommandResult executeCommand(String commandText) throws CommandException, ParseException {"
      },
      {
        "lineNumber": 179,
        "author": {
          "gitId": "-"
        },
        "content": "        try {"
      },
      {
        "lineNumber": 180,
        "author": {
          "gitId": "-"
        },
        "content": "            CommandResult commandResult \u003d logic.execute(commandText);"
      },
      {
        "lineNumber": 181,
        "author": {
          "gitId": "-"
        },
        "content": "            logger.info(\"Result: \" + commandResult.getFeedbackToUser());"
      },
      {
        "lineNumber": 182,
        "author": {
          "gitId": "-"
        },
        "content": "            resultDisplay.setFeedbackToUser(commandResult.getFeedbackToUser());"
      },
      {
        "lineNumber": 183,
        "author": {
          "gitId": "-"
        },
        "content": ""
      },
      {
        "lineNumber": 184,
        "author": {
          "gitId": "-"
        },
        "content": "            if (commandResult.isShowHelp()) {"
      },
      {
        "lineNumber": 185,
        "author": {
          "gitId": "-"
        },
        "content": "                handleHelp();"
      },
      {
        "lineNumber": 186,
        "author": {
          "gitId": "-"
        },
        "content": "            }"
      },
      {
        "lineNumber": 187,
        "author": {
          "gitId": "-"
        },
        "content": ""
      },
      {
        "lineNumber": 188,
        "author": {
          "gitId": "-"
        },
        "content": "            if (commandResult.isExit()) {"
      },
      {
        "lineNumber": 189,
        "author": {
          "gitId": "-"
        },
        "content": "                handleExit();"
      },
      {
        "lineNumber": 190,
        "author": {
          "gitId": "-"
        },
        "content": "            }"
      },
      {
        "lineNumber": 191,
        "author": {
          "gitId": "-"
        },
        "content": ""
      },
      {
        "lineNumber": 192,
        "author": {
          "gitId": "-"
        },
        "content": "            return commandResult;"
      },
      {
        "lineNumber": 193,
        "author": {
          "gitId": "-"
        },
        "content": "        } catch (CommandException | ParseException e) {"
      },
      {
        "lineNumber": 194,
        "author": {
          "gitId": "-"
        },
        "content": "            logger.info(\"Invalid command: \" + commandText);"
      },
      {
        "lineNumber": 195,
        "author": {
          "gitId": "-"
        },
        "content": "            resultDisplay.setFeedbackToUser(e.getMessage());"
      },
      {
        "lineNumber": 196,
        "author": {
          "gitId": "-"
        },
        "content": "            throw e;"
      },
      {
        "lineNumber": 197,
        "author": {
          "gitId": "-"
        },
        "content": "        }"
      },
      {
        "lineNumber": 198,
        "author": {
          "gitId": "-"
        },
        "content": "    }"
      },
      {
        "lineNumber": 199,
        "author": {
          "gitId": "-"
        },
        "content": "}"
      }
    ],
    "authorContributionMap": {
      "HubertHalim": 6,
      "-": 193
    }
  },
  {
    "path": "src/main/java/seedu/address/ui/MonthlyDataPanel.java",
    "fileType": "java",
    "lines": [
      {
        "lineNumber": 1,
        "author": {
          "gitId": "HubertHalim"
        },
        "content": "package seedu.address.ui;"
      },
      {
        "lineNumber": 2,
        "author": {
          "gitId": "HubertHalim"
        },
        "content": ""
      },
      {
        "lineNumber": 3,
        "author": {
          "gitId": "HubertHalim"
        },
        "content": "import java.util.logging.Logger;"
      },
      {
        "lineNumber": 4,
        "author": {
          "gitId": "HubertHalim"
        },
        "content": ""
      },
      {
        "lineNumber": 5,
        "author": {
          "gitId": "HubertHalim"
        },
        "content": "import javafx.fxml.FXML;"
      },
      {
        "lineNumber": 6,
        "author": {
          "gitId": "HubertHalim"
        },
        "content": "import javafx.scene.control.Label;"
      },
      {
        "lineNumber": 7,
        "author": {
          "gitId": "HubertHalim"
        },
        "content": "import javafx.scene.layout.Region;"
      },
      {
        "lineNumber": 8,
        "author": {
          "gitId": "HubertHalim"
        },
        "content": "import seedu.address.commons.core.LogsCenter;"
      },
      {
        "lineNumber": 9,
        "author": {
          "gitId": "HubertHalim"
        },
        "content": ""
      },
      {
        "lineNumber": 10,
        "author": {
          "gitId": "HubertHalim"
        },
        "content": "/**"
      },
      {
        "lineNumber": 11,
        "author": {
          "gitId": "HubertHalim"
        },
        "content": " * Panel containing the list of persons."
      },
      {
        "lineNumber": 12,
        "author": {
          "gitId": "HubertHalim"
        },
        "content": " */"
      },
      {
        "lineNumber": 13,
        "author": {
          "gitId": "HubertHalim"
        },
        "content": "public class MonthlyDataPanel extends UiPart\u003cRegion\u003e {"
      },
      {
        "lineNumber": 14,
        "author": {
          "gitId": "HubertHalim"
        },
        "content": "    private static final String FXML \u003d \"MonthlyDataPanel.fxml\";"
      },
      {
        "lineNumber": 15,
        "author": {
          "gitId": "HubertHalim"
        },
        "content": "    private final Logger logger \u003d LogsCenter.getLogger(MonthlyDataPanel.class);"
      },
      {
        "lineNumber": 16,
        "author": {
          "gitId": "HubertHalim"
        },
        "content": ""
      },
      {
        "lineNumber": 17,
        "author": {
          "gitId": "HubertHalim"
        },
        "content": "    @FXML"
      },
      {
        "lineNumber": 18,
        "author": {
          "gitId": "HubertHalim"
        },
        "content": "    private Label monthlyLabel;"
      },
      {
        "lineNumber": 19,
        "author": {
          "gitId": "HubertHalim"
        },
        "content": ""
      },
      {
        "lineNumber": 20,
        "author": {
          "gitId": "HubertHalim"
        },
        "content": "    public MonthlyDataPanel() {"
      },
      {
        "lineNumber": 21,
        "author": {
          "gitId": "HubertHalim"
        },
        "content": "        super(FXML);"
      },
      {
        "lineNumber": 22,
        "author": {
          "gitId": "HubertHalim"
        },
        "content": "    }"
      },
      {
        "lineNumber": 23,
        "author": {
          "gitId": "HubertHalim"
        },
        "content": ""
      },
      {
        "lineNumber": 24,
        "author": {
          "gitId": "HubertHalim"
        },
        "content": "}"
      },
      {
        "lineNumber": 25,
        "author": {
          "gitId": "HubertHalim"
        },
        "content": ""
      }
    ],
    "authorContributionMap": {
      "HubertHalim": 25
    }
  },
  {
    "path": "src/main/resources/view/MainWindow.fxml",
    "fileType": "fxml",
    "lines": [
      {
        "lineNumber": 1,
        "author": {
          "gitId": "-"
        },
        "content": "\u003c?xml version\u003d\"1.0\" encoding\u003d\"UTF-8\"?\u003e"
      },
      {
        "lineNumber": 2,
        "author": {
          "gitId": "-"
        },
        "content": ""
      },
      {
        "lineNumber": 3,
        "author": {
          "gitId": "-"
        },
        "content": "\u003c?import java.net.URL?\u003e"
      },
      {
        "lineNumber": 4,
        "author": {
          "gitId": "-"
        },
        "content": "\u003c?import javafx.geometry.Insets?\u003e"
      },
      {
        "lineNumber": 5,
        "author": {
          "gitId": "-"
        },
        "content": "\u003c?import javafx.scene.Scene?\u003e"
      },
      {
        "lineNumber": 6,
        "author": {
          "gitId": "-"
        },
        "content": "\u003c?import javafx.scene.control.Menu?\u003e"
      },
      {
        "lineNumber": 7,
        "author": {
          "gitId": "-"
        },
        "content": "\u003c?import javafx.scene.control.MenuBar?\u003e"
      },
      {
        "lineNumber": 8,
        "author": {
          "gitId": "-"
        },
        "content": "\u003c?import javafx.scene.control.MenuItem?\u003e"
      },
      {
        "lineNumber": 9,
        "author": {
          "gitId": "-"
        },
        "content": "\u003c?import javafx.scene.control.SplitPane?\u003e"
      },
      {
        "lineNumber": 10,
        "author": {
          "gitId": "-"
        },
        "content": "\u003c?import javafx.scene.image.Image?\u003e"
      },
      {
        "lineNumber": 11,
        "author": {
          "gitId": "-"
        },
        "content": "\u003c?import javafx.scene.layout.StackPane?\u003e"
      },
      {
        "lineNumber": 12,
        "author": {
          "gitId": "-"
        },
        "content": "\u003c?import javafx.scene.layout.VBox?\u003e"
      },
      {
        "lineNumber": 13,
        "author": {
          "gitId": "-"
        },
        "content": ""
      },
      {
        "lineNumber": 14,
        "author": {
          "gitId": "-"
        },
        "content": "\u003cfx:root type\u003d\"javafx.stage.Stage\" xmlns\u003d\"http://javafx.com/javafx/8\" xmlns:fx\u003d\"http://javafx.com/fxml/1\""
      },
      {
        "lineNumber": 15,
        "author": {
          "gitId": "-"
        },
        "content": "         title\u003d\"Address App\" minWidth\u003d\"450\" minHeight\u003d\"600\" onCloseRequest\u003d\"#handleExit\"\u003e"
      },
      {
        "lineNumber": 16,
        "author": {
          "gitId": "-"
        },
        "content": "  \u003cicons\u003e"
      },
      {
        "lineNumber": 17,
        "author": {
          "gitId": "-"
        },
        "content": "    \u003cImage url\u003d\"@/images/address_book_32.png\" /\u003e"
      },
      {
        "lineNumber": 18,
        "author": {
          "gitId": "-"
        },
        "content": "  \u003c/icons\u003e"
      },
      {
        "lineNumber": 19,
        "author": {
          "gitId": "-"
        },
        "content": "  \u003cscene\u003e"
      },
      {
        "lineNumber": 20,
        "author": {
          "gitId": "-"
        },
        "content": "    \u003cScene\u003e"
      },
      {
        "lineNumber": 21,
        "author": {
          "gitId": "-"
        },
        "content": "      \u003cstylesheets\u003e"
      },
      {
        "lineNumber": 22,
        "author": {
          "gitId": "-"
        },
        "content": "        \u003cURL value\u003d\"@DarkTheme.css\" /\u003e"
      },
      {
        "lineNumber": 23,
        "author": {
          "gitId": "-"
        },
        "content": "        \u003cURL value\u003d\"@Extensions.css\" /\u003e"
      },
      {
        "lineNumber": 24,
        "author": {
          "gitId": "-"
        },
        "content": "      \u003c/stylesheets\u003e"
      },
      {
        "lineNumber": 25,
        "author": {
          "gitId": "-"
        },
        "content": ""
      },
      {
        "lineNumber": 26,
        "author": {
          "gitId": "-"
        },
        "content": "      \u003cVBox\u003e"
      },
      {
        "lineNumber": 27,
        "author": {
          "gitId": "-"
        },
        "content": "        \u003cMenuBar fx:id\u003d\"menuBar\" VBox.vgrow\u003d\"NEVER\"\u003e"
      },
      {
        "lineNumber": 28,
        "author": {
          "gitId": "-"
        },
        "content": "          \u003cMenu mnemonicParsing\u003d\"false\" text\u003d\"File\"\u003e"
      },
      {
        "lineNumber": 29,
        "author": {
          "gitId": "-"
        },
        "content": "            \u003cMenuItem mnemonicParsing\u003d\"false\" onAction\u003d\"#handleExit\" text\u003d\"Exit\" /\u003e"
      },
      {
        "lineNumber": 30,
        "author": {
          "gitId": "-"
        },
        "content": "          \u003c/Menu\u003e"
      },
      {
        "lineNumber": 31,
        "author": {
          "gitId": "-"
        },
        "content": "          \u003cMenu mnemonicParsing\u003d\"false\" text\u003d\"Help\"\u003e"
      },
      {
        "lineNumber": 32,
        "author": {
          "gitId": "-"
        },
        "content": "            \u003cMenuItem fx:id\u003d\"helpMenuItem\" mnemonicParsing\u003d\"false\" onAction\u003d\"#handleHelp\" text\u003d\"Help\" /\u003e"
      },
      {
        "lineNumber": 33,
        "author": {
          "gitId": "-"
        },
        "content": "          \u003c/Menu\u003e"
      },
      {
        "lineNumber": 34,
        "author": {
          "gitId": "-"
        },
        "content": "        \u003c/MenuBar\u003e"
      },
      {
        "lineNumber": 35,
        "author": {
          "gitId": "-"
        },
        "content": ""
      },
      {
        "lineNumber": 36,
        "author": {
          "gitId": "-"
        },
        "content": "        \u003cStackPane VBox.vgrow\u003d\"NEVER\" fx:id\u003d\"commandBoxPlaceholder\" styleClass\u003d\"pane-with-border\"\u003e"
      },
      {
        "lineNumber": 37,
        "author": {
          "gitId": "-"
        },
        "content": "          \u003cpadding\u003e"
      },
      {
        "lineNumber": 38,
        "author": {
          "gitId": "-"
        },
        "content": "            \u003cInsets top\u003d\"5\" right\u003d\"10\" bottom\u003d\"5\" left\u003d\"10\" /\u003e"
      },
      {
        "lineNumber": 39,
        "author": {
          "gitId": "-"
        },
        "content": "          \u003c/padding\u003e"
      },
      {
        "lineNumber": 40,
        "author": {
          "gitId": "-"
        },
        "content": "        \u003c/StackPane\u003e"
      },
      {
        "lineNumber": 41,
        "author": {
          "gitId": "-"
        },
        "content": ""
      },
      {
        "lineNumber": 42,
        "author": {
          "gitId": "-"
        },
        "content": "        \u003cStackPane VBox.vgrow\u003d\"NEVER\" fx:id\u003d\"resultDisplayPlaceholder\" styleClass\u003d\"pane-with-border\""
      },
      {
        "lineNumber": 43,
        "author": {
          "gitId": "-"
        },
        "content": "                   minHeight\u003d\"100\" prefHeight\u003d\"100\" maxHeight\u003d\"100\"\u003e"
      },
      {
        "lineNumber": 44,
        "author": {
          "gitId": "-"
        },
        "content": "          \u003cpadding\u003e"
      },
      {
        "lineNumber": 45,
        "author": {
          "gitId": "-"
        },
        "content": "            \u003cInsets top\u003d\"5\" right\u003d\"10\" bottom\u003d\"5\" left\u003d\"10\" /\u003e"
      },
      {
        "lineNumber": 46,
        "author": {
          "gitId": "-"
        },
        "content": "          \u003c/padding\u003e"
      },
      {
        "lineNumber": 47,
        "author": {
          "gitId": "-"
        },
        "content": "        \u003c/StackPane\u003e"
      },
      {
        "lineNumber": 48,
        "author": {
          "gitId": "-"
        },
        "content": ""
      },
      {
        "lineNumber": 49,
        "author": {
          "gitId": "HubertHalim"
        },
        "content": "        \u003cVBox fx:id\u003d\"monthlyData\" styleClass\u003d\"pane-with-border\" minWidth\u003d\"340\" prefWidth\u003d\"340\" VBox.vgrow\u003d\"ALWAYS\"\u003e"
      },
      {
        "lineNumber": 50,
        "author": {
          "gitId": "HubertHalim"
        },
        "content": "          \u003cpadding\u003e"
      },
      {
        "lineNumber": 51,
        "author": {
          "gitId": "HubertHalim"
        },
        "content": "            \u003cInsets top\u003d\"10\" right\u003d\"10\" bottom\u003d\"10\" left\u003d\"10\" /\u003e"
      },
      {
        "lineNumber": 52,
        "author": {
          "gitId": "HubertHalim"
        },
        "content": "          \u003c/padding\u003e"
      },
      {
        "lineNumber": 53,
        "author": {
          "gitId": "HubertHalim"
        },
        "content": "          \u003cStackPane fx:id\u003d\"monthlyDataPlaceholder\" VBox.vgrow\u003d\"ALWAYS\"/\u003e"
      },
      {
        "lineNumber": 54,
        "author": {
          "gitId": "HubertHalim"
        },
        "content": "        \u003c/VBox\u003e"
      },
      {
        "lineNumber": 55,
        "author": {
          "gitId": "HubertHalim"
        },
        "content": ""
      },
      {
        "lineNumber": 56,
        "author": {
          "gitId": "HubertHalim"
        },
        "content": "        \u003cVBox fx:id\u003d\"expenseList\" styleClass\u003d\"pane-with-border\" minWidth\u003d\"340\" prefWidth\u003d\"340\" VBox.vgrow\u003d\"ALWAYS\"\u003e"
      },
      {
        "lineNumber": 57,
        "author": {
          "gitId": "-"
        },
        "content": "          \u003cpadding\u003e"
      },
      {
        "lineNumber": 58,
        "author": {
          "gitId": "-"
        },
        "content": "            \u003cInsets top\u003d\"10\" right\u003d\"10\" bottom\u003d\"10\" left\u003d\"10\" /\u003e"
      },
      {
        "lineNumber": 59,
        "author": {
          "gitId": "-"
        },
        "content": "          \u003c/padding\u003e"
      },
      {
        "lineNumber": 60,
        "author": {
          "gitId": "-"
        },
        "content": "          \u003cStackPane fx:id\u003d\"personListPanelPlaceholder\" VBox.vgrow\u003d\"ALWAYS\"/\u003e"
      },
      {
        "lineNumber": 61,
        "author": {
          "gitId": "-"
        },
        "content": "        \u003c/VBox\u003e"
      },
      {
        "lineNumber": 62,
        "author": {
          "gitId": "-"
        },
        "content": ""
      },
      {
        "lineNumber": 63,
        "author": {
          "gitId": "-"
        },
        "content": "        \u003cStackPane fx:id\u003d\"statusbarPlaceholder\" VBox.vgrow\u003d\"NEVER\" /\u003e"
      },
      {
        "lineNumber": 64,
        "author": {
          "gitId": "-"
        },
        "content": "      \u003c/VBox\u003e"
      },
      {
        "lineNumber": 65,
        "author": {
          "gitId": "-"
        },
        "content": "    \u003c/Scene\u003e"
      },
      {
        "lineNumber": 66,
        "author": {
          "gitId": "-"
        },
        "content": "  \u003c/scene\u003e"
      },
      {
        "lineNumber": 67,
        "author": {
          "gitId": "-"
        },
        "content": "\u003c/fx:root\u003e"
      }
    ],
    "authorContributionMap": {
      "HubertHalim": 8,
      "-": 59
    }
  },
  {
    "path": "src/main/resources/view/MonthlyDataPanel.fxml",
    "fileType": "fxml",
    "lines": [
      {
        "lineNumber": 1,
        "author": {
          "gitId": "HubertHalim"
        },
        "content": "\u003c?xml version\u003d\"1.0\" encoding\u003d\"UTF-8\"?\u003e"
      },
      {
        "lineNumber": 2,
        "author": {
          "gitId": "HubertHalim"
        },
        "content": ""
      },
      {
        "lineNumber": 3,
        "author": {
          "gitId": "HubertHalim"
        },
        "content": "\u003c?import javafx.scene.layout.VBox?\u003e"
      },
      {
        "lineNumber": 4,
        "author": {
          "gitId": "HubertHalim"
        },
        "content": ""
      },
      {
        "lineNumber": 5,
        "author": {
          "gitId": "HubertHalim"
        },
        "content": "\u003c?import javafx.scene.control.Label?\u003e"
      },
      {
        "lineNumber": 6,
        "author": {
          "gitId": "HubertHalim"
        },
        "content": "\u003cVBox xmlns\u003d\"http://javafx.com/javafx/8\" xmlns:fx\u003d\"http://javafx.com/fxml/1\"\u003e"
      },
      {
        "lineNumber": 7,
        "author": {
          "gitId": "HubertHalim"
        },
        "content": "    \u003cLabel fx:id\u003d\"monthlyDataPlaceholderText1\" text\u003d\"Hello from monthly data 1\"/\u003e"
      },
      {
        "lineNumber": 8,
        "author": {
          "gitId": "HubertHalim"
        },
        "content": "    \u003cLabel fx:id\u003d\"monthlyDataPlaceholderText2\" text\u003d\"Hello from monthly data 2\"/\u003e"
      },
      {
        "lineNumber": 9,
        "author": {
          "gitId": "HubertHalim"
        },
        "content": "    \u003cLabel fx:id\u003d\"monthlyDataPlaceholderText3\" text\u003d\"Hello from monthly data 3\"/\u003e"
      },
      {
        "lineNumber": 10,
        "author": {
          "gitId": "HubertHalim"
        },
        "content": "    \u003cLabel fx:id\u003d\"monthlyDataPlaceholderText4\" text\u003d\"Hello from monthly data 4\"/\u003e"
      },
      {
        "lineNumber": 11,
        "author": {
          "gitId": "HubertHalim"
        },
        "content": "\u003c/VBox\u003e"
      }
    ],
    "authorContributionMap": {
      "HubertHalim": 11
    }
  }
]
