{
  "authorDailyContributionsMap": {
    "HubertHalim": [
      {
        "insertions": 54,
        "deletions": 1,
        "date": "2020-02-27",
        "commitResults": [
          {
            "hash": "5555370fca36aca779ae95cce4d8b877403ace6e",
            "messageTitle": "added monthly data placeholder",
            "messageBody": "",
            "fileTypesAndContributionMap": {
              "functional-code": {
                "insertions": 54,
                "deletions": 1
              }
            }
          }
        ]
      },
      {
        "insertions": 1,
        "deletions": 5,
        "date": "2020-03-04",
        "commitResults": [
          {
            "hash": "39dd3dc8b950a1a532f1f0b6f3b543c5bd88f554",
            "messageTitle": "updated websites",
            "messageBody": "",
            "fileTypesAndContributionMap": {
              "functional-code": {
                "insertions": 0,
                "deletions": 4
              }
            }
          },
          {
            "hash": "748d3e13913837802b93f3c3a0aaeac1f02eac19",
            "messageTitle": "updated developers guide",
            "messageBody": "",
            "fileTypesAndContributionMap": {
              "other": {
                "insertions": 1,
                "deletions": 1
              }
            }
          }
        ]
      },
      {
        "insertions": 1847,
        "deletions": 2101,
        "date": "2020-03-10",
        "commitResults": [
          {
            "hash": "42fbfeb2ea0c0766b2381b900e53dbb4eaaf4570",
            "messageTitle": "basis for refactoring",
            "messageBody": "",
            "fileTypesAndContributionMap": {
              "functional-code": {
                "insertions": 237,
                "deletions": 298
              },
              "other": {
                "insertions": 973,
                "deletions": 1077
              },
              "test-code": {
                "insertions": 637,
                "deletions": 726
              }
            }
          }
        ]
      },
      {
        "insertions": 63,
        "deletions": 478,
        "date": "2020-03-11",
        "commitResults": [
          {
            "hash": "d8991ace344a6d9f9dccd695ab788970c292243d",
            "messageTitle": "version 1.1",
            "messageBody": "",
            "fileTypesAndContributionMap": {
              "functional-code": {
                "insertions": 23,
                "deletions": 269
              },
              "test-code": {
                "insertions": 40,
                "deletions": 209
              }
            }
          }
        ]
      },
      {
        "insertions": 459,
        "deletions": 206,
        "date": "2020-03-16",
        "commitResults": [
          {
            "hash": "1f12aa219369c7eaceb8b76a44f958f963d2d149",
            "messageTitle": "added monthly data",
            "messageBody": "",
            "fileTypesAndContributionMap": {
              "functional-code": {
                "insertions": 358,
                "deletions": 108
              },
              "other": {
                "insertions": 14,
                "deletions": 11
              },
              "test-code": {
                "insertions": 87,
                "deletions": 87
              }
            }
          }
        ]
      },
      {
        "insertions": 73,
        "deletions": 18,
        "date": "2020-03-17",
        "commitResults": [
          {
            "hash": "d675f359ccdce2bab49feb7d1df1841c71dbba64",
            "messageTitle": "updated monthly data",
            "messageBody": "",
            "fileTypesAndContributionMap": {
              "functional-code": {
                "insertions": 49,
                "deletions": 10
              }
            }
          },
          {
            "hash": "e9d5e437549bcf6994869ee2a0a8371342e0d8d1",
            "messageTitle": "fixed bug on regex",
            "messageBody": "",
            "fileTypesAndContributionMap": {
              "functional-code": {
                "insertions": 24,
                "deletions": 8
              }
            }
          }
        ]
      },
      {
        "insertions": 48,
        "deletions": 21,
        "date": "2020-03-19",
        "commitResults": [
          {
            "hash": "67b9159717f51ab062d3ecced8d4d4331ee07857",
            "messageTitle": "updated monthly data ui",
            "messageBody": "",
            "fileTypesAndContributionMap": {
              "functional-code": {
                "insertions": 48,
                "deletions": 21
              },
              "other": {
                "insertions": 0,
                "deletions": 0
              }
            }
          }
        ]
      },
      {
        "insertions": 613,
        "deletions": 198,
        "date": "2020-03-24",
        "commitResults": [
          {
            "hash": "9e621c5967eb7028695e36f20ef70f0173dd941e",
            "messageTitle": "fixed checkstyle",
            "messageBody": "",
            "fileTypesAndContributionMap": {
              "functional-code": {
                "insertions": 132,
                "deletions": 94
              },
              "test-code": {
                "insertions": 77,
                "deletions": 77
              }
            }
          },
          {
            "hash": "f15b1f4c9de1d2cf489029b556f480f0dac8afd8",
            "messageTitle": "added set budget and reset balance command",
            "messageBody": "",
            "fileTypesAndContributionMap": {
              "functional-code": {
                "insertions": 382,
                "deletions": 24
              },
              "test-code": {
                "insertions": 22,
                "deletions": 3
              }
            }
          }
        ]
      },
      {
        "insertions": 11,
        "deletions": 1,
        "date": "2020-03-25",
        "commitResults": [
          {
            "hash": "e26bec94a3613a2ec40e5c1bbb4de4e6f5da522d",
            "messageTitle": "bug fixes",
            "messageBody": "",
            "fileTypesAndContributionMap": {
              "functional-code": {
                "insertions": 2,
                "deletions": 0
              }
            }
          },
          {
            "hash": "e4326b27354d77705589472a209dde32fb7042f6",
            "messageTitle": "linked delete transaction to monthly data",
            "messageBody": "",
            "fileTypesAndContributionMap": {
              "functional-code": {
                "insertions": 9,
                "deletions": 1
              }
            }
          }
        ]
      },
      {
        "insertions": 359,
        "deletions": 222,
        "date": "2020-03-27",
        "commitResults": [
          {
            "hash": "76aa250bff5a9119aa2081704fbb5f18587c10cb",
            "messageTitle": "fixed test cases",
            "messageBody": "",
            "fileTypesAndContributionMap": {
              "functional-code": {
                "insertions": 153,
                "deletions": 96
              },
              "other": {
                "insertions": 18,
                "deletions": 11
              },
              "test-code": {
                "insertions": 188,
                "deletions": 115
              }
            }
          }
        ]
      },
      {
        "insertions": 56,
        "deletions": 3,
        "date": "2020-03-30",
        "commitResults": [
          {
            "hash": "9974be4231de03b249fb891a7cf02f064b206d43",
            "messageTitle": "prototype for cirlce",
            "messageBody": "",
            "fileTypesAndContributionMap": {
              "functional-code": {
                "insertions": 56,
                "deletions": 3
              }
            }
          }
        ]
      },
      {
        "insertions": 216,
        "deletions": 31,
        "date": "2020-03-31",
        "commitResults": [
          {
            "hash": "11440f4b5c11cd1423cf96dcce09725c0080d23f",
            "messageTitle": "circular budget indicator done",
            "messageBody": "",
            "fileTypesAndContributionMap": {
              "functional-code": {
                "insertions": 37,
                "deletions": 15
              }
            }
          },
          {
            "hash": "705bc7e665d55237f77be12ca8bdf673aae2adcf",
            "messageTitle": "added test cases for monthly data and budget",
            "messageBody": "",
            "fileTypesAndContributionMap": {
              "functional-code": {
                "insertions": 19,
                "deletions": 3
              },
              "other": {
                "insertions": 6,
                "deletions": 13
              },
              "test-code": {
                "insertions": 154,
                "deletions": 0
              }
            }
          }
        ]
      },
      {
        "insertions": 130,
        "deletions": 51,
        "date": "2020-04-01",
        "commitResults": [
          {
            "hash": "50be6e3a07e6067d72b6198084f119bdff9b93fe",
            "messageTitle": "fixed test cases",
            "messageBody": "",
            "fileTypesAndContributionMap": {
              "functional-code": {
                "insertions": 90,
                "deletions": 24
              },
              "test-code": {
                "insertions": 40,
                "deletions": 27
              }
            }
          }
        ]
      },
      {
        "insertions": 82,
        "deletions": 69,
        "date": "2020-04-02",
        "commitResults": [
          {
            "hash": "57bb268807cd376d45fdbd8d60836bf57e8ecd2e",
            "messageTitle": "updated user guide",
            "messageBody": "",
            "fileTypesAndContributionMap": {
              "functional-code": {
                "insertions": 26,
                "deletions": 6
              },
              "test-code": {
                "insertions": 0,
                "deletions": 1
              }
            }
          },
          {
            "hash": "40d3336f39fa99224ab2b379fecf4ee4f5cd1969",
            "messageTitle": "fixed checkstyle error",
            "messageBody": "",
            "fileTypesAndContributionMap": {
              "functional-code": {
                "insertions": 19,
                "deletions": 20
              },
              "test-code": {
                "insertions": 37,
                "deletions": 42
              }
            }
          }
        ]
      },
      {
        "insertions": 1,
        "deletions": 1,
        "date": "2020-04-03",
        "commitResults": [
          {
            "hash": "4b4b88804d928f35fb2398941a77e5ac95ce3bda",
            "messageTitle": "fixed gradle",
            "messageBody": "",
            "fileTypesAndContributionMap": {
              "other": {
                "insertions": 1,
                "deletions": 1
              }
            }
          }
        ]
      },
      {
        "insertions": 634,
        "deletions": 91,
        "date": "2020-04-05",
        "commitResults": [
          {
            "hash": "66c38b5b20a0b81336460ec3132015f4b2c31d11",
            "messageTitle": "refactor out global data and groundworks for recurring transactions and budget",
            "messageBody": "",
            "fileTypesAndContributionMap": {
              "functional-code": {
                "insertions": 546,
                "deletions": 50
              },
              "test-code": {
                "insertions": 84,
                "deletions": 40
              }
            }
          },
          {
            "hash": "2d8448e57ce1d76babf02f2d92da650d9ee6c45b",
            "messageTitle": "fixed test case bugs",
            "messageBody": "",
            "fileTypesAndContributionMap": {
              "test-code": {
                "insertions": 4,
                "deletions": 1
              }
            }
          }
        ]
      },
      {
        "insertions": 111,
        "deletions": 29,
        "date": "2020-04-06",
        "commitResults": [
          {
            "hash": "229c26c11e7e4fcae150fc074103de02bab1f772",
            "messageTitle": "fixed transaction amount bug",
            "messageBody": "",
            "fileTypesAndContributionMap": {
              "functional-code": {
                "insertions": 13,
                "deletions": 13
              },
              "test-code": {
                "insertions": 56,
                "deletions": 8
              }
            }
          },
          {
            "hash": "caa097994d6fc24c1b2a4b37737b20a84e99ea03",
            "messageTitle": "modifying previous months transaction no longer affect monthly data",
            "messageBody": "",
            "fileTypesAndContributionMap": {
              "functional-code": {
                "insertions": 42,
                "deletions": 8
              }
            }
          }
        ]
      },
      {
        "insertions": 101,
        "deletions": 31,
        "date": "2020-04-07",
        "commitResults": [
          {
            "hash": "8e67d4f9aa50c616c8c823d4a1acb57f7b8ce57d",
            "messageTitle": "make recurring budget non null",
            "messageBody": "",
            "fileTypesAndContributionMap": {
              "functional-code": {
                "insertions": 25,
                "deletions": 20
              }
            }
          },
          {
            "hash": "1aa518109ba51e007a3d83591bf070aba95a9c78",
            "messageTitle": "recurring budget done",
            "messageBody": "",
            "fileTypesAndContributionMap": {
              "functional-code": {
                "insertions": 71,
                "deletions": 6
              },
              "test-code": {
                "insertions": 5,
                "deletions": 5
              }
            }
          }
        ]
      },
      {
        "insertions": 35,
        "deletions": 32,
        "date": "2020-04-08",
        "commitResults": [
          {
            "hash": "fa0c35bd0e8a3771efe785f9c14bdc205cb20238",
            "messageTitle": "clear also clears global data",
            "messageBody": "",
            "fileTypesAndContributionMap": {
              "functional-code": {
                "insertions": 2,
                "deletions": 6
              }
            }
          },
          {
            "hash": "dea7eb9e8d0afad57c15b3e761874bd681ab8c8e",
            "messageTitle": "fixed bugs on recurring transactions",
            "messageBody": "",
            "fileTypesAndContributionMap": {
              "functional-code": {
                "insertions": 33,
                "deletions": 23
              },
              "test-code": {
                "insertions": 0,
                "deletions": 3
              }
            }
          }
        ]
      },
      {
        "insertions": 199,
        "deletions": 26,
        "date": "2020-04-09",
        "commitResults": [
          {
            "hash": "2955d6729f258ebaf3deaa3626bbdee147f099d3",
            "messageTitle": "added command history",
            "messageBody": "",
            "fileTypesAndContributionMap": {
              "functional-code": {
                "insertions": 147,
                "deletions": 5
              },
              "test-code": {
                "insertions": 39,
                "deletions": 0
              }
            }
          },
          {
            "hash": "c901551b919036ae0342966da42ad65ea7b1dd06",
            "messageTitle": "fixed command history bug",
            "messageBody": "",
            "fileTypesAndContributionMap": {
              "functional-code": {
                "insertions": 12,
                "deletions": 20
              },
              "test-code": {
                "insertions": 1,
                "deletions": 1
              }
            }
          }
        ]
      },
      {
        "insertions": 15,
        "deletions": 5,
        "date": "2020-04-10",
        "commitResults": [
          {
            "hash": "b6d05593d8f814de373bb781449a13039c2eb857",
            "messageTitle": "fixed bug on export command",
            "messageBody": "",
            "fileTypesAndContributionMap": {
              "functional-code": {
                "insertions": 1,
                "deletions": 1
              }
            }
          },
          {
            "hash": "83c25f4ef0364f503cd204b2b4117c4cf8aa2cde",
            "messageTitle": "updated user guide",
            "messageBody": "",
            "fileTypesAndContributionMap": {
              "functional-code": {
                "insertions": 1,
                "deletions": 1
              }
            }
          },
          {
            "hash": "2dbf4e1b289984818f78b95cadc2793683769d2f",
            "messageTitle": "set limit to command length",
            "messageBody": "",
            "fileTypesAndContributionMap": {
              "functional-code": {
                "insertions": 11,
                "deletions": 0
              }
            }
          },
          {
            "hash": "2fa20fb22c6fc769248e3986d9aac25c4bb7c838",
            "messageTitle": "fixed test error",
            "messageBody": "",
            "fileTypesAndContributionMap": {
              "test-code": {
                "insertions": 2,
                "deletions": 2
              }
            }
          },
          {
            "hash": "72bdd135541b1c7a4e03b558ec8a464a5cd467f5",
            "messageTitle": "fixed test checkstyle error",
            "messageBody": "",
            "fileTypesAndContributionMap": {
              "test-code": {
                "insertions": 0,
                "deletions": 1
              }
            }
          }
        ]
      },
      {
        "insertions": 4,
        "deletions": 6,
        "date": "2020-04-12",
        "commitResults": [
          {
            "hash": "400d8b5cce0138b098eef5210ad61ac9b5126a8f",
            "messageTitle": "added more UML diagrams and removed _reposense",
            "messageBody": "",
            "fileTypesAndContributionMap": {
              "functional-code": {
                "insertions": 0,
                "deletions": 2
              }
            }
          },
          {
            "hash": "55e0b8a291c73937328e9151a15cf5c13b190d25",
            "messageTitle": "removed UI",
            "messageBody": "",
            "fileTypesAndContributionMap": {
              "functional-code": {
                "insertions": 3,
                "deletions": 3
              },
              "test-code": {
                "insertions": 1,
                "deletions": 1
              }
            }
          }
        ]
      }
    ],
    "BenFheng": [
      {
        "insertions": 306,
        "deletions": 264,
        "date": "2020-03-15",
        "commitResults": [
          {
            "hash": "de28bf8270186814d80538003f49b77efea931f2",
            "messageTitle": "Added remarks and edited Amount and Transactions code",
            "messageBody": "",
            "fileTypesAndContributionMap": {
              "functional-code": {
                "insertions": 78,
                "deletions": 36
              },
              "test-code": {
                "insertions": 9,
                "deletions": 9
              }
            }
          },
          {
            "hash": "c618cd6720d178c8c88c6fe95fb102178b09ab9e",
            "messageTitle": "Edited remarks further",
            "messageBody": "",
            "fileTypesAndContributionMap": {
              "functional-code": {
                "insertions": 29,
                "deletions": 12
              },
              "other": {
                "insertions": 20,
                "deletions": 37
              },
              "test-code": {
                "insertions": 170,
                "deletions": 170
              }
            }
          }
        ]
      },
      {
        "insertions": 151,
        "deletions": 41,
        "date": "2020-03-16",
        "commitResults": [
          {
            "hash": "109467b397f720338ddc86fe86c932b598a3a7a9",
            "messageTitle": "Right after creating Category class",
            "messageBody": "",
            "fileTypesAndContributionMap": {
              "functional-code": {
                "insertions": 61,
                "deletions": 35
              },
              "test-code": {
                "insertions": 2,
                "deletions": 1
              }
            }
          },
          {
            "hash": "4297c97573f80d60ba08bac668a5c86b0217fae8",
            "messageTitle": "Right before deleting stuff from CliSyntax",
            "messageBody": "",
            "fileTypesAndContributionMap": {
              "functional-code": {
                "insertions": 88,
                "deletions": 5
              }
            }
          }
        ]
      },
      {
        "insertions": 387,
        "deletions": 364,
        "date": "2020-03-17",
        "commitResults": [
          {
            "hash": "28a4af2cafc050947f0e7e6ec67cd87c7f71ff5a",
            "messageTitle": "Large refactoring, compile error for validation now",
            "messageBody": "",
            "fileTypesAndContributionMap": {
              "functional-code": {
                "insertions": 209,
                "deletions": 199
              },
              "other": {
                "insertions": 29,
                "deletions": 14
              },
              "test-code": {
                "insertions": 135,
                "deletions": 140
              }
            }
          },
          {
            "hash": "4f7ed86f3f000e3583795410bf489bbd4a81d87e",
            "messageTitle": "Attempt at first demo, commented out a few lines of testing code",
            "messageBody": "",
            "fileTypesAndContributionMap": {
              "functional-code": {
                "insertions": 12,
                "deletions": 11
              }
            }
          },
          {
            "hash": "dbf6e4ba51ef3bfe5d11f009e07073ad3ad3c0da",
            "messageTitle": "Solved the fxml problem, demo now available!",
            "messageBody": "",
            "fileTypesAndContributionMap": {
              "functional-code": {
                "insertions": 2,
                "deletions": 0
              }
            }
          }
        ]
      },
      {
        "insertions": 29,
        "deletions": 21,
        "date": "2020-03-25",
        "commitResults": [
          {
            "hash": "b83078b18628b74d7b7376aa9064787e7a00d777",
            "messageTitle": "Separated the difference between income and expenses. Expenses are reflected as negative value transactions and the income is reflected as positive value transactions, with a difference of i/ in the input.",
            "messageBody": "",
            "fileTypesAndContributionMap": {
              "functional-code": {
                "insertions": 29,
                "deletions": 21
              }
            }
          }
        ]
      },
      {
        "insertions": 55,
        "deletions": 27,
        "date": "2020-03-30",
        "commitResults": [
          {
            "hash": "5859ec1985e7530867ad774e1de2e26fda9170f8",
            "messageTitle": "Edited UI for transactionList, added invalid messages for remaining commands",
            "messageBody": "",
            "fileTypesAndContributionMap": {
              "functional-code": {
                "insertions": 55,
                "deletions": 27
              }
            }
          }
        ]
      },
      {
        "insertions": 158,
        "deletions": 40,
        "date": "2020-03-31",
        "commitResults": [
          {
            "hash": "8f1d77309bc616f84f43f80819461b161098a565",
            "messageTitle": "CSS edits",
            "messageBody": "",
            "fileTypesAndContributionMap": {
              "functional-code": {
                "insertions": 2,
                "deletions": 1
              }
            }
          },
          {
            "hash": "e302e22dc0aeab199997b1e964c443e5669aab70",
            "messageTitle": "Changed CSS colours, making remarks and categories optional next",
            "messageBody": "",
            "fileTypesAndContributionMap": {
              "functional-code": {
                "insertions": 17,
                "deletions": 6
              }
            }
          },
          {
            "hash": "050acb1364b03c898e5afe00b0f7859c05e6e8e6",
            "messageTitle": "Edited UI and changed category into coloured labels",
            "messageBody": "",
            "fileTypesAndContributionMap": {
              "functional-code": {
                "insertions": 130,
                "deletions": 25
              }
            }
          },
          {
            "hash": "e1152bd11ac625da7b6d6fe67620ec21442103d4",
            "messageTitle": "Most updated UI",
            "messageBody": "",
            "fileTypesAndContributionMap": {
              "functional-code": {
                "insertions": 9,
                "deletions": 8
              }
            }
          }
        ]
      },
      {
        "insertions": 92,
        "deletions": 84,
        "date": "2020-04-02",
        "commitResults": [
          {
            "hash": "078a99ab1256953fce53ffb8531e6ab621baee5e",
            "messageTitle": "Resolved test cases",
            "messageBody": "",
            "fileTypesAndContributionMap": {
              "functional-code": {
                "insertions": 2,
                "deletions": 1
              },
              "test-code": {
                "insertions": 33,
                "deletions": 78
              }
            }
          },
          {
            "hash": "1939d19b33243b050f197510e1c32294f1de780f",
            "messageTitle": "Update AddCommand.java",
            "messageBody": "",
            "fileTypesAndContributionMap": {
              "functional-code": {
                "insertions": 5,
                "deletions": 1
              }
            }
          },
          {
            "hash": "48048bf02ac714dcf82ecb05aa3000996309d5f8",
            "messageTitle": "Removed Clisyntax *",
            "messageBody": "",
            "fileTypesAndContributionMap": {
              "functional-code": {
                "insertions": 1,
                "deletions": 0
              }
            }
          },
          {
            "hash": "034ded21f41bf92270d57907bb4977f4096cfd31",
            "messageTitle": "Update AddCommandParserTest.java",
            "messageBody": "",
            "fileTypesAndContributionMap": {
              "test-code": {
                "insertions": 20,
                "deletions": 1
              }
            }
          },
          {
            "hash": "a680ab66852d353d0689ac906852ac68da883613",
            "messageTitle": "Update AddCommandParserTest.java",
            "messageBody": "",
            "fileTypesAndContributionMap": {
              "test-code": {
                "insertions": 5,
                "deletions": 1
              }
            }
          },
          {
            "hash": "0a765bb0819da2c81c1fa07375a8fa7bd463921b",
            "messageTitle": "Update EditCommandParserTest.java",
            "messageBody": "",
            "fileTypesAndContributionMap": {
              "test-code": {
                "insertions": 26,
                "deletions": 2
              }
            }
          }
        ]
      },
      {
        "insertions": 84,
        "deletions": 30,
        "date": "2020-04-07",
        "commitResults": [
          {
            "hash": "c1f5981d91ffc5bfe5d7a08697c4133d803f8af0",
            "messageTitle": "Correctly handles and parses recurring transactions",
            "messageBody": "",
            "fileTypesAndContributionMap": {
              "functional-code": {
                "insertions": 66,
                "deletions": 22
              },
              "test-code": {
                "insertions": 13,
                "deletions": 3
              }
            }
          },
          {
            "hash": "3ea1320c53cc969d7c66dd9d9cece9e3f8a33295",
            "messageTitle": "Additional edits to parsing recurring transactions",
            "messageBody": "",
            "fileTypesAndContributionMap": {
              "functional-code": {
                "insertions": 4,
                "deletions": 4
              },
              "test-code": {
                "insertions": 1,
                "deletions": 1
              }
            }
          }
        ]
      },
      {
        "insertions": 431,
        "deletions": 17,
        "date": "2020-04-08",
        "commitResults": [
          {
            "hash": "ab561cd357a0c849488c9e36a7b308d11a7ff0bd",
            "messageTitle": "Set a limit for amounts above one million dollars and names above 44 characters. Also properly handled the errors if the date is after today\u0027s date.",
            "messageBody": "",
            "fileTypesAndContributionMap": {
              "functional-code": {
                "insertions": 42,
                "deletions": 11
              },
              "test-code": {
                "insertions": 12,
                "deletions": 4
              }
            }
          },
          {
            "hash": "de3e81b5f06cb8383ba497ea16240d09a41d4f2e",
            "messageTitle": "Solved the bugs in EditCommandParser \u0026 added test cases for AddCommandParser",
            "messageBody": "",
            "fileTypesAndContributionMap": {
              "functional-code": {
                "insertions": 17,
                "deletions": 0
              },
              "test-code": {
                "insertions": 360,
                "deletions": 2
              }
            }
          }
        ]
      },
      {
        "insertions": 225,
        "deletions": 50,
        "date": "2020-04-09",
        "commitResults": [
          {
            "hash": "e413632e4fdf5bbf6a45a7b47c1df83cc0e50a0f",
            "messageTitle": "Solved all checkstyle errors, added limits for dates, added tests",
            "messageBody": "",
            "fileTypesAndContributionMap": {
              "functional-code": {
                "insertions": 43,
                "deletions": 36
              },
              "test-code": {
                "insertions": 182,
                "deletions": 14
              }
            }
          }
        ]
      },
      {
        "insertions": 163,
        "deletions": 23,
        "date": "2020-04-12",
        "commitResults": [
          {
            "hash": "0727606a5c99ba4162de59c579191b990592edff",
            "messageTitle": "Created new import command to import from CSV files",
            "messageBody": "",
            "fileTypesAndContributionMap": {
              "functional-code": {
                "insertions": 160,
                "deletions": 7
              },
              "test-code": {
                "insertions": 0,
                "deletions": 14
              }
            }
          },
          {
            "hash": "79b32ad2e84b1ccce18a2484042b2044c73ba1bb",
            "messageTitle": "Updated diagrams and text for AddCommand section in Developer Guide",
            "messageBody": "",
            "fileTypesAndContributionMap": {
              "functional-code": {
                "insertions": 3,
                "deletions": 2
              }
            }
          }
        ]
      }
    ],
    "chlalstjr": [
      {
        "insertions": 338,
        "deletions": 331,
        "date": "2020-03-17",
        "commitResults": [
          {
            "hash": "2d679d82c281e81fe5a99d617ac71665607d6d21",
            "messageTitle": "Storage and json files edited",
            "messageBody": "",
            "fileTypesAndContributionMap": {
              "functional-code": {
                "insertions": 286,
                "deletions": 239
              },
              "other": {
                "insertions": 22,
                "deletions": 22
              },
              "test-code": {
                "insertions": 9,
                "deletions": 9
              }
            }
          },
          {
            "hash": "3dc5defda58918f51f5f29be9c2d84209c335837",
            "messageTitle": "All pull conflicts resolved",
            "messageBody": "",
            "fileTypesAndContributionMap": {
              "functional-code": {
                "insertions": 21,
                "deletions": 61
              }
            }
          }
        ]
      },
      {
        "insertions": 695,
        "deletions": 594,
        "date": "2020-03-18",
        "commitResults": [
          {
            "hash": "9d1e7b259a3a4fb8661e27aab1d9751bdc7ac875",
            "messageTitle": "Renamed things + monthlydata test cases done",
            "messageBody": "",
            "fileTypesAndContributionMap": {
              "functional-code": {
                "insertions": 87,
                "deletions": 147
              },
              "other": {
                "insertions": 11,
                "deletions": 11
              },
              "test-code": {
                "insertions": 597,
                "deletions": 436
              }
            }
          }
        ]
      },
      {
        "insertions": 406,
        "deletions": 206,
        "date": "2020-03-19",
        "commitResults": [
          {
            "hash": "e7f68ff2643ffe7584301ada1cbe1efd4d044b4d",
            "messageTitle": "ExpenseLaBuilder, TransactionBuilder edited, MonthlyDataBuilder completed",
            "messageBody": "",
            "fileTypesAndContributionMap": {
              "functional-code": {
                "insertions": 7,
                "deletions": 4
              },
              "other": {
                "insertions": 40,
                "deletions": 12
              },
              "test-code": {
                "insertions": 359,
                "deletions": 190
              }
            }
          }
        ]
      },
      {
        "insertions": 124,
        "deletions": 120,
        "date": "2020-03-24",
        "commitResults": [
          {
            "hash": "9767a5a95a2b0c6836062c5303e114385338905c",
            "messageTitle": "Test Cases fixed",
            "messageBody": "",
            "fileTypesAndContributionMap": {
              "test-code": {
                "insertions": 124,
                "deletions": 120
              }
            }
          }
        ]
      },
      {
        "insertions": 112,
        "deletions": 0,
        "date": "2020-03-29",
        "commitResults": [
          {
            "hash": "db1d5e9012d1e55ddf4842f96e10a92707b15a90",
            "messageTitle": "Created chart Analytics based on category",
            "messageBody": "",
            "fileTypesAndContributionMap": {
              "functional-code": {
                "insertions": 112,
                "deletions": 0
              }
            }
          }
        ]
      },
      {
        "insertions": 221,
        "deletions": 120,
        "date": "2020-03-31",
        "commitResults": [
          {
            "hash": "69a3a176ba8676797da207fe4bca52b65f512324",
            "messageTitle": "Stacked Bar Chart for expenses based on Day",
            "messageBody": "",
            "fileTypesAndContributionMap": {
              "functional-code": {
                "insertions": 81,
                "deletions": 12
              }
            }
          },
          {
            "hash": "b2e1096749684c1705dcf86d025724cb8ea6b13a",
            "messageTitle": "Toggle between transaction list and bar graph by day",
            "messageBody": "",
            "fileTypesAndContributionMap": {
              "functional-code": {
                "insertions": 129,
                "deletions": 35
              },
              "other": {
                "insertions": 11,
                "deletions": 73
              }
            }
          }
        ]
      },
      {
        "insertions": 96,
        "deletions": 6,
        "date": "2020-04-01",
        "commitResults": [
          {
            "hash": "e5ec108f1a58f56409ceda15adbd28e3cda09575",
            "messageTitle": "ToggleCommand and ToggleView test cases done. Build successful",
            "messageBody": "",
            "fileTypesAndContributionMap": {
              "functional-code": {
                "insertions": 28,
                "deletions": 6
              },
              "test-code": {
                "insertions": 68,
                "deletions": 0
              }
            }
          }
        ]
      },
      {
        "insertions": 87,
        "deletions": 6,
        "date": "2020-04-06",
        "commitResults": [
          {
            "hash": "be63f1a9a40dd6361bb3388b9640b1f97913e8ea",
            "messageTitle": "Added range value in ToggleView and isRangMonth method",
            "messageBody": "",
            "fileTypesAndContributionMap": {
              "functional-code": {
                "insertions": 42,
                "deletions": 5
              }
            }
          },
          {
            "hash": "b427f28352c997fe084fa7e8b8799f259ee2bfc3",
            "messageTitle": "Stacked bar chart by month done",
            "messageBody": "",
            "fileTypesAndContributionMap": {
              "functional-code": {
                "insertions": 45,
                "deletions": 1
              }
            }
          }
        ]
      },
      {
        "insertions": 91,
        "deletions": 66,
        "date": "2020-04-07",
        "commitResults": [
          {
            "hash": "6b48919735ac288e11edbb5296682a440f73fbba",
            "messageTitle": "Moved checking if range is month from ToggleView to Filter",
            "messageBody": "",
            "fileTypesAndContributionMap": {
              "functional-code": {
                "insertions": 39,
                "deletions": 60
              },
              "test-code": {
                "insertions": 5,
                "deletions": 0
              }
            }
          },
          {
            "hash": "5fba06f6c60dabb4ae0b04385fc52145df5ec809",
            "messageTitle": "Fixed wrong labels of year in graph by month",
            "messageBody": "",
            "fileTypesAndContributionMap": {
              "functional-code": {
                "insertions": 2,
                "deletions": 2
              }
            }
          },
          {
            "hash": "63876f868e21560cce43a1a4aa953c932f55996a",
            "messageTitle": "Graph by Month no longer stacked",
            "messageBody": "",
            "fileTypesAndContributionMap": {
              "functional-code": {
                "insertions": 45,
                "deletions": 4
              },
              "other": {
                "insertions": 0,
                "deletions": 0
              }
            }
          }
        ]
      },
      {
        "insertions": 368,
        "deletions": 59,
        "date": "2020-04-09",
        "commitResults": [
          {
            "hash": "65a86fcc4d6b66f463ca6926a302317c9872c20d",
            "messageTitle": "Added percentage to pie chart",
            "messageBody": "",
            "fileTypesAndContributionMap": {
              "functional-code": {
                "insertions": 29,
                "deletions": 11
              }
            }
          },
          {
            "hash": "562da585db108f038db1e7926c9d16f6035e03ec",
            "messageTitle": "Added more test cases",
            "messageBody": "",
            "fileTypesAndContributionMap": {
              "test-code": {
                "insertions": 154,
                "deletions": 7
              }
            }
          },
          {
            "hash": "a19bf468cb31091cf27d473c1122efd4552665d2",
            "messageTitle": "Export filtered transacitons to csv done",
            "messageBody": "",
            "fileTypesAndContributionMap": {
              "functional-code": {
                "insertions": 79,
                "deletions": 2
              }
            }
          },
          {
            "hash": "63263018b8a949f1964ba3c451f6dc952cc05043",
            "messageTitle": "Export tests done",
            "messageBody": "",
            "fileTypesAndContributionMap": {
              "functional-code": {
                "insertions": 13,
                "deletions": 9
              },
              "test-code": {
                "insertions": 51,
                "deletions": 0
              }
            }
          },
          {
            "hash": "9d3ec3e3e15ef3daad75a3ad4761e02c745af551",
            "messageTitle": "Changed toggle command to toggleview",
            "messageBody": "",
            "fileTypesAndContributionMap": {
              "functional-code": {
                "insertions": 7,
                "deletions": 7
              },
              "other": {
                "insertions": 7,
                "deletions": 7
              }
            }
          },
          {
            "hash": "caa72b5dca1032d075bc4cdecace865b2bef9993",
            "messageTitle": "Abstracted method in ExportCommand",
            "messageBody": "",
            "fileTypesAndContributionMap": {
              "functional-code": {
                "insertions": 28,
                "deletions": 16
              }
            }
          }
        ]
      }
    ],
    "PangKimJin": [
      {
        "insertions": 15,
        "deletions": 133,
        "date": "2020-03-02",
        "commitResults": [
          {
            "hash": "40159608ac6e264f0819c9960bf5b68ace98c16d",
            "messageTitle": "removed almost all instances of \"Address\".",
            "messageBody": "",
            "fileTypesAndContributionMap": {
              "functional-code": {
                "insertions": 15,
                "deletions": 127
              },
              "test-code": {
                "insertions": 0,
                "deletions": 6
              }
            }
          }
        ]
      },
      {
        "insertions": 59,
        "deletions": 160,
        "date": "2020-03-04",
        "commitResults": [
          {
            "hash": "ca6025d82b47632f5f3a956f35b178d276e6a544",
            "messageTitle": "removed all instances of Address.",
            "messageBody": "",
            "fileTypesAndContributionMap": {
              "functional-code": {
                "insertions": 21,
                "deletions": 10
              },
              "test-code": {
                "insertions": 38,
                "deletions": 150
              }
            }
          }
        ]
      },
      {
        "insertions": 30,
        "deletions": 30,
        "date": "2020-03-16",
        "commitResults": [
          {
            "hash": "5bd908ca1e9d0275f5d094a4aa0c2ba90b0ceee5",
            "messageTitle": "changed all instances of person to transaction in what is now known as TransactionBuilder.java and TypicalTransactions.java.",
            "messageBody": "",
            "fileTypesAndContributionMap": {
              "other": {
                "insertions": 30,
                "deletions": 30
              }
            }
          }
        ]
      },
      {
        "insertions": 128,
        "deletions": 128,
        "date": "2020-03-17",
        "commitResults": [
          {
            "hash": "3c9e5f71ae915665bfab0954d27ab38b19390811",
            "messageTitle": "changed all instances of person to transaction in test folders for all of commons, and logic \u003e commands.",
            "messageBody": "",
            "fileTypesAndContributionMap": {
              "test-code": {
                "insertions": 128,
                "deletions": 128
              }
            }
          }
        ]
      },
      {
        "insertions": 564,
        "deletions": 575,
        "date": "2020-03-18",
        "commitResults": [
          {
            "hash": "1ababbf7ff53a8fa3def06dba2a8515e321ccdb9",
            "messageTitle": "corrected Ben\u0027s mistake in refactoring EditCommand.java and affected dependencies in the test files.",
            "messageBody": "",
            "fileTypesAndContributionMap": {
              "functional-code": {
                "insertions": 19,
                "deletions": 19
              },
              "test-code": {
                "insertions": 536,
                "deletions": 547
              }
            }
          },
          {
            "hash": "58eb12a6cd06268d07eb76db406f51d92cf303ab",
            "messageTitle": "corrected Ben\u0027s refactoring mistake\u0027s affected dependencies in the EditCommandParser.java file.",
            "messageBody": "",
            "fileTypesAndContributionMap": {
              "functional-code": {
                "insertions": 9,
                "deletions": 9
              }
            }
          }
        ]
      },
      {
        "insertions": 97,
        "deletions": 26,
        "date": "2020-03-19",
        "commitResults": [
          {
            "hash": "ed30dd8d10cc4a744986080bbe9d00e6555dd072",
            "messageTitle": "fixed some spelling mistakes in the test cases.",
            "messageBody": "",
            "fileTypesAndContributionMap": {
              "test-code": {
                "insertions": 16,
                "deletions": 15
              }
            }
          },
          {
            "hash": "28df4598a16b9a0740ab36e5e78c73731a373a18",
            "messageTitle": "added and updated tests for Remark, Category, and Amount.",
            "messageBody": "",
            "fileTypesAndContributionMap": {
              "test-code": {
                "insertions": 81,
                "deletions": 11
              }
            }
          }
        ]
      },
      {
        "insertions": 74,
        "deletions": 75,
        "date": "2020-03-20",
        "commitResults": [
          {
            "hash": "129094f790a6c0163651700cec5b2a4aedd0ca18",
            "messageTitle": "fixed merge conflicts with team repo",
            "messageBody": "",
            "fileTypesAndContributionMap": {
              "test-code": {
                "insertions": 72,
                "deletions": 73
              }
            }
          },
          {
            "hash": "04584ec288df4b29bc07016442784712ce2d79ef",
            "messageTitle": "fixed spelling case mistake.",
            "messageBody": "",
            "fileTypesAndContributionMap": {
              "functional-code": {
                "insertions": 1,
                "deletions": 1
              },
              "test-code": {
                "insertions": 1,
                "deletions": 1
              }
            }
          }
        ]
      },
      {
        "insertions": 301,
        "deletions": 64,
        "date": "2020-03-25",
        "commitResults": [
          {
            "hash": "eadf99b44fab61b589c988670aa9023ad47e7195",
            "messageTitle": "implemented filter command by category.",
            "messageBody": "",
            "fileTypesAndContributionMap": {
              "functional-code": {
                "insertions": 267,
                "deletions": 30
              },
              "test-code": {
                "insertions": 34,
                "deletions": 34
              }
            }
          }
        ]
      },
      {
        "insertions": 168,
        "deletions": 126,
        "date": "2020-03-26",
        "commitResults": [
          {
            "hash": "3548452f322068e0b942bbefd4fcbf7723d5ff3a",
            "messageTitle": "created an additional panel for filters.",
            "messageBody": "",
            "fileTypesAndContributionMap": {
              "functional-code": {
                "insertions": 108,
                "deletions": 18
              }
            }
          },
          {
            "hash": "cf1c5c22d98bf7aae633a49664cc9891fc2502eb",
            "messageTitle": "resolved merge conflicts and removed Hubert\u0027s debugging line.",
            "messageBody": "",
            "fileTypesAndContributionMap": {
              "functional-code": {
                "insertions": 6,
                "deletions": 16
              }
            }
          },
          {
            "hash": "74a8b01c7512f340ca7a002f30d56411d083d965",
            "messageTitle": "changed naming convention of unfiltered transaction lists back to filtered transaction lists.",
            "messageBody": "",
            "fileTypesAndContributionMap": {
              "functional-code": {
                "insertions": 19,
                "deletions": 57
              },
              "test-code": {
                "insertions": 34,
                "deletions": 34
              }
            }
          },
          {
            "hash": "b2d7130459e2b247f1eea8fc965f08293c51a81f",
            "messageTitle": "corrected invalid command help message for BudgetCommand.",
            "messageBody": "",
            "fileTypesAndContributionMap": {
              "functional-code": {
                "insertions": 1,
                "deletions": 1
              }
            }
          }
        ]
      },
      {
        "insertions": 53,
        "deletions": 9,
        "date": "2020-03-29",
        "commitResults": [
          {
            "hash": "ae977b4b421c4a7cd58cae804c2401060a39ebe1",
            "messageTitle": "modified FilterPanel to display the name of the category that is being filtered.",
            "messageBody": "",
            "fileTypesAndContributionMap": {
              "functional-code": {
                "insertions": 41,
                "deletions": 8
              }
            }
          },
          {
            "hash": "78e5ee6442fd373d5630e3dd0a415993d7624404",
            "messageTitle": "modified FilterPanel to display both the date and the category that is being filtered.",
            "messageBody": "",
            "fileTypesAndContributionMap": {
              "functional-code": {
                "insertions": 12,
                "deletions": 1
              }
            }
          }
        ]
      },
      {
        "insertions": 151,
        "deletions": 65,
        "date": "2020-03-30",
        "commitResults": [
          {
            "hash": "0c0c2e7f288732e564a190ea1ee006d42985e9f2",
            "messageTitle": "modified Filter command such that the filter now filters using 2 predicates, a category and a date, and the date only sorts by month.",
            "messageBody": "",
            "fileTypesAndContributionMap": {
              "functional-code": {
                "insertions": 36,
                "deletions": 13
              },
              "test-code": {
                "insertions": 7,
                "deletions": 7
              }
            }
          },
          {
            "hash": "b35d732699e96e8534b0a9c6b7d8e80a0b9a7d0a",
            "messageTitle": "set add, find, and list command to reset the filter in expensela.",
            "messageBody": "",
            "fileTypesAndContributionMap": {
              "functional-code": {
                "insertions": 18,
                "deletions": 2
              }
            }
          },
          {
            "hash": "27ce5d4583fb200449689f145d3d551ba8088092",
            "messageTitle": "backing up before implementing 2 arguments in filter command.",
            "messageBody": "",
            "fileTypesAndContributionMap": {
              "functional-code": {
                "insertions": 1,
                "deletions": 1
              }
            }
          },
          {
            "hash": "05d6f2f78ba669fbb9f5f94eac540b07b3b5f828",
            "messageTitle": "implemented support for 2 arguments in filter command, category and date, as well as catered for the case where only 1 such argument is available, which automatically sets the other field to be \"all\".",
            "messageBody": "",
            "fileTypesAndContributionMap": {
              "functional-code": {
                "insertions": 68,
                "deletions": 22
              }
            }
          },
          {
            "hash": "3a2ffeefb4930fd92092d6c7ca80096550eed39a",
            "messageTitle": "changed Filter Command Date prefix to Month prefix.",
            "messageBody": "",
            "fileTypesAndContributionMap": {
              "functional-code": {
                "insertions": 11,
                "deletions": 12
              }
            }
          },
          {
            "hash": "dbfdadfa5133e0e3fe8a8d48dd0259d5a6c320b3",
            "messageTitle": "changed filterPanel to display \"Category: all\" and \"Date: all\" by default, as well as make filterPanel display the filters horizontally.",
            "messageBody": "",
            "fileTypesAndContributionMap": {
              "functional-code": {
                "insertions": 10,
                "deletions": 8
              }
            }
          }
        ]
      },
      {
        "insertions": 161,
        "deletions": 78,
        "date": "2020-03-31",
        "commitResults": [
          {
            "hash": "a9f08e90fa3352dea70706461f9aa79d4e0dd228",
            "messageTitle": "set Filter Panel text to white.",
            "messageBody": "",
            "fileTypesAndContributionMap": {
              "functional-code": {
                "insertions": 4,
                "deletions": 3
              }
            }
          },
          {
            "hash": "fe0351c3f9f02e56b82231178d17bc3d273e244c",
            "messageTitle": "set Filter Panel text to align left for category label and align right for month label.",
            "messageBody": "",
            "fileTypesAndContributionMap": {
              "functional-code": {
                "insertions": 11,
                "deletions": 16
              }
            }
          },
          {
            "hash": "d9e762ceb12a35af8e4c56cde01d02d163a664ce",
            "messageTitle": "created test files for FilterCommand and FilterCommandParser.",
            "messageBody": "",
            "fileTypesAndContributionMap": {
              "functional-code": {
                "insertions": 0,
                "deletions": 10
              },
              "test-code": {
                "insertions": 110,
                "deletions": 0
              }
            }
          },
          {
            "hash": "9a257dae8322063195e50de40641eceeac796d90",
            "messageTitle": "fixed most of the checkstyle issues, barring the \"no newline at end of file\".",
            "messageBody": "",
            "fileTypesAndContributionMap": {
              "functional-code": {
                "insertions": 8,
                "deletions": 35
              },
              "test-code": {
                "insertions": 28,
                "deletions": 14
              }
            }
          }
        ]
      },
      {
        "insertions": 21,
        "deletions": 12,
        "date": "2020-04-01",
        "commitResults": [
          {
            "hash": "f3a69613bbf479304df11feef3669cf47551b25a",
            "messageTitle": "fixed all checkstyle and test errors.",
            "messageBody": "",
            "fileTypesAndContributionMap": {
              "functional-code": {
                "insertions": 10,
                "deletions": 3
              },
              "test-code": {
                "insertions": 10,
                "deletions": 8
              }
            }
          },
          {
            "hash": "91f63d59f2ebf500266cef23b21ddd9f6eefa0e3",
            "messageTitle": "fixed all model newline checkstyle error.",
            "messageBody": "",
            "fileTypesAndContributionMap": {
              "functional-code": {
                "insertions": 1,
                "deletions": 1
              }
            }
          }
        ]
      },
      {
        "insertions": 4,
        "deletions": 6,
        "date": "2020-04-02",
        "commitResults": [
          {
            "hash": "5f0753c32e03908ee1142ae2016091fffbc7e342",
            "messageTitle": "fixed checkstyle errors in FindCommandParserTest and FindCommandTest.",
            "messageBody": "",
            "fileTypesAndContributionMap": {
              "test-code": {
                "insertions": 4,
                "deletions": 2
              }
            }
          },
          {
            "hash": "0e092c36102bb72e644b1697ec295583ee44f830",
            "messageTitle": "fixed formatting in FindCommandTest.",
            "messageBody": "",
            "fileTypesAndContributionMap": {
              "test-code": {
                "insertions": 0,
                "deletions": 4
              }
            }
          }
        ]
      },
      {
        "insertions": 43,
        "deletions": 5,
        "date": "2020-04-04",
        "commitResults": [
          {
            "hash": "34b81dc8bd46f475d2cf48e4dcfba627c9e633ab",
            "messageTitle": "implemented first iteration of pie chart.",
            "messageBody": "",
            "fileTypesAndContributionMap": {
              "functional-code": {
                "insertions": 27,
                "deletions": 1
              }
            }
          },
          {
            "hash": "a6393eb6967f8dd1ee4ffaf3e7f1ace04faf746b",
            "messageTitle": "fixed some checkstyle errors.",
            "messageBody": "",
            "fileTypesAndContributionMap": {
              "functional-code": {
                "insertions": 1,
                "deletions": 3
              }
            }
          },
          {
            "hash": "66d33aa458d6b3bb8b10b7cf9d345aabe3cfe49d",
            "messageTitle": "enabled pie chart items of the same category to be in the same slice.",
            "messageBody": "",
            "fileTypesAndContributionMap": {
              "functional-code": {
                "insertions": 15,
                "deletions": 1
              }
            }
          }
        ]
      },
      {
        "insertions": 172,
        "deletions": 66,
        "date": "2020-04-05",
        "commitResults": [
          {
            "hash": "2123d397cd9dd57b03f3654567085f02a414101d",
            "messageTitle": "after deleting and adding transactions, the filter is still applied.",
            "messageBody": "",
            "fileTypesAndContributionMap": {
              "functional-code": {
                "insertions": 12,
                "deletions": 6
              }
            }
          },
          {
            "hash": "4884934c47f1867f6a82cfb09d4ca3c687af8a16",
            "messageTitle": "set the category filter label to match that of the transaction cards.",
            "messageBody": "",
            "fileTypesAndContributionMap": {
              "functional-code": {
                "insertions": 45,
                "deletions": 26
              },
              "test-code": {
                "insertions": 5,
                "deletions": 5
              }
            }
          },
          {
            "hash": "ae295c2a58f93a98f73b1e8dc2aede6b05a17554",
            "messageTitle": "set the category and date filter label to match that of the transaction cards.",
            "messageBody": "",
            "fileTypesAndContributionMap": {
              "functional-code": {
                "insertions": 88,
                "deletions": 12
              }
            }
          },
          {
            "hash": "4459d6831d5e9ba4aa8ee3f11464cadd9ce1e010",
            "messageTitle": "fixed checkstyle errors.",
            "messageBody": "",
            "fileTypesAndContributionMap": {
              "functional-code": {
                "insertions": 22,
                "deletions": 17
              }
            }
          }
        ]
      },
      {
        "insertions": 121,
        "deletions": 48,
        "date": "2020-04-06",
        "commitResults": [
          {
            "hash": "4fdba9aa1128cc6d5351c26d151a9d61d1b7f5c7",
            "messageTitle": "disallow invalid date or category for filter command.",
            "messageBody": "",
            "fileTypesAndContributionMap": {
              "functional-code": {
                "insertions": 74,
                "deletions": 2
              }
            }
          },
          {
            "hash": "f10df46381469e156a037e3f50b05304d6379dd9",
            "messageTitle": "implemented colour boxes for the entire category and month display for filter.",
            "messageBody": "",
            "fileTypesAndContributionMap": {
              "functional-code": {
                "insertions": 3,
                "deletions": 13
              }
            }
          },
          {
            "hash": "af8a5e15844076f1e74553e3f55399d63ca41e87",
            "messageTitle": "fixed checkstyle errors.",
            "messageBody": "",
            "fileTypesAndContributionMap": {
              "functional-code": {
                "insertions": 41,
                "deletions": 33
              }
            }
          },
          {
            "hash": "fff44e00d9b198b2a25a4e551013b1b027129080",
            "messageTitle": "pie chart no longer displays income.",
            "messageBody": "",
            "fileTypesAndContributionMap": {
              "functional-code": {
                "insertions": 3,
                "deletions": 0
              }
            }
          }
        ]
      },
      {
        "insertions": 3,
        "deletions": 3,
        "date": "2020-04-08",
        "commitResults": [
          {
            "hash": "bff3956a4a8004c7822cd687badc057ffa6637aa",
            "messageTitle": "fixed the filter by month \"ALL\" not working bug.",
            "messageBody": "",
            "fileTypesAndContributionMap": {
              "functional-code": {
                "insertions": 3,
                "deletions": 3
              }
            }
          }
        ]
      },
      {
        "insertions": 525,
        "deletions": 69,
        "date": "2020-04-09",
        "commitResults": [
          {
            "hash": "e842499942fcd21d0277552711453e7374fc6511",
            "messageTitle": "added test cases for FilterCommandParserTest.",
            "messageBody": "",
            "fileTypesAndContributionMap": {
              "test-code": {
                "insertions": 45,
                "deletions": 0
              }
            }
          },
          {
            "hash": "4f83139abb904d7f92233e9d101a12621a01619b",
            "messageTitle": "added test cases for FilterCommandParserTest and FilterCommandTest.",
            "messageBody": "",
            "fileTypesAndContributionMap": {
              "functional-code": {
                "insertions": 2,
                "deletions": 2
              },
              "test-code": {
                "insertions": 98,
                "deletions": 7
              }
            }
          },
          {
            "hash": "970a6af7961bbf0ad1586d1361280fa4f29c2135",
            "messageTitle": "added test cases for FilterCommandParserTest.",
            "messageBody": "",
            "fileTypesAndContributionMap": {
              "test-code": {
                "insertions": 47,
                "deletions": 0
              }
            }
          },
          {
            "hash": "bbc2edfb2300b1d529af156fe7f6c1801d104e27",
            "messageTitle": "improved test cases for FilterCommandParserTest.",
            "messageBody": "",
            "fileTypesAndContributionMap": {
              "test-code": {
                "insertions": 146,
                "deletions": 21
              }
            }
          },
          {
            "hash": "0411d8280c1789802a6fa8dff408ad14b751d2ea",
            "messageTitle": "made test cases for CategoryEqualsKeywordPredicate and DateEqualsKeywordPredicate.",
            "messageBody": "",
            "fileTypesAndContributionMap": {
              "test-code": {
                "insertions": 184,
                "deletions": 36
              }
            }
          },
          {
            "hash": "95f7118cc8a687f4a6d658258c785d4533d3bc52",
            "messageTitle": "fixed error in MessagesTest.",
            "messageBody": "",
            "fileTypesAndContributionMap": {
              "test-code": {
                "insertions": 1,
                "deletions": 1
              }
            }
          },
          {
            "hash": "aa5f96c8adfdc95f937626f8316676843c8b01a6",
            "messageTitle": "added type declaration.",
            "messageBody": "",
            "fileTypesAndContributionMap": {
              "functional-code": {
                "insertions": 2,
                "deletions": 2
              }
            }
          }
        ]
      },
      {
        "insertions": 100,
        "deletions": 87,
        "date": "2020-04-12",
        "commitResults": [
          {
            "hash": "40d31c827349c000d52e6e270b6855ffa7d6a9d9",
            "messageTitle": "changed filter panel to display date month in text form",
            "messageBody": "",
            "fileTypesAndContributionMap": {
              "functional-code": {
                "insertions": 42,
                "deletions": 1
              }
            }
          },
          {
            "hash": "ff1652266ffbf2334f7dd48f8d938a655c600d6a",
            "messageTitle": "added the new logo and screenshots of filter to the developer guide.",
            "messageBody": "",
            "fileTypesAndContributionMap": {
              "functional-code": {
                "insertions": 16,
                "deletions": 42
              }
            }
          },
          {
            "hash": "d0b1b2da2f1a5dac11541fd837c836dfdd59e516",
            "messageTitle": "removed transactions.csv and added tests for CategoryLabelMaker and DateLabelMaker",
            "messageBody": "",
            "fileTypesAndContributionMap": {
              "functional-code": {
                "insertions": 0,
                "deletions": 44
              },
              "test-code": {
                "insertions": 42,
                "deletions": 0
              }
            }
          }
        ]
      },
      {
        "insertions": 8,
        "deletions": 8,
        "date": "2020-04-13",
        "commitResults": [
          {
            "hash": "c592661af01b36756c0c041ac1399e62df686a71",
            "messageTitle": "changed unfilteredTransactions naming to filteredTransactions.",
            "messageBody": "",
            "fileTypesAndContributionMap": {
              "functional-code": {
                "insertions": 8,
                "deletions": 8
              }
            }
          }
        ]
      }
    ]
  },
  "authorFinalContributionMap": {
    "HubertHalim": 3432,
    "BenFheng": 1545,
    "chlalstjr": 1840,
    "PangKimJin": 1521
  },
  "authorFileTypeContributionMap": {
    "HubertHalim": {
      "docs": 0,
      "functional-code": 2382,
      "test-code": 1046,
      "other": 4
    },
    "BenFheng": {
      "docs": 0,
      "functional-code": 777,
      "test-code": 768
    },
    "chlalstjr": {
      "docs": 0,
      "functional-code": 737,
      "test-code": 1103
    },
    "PangKimJin": {
      "docs": 0,
      "functional-code": 611,
      "test-code": 910
    }
  },
  "authorContributionVariance": {
    "HubertHalim": 279981.94,
    "BenFheng": 19581.012,
    "chlalstjr": 43753.047,
    "PangKimJin": 32158.244
  },
  "authorDisplayNameMap": {
    "HubertHalim": "CS2103-T09-3 HUBE..ALIM",
    "BenFheng": "CS2103-T09-3 FHEN..AMIN",
    "chlalstjr": "CS2103-T09-3 CHOI.. SUK",
    "PangKimJin": "CS2103-T09-3 PANG.. JIN"
  }
}
