{
  "authorDailyContributionsMap": {
    "HubertHalim": [
      {
        "insertions": 54,
        "deletions": 1,
        "date": "2020-02-27",
        "commitResults": [
          {
            "hash": "5555370fca36aca779ae95cce4d8b877403ace6e",
            "messageTitle": "added monthly data placeholder",
            "messageBody": "",
            "insertions": 54,
            "deletions": 1
          }
        ]
      },
      {
        "insertions": 1,
        "deletions": 5,
        "date": "2020-03-04",
        "commitResults": [
          {
            "hash": "39dd3dc8b950a1a532f1f0b6f3b543c5bd88f554",
            "messageTitle": "updated websites",
            "messageBody": "",
            "insertions": 0,
            "deletions": 4
          },
          {
            "hash": "748d3e13913837802b93f3c3a0aaeac1f02eac19",
            "messageTitle": "updated developers guide",
            "messageBody": "",
            "insertions": 1,
            "deletions": 1
          }
        ]
      },
      {
        "insertions": 1847,
        "deletions": 2101,
        "date": "2020-03-10",
        "commitResults": [
          {
            "hash": "42fbfeb2ea0c0766b2381b900e53dbb4eaaf4570",
            "messageTitle": "basis for refactoring",
            "messageBody": "",
            "insertions": 1847,
            "deletions": 2101
          }
        ]
      },
      {
        "insertions": 63,
        "deletions": 478,
        "date": "2020-03-11",
        "commitResults": [
          {
            "hash": "d8991ace344a6d9f9dccd695ab788970c292243d",
            "messageTitle": "version 1.1",
            "messageBody": "",
            "insertions": 63,
            "deletions": 478
          }
        ]
      },
      {
        "insertions": 459,
        "deletions": 206,
        "date": "2020-03-16",
        "commitResults": [
          {
            "hash": "1f12aa219369c7eaceb8b76a44f958f963d2d149",
            "messageTitle": "added monthly data",
            "messageBody": "",
            "insertions": 459,
            "deletions": 206
          }
        ]
      },
      {
        "insertions": 73,
        "deletions": 18,
        "date": "2020-03-17",
        "commitResults": [
          {
            "hash": "d675f359ccdce2bab49feb7d1df1841c71dbba64",
            "messageTitle": "updated monthly data",
            "messageBody": "",
            "insertions": 49,
            "deletions": 10
          },
          {
            "hash": "e9d5e437549bcf6994869ee2a0a8371342e0d8d1",
            "messageTitle": "fixed bug on regex",
            "messageBody": "",
            "insertions": 24,
            "deletions": 8
          }
        ]
      },
      {
        "insertions": 48,
        "deletions": 21,
        "date": "2020-03-19",
        "commitResults": [
          {
            "hash": "67b9159717f51ab062d3ecced8d4d4331ee07857",
            "messageTitle": "updated monthly data ui",
            "messageBody": "",
            "insertions": 48,
            "deletions": 21
          }
        ]
      },
      {
        "insertions": 613,
        "deletions": 198,
        "date": "2020-03-24",
        "commitResults": [
          {
            "hash": "9e621c5967eb7028695e36f20ef70f0173dd941e",
            "messageTitle": "fixed checkstyle",
            "messageBody": "",
            "insertions": 209,
            "deletions": 171
          },
          {
            "hash": "f15b1f4c9de1d2cf489029b556f480f0dac8afd8",
            "messageTitle": "added set budget and reset balance command",
            "messageBody": "",
            "insertions": 404,
            "deletions": 27
          }
        ]
      },
      {
        "insertions": 11,
        "deletions": 1,
        "date": "2020-03-25",
        "commitResults": [
          {
            "hash": "e26bec94a3613a2ec40e5c1bbb4de4e6f5da522d",
            "messageTitle": "bug fixes",
            "messageBody": "",
            "insertions": 2,
            "deletions": 0
          },
          {
            "hash": "e4326b27354d77705589472a209dde32fb7042f6",
            "messageTitle": "linked delete transaction to monthly data",
            "messageBody": "",
            "insertions": 9,
            "deletions": 1
          }
        ]
      },
      {
        "insertions": 359,
        "deletions": 222,
        "date": "2020-03-27",
        "commitResults": [
          {
            "hash": "76aa250bff5a9119aa2081704fbb5f18587c10cb",
            "messageTitle": "fixed test cases",
            "messageBody": "",
            "insertions": 359,
            "deletions": 222
          }
        ]
      },
      {
        "insertions": 56,
        "deletions": 3,
        "date": "2020-03-30",
        "commitResults": [
          {
            "hash": "9974be4231de03b249fb891a7cf02f064b206d43",
            "messageTitle": "prototype for cirlce",
            "messageBody": "",
            "insertions": 56,
            "deletions": 3
          }
        ]
      },
      {
        "insertions": 216,
        "deletions": 31,
        "date": "2020-03-31",
        "commitResults": [
          {
            "hash": "11440f4b5c11cd1423cf96dcce09725c0080d23f",
            "messageTitle": "circular budget indicator done",
            "messageBody": "",
            "insertions": 37,
            "deletions": 15
          },
          {
            "hash": "705bc7e665d55237f77be12ca8bdf673aae2adcf",
            "messageTitle": "added test cases for monthly data and budget",
            "messageBody": "",
            "insertions": 179,
            "deletions": 16
          }
        ]
      },
      {
        "insertions": 130,
        "deletions": 51,
        "date": "2020-04-01",
        "commitResults": [
          {
            "hash": "50be6e3a07e6067d72b6198084f119bdff9b93fe",
            "messageTitle": "fixed test cases",
            "messageBody": "",
            "insertions": 130,
            "deletions": 51
          }
        ]
      },
      {
        "insertions": 82,
        "deletions": 69,
        "date": "2020-04-02",
        "commitResults": [
          {
            "hash": "57bb268807cd376d45fdbd8d60836bf57e8ecd2e",
            "messageTitle": "updated user guide",
            "messageBody": "",
            "insertions": 26,
            "deletions": 7
          },
          {
            "hash": "40d3336f39fa99224ab2b379fecf4ee4f5cd1969",
            "messageTitle": "fixed checkstyle error",
            "messageBody": "",
            "insertions": 56,
            "deletions": 62
          }
        ]
      },
      {
        "insertions": 1,
        "deletions": 1,
        "date": "2020-04-03",
        "commitResults": [
          {
            "hash": "4b4b88804d928f35fb2398941a77e5ac95ce3bda",
            "messageTitle": "fixed gradle",
            "messageBody": "",
            "insertions": 1,
            "deletions": 1
          }
        ]
      },
      {
        "insertions": 634,
        "deletions": 91,
        "date": "2020-04-05",
        "commitResults": [
          {
            "hash": "66c38b5b20a0b81336460ec3132015f4b2c31d11",
            "messageTitle": "refactor out global data and groundworks for recurring transactions and budget",
            "messageBody": "",
            "insertions": 630,
            "deletions": 90
          },
          {
            "hash": "2d8448e57ce1d76babf02f2d92da650d9ee6c45b",
            "messageTitle": "fixed test case bugs",
            "messageBody": "",
            "insertions": 4,
            "deletions": 1
          }
        ]
      },
      {
        "insertions": 111,
        "deletions": 29,
        "date": "2020-04-06",
        "commitResults": [
          {
            "hash": "229c26c11e7e4fcae150fc074103de02bab1f772",
            "messageTitle": "fixed transaction amount bug",
            "messageBody": "",
            "insertions": 69,
            "deletions": 21
          },
          {
            "hash": "caa097994d6fc24c1b2a4b37737b20a84e99ea03",
            "messageTitle": "modifying previous months transaction no longer affect monthly data",
            "messageBody": "",
            "insertions": 42,
            "deletions": 8
          }
        ]
      },
      {
        "insertions": 25,
        "deletions": 20,
        "date": "2020-04-07",
        "commitResults": [
          {
            "hash": "8e67d4f9aa50c616c8c823d4a1acb57f7b8ce57d",
            "messageTitle": "make recurring budget non null",
            "messageBody": "",
            "insertions": 25,
            "deletions": 20
          }
        ]
      }
    ],
    "BenFheng": [
      {
        "insertions": 306,
        "deletions": 264,
        "date": "2020-03-15",
        "commitResults": [
          {
            "hash": "de28bf8270186814d80538003f49b77efea931f2",
            "messageTitle": "Added remarks and edited Amount and Transactions code",
            "messageBody": "",
            "insertions": 87,
            "deletions": 45
          },
          {
            "hash": "c618cd6720d178c8c88c6fe95fb102178b09ab9e",
            "messageTitle": "Edited remarks further",
            "messageBody": "",
            "insertions": 219,
            "deletions": 219
          }
        ]
      },
      {
        "insertions": 151,
        "deletions": 41,
        "date": "2020-03-16",
        "commitResults": [
          {
            "hash": "109467b397f720338ddc86fe86c932b598a3a7a9",
            "messageTitle": "Right after creating Category class",
            "messageBody": "",
            "insertions": 63,
            "deletions": 36
          },
          {
            "hash": "4297c97573f80d60ba08bac668a5c86b0217fae8",
            "messageTitle": "Right before deleting stuff from CliSyntax",
            "messageBody": "",
            "insertions": 88,
            "deletions": 5
          }
        ]
      },
      {
        "insertions": 387,
        "deletions": 364,
        "date": "2020-03-17",
        "commitResults": [
          {
            "hash": "28a4af2cafc050947f0e7e6ec67cd87c7f71ff5a",
            "messageTitle": "Large refactoring, compile error for validation now",
            "messageBody": "",
            "insertions": 373,
            "deletions": 353
          },
          {
            "hash": "4f7ed86f3f000e3583795410bf489bbd4a81d87e",
            "messageTitle": "Attempt at first demo, commented out a few lines of testing code",
            "messageBody": "",
            "insertions": 12,
            "deletions": 11
          },
          {
            "hash": "dbf6e4ba51ef3bfe5d11f009e07073ad3ad3c0da",
            "messageTitle": "Solved the fxml problem, demo now available!",
            "messageBody": "",
            "insertions": 2,
            "deletions": 0
          }
        ]
      },
      {
        "insertions": 29,
        "deletions": 21,
        "date": "2020-03-25",
        "commitResults": [
          {
            "hash": "b83078b18628b74d7b7376aa9064787e7a00d777",
            "messageTitle": "Separated the difference between income and expenses. Expenses are reflected as negative value transactions and the income is reflected as positive value transactions, with a difference of i/ in the input.",
            "messageBody": "",
            "insertions": 29,
            "deletions": 21
          }
        ]
      },
      {
        "insertions": 55,
        "deletions": 27,
        "date": "2020-03-30",
        "commitResults": [
          {
            "hash": "5859ec1985e7530867ad774e1de2e26fda9170f8",
            "messageTitle": "Edited UI for transactionList, added invalid messages for remaining commands",
            "messageBody": "",
            "insertions": 55,
            "deletions": 27
          }
        ]
      },
      {
        "insertions": 158,
        "deletions": 40,
        "date": "2020-03-31",
        "commitResults": [
          {
            "hash": "8f1d77309bc616f84f43f80819461b161098a565",
            "messageTitle": "CSS edits",
            "messageBody": "",
            "insertions": 2,
            "deletions": 1
          },
          {
            "hash": "e302e22dc0aeab199997b1e964c443e5669aab70",
            "messageTitle": "Changed CSS colours, making remarks and categories optional next",
            "messageBody": "",
            "insertions": 17,
            "deletions": 6
          },
          {
            "hash": "050acb1364b03c898e5afe00b0f7859c05e6e8e6",
            "messageTitle": "Edited UI and changed category into coloured labels",
            "messageBody": "",
            "insertions": 130,
            "deletions": 25
          },
          {
            "hash": "e1152bd11ac625da7b6d6fe67620ec21442103d4",
            "messageTitle": "Most updated UI",
            "messageBody": "",
            "insertions": 9,
            "deletions": 8
          }
        ]
      },
      {
        "insertions": 92,
        "deletions": 84,
        "date": "2020-04-02",
        "commitResults": [
          {
            "hash": "078a99ab1256953fce53ffb8531e6ab621baee5e",
            "messageTitle": "Resolved test cases",
            "messageBody": "",
            "insertions": 35,
            "deletions": 79
          },
          {
            "hash": "1939d19b33243b050f197510e1c32294f1de780f",
            "messageTitle": "Update AddCommand.java",
            "messageBody": "",
            "insertions": 5,
            "deletions": 1
          },
          {
            "hash": "48048bf02ac714dcf82ecb05aa3000996309d5f8",
            "messageTitle": "Removed Clisyntax *",
            "messageBody": "",
            "insertions": 1,
            "deletions": 0
          },
          {
            "hash": "034ded21f41bf92270d57907bb4977f4096cfd31",
            "messageTitle": "Update AddCommandParserTest.java",
            "messageBody": "",
            "insertions": 20,
            "deletions": 1
          },
          {
            "hash": "a680ab66852d353d0689ac906852ac68da883613",
            "messageTitle": "Update AddCommandParserTest.java",
            "messageBody": "",
            "insertions": 5,
            "deletions": 1
          },
          {
            "hash": "0a765bb0819da2c81c1fa07375a8fa7bd463921b",
            "messageTitle": "Update EditCommandParserTest.java",
            "messageBody": "",
            "insertions": 26,
            "deletions": 2
          }
        ]
      },
      {
        "insertions": 84,
        "deletions": 30,
        "date": "2020-04-07",
        "commitResults": [
          {
            "hash": "c1f5981d91ffc5bfe5d7a08697c4133d803f8af0",
            "messageTitle": "Correctly handles and parses recurring transactions",
            "messageBody": "",
            "insertions": 79,
            "deletions": 25
          },
          {
            "hash": "3ea1320c53cc969d7c66dd9d9cece9e3f8a33295",
            "messageTitle": "Additional edits to parsing recurring transactions",
            "messageBody": "",
            "insertions": 5,
            "deletions": 5
          }
        ]
      },
      {
        "insertions": 431,
        "deletions": 17,
        "date": "2020-04-08",
        "commitResults": [
          {
            "hash": "ab561cd357a0c849488c9e36a7b308d11a7ff0bd",
            "messageTitle": "Set a limit for amounts above one million dollars and names above 44 characters. Also properly handled the errors if the date is after today\u0027s date.",
            "messageBody": "",
            "insertions": 54,
            "deletions": 15
          },
          {
            "hash": "de3e81b5f06cb8383ba497ea16240d09a41d4f2e",
            "messageTitle": "Solved the bugs in EditCommandParser \u0026 added test cases for AddCommandParser",
            "messageBody": "",
            "insertions": 377,
            "deletions": 2
          }
        ]
      }
    ],
    "chlalstjr": [
      {
        "insertions": 112,
        "deletions": 0,
        "date": "2020-03-29",
        "commitResults": [
          {
            "hash": "db1d5e9012d1e55ddf4842f96e10a92707b15a90",
            "messageTitle": "Created chart Analytics based on category",
            "messageBody": "",
            "insertions": 112,
            "deletions": 0
          }
        ]
      },
      {
        "insertions": 87,
        "deletions": 6,
        "date": "2020-04-06",
        "commitResults": [
          {
            "hash": "be63f1a9a40dd6361bb3388b9640b1f97913e8ea",
            "messageTitle": "Added range value in ToggleView and isRangMonth method",
            "messageBody": "",
            "insertions": 42,
            "deletions": 5
          },
          {
            "hash": "b427f28352c997fe084fa7e8b8799f259ee2bfc3",
            "messageTitle": "Stacked bar chart by month done",
            "messageBody": "",
            "insertions": 45,
            "deletions": 1
          }
        ]
      },
      {
        "insertions": 91,
        "deletions": 66,
        "date": "2020-04-07",
        "commitResults": [
          {
            "hash": "6b48919735ac288e11edbb5296682a440f73fbba",
            "messageTitle": "Moved checking if range is month from ToggleView to Filter",
            "messageBody": "",
            "insertions": 44,
            "deletions": 60
          },
          {
            "hash": "5fba06f6c60dabb4ae0b04385fc52145df5ec809",
            "messageTitle": "Fixed wrong labels of year in graph by month",
            "messageBody": "",
            "insertions": 2,
            "deletions": 2
          },
          {
            "hash": "63876f868e21560cce43a1a4aa953c932f55996a",
            "messageTitle": "Graph by Month no longer stacked",
            "messageBody": "",
            "insertions": 45,
            "deletions": 4
          }
        ]
      }
    ],
    "PangKimJin": [
      {
        "insertions": 15,
        "deletions": 133,
        "date": "2020-03-02",
        "commitResults": [
          {
            "hash": "40159608ac6e264f0819c9960bf5b68ace98c16d",
            "messageTitle": "removed almost all instances of \"Address\".",
            "messageBody": "",
            "insertions": 15,
            "deletions": 133
          }
        ]
      },
      {
        "insertions": 59,
        "deletions": 160,
        "date": "2020-03-04",
        "commitResults": [
          {
            "hash": "ca6025d82b47632f5f3a956f35b178d276e6a544",
            "messageTitle": "removed all instances of Address.",
            "messageBody": "",
            "insertions": 59,
            "deletions": 160
          }
        ]
      },
      {
        "insertions": 30,
        "deletions": 30,
        "date": "2020-03-16",
        "commitResults": [
          {
            "hash": "5bd908ca1e9d0275f5d094a4aa0c2ba90b0ceee5",
            "messageTitle": "changed all instances of person to transaction in what is now known as TransactionBuilder.java and TypicalTransactions.java.",
            "messageBody": "",
            "insertions": 30,
            "deletions": 30
          }
        ]
      },
      {
        "insertions": 128,
        "deletions": 128,
        "date": "2020-03-17",
        "commitResults": [
          {
            "hash": "3c9e5f71ae915665bfab0954d27ab38b19390811",
            "messageTitle": "changed all instances of person to transaction in test folders for all of commons, and logic \u003e commands.",
            "messageBody": "",
            "insertions": 128,
            "deletions": 128
          }
        ]
      },
      {
        "insertions": 564,
        "deletions": 575,
        "date": "2020-03-18",
        "commitResults": [
          {
            "hash": "1ababbf7ff53a8fa3def06dba2a8515e321ccdb9",
            "messageTitle": "corrected Ben\u0027s mistake in refactoring EditCommand.java and affected dependencies in the test files.",
            "messageBody": "",
            "insertions": 555,
            "deletions": 566
          },
          {
            "hash": "58eb12a6cd06268d07eb76db406f51d92cf303ab",
            "messageTitle": "corrected Ben\u0027s refactoring mistake\u0027s affected dependencies in the EditCommandParser.java file.",
            "messageBody": "",
            "insertions": 9,
            "deletions": 9
          }
        ]
      },
      {
        "insertions": 97,
        "deletions": 26,
        "date": "2020-03-19",
        "commitResults": [
          {
            "hash": "ed30dd8d10cc4a744986080bbe9d00e6555dd072",
            "messageTitle": "fixed some spelling mistakes in the test cases.",
            "messageBody": "",
            "insertions": 16,
            "deletions": 15
          },
          {
            "hash": "28df4598a16b9a0740ab36e5e78c73731a373a18",
            "messageTitle": "added and updated tests for Remark, Category, and Amount.",
            "messageBody": "",
            "insertions": 81,
            "deletions": 11
          }
        ]
      },
      {
        "insertions": 74,
        "deletions": 75,
        "date": "2020-03-20",
        "commitResults": [
          {
            "hash": "129094f790a6c0163651700cec5b2a4aedd0ca18",
            "messageTitle": "fixed merge conflicts with team repo",
            "messageBody": "",
            "insertions": 72,
            "deletions": 73
          },
          {
            "hash": "04584ec288df4b29bc07016442784712ce2d79ef",
            "messageTitle": "fixed spelling case mistake.",
            "messageBody": "",
            "insertions": 2,
            "deletions": 2
          }
        ]
      },
      {
        "insertions": 301,
        "deletions": 64,
        "date": "2020-03-25",
        "commitResults": [
          {
            "hash": "eadf99b44fab61b589c988670aa9023ad47e7195",
            "messageTitle": "implemented filter command by category.",
            "messageBody": "",
            "insertions": 301,
            "deletions": 64
          }
        ]
      },
      {
        "insertions": 168,
        "deletions": 126,
        "date": "2020-03-26",
        "commitResults": [
          {
            "hash": "3548452f322068e0b942bbefd4fcbf7723d5ff3a",
            "messageTitle": "created an additional panel for filters.",
            "messageBody": "",
            "insertions": 108,
            "deletions": 18
          },
          {
            "hash": "cf1c5c22d98bf7aae633a49664cc9891fc2502eb",
            "messageTitle": "resolved merge conflicts and removed Hubert\u0027s debugging line.",
            "messageBody": "",
            "insertions": 6,
            "deletions": 16
          },
          {
            "hash": "74a8b01c7512f340ca7a002f30d56411d083d965",
            "messageTitle": "changed naming convention of unfiltered transaction lists back to filtered transaction lists.",
            "messageBody": "",
            "insertions": 53,
            "deletions": 91
          },
          {
            "hash": "b2d7130459e2b247f1eea8fc965f08293c51a81f",
            "messageTitle": "corrected invalid command help message for BudgetCommand.",
            "messageBody": "",
            "insertions": 1,
            "deletions": 1
          }
        ]
      },
      {
        "insertions": 53,
        "deletions": 9,
        "date": "2020-03-29",
        "commitResults": [
          {
            "hash": "ae977b4b421c4a7cd58cae804c2401060a39ebe1",
            "messageTitle": "modified FilterPanel to display the name of the category that is being filtered.",
            "messageBody": "",
            "insertions": 41,
            "deletions": 8
          },
          {
            "hash": "78e5ee6442fd373d5630e3dd0a415993d7624404",
            "messageTitle": "modified FilterPanel to display both the date and the category that is being filtered.",
            "messageBody": "",
            "insertions": 12,
            "deletions": 1
          }
        ]
      },
      {
        "insertions": 151,
        "deletions": 65,
        "date": "2020-03-30",
        "commitResults": [
          {
            "hash": "0c0c2e7f288732e564a190ea1ee006d42985e9f2",
            "messageTitle": "modified Filter command such that the filter now filters using 2 predicates, a category and a date, and the date only sorts by month.",
            "messageBody": "",
            "insertions": 43,
            "deletions": 20
          },
          {
            "hash": "b35d732699e96e8534b0a9c6b7d8e80a0b9a7d0a",
            "messageTitle": "set add, find, and list command to reset the filter in expensela.",
            "messageBody": "",
            "insertions": 18,
            "deletions": 2
          },
          {
            "hash": "27ce5d4583fb200449689f145d3d551ba8088092",
            "messageTitle": "backing up before implementing 2 arguments in filter command.",
            "messageBody": "",
            "insertions": 1,
            "deletions": 1
          },
          {
            "hash": "05d6f2f78ba669fbb9f5f94eac540b07b3b5f828",
            "messageTitle": "implemented support for 2 arguments in filter command, category and date, as well as catered for the case where only 1 such argument is available, which automatically sets the other field to be \"all\".",
            "messageBody": "",
            "insertions": 68,
            "deletions": 22
          },
          {
            "hash": "3a2ffeefb4930fd92092d6c7ca80096550eed39a",
            "messageTitle": "changed Filter Command Date prefix to Month prefix.",
            "messageBody": "",
            "insertions": 11,
            "deletions": 12
          },
          {
            "hash": "dbfdadfa5133e0e3fe8a8d48dd0259d5a6c320b3",
            "messageTitle": "changed filterPanel to display \"Category: all\" and \"Date: all\" by default, as well as make filterPanel display the filters horizontally.",
            "messageBody": "",
            "insertions": 10,
            "deletions": 8
          }
        ]
      },
      {
        "insertions": 161,
        "deletions": 78,
        "date": "2020-03-31",
        "commitResults": [
          {
            "hash": "a9f08e90fa3352dea70706461f9aa79d4e0dd228",
            "messageTitle": "set Filter Panel text to white.",
            "messageBody": "",
            "insertions": 4,
            "deletions": 3
          },
          {
            "hash": "fe0351c3f9f02e56b82231178d17bc3d273e244c",
            "messageTitle": "set Filter Panel text to align left for category label and align right for month label.",
            "messageBody": "",
            "insertions": 11,
            "deletions": 16
          },
          {
            "hash": "d9e762ceb12a35af8e4c56cde01d02d163a664ce",
            "messageTitle": "created test files for FilterCommand and FilterCommandParser.",
            "messageBody": "",
            "insertions": 110,
            "deletions": 10
          },
          {
            "hash": "9a257dae8322063195e50de40641eceeac796d90",
            "messageTitle": "fixed most of the checkstyle issues, barring the \"no newline at end of file\".",
            "messageBody": "",
            "insertions": 36,
            "deletions": 49
          }
        ]
      },
      {
        "insertions": 21,
        "deletions": 12,
        "date": "2020-04-01",
        "commitResults": [
          {
            "hash": "f3a69613bbf479304df11feef3669cf47551b25a",
            "messageTitle": "fixed all checkstyle and test errors.",
            "messageBody": "",
            "insertions": 20,
            "deletions": 11
          },
          {
            "hash": "91f63d59f2ebf500266cef23b21ddd9f6eefa0e3",
            "messageTitle": "fixed all model newline checkstyle error.",
            "messageBody": "",
            "insertions": 1,
            "deletions": 1
          }
        ]
      },
      {
        "insertions": 4,
        "deletions": 6,
        "date": "2020-04-02",
        "commitResults": [
          {
            "hash": "5f0753c32e03908ee1142ae2016091fffbc7e342",
            "messageTitle": "fixed checkstyle errors in FindCommandParserTest and FindCommandTest.",
            "messageBody": "",
            "insertions": 4,
            "deletions": 2
          },
          {
            "hash": "0e092c36102bb72e644b1697ec295583ee44f830",
            "messageTitle": "fixed formatting in FindCommandTest.",
            "messageBody": "",
            "insertions": 0,
            "deletions": 4
          }
        ]
      },
      {
        "insertions": 43,
        "deletions": 5,
        "date": "2020-04-04",
        "commitResults": [
          {
            "hash": "34b81dc8bd46f475d2cf48e4dcfba627c9e633ab",
            "messageTitle": "implemented first iteration of pie chart.",
            "messageBody": "",
            "insertions": 27,
            "deletions": 1
          },
          {
            "hash": "a6393eb6967f8dd1ee4ffaf3e7f1ace04faf746b",
            "messageTitle": "fixed some checkstyle errors.",
            "messageBody": "",
            "insertions": 1,
            "deletions": 3
          },
          {
            "hash": "66d33aa458d6b3bb8b10b7cf9d345aabe3cfe49d",
            "messageTitle": "enabled pie chart items of the same category to be in the same slice.",
            "messageBody": "",
            "insertions": 15,
            "deletions": 1
          }
        ]
      },
      {
        "insertions": 172,
        "deletions": 66,
        "date": "2020-04-05",
        "commitResults": [
          {
            "hash": "2123d397cd9dd57b03f3654567085f02a414101d",
            "messageTitle": "after deleting and adding transactions, the filter is still applied.",
            "messageBody": "",
            "insertions": 12,
            "deletions": 6
          },
          {
            "hash": "4884934c47f1867f6a82cfb09d4ca3c687af8a16",
            "messageTitle": "set the category filter label to match that of the transaction cards.",
            "messageBody": "",
            "insertions": 50,
            "deletions": 31
          },
          {
            "hash": "ae295c2a58f93a98f73b1e8dc2aede6b05a17554",
            "messageTitle": "set the category and date filter label to match that of the transaction cards.",
            "messageBody": "",
            "insertions": 88,
            "deletions": 12
          },
          {
            "hash": "4459d6831d5e9ba4aa8ee3f11464cadd9ce1e010",
            "messageTitle": "fixed checkstyle errors.",
            "messageBody": "",
            "insertions": 22,
            "deletions": 17
          }
        ]
      },
      {
        "insertions": 121,
        "deletions": 48,
        "date": "2020-04-06",
        "commitResults": [
          {
            "hash": "4fdba9aa1128cc6d5351c26d151a9d61d1b7f5c7",
            "messageTitle": "disallow invalid date or category for filter command.",
            "messageBody": "",
            "insertions": 74,
            "deletions": 2
          },
          {
            "hash": "f10df46381469e156a037e3f50b05304d6379dd9",
            "messageTitle": "implemented colour boxes for the entire category and month display for filter.",
            "messageBody": "",
            "insertions": 3,
            "deletions": 13
          },
          {
            "hash": "af8a5e15844076f1e74553e3f55399d63ca41e87",
            "messageTitle": "fixed checkstyle errors.",
            "messageBody": "",
            "insertions": 41,
            "deletions": 33
          },
          {
            "hash": "fff44e00d9b198b2a25a4e551013b1b027129080",
            "messageTitle": "pie chart no longer displays income.",
            "messageBody": "",
            "insertions": 3,
            "deletions": 0
          }
        ]
      }
    ]
  },
  "authorFinalContributionMap": {
    "HubertHalim": 3174,
    "BenFheng": 1207,
    "chlalstjr": 1519,
    "PangKimJin": 1077
  },
  "authorFileTypeContributionMap": {
    "HubertHalim": {
      "docs": 0,
      "functional-code": 2157,
      "test-code": 1013,
      "other": 4
    },
    "BenFheng": {
      "docs": 0,
      "functional-code": 615,
      "test-code": 592
    },
    "chlalstjr": {
      "docs": 0,
      "functional-code": 613,
      "test-code": 906
    },
    "PangKimJin": {
      "docs": 0,
      "functional-code": 664,
      "test-code": 413
    }
  },
  "authorContributionVariance": {
    "HubertHalim": 304347.88,
    "BenFheng": 19959.092,
    "chlalstjr": 790.1706,
    "PangKimJin": 29663.453
  },
  "authorDisplayNameMap": {
    "HubertHalim": "CS2103-T09-3 HUBE..ALIM",
    "BenFheng": "CS2103-T09-3 FHEN..AMIN",
    "chlalstjr": "CS2103-T09-3 CHOI.. SUK",
    "PangKimJin": "CS2103-T09-3 PANG.. JIN"
  }
}
