{
  "authorDailyContributionsMap": {
    "vuhieunguyen": [
      {
        "insertions": 253,
        "deletions": 33,
        "date": "2020-03-18",
        "commitResults": [
          {
            "hash": "91311fac60bf08e55f4b575c9a2a5189f8977812",
            "messageTitle": "Added methods in Activity class",
            "messageBody": "",
            "insertions": 36,
            "deletions": 2
          },
          {
            "hash": "be3247e46cf3e2df58df6c09f518c988b5ad04cb",
            "messageTitle": "Added EOF",
            "messageBody": "",
            "insertions": 1,
            "deletions": 1
          },
          {
            "hash": "b1901a9d3968c26425da7e22a59fa4a905dd49fb",
            "messageTitle": "Made changes to the Activity model and added the Delete command",
            "messageBody": "",
            "insertions": 215,
            "deletions": 28
          },
          {
            "hash": "1ef46bfe79b818614cf3617a875227ef80c04f9e",
            "messageTitle": "Modified the code to adhere to checkstyle",
            "messageBody": "",
            "insertions": 1,
            "deletions": 2
          }
        ]
      },
      {
        "insertions": 394,
        "deletions": 75,
        "date": "2020-03-26",
        "commitResults": [
          {
            "hash": "cb6b3a5fa23860b198674ebeb125747ddecef416",
            "messageTitle": "Implemented Edit Command for Itinerary",
            "messageBody": "",
            "insertions": 386,
            "deletions": 42
          },
          {
            "hash": "0b9fcd8c35cc5cb74f9e144b982926eb02242689",
            "messageTitle": "Fixed the AM/PM bug with localTime",
            "messageBody": "",
            "insertions": 8,
            "deletions": 11
          },
          {
            "hash": "ae091a4f646edd4d3586110d9bffdadc7b68a1b0",
            "messageTitle": "Modified code to adhere to Codacy",
            "messageBody": "",
            "insertions": 0,
            "deletions": 22
          }
        ]
      },
      {
        "insertions": 863,
        "deletions": 27,
        "date": "2020-04-02",
        "commitResults": [
          {
            "hash": "7bb0bd1c5cc82f2ee3c1bacbfb8c01bed7bcfc35",
            "messageTitle": "Added Find command for Itinerary Title",
            "messageBody": "",
            "insertions": 136,
            "deletions": 2
          },
          {
            "hash": "815c071aa191c13543bee46441baf92ca4832d03",
            "messageTitle": "Implemented Find command for Itinerary with multiple fields",
            "messageBody": "",
            "insertions": 307,
            "deletions": 23
          },
          {
            "hash": "f510f03c1a2ef894d04c9e16fdf9f2e3e40407d5",
            "messageTitle": "Implement FindCommand for Itinerary (#174)",
            "messageBody": "* Added Find command for Itinerary Title\r\n\r\n* Implemented Find command for Itinerary with multiple fields",
            "insertions": 420,
            "deletions": 2
          }
        ]
      },
      {
        "insertions": 359,
        "deletions": 370,
        "date": "2020-04-09",
        "commitResults": [
          {
            "hash": "53c96fa3a577ca6e3e2b8d188dcbf087c2bcb418",
            "messageTitle": "Refractor the code for JUnit testing. Added basic tests for Trip feature (#234)",
            "messageBody": "Merging despite codacy fail",
            "insertions": 359,
            "deletions": 370
          }
        ]
      },
      {
        "insertions": 828,
        "deletions": 37,
        "date": "2020-04-11",
        "commitResults": [
          {
            "hash": "a1a84ccf7a15430f63afca0ca63df619c4eb22cb",
            "messageTitle": "Added JUnit tests for most of Itinerary\u0027s Commands (#245)",
            "messageBody": "* Refractor the code for JUnit testing. Added basic tests for Trip feature\r\n\r\n* Added JUnit tests for most of Itinerary\u0027s Commands\r\n\r\n* Fixed test to pass Travis\r\n\r\n* Fixed code to pass Travis\r\n\r\n* Fixed import to pass Travis\r\n\r\n* Fixed code to pass Travis\r\n\r\n* Fixed code to pass Travis",
            "insertions": 828,
            "deletions": 37
          }
        ]
      }
    ],
    "raniceyue": [
      {
        "insertions": 3487,
        "deletions": 3114,
        "date": "2020-03-13",
        "commitResults": [
          {
            "hash": "ac0f75d16502ca3a682a13c85a8e5d1e57fe990c",
            "messageTitle": "Update AddressBook",
            "messageBody": "Refactor and remove all references to address book\nImplement `goto` command to access trips\nAdd JavaFX files for trip page panel",
            "insertions": 3487,
            "deletions": 3114
          }
        ]
      },
      {
        "insertions": 4188,
        "deletions": 2335,
        "date": "2020-03-15",
        "commitResults": [
          {
            "hash": "3a56a4beaebdf9a13ea126feec002abae56d9d83",
            "messageTitle": "Add navigation commands",
            "messageBody": "Add goto TRIP command\nAdd goto TRIP_FEATURE command\nAdd back command\nClean up code\nModify JUnit tests\nRemove tutorial files\n\n\nFix .fxml checkstyle errors\n\n",
            "insertions": 4188,
            "deletions": 2335
          }
        ]
      },
      {
        "insertions": 159,
        "deletions": 52,
        "date": "2020-03-16",
        "commitResults": [
          {
            "hash": "51a11286249ca6ba23762418069ca7faab1a6009",
            "messageTitle": "Fix delete trip command bug",
            "messageBody": "Re-organise project files\nCreated Json files",
            "insertions": 159,
            "deletions": 52
          }
        ]
      },
      {
        "insertions": 10,
        "deletions": 13,
        "date": "2020-03-27",
        "commitResults": [
          {
            "hash": "ca774fd8ce20ffe13da48f466a02b04f80318354",
            "messageTitle": "Update UserGuide.adoc",
            "messageBody": "Update website to remove SE EDU references\n",
            "insertions": 2,
            "deletions": 3
          },
          {
            "hash": "74721065fed903ca09f6c0d2d19a25bead4e8a4e",
            "messageTitle": "Update DeveloperGuide.adoc",
            "messageBody": "",
            "insertions": 5,
            "deletions": 8
          },
          {
            "hash": "458d1bb626471deda3b53d9b2cb23b5a6e60ff49",
            "messageTitle": "Fix build error",
            "messageBody": "",
            "insertions": 3,
            "deletions": 2
          }
        ]
      },
      {
        "insertions": 433,
        "deletions": 164,
        "date": "2020-04-01",
        "commitResults": [
          {
            "hash": "1dcf7fa11341c2062d9d86e9c91a01f1816fc7ca",
            "messageTitle": "Update JournalEntryCard.fxml",
            "messageBody": "Updated JournalEntryCard.fxml\nImplement automatic for trip list\nFix build errors\n\n",
            "insertions": 122,
            "deletions": 52
          },
          {
            "hash": "0e1da776c6e4e511e2f549fdb1714dc1c755ee3a",
            "messageTitle": "Implement sorting of HOME page",
            "messageBody": "",
            "insertions": 154,
            "deletions": 27
          },
          {
            "hash": "7790147c5fe673fac26295d8c3bc9b933aceabe9",
            "messageTitle": "Add HomeCommand",
            "messageBody": "Fix find command bug",
            "insertions": 157,
            "deletions": 85
          }
        ]
      },
      {
        "insertions": 59,
        "deletions": 116,
        "date": "2020-04-02",
        "commitResults": [
          {
            "hash": "bdf9ad6fd49cbfa3c9bcc3302ce018ed990da5e7",
            "messageTitle": "Fix bugs from PR #165 (#171)",
            "messageBody": "",
            "insertions": 39,
            "deletions": 98
          },
          {
            "hash": "e8cef5c5be1be20f681c523f566b5ac0318e8321",
            "messageTitle": "Fix missing exception for goto command on trip page (#172)",
            "messageBody": "* Fix bugs from PR #165\r\n\r\n* Update SampleDataUtil.java\r\n\r\n\r\nFix bug for missing invalid goto command exception on the Trip page",
            "insertions": 7,
            "deletions": 7
          },
          {
            "hash": "9417b49d2c8f144f5e8168558ab56e398185241a",
            "messageTitle": "Update command feedback messages (#179)",
            "messageBody": "* Fix bugs from PR #165\r\n\r\n* Update SampleDataUtil.java\r\n\r\n\r\nFix bug for missing invalid goto command exception on the Trip page\r\n\r\n* Fix command feedback messages",
            "insertions": 13,
            "deletions": 11
          }
        ]
      },
      {
        "insertions": 303,
        "deletions": 158,
        "date": "2020-04-04",
        "commitResults": [
          {
            "hash": "0bf87097fd85046c1b08b738b2cc59d5979458f1",
            "messageTitle": "Standardize prefix for ACTIVITY_TITLE (#220)",
            "messageBody": "",
            "insertions": 5,
            "deletions": 5
          },
          {
            "hash": "801950b3786788b5aa72ab219f181b74cba35c97",
            "messageTitle": "Fix result display bugs (#221)",
            "messageBody": "* Fix bugs from PR #165\r\n\r\n* Update SampleDataUtil.java\r\n\r\n\r\nFix bug for missing invalid goto command exception on the Trip page\r\n\r\n* Fix command feedback messages\r\n\r\n* Fix result display bugs\r\n\r\nFix %s bug from returning to trip page from itinerary page\r\n\r\nStandardize format for result display text for all command usage messages \r\n\r\nRemove `list` command\r\nFix result display bugs",
            "insertions": 199,
            "deletions": 141
          },
          {
            "hash": "02384b7d3a97369f5cf093acc1fb5ae8f315a540",
            "messageTitle": "Implement refresh command (#224)",
            "messageBody": "* Fix bugs from PR #165\r\n\r\n* Update SampleDataUtil.java\r\n\r\n\r\nFix bug for missing invalid goto command exception on the Trip page\r\n\r\n* Fix command feedback messages\r\n\r\n* Fix result display bugs\r\n\r\nFix %s bug from returning to trip page from itinerary page\r\n\r\nStandardize format for result display text for all command usage messages \r\n\r\nRemove `list` command\r\nFix result display bugs\r\n\r\n* Implement refresh command",
            "insertions": 99,
            "deletions": 12
          }
        ]
      },
      {
        "insertions": 181,
        "deletions": 121,
        "date": "2020-04-05",
        "commitResults": [
          {
            "hash": "96d490aef47d3b49eff57544340e5970f61b0cc9",
            "messageTitle": "Make elements on home page scroll together (#225)",
            "messageBody": "* Fix bugs from PR #165\r\n\r\n* Update SampleDataUtil.java\r\n\r\n\r\nFix bug for missing invalid goto command exception on the Trip page\r\n\r\n* Fix command feedback messages\r\n\r\n* Fix result display bugs\r\n\r\nFix %s bug from returning to trip page from itinerary page\r\n\r\nStandardize format for result display text for all command usage messages \r\n\r\nRemove `list` command\r\nFix result display bugs\r\n\r\n* Implement refresh command\r\n\r\n* Make elements on home page scroll together",
            "insertions": 72,
            "deletions": 41
          },
          {
            "hash": "b19514faa1c9f612927345f335017fa108e48571",
            "messageTitle": "Touch up GUI (#227)",
            "messageBody": "* Fix bugs from PR #165\r\n\r\n* Update SampleDataUtil.java\r\n\r\n\r\nFix bug for missing invalid goto command exception on the Trip page\r\n\r\n* Fix command feedback messages\r\n\r\n* Fix result display bugs\r\n\r\nFix %s bug from returning to trip page from itinerary page\r\n\r\nStandardize format for result display text for all command usage messages \r\n\r\nRemove `list` command\r\nFix result display bugs\r\n\r\n* Implement refresh command\r\n\r\n* Make elements on home page scroll together\r\n\r\n* Touch up GUI\r\n\r\nUpdate Ui.png",
            "insertions": 23,
            "deletions": 15
          },
          {
            "hash": "d303406985255e797966f398fa7d6727f3ef6891",
            "messageTitle": "Implement help window for home page (#228)",
            "messageBody": "* Fix bugs from PR #165\r\n\r\n* Update SampleDataUtil.java\r\n\r\n\r\nFix bug for missing invalid goto command exception on the Trip page\r\n\r\n* Fix command feedback messages\r\n\r\n* Fix result display bugs\r\n\r\nFix %s bug from returning to trip page from itinerary page\r\n\r\nStandardize format for result display text for all command usage messages \r\n\r\nRemove `list` command\r\nFix result display bugs\r\n\r\n* Implement refresh command\r\n\r\n* Make elements on home page scroll together\r\n\r\n* Touch up GUI\r\n\r\nUpdate Ui.png\r\n\r\n* Implement help window for home page\r\n\r\nTouched up user guide\r\nFix build fail",
            "insertions": 86,
            "deletions": 65
          }
        ]
      },
      {
        "insertions": 1,
        "deletions": 1,
        "date": "2020-04-06",
        "commitResults": [
          {
            "hash": "f334a26088d643671680e93ac7d1a4b68e70ea38",
            "messageTitle": "Add some screenshots to user guide (#229)",
            "messageBody": "* Fix bugs from PR #165\r\n\r\n* Update SampleDataUtil.java\r\n\r\n\r\nFix bug for missing invalid goto command exception on the Trip page\r\n\r\n* Fix command feedback messages\r\n\r\n* Fix result display bugs\r\n\r\nFix %s bug from returning to trip page from itinerary page\r\n\r\nStandardize format for result display text for all command usage messages \r\n\r\nRemove `list` command\r\nFix result display bugs\r\n\r\n* Implement refresh command\r\n\r\n* Make elements on home page scroll together\r\n\r\n* Touch up GUI\r\n\r\nUpdate Ui.png\r\n\r\n* Implement help window for home page\r\n\r\nTouched up user guide\r\nFix build fail\r\n\r\n* Add some screenshots to user guide\r\n\r\n* Fix travis build fail",
            "insertions": 1,
            "deletions": 1
          }
        ]
      },
      {
        "insertions": 43,
        "deletions": 41,
        "date": "2020-04-07",
        "commitResults": [
          {
            "hash": "399ea87e497c40a855ee40c7ddfd964268af03c0",
            "messageTitle": "Update user guide with screenshots (#230)",
            "messageBody": "* Fix bugs from PR #165\r\n\r\n* Update SampleDataUtil.java\r\n\r\n\r\nFix bug for missing invalid goto command exception on the Trip page\r\n\r\n* Fix command feedback messages\r\n\r\n* Fix result display bugs\r\n\r\nFix %s bug from returning to trip page from itinerary page\r\n\r\nStandardize format for result display text for all command usage messages \r\n\r\nRemove `list` command\r\nFix result display bugs\r\n\r\n* Implement refresh command\r\n\r\n* Make elements on home page scroll together\r\n\r\n* Touch up GUI\r\n\r\nUpdate Ui.png\r\n\r\n* Implement help window for home page\r\n\r\nTouched up user guide\r\nFix build fail\r\n\r\n* Add some screenshots to user guide\r\n\r\n* Fix travis build fail\r\n\r\n* Update user guide with screenshots\r\n\r\n* Update user guide with data storage screenshot\r\n\r\n* Update user guide with data storage screenshot\r\n\r\n* Update icons in asciidoctor.css\r\n\r\n* Update tip icon\r\n\r\n* Fix journal GUI\r\n\r\n* Remove tutorial images\r\n\r\n* Update screenshots\r\n\r\n* Update screenshots\r\n\r\n* Update screenshots",
            "insertions": 43,
            "deletions": 41
          }
        ]
      },
      {
        "insertions": 307,
        "deletions": 142,
        "date": "2020-04-09",
        "commitResults": [
          {
            "hash": "eec0b4a1f5bcef8ba56e5d4d91180c9ae8984242",
            "messageTitle": "Implement help windows, Implement universal help command (#237)",
            "messageBody": "* Fix bugs from PR #165\r\n\r\n* Update SampleDataUtil.java\r\n\r\n\r\nFix bug for missing invalid goto command exception on the Trip page\r\n\r\n* Fix command feedback messages\r\n\r\n* Fix result display bugs\r\n\r\nFix %s bug from returning to trip page from itinerary page\r\n\r\nStandardize format for result display text for all command usage messages \r\n\r\nRemove `list` command\r\nFix result display bugs\r\n\r\n* Implement refresh command\r\n\r\n* Make elements on home page scroll together\r\n\r\n* Touch up GUI\r\n\r\nUpdate Ui.png\r\n\r\n* Implement help window for home page\r\n\r\nTouched up user guide\r\nFix build fail\r\n\r\n* Add some screenshots to user guide\r\n\r\n* Fix travis build fail\r\n\r\n* Update user guide with screenshots\r\n\r\n* Update user guide with data storage screenshot\r\n\r\n* Update user guide with data storage screenshot\r\n\r\n* Update icons in asciidoctor.css\r\n\r\n* Update tip icon\r\n\r\n* Fix journal GUI\r\n\r\n* Remove tutorial images\r\n\r\n* Update screenshots\r\n\r\n* Update screenshots\r\n\r\n* Update screenshots\r\n\r\n* Add screenshots to user guide\r\n\r\n* Implement help windows\r\n\r\n\r\nImplement help windows",
            "insertions": 307,
            "deletions": 142
          }
        ]
      },
      {
        "insertions": 45,
        "deletions": 56,
        "date": "2020-04-11",
        "commitResults": [
          {
            "hash": "c4dae61c7e0fd11b5115128f4a85bc1bd594c917",
            "messageTitle": "Fix GUI bugs (#244)",
            "messageBody": "* Fix bugs from PR #165\r\n\r\n* Update SampleDataUtil.java\r\n\r\n\r\nFix bug for missing invalid goto command exception on the Trip page\r\n\r\n* Fix command feedback messages\r\n\r\n* Fix result display bugs\r\n\r\nFix %s bug from returning to trip page from itinerary page\r\n\r\nStandardize format for result display text for all command usage messages \r\n\r\nRemove `list` command\r\nFix result display bugs\r\n\r\n* Implement refresh command\r\n\r\n* Make elements on home page scroll together\r\n\r\n* Touch up GUI\r\n\r\nUpdate Ui.png\r\n\r\n* Implement help window for home page\r\n\r\nTouched up user guide\r\nFix build fail\r\n\r\n* Add some screenshots to user guide\r\n\r\n* Fix travis build fail\r\n\r\n* Update user guide with screenshots\r\n\r\n* Update user guide with data storage screenshot\r\n\r\n* Update user guide with data storage screenshot\r\n\r\n* Update icons in asciidoctor.css\r\n\r\n* Update tip icon\r\n\r\n* Fix journal GUI\r\n\r\n* Remove tutorial images\r\n\r\n* Update screenshots\r\n\r\n* Update screenshots\r\n\r\n* Update screenshots\r\n\r\n* Add screenshots to user guide\r\n\r\n* Implement help windows\r\n\r\n\r\nImplement help windows\r\n\r\n* Fix GUI bugs",
            "insertions": 45,
            "deletions": 56
          }
        ]
      }
    ],
    "zsoh97": [
      {
        "insertions": 273,
        "deletions": 38,
        "date": "2020-03-18",
        "commitResults": [
          {
            "hash": "cafbc4bb8c90a1173db72169bfd25978ed73f08b",
            "messageTitle": "Add itinerary commit",
            "messageBody": "",
            "insertions": 273,
            "deletions": 38
          }
        ]
      },
      {
        "insertions": 220,
        "deletions": 40,
        "date": "2020-03-19",
        "commitResults": [
          {
            "hash": "f73fe2c1a2446428037340680b204ce6062c082a",
            "messageTitle": "attempt to save itinerary to storage commit",
            "messageBody": "",
            "insertions": 211,
            "deletions": 11
          },
          {
            "hash": "d82eaafc0409b2c6b04f7ab869db47c40220d253",
            "messageTitle": "commit to pass travis by rearranging imports",
            "messageBody": "",
            "insertions": 5,
            "deletions": 4
          },
          {
            "hash": "3bcbaed6dab8be8ede31044b4665e89e12a5ed14",
            "messageTitle": "Update ParserUtil.java",
            "messageBody": "",
            "insertions": 1,
            "deletions": 0
          },
          {
            "hash": "497f22c0bd49b3eea34c019219344ca336832e84",
            "messageTitle": "Update ParserUtil.java",
            "messageBody": "",
            "insertions": 0,
            "deletions": 20
          },
          {
            "hash": "7cba7537b6cb4030b576dea627880b72700d4793",
            "messageTitle": "Update ParserUtil.java",
            "messageBody": "",
            "insertions": 1,
            "deletions": 1
          },
          {
            "hash": "e26bb0e2c11e6ef59691ab81f146ef7c5466cf7a",
            "messageTitle": "Update ParserUtil.java",
            "messageBody": "",
            "insertions": 2,
            "deletions": 0
          },
          {
            "hash": "52200f1bc7d1dc9600a1e30fff7cc8f8048d6788",
            "messageTitle": "Update ParserUtil.java",
            "messageBody": "",
            "insertions": 0,
            "deletions": 4
          }
        ]
      },
      {
        "insertions": 427,
        "deletions": 91,
        "date": "2020-03-24",
        "commitResults": [
          {
            "hash": "8118e58b53b2e9e11902c0c00d08dd3e2f21df99",
            "messageTitle": "Storage for Journal and Itinerary implementation commit",
            "messageBody": "",
            "insertions": 425,
            "deletions": 81
          },
          {
            "hash": "376e6b6b161e1a02451bc3931e3a2f5ab69a8eda",
            "messageTitle": "updated code to pass codacy checks",
            "messageBody": "",
            "insertions": 2,
            "deletions": 6
          },
          {
            "hash": "d47d03a3897869954a41f24599b6f7e8b2cd69fb",
            "messageTitle": "changes to pass travis commit",
            "messageBody": "",
            "insertions": 0,
            "deletions": 4
          }
        ]
      },
      {
        "insertions": 1,
        "deletions": 1,
        "date": "2020-03-26",
        "commitResults": [
          {
            "hash": "a659d0f6b33725a2cb4ad59876f1c66df53243d9",
            "messageTitle": "fixed new trip not showing up when added bug",
            "messageBody": "",
            "insertions": 1,
            "deletions": 1
          }
        ]
      },
      {
        "insertions": 174,
        "deletions": 71,
        "date": "2020-03-27",
        "commitResults": [
          {
            "hash": "a26e40feaec9b7966d4d26e0db6fccea6c0ed6c7",
            "messageTitle": "ui update commit",
            "messageBody": "",
            "insertions": 174,
            "deletions": 71
          }
        ]
      },
      {
        "insertions": 158,
        "deletions": 45,
        "date": "2020-04-01",
        "commitResults": [
          {
            "hash": "09283b08483c03c3ec7984f11432527a1878e9a0",
            "messageTitle": "Fix trip delete bug, Implement chronological sorting for activities (#165)",
            "messageBody": "* Sorting activity list chronologically update\r\n\r\n* ui update commit\r\n\r\n* delete for trip now deletes entire folder.\r\nReformatted MainWindow.java\r\n\r\n* codee refactoring commit\r\n\r\n* commit to pass travis\r\n\r\nCo-authored-by: Ranz \u003c9975316+raniceyue@users.noreply.github.com\u003e",
            "insertions": 158,
            "deletions": 45
          }
        ]
      },
      {
        "insertions": 151,
        "deletions": 41,
        "date": "2020-04-02",
        "commitResults": [
          {
            "hash": "e6ccbc5f28a219f5d0136a9902821e71fd130344",
            "messageTitle": "Implement exceptions for itinerary, Fix bug where title being empty won\u0027t show error message, Fix bug where folder is not created on trip add and minor refactoring (#178)",
            "messageBody": "* Sorting activity list chronologically update\r\n\r\n* ui update commit\r\n\r\n* delete for trip now deletes entire folder.\r\nReformatted MainWindow.java\r\n\r\n* codee refactoring commit\r\n\r\n* commit to pass travis\r\n\r\n* implemented exceptions for itinerary, created folder for trip upon add, fixed bug where empty title would not show error message and minor refactoring.\r\n\r\n* corrections to pass travis commit\r\n\r\nCo-authored-by: Ranz \u003c9975316+raniceyue@users.noreply.github.com\u003e",
            "insertions": 151,
            "deletions": 41
          }
        ]
      },
      {
        "insertions": 110,
        "deletions": 19,
        "date": "2020-04-04",
        "commitResults": [
          {
            "hash": "13dd86312b0d00613598de65ff2e17571bcbaac6",
            "messageTitle": "Implement exceptions for trips, Fix definition for trip, Fix status bar bug, Fix trip folder name not being updated after edit. (#223)",
            "messageBody": "* Sorting activity list chronologically update\r\n\r\n* ui update commit\r\n\r\n* delete for trip now deletes entire folder.\r\nReformatted MainWindow.java\r\n\r\n* codee refactoring commit\r\n\r\n* commit to pass travis\r\n\r\n* implemented exceptions for itinerary, created folder for trip upon add, fixed bug where empty title would not show error message and minor refactoring.\r\n\r\n* corrections to pass travis commit\r\n\r\n* Fixed definition of trip to include name, daterange and location. implemented exceptions to catch start date of trip being later than end date of trip and also if the trip to be added has conflicts with existing trips.\r\n\r\n* fixed bug with date clash causing exception causing no trips to be able to be added. fixed bug where status bar is not updating correctly.\r\n\r\n* update to pass codacy\r\n\r\n* update to pass travis\r\n\r\nCo-authored-by: Ranz \u003c9975316+raniceyue@users.noreply.github.com\u003e",
            "insertions": 110,
            "deletions": 19
          }
        ]
      },
      {
        "insertions": 127,
        "deletions": 106,
        "date": "2020-04-07",
        "commitResults": [
          {
            "hash": "084c91f52ec118883c0cdb74bc8f591b7018273b",
            "messageTitle": "Refactored code where triplist was unnecessarily passed between constructors.",
            "messageBody": "",
            "insertions": 94,
            "deletions": 97
          },
          {
            "hash": "6b0ef40123e4d4658678a3424dc51a67b8b7a5a2",
            "messageTitle": "fixed number of activities and journal entries not displaying",
            "messageBody": "",
            "insertions": 33,
            "deletions": 9
          }
        ]
      },
      {
        "insertions": 39,
        "deletions": 64,
        "date": "2020-04-09",
        "commitResults": [
          {
            "hash": "71bec29d1c87ece59e31f66d89355844523c2a47",
            "messageTitle": "refactoring",
            "messageBody": "",
            "insertions": 37,
            "deletions": 62
          },
          {
            "hash": "7a678ad738e6ed5eb2853a49137166f410eaee21",
            "messageTitle": "fixed build error from previous merge.",
            "messageBody": "",
            "insertions": 2,
            "deletions": 2
          }
        ]
      },
      {
        "insertions": 66,
        "deletions": 16,
        "date": "2020-04-11",
        "commitResults": [
          {
            "hash": "b63c6ae7ab0d76812c2c5bcc759807f9936e5f0a",
            "messageTitle": "Add NFR for DG, Updated use case to fit tutor feedback, Fix bug where edit could bypass exceptions, Update UML diagrams to fit refactored code (#243)",
            "messageBody": "* Update UserGuide.adoc\r\n\r\n* Update UserGuide.adoc\r\n\r\n* Update UserGuide.adoc\r\n\r\n* Update UserGuide.adoc\r\n\r\n* Update UserGuide.adoc\r\n\r\n* Add files via upload\r\n\r\n* Add files via upload\r\n\r\n* Add files via upload\r\n\r\n* Update DeveloperGuide.adoc\r\n\r\n* Update DeveloperGuide.adoc\r\n\r\n* Add files via upload\r\n\r\n* fixed bug where user could editing trips and activities to break functionality.\r\n\r\n* removed unnecessary files from images.",
            "insertions": 66,
            "deletions": 16
          }
        ]
      }
    ],
    "mikhailfaiz": [
      {
        "insertions": 394,
        "deletions": 66,
        "date": "2020-03-18",
        "commitResults": [
          {
            "hash": "bbc585cd0f0c4dd11a8cd0180724be8b59f0d7fd",
            "messageTitle": "Implemented Add command for Journal",
            "messageBody": "",
            "insertions": 394,
            "deletions": 63
          },
          {
            "hash": "e3ff6523964dbc3e0e5f1d47b1e0e776142a76ed",
            "messageTitle": "Deleted dateTimeCreated in Entry for time being until sorting is implemented later version",
            "messageBody": "",
            "insertions": 0,
            "deletions": 3
          }
        ]
      },
      {
        "insertions": 3,
        "deletions": 3,
        "date": "2020-03-25",
        "commitResults": [
          {
            "hash": "3752c82670b9388e8e99fe715285004d1b259f17",
            "messageTitle": "Updated portfolio and example add entry",
            "messageBody": "",
            "insertions": 3,
            "deletions": 3
          }
        ]
      },
      {
        "insertions": 185,
        "deletions": 58,
        "date": "2020-03-27",
        "commitResults": [
          {
            "hash": "e4ecdaf21e82d311dfd5401b21d1602cb52118b5",
            "messageTitle": "Updated edit functionality, fixed journal view bug",
            "messageBody": "",
            "insertions": 177,
            "deletions": 38
          },
          {
            "hash": "4b122dfa7aabe46efc2cc3a2b3cd4a9bc69b1b3a",
            "messageTitle": "Corrected checkstyle errors and updated portfolio.",
            "messageBody": "",
            "insertions": 8,
            "deletions": 9
          },
          {
            "hash": "d27f6a9596ee724e2fbd72d2135c93bce15966dd",
            "messageTitle": "Removed unused method in EditCommandParser",
            "messageBody": "",
            "insertions": 0,
            "deletions": 11
          }
        ]
      },
      {
        "insertions": 72,
        "deletions": 24,
        "date": "2020-04-02",
        "commitResults": [
          {
            "hash": "e73042029a0cf349e8be4c9db9a9ae302e37e9fd",
            "messageTitle": "Implement Journal entry character limit, Implement command case insensitivity, Fix dateRange format for trips (#169)",
            "messageBody": "* Added character limit for journal content, made all command keywords case insensitive.\r\n\r\n* Changed DateRange format to \"DD-MM-YYYY\"\r\n\r\n* Fixed checkstyle errors\r\n\r\n* Codacy fix",
            "insertions": 68,
            "deletions": 24
          },
          {
            "hash": "fd915e89f588f9b476f560763a23b637a5fa5e81",
            "messageTitle": "Fixed worried feeling for JournalPageCard (#180)",
            "messageBody": "* Added character limit for journal content, made all command keywords case insensitive.\r\n\r\n* Changed DateRange format to \"DD-MM-YYYY\"\r\n\r\n* Fixed checkstyle errors\r\n\r\n* Codacy fix\r\n\r\n* Fixed error for worried feeling",
            "insertions": 4,
            "deletions": 0
          }
        ]
      },
      {
        "insertions": 229,
        "deletions": 1,
        "date": "2020-04-03",
        "commitResults": [
          {
            "hash": "317f3a863077e56e42e1b7b62cb24f69dadf259d",
            "messageTitle": "Sort command for Journal (#181)",
            "messageBody": "* Added character limit for journal content, made all command keywords case insensitive.\r\n\r\n* Changed DateRange format to \"DD-MM-YYYY\"\r\n\r\n* Fixed checkstyle errors\r\n\r\n* Codacy fix\r\n\r\n* Fixed error for worried feeling\r\n\r\n* Implemented sort command for Journal\r\n\r\n* Automatically sort by new when new entry is added\r\n\r\n* Checkstyle fix\r\n\r\n* Codacy fix\r\n\r\n* Travis fix",
            "tags": [
              "v1.3"
            ],
            "insertions": 229,
            "deletions": 1
          }
        ]
      }
    ],
    "grrrrnt": [
      {
        "insertions": 92,
        "deletions": 45,
        "date": "2020-03-18",
        "commitResults": [
          {
            "hash": "3b7ada933f302663719e3da82b63e9bfb8d94223",
            "messageTitle": "Implement logic and model manager for Journal",
            "messageBody": "",
            "insertions": 88,
            "deletions": 36
          },
          {
            "hash": "f0fbe2dda1d48c630c868c9ce7151a24ded896df",
            "messageTitle": "Implement logic and model manager for Journal",
            "messageBody": "",
            "insertions": 2,
            "deletions": 2
          },
          {
            "hash": "0fafbe62bca10d19ae0e57f5087910cee415d160",
            "messageTitle": "Implement logic and model manager for Journal",
            "messageBody": "",
            "insertions": 2,
            "deletions": 4
          },
          {
            "hash": "f44301fc0135873bb7c87bd2717b750d492561bc",
            "messageTitle": "Implement logic and model manager for Journal",
            "messageBody": "",
            "insertions": 0,
            "deletions": 3
          }
        ]
      },
      {
        "insertions": 494,
        "deletions": 47,
        "date": "2020-03-19",
        "commitResults": [
          {
            "hash": "867fab5adfb19ecd78712a4710d37d687d9ce293",
            "messageTitle": "Implement delete command for Entry, allow any-case input for GoToCommand, introduce dummy JsonAdaptedEntry, fix description errors in JsonSerializableTripList, introduce newlines in add and edit commands for Home",
            "messageBody": "",
            "insertions": 492,
            "deletions": 45
          },
          {
            "hash": "0b51bdaad9b8535a2b6f4468f6cf5273aa20ed8d",
            "messageTitle": "Use equalsIgnoreCase() for any-case input in GoToCommandParser",
            "messageBody": "",
            "insertions": 2,
            "deletions": 2
          }
        ]
      },
      {
        "insertions": 242,
        "deletions": 8,
        "date": "2020-03-25",
        "commitResults": [
          {
            "hash": "37189b6b04722cad4f360e0b9dc288a8602e3815",
            "messageTitle": "Implement edit command for journal entry",
            "messageBody": "",
            "insertions": 242,
            "deletions": 7
          },
          {
            "hash": "e6632ea1baaee5f6286626cce099e4a16788b833",
            "messageTitle": "Implement edit command for journal entry",
            "messageBody": "",
            "insertions": 0,
            "deletions": 1
          }
        ]
      },
      {
        "insertions": 82,
        "deletions": 56,
        "date": "2020-03-27",
        "commitResults": [
          {
            "hash": "97c53b588fddaef00fa163bb32f7de4714f929ae",
            "messageTitle": "Implemented fast navigation in trip page: goto i/j Implemented optional fields for add command Fixed error in add command example Fixed bug where invalid date/time input would not display error message Updated add command to require c/text input Updated JournalPageCard to display null values as \"Not specified\" Updated JournalPageCard to display in multiline with index",
            "messageBody": "",
            "insertions": 75,
            "deletions": 46
          },
          {
            "hash": "4b84350c6af5b25c4f7e279c85f9e7b2353848df",
            "messageTitle": "Updated JournalPageCard to wrap text for entry content",
            "messageBody": "",
            "insertions": 5,
            "deletions": 5
          },
          {
            "hash": "16e644234f977d193a026a6ea07efb370515b761",
            "messageTitle": "Fixed Codacy issues",
            "messageBody": "",
            "insertions": 2,
            "deletions": 4
          },
          {
            "hash": "d74659089fc0dd4432f3e83379311431bcdffe79",
            "messageTitle": "Fixed Travis issue",
            "messageBody": "",
            "insertions": 0,
            "deletions": 1
          }
        ]
      },
      {
        "insertions": 29,
        "deletions": 3,
        "date": "2020-04-01",
        "commitResults": [
          {
            "hash": "1f1e8bed12fc0e4280626547b7aa2e8ce6347330",
            "messageTitle": "Updated User Guide URL in Help window, fixed Enter button bug, implemented changing rainbow colours for Enter button",
            "messageBody": "",
            "insertions": 29,
            "deletions": 3
          }
        ]
      }
    ]
  },
  "authorFinalContributionMap": {
    "vuhieunguyen": 2244,
    "raniceyue": 6443,
    "zsoh97": 1359,
    "mikhailfaiz": 565,
    "grrrrnt": 616
  },
  "authorFileTypeContributionMap": {
    "vuhieunguyen": {
      "docs": 0,
      "functional-code": 1162,
      "test-code": 1082
    },
    "raniceyue": {
      "docs": 0,
      "functional-code": 5229,
      "test-code": 1211,
      "other": 3
    },
    "zsoh97": {
      "docs": 0,
      "functional-code": 1359,
      "test-code": 0
    },
    "mikhailfaiz": {
      "docs": 0,
      "functional-code": 565,
      "test-code": 0
    },
    "grrrrnt": {
      "docs": 0,
      "functional-code": 616,
      "test-code": 0
    }
  },
  "authorContributionVariance": {
    "vuhieunguyen": 37804.164,
    "raniceyue": 1429649.6,
    "zsoh97": 9819.646,
    "mikhailfaiz": 5419.5103,
    "grrrrnt": 6435.027
  },
  "authorDisplayNameMap": {
    "vuhieunguyen": "CS2103T-F09-4 VU H..UYEN",
    "raniceyue": "CS2103T-F09-4 RANI..XUAN",
    "zsoh97": "CS2103T-F09-4 SOH ..ZEKE",
    "mikhailfaiz": "CS2103T-F09-4 MIKH..FAIZ",
    "grrrrnt": "CS2103T-F09-4 LEE ..RANT"
  }
}
