{
  "authorDailyContributionsMap": {
    "gohkh": [],
    "shanecsj": [],
    "teo-jun-xiong": [
      {
        "insertions": 443,
        "deletions": 443,
        "date": "2020-02-19",
        "commitResults": [
          {
            "hash": "91e184bb0db8ad5aff5cd9de3056b16142776c5b",
            "messageTitle": "Delete Address.java",
            "messageBody": "",
            "insertions": 15,
            "deletions": 252
          },
          {
            "hash": "98f352b4b9943c9a84ae7ba680f370dfa8a3b105",
            "messageTitle": "Refactor and safe delete Address.java",
            "messageBody": "",
            "insertions": 56,
            "deletions": 120
          },
          {
            "hash": "d06fbf6f1162388278d58d15dd8084880548623a",
            "messageTitle": "Revert \"Refactor and delete Address.java [tutorial-removing-field]\"",
            "messageBody": "",
            "insertions": 372,
            "deletions": 71
          }
        ]
      }
    ],
    "hans555": [],
    "tzihiang": []
  },
  "authorFinalContributionMap": {
    "gohkh": 0,
    "shanecsj": 0,
    "teo-jun-xiong": 0,
    "hans555": 0,
    "tzihiang": 0
  },
  "authorFileTypeContributionMap": {
    "gohkh": {
      "java": 0,
      "md": 0,
      "fxml": 0,
      "sh": 0,
      "bat": 0,
      "gradle": 0,
      "txt": 0
    },
    "shanecsj": {
      "java": 0,
      "md": 0,
      "fxml": 0,
      "sh": 0,
      "bat": 0,
      "gradle": 0,
      "txt": 0
    },
    "teo-jun-xiong": {
      "java": 0,
      "md": 0,
      "fxml": 0,
      "sh": 0,
      "bat": 0,
      "gradle": 0,
      "txt": 0
    },
    "hans555": {
      "java": 0,
      "md": 0,
      "fxml": 0,
      "sh": 0,
      "bat": 0,
      "gradle": 0,
      "txt": 0
    },
    "tzihiang": {
      "java": 0,
      "md": 0,
      "fxml": 0,
      "sh": 0,
      "bat": 0,
      "gradle": 0,
      "txt": 0
    }
  },
  "authorContributionVariance": {
    "gohkh": 0.0,
    "shanecsj": 0.0,
    "teo-jun-xiong": 109027.22,
    "hans555": 0.0,
    "tzihiang": 0.0
  },
  "authorDisplayNameMap": {
    "gohkh": "CS2103T-F11-4 GOH .. HUI",
    "shanecsj": "CS2103T-F11-4 CHAN.. JIE",
    "teo-jun-xiong": "CS2103T-F11-4 TEO ..IONG",
    "hans555": "CS2103T-F11-4 ONG ..HENG",
    "tzihiang": "CS2103T-F11-4 TAY ..LLIS"
  }
}
