{
  "authorDailyContributionsMap": {
    "Yonggiee": [
      {
        "insertions": 34,
        "deletions": 34,
        "date": "2020-02-22",
        "commitResults": [
          {
            "hash": "2faa23d06c08b162e16a75f79feb0fb14decaf94",
            "messageTitle": "changed list gyms name to find gyms name, training to routine",
            "messageBody": "",
            "insertions": 33,
            "deletions": 33
          },
          {
            "hash": "997b03ec675bd0a7de12ad69c4135b7fe2d0c498",
            "messageTitle": "added missing - for add routine template link",
            "messageBody": "",
            "insertions": 1,
            "deletions": 1
          }
        ]
      },
      {
        "insertions": 1,
        "deletions": 1,
        "date": "2020-02-24",
        "commitResults": [
          {
            "hash": "1e4f964eaaf8e81542886a24461aecb360d39558",
            "messageTitle": "change list gym in table of contents to find gym",
            "messageBody": "",
            "insertions": 1,
            "deletions": 1
          }
        ]
      },
      {
        "insertions": 176,
        "deletions": 6,
        "date": "2020-03-09",
        "commitResults": [
          {
            "hash": "7a918564c774e25e0703df1b66df094648fb2492",
            "messageTitle": "init remark class",
            "messageBody": "",
            "insertions": 39,
            "deletions": 0
          },
          {
            "hash": "2be0b093abbb95d33c82042555bb1fce91c64b84",
            "messageTitle": "add remarkTest class",
            "messageBody": "",
            "insertions": 31,
            "deletions": 0
          },
          {
            "hash": "bdd4ed42069266290b94b04fc7047db3b18b5f1e",
            "messageTitle": "init gender attribute",
            "messageBody": "",
            "insertions": 54,
            "deletions": 0
          },
          {
            "hash": "ce993043e7ae3b6936f931cf9c40e23d43b8e581",
            "messageTitle": "add GenderTest class",
            "messageBody": "",
            "insertions": 46,
            "deletions": 5
          },
          {
            "hash": "6bce102bc6da071f4284b31efdb8b9f94d4b780a",
            "messageTitle": "add more tests for GenderTest",
            "messageBody": "",
            "insertions": 6,
            "deletions": 0
          },
          {
            "hash": "0464b406b6faaa527861f909f780e88086a28d66",
            "messageTitle": "fix checkstyle",
            "messageBody": "",
            "insertions": 0,
            "deletions": 1
          }
        ]
      },
      {
        "insertions": 17,
        "deletions": 48,
        "date": "2020-03-10",
        "commitResults": [
          {
            "hash": "dee39b33306e7429ef6b8d6c1f91cefc9fc126e2",
            "messageTitle": "change Gender from class to enum",
            "messageBody": "",
            "insertions": 11,
            "deletions": 47
          },
          {
            "hash": "6a325eb9e09161ef4d012c1cffd33872641d5c68",
            "messageTitle": "update isValidGender to fit 1 alphabet input",
            "messageBody": "",
            "insertions": 6,
            "deletions": 1
          }
        ]
      },
      {
        "insertions": 186,
        "deletions": 4,
        "date": "2020-03-12",
        "commitResults": [
          {
            "hash": "daf4bae140622110356a3696cab0736ef3da0aab",
            "messageTitle": "add parseGender() and parseRemark() in ParserUtil",
            "messageBody": "",
            "insertions": 183,
            "deletions": 1
          },
          {
            "hash": "7ef83220405ab980d2783144fb2bdfae97e6368d",
            "messageTitle": "fix checkstyle and ParserUtilTest",
            "messageBody": "",
            "insertions": 3,
            "deletions": 3
          }
        ]
      },
      {
        "insertions": 66,
        "deletions": 146,
        "date": "2020-03-13",
        "commitResults": [
          {
            "hash": "207e3ac1ae84f1df5e7226968fcfff01239d06ca",
            "messageTitle": "remove RemarkCommand",
            "messageBody": "",
            "insertions": 1,
            "deletions": 114
          },
          {
            "hash": "2faf683c9357e28d3ed31c1e5c3e2c513a012851",
            "messageTitle": "change Client and AddCommandParser",
            "messageBody": "",
            "insertions": 35,
            "deletions": 1
          },
          {
            "hash": "299c562c9a5faccf3da7fc4b8c9d328321cd1ecf",
            "messageTitle": "remove unnecessary remark attributes and modify Client and AddCommandParser for Gender",
            "messageBody": "",
            "insertions": 23,
            "deletions": 12
          },
          {
            "hash": "9d2c8a39fdda1faad3dc0b9fb6449dad9eb693cd",
            "messageTitle": "remove Gender attributes",
            "messageBody": "",
            "insertions": 6,
            "deletions": 13
          },
          {
            "hash": "dd3328b3bd0b52710576e2804583c5a8b2060327",
            "messageTitle": "remove remark attribute",
            "messageBody": "",
            "insertions": 1,
            "deletions": 6
          }
        ]
      },
      {
        "insertions": 60,
        "deletions": 14,
        "date": "2020-03-15",
        "commitResults": [
          {
            "hash": "2be30ebadebb0b1179d9e2412d32e0ae86a903d2",
            "messageTitle": "add PREFIX_BIRTHDAY in AddCommand",
            "messageBody": "",
            "insertions": 2,
            "deletions": 1
          },
          {
            "hash": "48e20e6d6881bf0dbd1149bbf85a2d6654ec1930",
            "messageTitle": "add PREFIX_BIRTHDAY in AddCommand",
            "messageBody": "",
            "insertions": 2,
            "deletions": 1
          },
          {
            "hash": "071519d1e2a040b0c9422d09d5848e076c9ef504",
            "messageTitle": "add gender to AddCommand EditCommand Client",
            "messageBody": "",
            "insertions": 25,
            "deletions": 5
          },
          {
            "hash": "2f8ad81b4413e156236f9e065c4ecb3b2c875c2d",
            "messageTitle": "integrate Gender to AddCommandParser EditCommandParser JsonAdaptedClient EditClientDescriptorBuilder",
            "messageBody": "",
            "insertions": 31,
            "deletions": 7
          }
        ]
      },
      {
        "insertions": 82,
        "deletions": 42,
        "date": "2020-03-16",
        "commitResults": [
          {
            "hash": "c046ecfea3b9d456a7f88be800e6fb2dac4bc71f",
            "messageTitle": "change Gender enum to class",
            "messageBody": "",
            "insertions": 56,
            "deletions": 23
          },
          {
            "hash": "fcb7f56734bb673e102a1b0363537a68062a6a9d",
            "messageTitle": "fix error in sampledatautil",
            "messageBody": "",
            "insertions": 22,
            "deletions": 15
          },
          {
            "hash": "78c9c8b15b2c95235581b2e3d7904eb31881f981",
            "messageTitle": "change Gender and AddCommand to show optional as a possibility",
            "messageBody": "",
            "insertions": 3,
            "deletions": 3
          },
          {
            "hash": "dab9553be90cce78b156854fd6be29ae1099eb72",
            "messageTitle": "fix \"TARGET_WEIGHT] \"",
            "messageBody": "",
            "insertions": 1,
            "deletions": 1
          }
        ]
      },
      {
        "insertions": 88,
        "deletions": 25,
        "date": "2020-03-17",
        "commitResults": [
          {
            "hash": "12c81761e300963f2754c4d3378eae773a5493c0",
            "messageTitle": "add remark functionality to classes",
            "messageBody": "",
            "insertions": 81,
            "deletions": 19
          },
          {
            "hash": "c850a43fe7dead05c7c5c5a769ade59118b4e328",
            "messageTitle": "fix checkstyle",
            "messageBody": "",
            "insertions": 4,
            "deletions": 3
          },
          {
            "hash": "ef34b257af41dacb627462a276097712b99b3117",
            "messageTitle": "remove additional newline in AddCommand",
            "messageBody": "",
            "insertions": 1,
            "deletions": 1
          },
          {
            "hash": "f08022c964ed37dc3d68ecff8cd81604587921c1",
            "messageTitle": "add missing whitespace for AddCommand",
            "messageBody": "",
            "insertions": 2,
            "deletions": 2
          }
        ]
      },
      {
        "insertions": 84,
        "deletions": 11,
        "date": "2020-03-18",
        "commitResults": [
          {
            "hash": "cb896bcb0dd9599497c26c9c4bd28f8bfb6ee8fb",
            "messageTitle": "add attributes to UI",
            "messageBody": "",
            "insertions": 59,
            "deletions": 3
          },
          {
            "hash": "d67271f6f9d03f60cf7ed3266b7747ad248e0f8a",
            "messageTitle": "change app title and icon",
            "messageBody": "",
            "insertions": 4,
            "deletions": 4
          },
          {
            "hash": "178d4ec32f80201f8de7f1d6c85f0ff509aa9389",
            "messageTitle": "add sports to UI",
            "messageBody": "",
            "insertions": 8,
            "deletions": 2
          },
          {
            "hash": "20052b4752edd9df9701937fa61851e70b3090eb",
            "messageTitle": "change gender equals",
            "messageBody": "",
            "insertions": 12,
            "deletions": 1
          },
          {
            "hash": "c88d655ee993576a3ae44b076b33e226eacd5177",
            "messageTitle": "fix grammer",
            "messageBody": "",
            "insertions": 1,
            "deletions": 1
          }
        ]
      },
      {
        "insertions": 309,
        "deletions": 8,
        "date": "2020-03-22",
        "commitResults": [
          {
            "hash": "e994df5f6679cf3178a7c42d72219cf26b193832",
            "messageTitle": "add Reps class",
            "messageBody": "",
            "insertions": 51,
            "deletions": 0
          },
          {
            "hash": "9dc84398d44249cf8d76f82bb9cfd241139ec259",
            "messageTitle": "add Sets class",
            "messageBody": "",
            "insertions": 51,
            "deletions": 0
          },
          {
            "hash": "f5924247f31ff28d62bfeff0383304673576d936",
            "messageTitle": "add ExerciseWeight class",
            "messageBody": "",
            "insertions": 51,
            "deletions": 0
          },
          {
            "hash": "077c3e27feb0f78507127fcced07b38af9f98a46",
            "messageTitle": "add ExerciseName class",
            "messageBody": "",
            "insertions": 51,
            "deletions": 0
          },
          {
            "hash": "087b2e4443922b61e6ffb880e2a87c0b4a486431",
            "messageTitle": "add Exercise class",
            "messageBody": "",
            "insertions": 96,
            "deletions": 1
          },
          {
            "hash": "a60cc46ce9212f6778b19d7257b8e12a20eee125",
            "messageTitle": "fix checkstyle",
            "messageBody": "",
            "insertions": 9,
            "deletions": 7
          }
        ]
      },
      {
        "insertions": 533,
        "deletions": 39,
        "date": "2020-03-23",
        "commitResults": [
          {
            "hash": "26f69ce820361b851c672bb6f447582889203b1b",
            "messageTitle": "change javadoc comments",
            "messageBody": "",
            "insertions": 3,
            "deletions": 3
          },
          {
            "hash": "eac576927d9cdb0cb3ded3dca83197bc88baf2ca",
            "messageTitle": "add exercise attributes to CliSyntax",
            "messageBody": "",
            "insertions": 3,
            "deletions": 0
          },
          {
            "hash": "6af8369f1b24d7ae9c3dc27e5dee43ea2b64d926",
            "messageTitle": "add add-e command",
            "messageBody": "",
            "insertions": 58,
            "deletions": 0
          },
          {
            "hash": "d245fed082567ab3a3a08cf334433c014efc6c3d",
            "messageTitle": "add add-e command parser and command class",
            "messageBody": "",
            "insertions": 132,
            "deletions": 0
          },
          {
            "hash": "857563b24d4c3967f447c2f8948dbe3224dc9422",
            "messageTitle": "change model to accept AddExerciseCommand",
            "messageBody": "",
            "insertions": 28,
            "deletions": 0
          },
          {
            "hash": "753df565d3287d68dd01f050faf04e0c6593ade5",
            "messageTitle": "fix checkstyle",
            "messageBody": "",
            "insertions": 28,
            "deletions": 10
          },
          {
            "hash": "609ab056b1fc7c1508df8bec13ac9ebbd4e911b9",
            "messageTitle": "add Date class",
            "messageBody": "",
            "insertions": 107,
            "deletions": 10
          },
          {
            "hash": "5e99cac3a6317ccc7fa34f1c18475ae8769475d3",
            "messageTitle": "fix checkstyle",
            "messageBody": "",
            "insertions": 4,
            "deletions": 3
          },
          {
            "hash": "e4f76d4bc4ce194519d128f9d56fec1bd2205e6f",
            "messageTitle": "add UniqueExerciseList and exceptions",
            "messageBody": "",
            "insertions": 170,
            "deletions": 13
          }
        ]
      },
      {
        "insertions": 297,
        "deletions": 76,
        "date": "2020-03-24",
        "commitResults": [
          {
            "hash": "72625a607000611b00bdecc5259109c4d086d5a4",
            "messageTitle": "change Exercise attributes naming for consistency",
            "messageBody": "",
            "insertions": 78,
            "deletions": 75
          },
          {
            "hash": "0af5f646c3d7cdae64aab3a07aa0ce00620e21b5",
            "messageTitle": "fun",
            "messageBody": "",
            "insertions": 219,
            "deletions": 1
          }
        ]
      },
      {
        "insertions": 90,
        "deletions": 17,
        "date": "2020-03-25",
        "commitResults": [
          {
            "hash": "f629a578afef4262b4d7cac4710eee53c44d1603",
            "messageTitle": "add new slide plane for view-c",
            "messageBody": "",
            "insertions": 90,
            "deletions": 17
          }
        ]
      },
      {
        "insertions": 199,
        "deletions": 23,
        "date": "2020-03-26",
        "commitResults": [
          {
            "hash": "9e9b431defb629ee770d25add8061888ec8a736c",
            "messageTitle": "Add schedule panel and card",
            "messageBody": "",
            "insertions": 150,
            "deletions": 0
          },
          {
            "hash": "cdf7f169ed47a98a120c47663c8dcd49bdad6b0d",
            "messageTitle": "change gui milestone 1",
            "messageBody": "",
            "insertions": 34,
            "deletions": 17
          },
          {
            "hash": "12fd6465bd43de209f29315b6eac92d5c3169920",
            "messageTitle": "remove unnecessary import",
            "messageBody": "",
            "insertions": 0,
            "deletions": 1
          },
          {
            "hash": "f90ec52a7d76a0e3ab3d7e83aa3791c009b3461b",
            "messageTitle": "change sport display",
            "messageBody": "",
            "insertions": 15,
            "deletions": 5
          }
        ]
      },
      {
        "insertions": 298,
        "deletions": 298,
        "date": "2020-03-27",
        "commitResults": [
          {
            "hash": "0c43801db36ce980d107565f56f781aa04b21f98",
            "messageTitle": "add implementation of ViewClient to GUI",
            "messageBody": "",
            "insertions": 151,
            "deletions": 187
          },
          {
            "hash": "b5606eaf79c3c8545455291fe2f5e7b68894217a",
            "messageTitle": "change better implementation of ViewClient",
            "messageBody": "",
            "insertions": 104,
            "deletions": 74
          },
          {
            "hash": "f1cc05aacc1c684a071bbe9fbe2ecc17579b27e1",
            "messageTitle": "change ViewClient to ClientView",
            "messageBody": "",
            "insertions": 43,
            "deletions": 37
          }
        ]
      },
      {
        "insertions": 405,
        "deletions": 298,
        "date": "2020-03-28",
        "commitResults": [
          {
            "hash": "d28ab5f2aa2e3d733235a586a1e7c623f44db903",
            "messageTitle": "add Exercise to GUI (in progess)",
            "messageBody": "",
            "insertions": 200,
            "deletions": 5
          },
          {
            "hash": "83f83c666cf72b902b41c5a8581885866da79920",
            "messageTitle": "add ExerciseList to GUI (complete)",
            "messageBody": "",
            "insertions": 32,
            "deletions": 39
          },
          {
            "hash": "bdac59ffecfc36961d6bfe934cc9550df4780dcb",
            "messageTitle": "create TableView for ExerciseList",
            "messageBody": "",
            "insertions": 88,
            "deletions": 34
          },
          {
            "hash": "c8eeba8f6f864ad237baaa5a23783c25b1cfe4e7",
            "messageTitle": "hook exerciseListTable to GUI",
            "messageBody": "",
            "insertions": 28,
            "deletions": 136
          },
          {
            "hash": "e13f471712a2a443fcf25ff19c90fa996c3505be",
            "messageTitle": "fix margin in GUI",
            "messageBody": "",
            "insertions": 4,
            "deletions": 1
          },
          {
            "hash": "f24a17d2ba5b585ea62b823784895a765375faaf",
            "messageTitle": "fix edit-c after view-c",
            "messageBody": "",
            "insertions": 18,
            "deletions": 3
          },
          {
            "hash": "34f99078969e6e6ce25f8930e090b18fa4a3dd1b",
            "messageTitle": "move non-essential details out of ClientCard",
            "messageBody": "",
            "insertions": 8,
            "deletions": 46
          },
          {
            "hash": "15df82646d1c3212a1fb1597a833cf6cfbc0ea4f",
            "messageTitle": "streamline GUI",
            "messageBody": "",
            "insertions": 27,
            "deletions": 34
          }
        ]
      },
      {
        "insertions": 337,
        "deletions": 195,
        "date": "2020-03-30",
        "commitResults": [
          {
            "hash": "1b431bc07ce8e5c1ffd643c715927151274182ea",
            "messageTitle": "add javadocs part 1",
            "messageBody": "",
            "insertions": 59,
            "deletions": 29
          },
          {
            "hash": "a27b066ad97468899c12ff9d06553e5ba1212eee",
            "messageTitle": "change \"Name\" title to \"Exercise\" in GUI",
            "messageBody": "",
            "insertions": 1,
            "deletions": 1
          },
          {
            "hash": "b652506fcaf662778503e00d95857f383a394237",
            "messageTitle": "change size of exerciseListTable",
            "messageBody": "",
            "insertions": 5,
            "deletions": 5
          },
          {
            "hash": "9e3db8d53944262a3c934cbbe443c0bcffd642b7",
            "messageTitle": "add javadocs for client displayed in view-c GUI",
            "messageBody": "",
            "insertions": 26,
            "deletions": 5
          },
          {
            "hash": "4a3f93689ffe35878873d09c54b3f66b8d5ff1c8",
            "messageTitle": "add PBtable in GUI",
            "messageBody": "",
            "insertions": 40,
            "deletions": 135
          },
          {
            "hash": "8d26ed18043fe79d8350937fbdb71da764ddf81d",
            "messageTitle": "remove unnecessary border in ViewClientDisplay",
            "messageBody": "",
            "insertions": 2,
            "deletions": 2
          },
          {
            "hash": "f66a95477333d0ec6f88781d2717aabb8ce59489",
            "messageTitle": "fix checkstyle",
            "messageBody": "",
            "insertions": 11,
            "deletions": 12
          },
          {
            "hash": "f6999fd49c0e1e76a018cc8c773a01bf474e2489",
            "messageTitle": "change valid regrex for exerciseName",
            "messageBody": "",
            "insertions": 1,
            "deletions": 1
          },
          {
            "hash": "e21359bac909f7cb69dfd3d3867e3104953e4e8c",
            "messageTitle": "add ExerciseNameTest",
            "messageBody": "",
            "insertions": 40,
            "deletions": 0
          },
          {
            "hash": "f7c373be90fd01970706abf40226b5b0902ff5f5",
            "messageTitle": "fix CliSyntax for addExerciseCommand",
            "messageBody": "",
            "insertions": 2,
            "deletions": 2
          },
          {
            "hash": "20c5bdfebbdadb465465857f34fc88fa9768b78a",
            "messageTitle": "add ExerciseRepsTest",
            "messageBody": "",
            "insertions": 49,
            "deletions": 0
          },
          {
            "hash": "eacee8c2af91b06c4d566b7feda1d6903d3cf1a4",
            "messageTitle": "add ExerciseWeightTest",
            "messageBody": "",
            "insertions": 52,
            "deletions": 3
          },
          {
            "hash": "77bfdd43c0f1f4b1d1c04199ddc1694b6bdd8c07",
            "messageTitle": "add ExerciseSetsTest",
            "messageBody": "",
            "insertions": 49,
            "deletions": 0
          }
        ]
      },
      {
        "insertions": 724,
        "deletions": 52,
        "date": "2020-03-31",
        "commitResults": [
          {
            "hash": "6f42f7df183b9b4e24778d96a696e19e5bc9738b",
            "messageTitle": "fix javadocs for Exercise",
            "messageBody": "",
            "insertions": 1,
            "deletions": 1
          },
          {
            "hash": "13728c19710e174f19373ad4213d959a97a673e0",
            "messageTitle": "add ExerciseTest: ExerciseTest, ExerciseDateTest, UniqueExerciseListTest",
            "messageBody": "",
            "insertions": 555,
            "deletions": 0
          },
          {
            "hash": "fd4a080ff85d49f6b700dffedded730832b4d330",
            "messageTitle": "fix checkstyle",
            "messageBody": "",
            "insertions": 25,
            "deletions": 24
          },
          {
            "hash": "a1537868d6439065d3e7af3b32f55087c923b418",
            "messageTitle": "remove index from AddExerciseCommand",
            "messageBody": "",
            "insertions": 1,
            "deletions": 2
          },
          {
            "hash": "57d17e8de40d23be02bf7a5bfe5733137682f706",
            "messageTitle": "fix find-c -\u003e view-c -\u003e add-e",
            "messageBody": "",
            "insertions": 0,
            "deletions": 1
          },
          {
            "hash": "978f152f124d42fb0b1b2c9bf9f41e425dfa9ebe",
            "messageTitle": "fix message usage",
            "messageBody": "",
            "insertions": 2,
            "deletions": 3
          },
          {
            "hash": "8d2fbec246f7a2bdf95809f47c0e6f2119bc850e",
            "messageTitle": "add DeleteExerciseCommand",
            "messageBody": "",
            "insertions": 110,
            "deletions": 1
          },
          {
            "hash": "933650f35a1ff570c4c2bf0832d8f62a0645d51c",
            "messageTitle": "add Index of exercise in table",
            "messageBody": "",
            "insertions": 10,
            "deletions": 1
          },
          {
            "hash": "47dfb7896ef9ebaca697efaf04de0af41ba1badf",
            "messageTitle": "fix checkstyle",
            "messageBody": "",
            "insertions": 9,
            "deletions": 6
          },
          {
            "hash": "77afbecb3326d550138288cd2e5d610d043efb07",
            "messageTitle": "rearrange UI",
            "messageBody": "",
            "insertions": 10,
            "deletions": 12
          },
          {
            "hash": "93aa74cfbb31b22b7627289dd0a95fea1fc580d5",
            "messageTitle": "change index to #",
            "messageBody": "",
            "insertions": 1,
            "deletions": 1
          }
        ]
      },
      {
        "insertions": 235,
        "deletions": 71,
        "date": "2020-04-01",
        "commitResults": [
          {
            "hash": "77bfc08da69b8ac741d0aa85d7e28e7397992e35",
            "messageTitle": "add tests",
            "messageBody": "",
            "insertions": 177,
            "deletions": 25
          },
          {
            "hash": "36d2d320939cd8f934cde01cd7e3cc4c5ac0e811",
            "messageTitle": "change to ScrollPane and fix text wrapping",
            "messageBody": "",
            "insertions": 55,
            "deletions": 42
          },
          {
            "hash": "ead81f091d1be2c86a8b775866913e09797e79bb",
            "messageTitle": "fix text wrap too short",
            "messageBody": "",
            "insertions": 2,
            "deletions": 3
          },
          {
            "hash": "55d5e8c6d6054eb251d31609264666c002807905",
            "messageTitle": "reduce exercise column min length",
            "messageBody": "",
            "insertions": 1,
            "deletions": 1
          }
        ]
      },
      {
        "insertions": 215,
        "deletions": 65,
        "date": "2020-04-02",
        "commitResults": [
          {
            "hash": "200255f653844d1e990929316f549719ae0c292d",
            "messageTitle": "fix merge issues",
            "messageBody": "",
            "insertions": 14,
            "deletions": 11
          },
          {
            "hash": "87da3654fb61ef473d384e2f830e2aca604edd1f",
            "messageTitle": "hook personal bests to GUI",
            "messageBody": "",
            "insertions": 99,
            "deletions": 23
          },
          {
            "hash": "9d355a8461ef5a516118446653e93e49ba7b0e6e",
            "messageTitle": "fix size of personal best table in GUI",
            "messageBody": "",
            "insertions": 15,
            "deletions": 15
          },
          {
            "hash": "ec65e03428eff0ef49febd94f0fe9ad9e4124531",
            "messageTitle": "add tests for DeleteExerciseCommandParser",
            "messageBody": "",
            "insertions": 33,
            "deletions": 0
          },
          {
            "hash": "87646a889dcfa0f9fc4298f5f397cdeb2d7f82e7",
            "messageTitle": "fix clear command",
            "messageBody": "",
            "insertions": 45,
            "deletions": 9
          },
          {
            "hash": "d5638a0e79382d16e11e4e5ee1af808db81e8215",
            "messageTitle": "move column heading to fxml",
            "messageBody": "",
            "insertions": 5,
            "deletions": 6
          },
          {
            "hash": "8ddb143ade46f11066410898fbd03e7c31039a1a",
            "messageTitle": "fix checkstyle",
            "messageBody": "",
            "insertions": 1,
            "deletions": 1
          },
          {
            "hash": "716f8595c6201c8c5d66fba9039c1df92d6f9c60",
            "messageTitle": "fix clientInView",
            "messageBody": "",
            "insertions": 3,
            "deletions": 0
          }
        ]
      }
    ],
    "ziyingli": [
      {
        "insertions": 130,
        "deletions": 2,
        "date": "2020-03-10",
        "commitResults": [
          {
            "hash": "3e07fc4f4311ad607b52eca16b4360e50d5bdab3",
            "messageTitle": "Add Height attribute class and tests",
            "messageBody": "",
            "insertions": 107,
            "deletions": 0
          },
          {
            "hash": "9c0052f16f593b98d0ce25ec5fef2d6d2f406ed7",
            "messageTitle": "Fix checkstyle",
            "messageBody": "",
            "insertions": 2,
            "deletions": 2
          },
          {
            "hash": "cc1d757406a1a6e0d0d45d5ce633d5efd8a819a0",
            "messageTitle": "Add tests for equals and hashCode",
            "messageBody": "",
            "insertions": 19,
            "deletions": 0
          },
          {
            "hash": "4f60ef418e49024f8999ee849241930193c56195",
            "messageTitle": "Add require non null",
            "messageBody": "",
            "insertions": 2,
            "deletions": 0
          }
        ]
      },
      {
        "insertions": 43,
        "deletions": 1,
        "date": "2020-03-12",
        "commitResults": [
          {
            "hash": "ce5f9a904ef833a90ed52dc3d32d6fe5e945c29c",
            "messageTitle": "Add parseHeight() and tests",
            "messageBody": "",
            "insertions": 42,
            "deletions": 0
          },
          {
            "hash": "9de7a9e015ffb8df6094f93d5fde7c95e9ce8b1b",
            "messageTitle": "Remove trailing whitespace",
            "messageBody": "",
            "insertions": 1,
            "deletions": 1
          }
        ]
      },
      {
        "insertions": 90,
        "deletions": 61,
        "date": "2020-03-16",
        "commitResults": [
          {
            "hash": "283ba265c2c0ec7236b48f2f3a5fe40c85f6bf27",
            "messageTitle": "Fix checkstyle",
            "messageBody": "",
            "insertions": 1,
            "deletions": 1
          },
          {
            "hash": "78697d70ca212219991f219e26a5a2316518f280",
            "messageTitle": "Change Add and Edit commands",
            "messageBody": "",
            "insertions": 53,
            "deletions": 16
          },
          {
            "hash": "f4fd3114a845454b6c61a7e828bea783f8ce9272",
            "messageTitle": "Change JsonAdaptedClient",
            "messageBody": "",
            "insertions": 15,
            "deletions": 3
          },
          {
            "hash": "94d0c607c3caece053decc9c38eda0c94d67fa05",
            "messageTitle": "Wip",
            "messageBody": "",
            "insertions": 12,
            "deletions": 33
          },
          {
            "hash": "f2dddbda8f88c007a95feafbc52456b081c9799d",
            "messageTitle": "Solve bugs",
            "messageBody": "",
            "insertions": 1,
            "deletions": 1
          },
          {
            "hash": "061aa9026546876f5c84f865939e647a434f4875",
            "messageTitle": "Fix checkstyle",
            "messageBody": "",
            "insertions": 8,
            "deletions": 7
          }
        ]
      },
      {
        "insertions": 1,
        "deletions": 1,
        "date": "2020-03-24",
        "commitResults": [
          {
            "hash": "01d124a9f6365b377d7d608635929b3f192682a1",
            "messageTitle": "Change default gender",
            "messageBody": "",
            "insertions": 1,
            "deletions": 1
          }
        ]
      },
      {
        "insertions": 92,
        "deletions": 5,
        "date": "2020-03-26",
        "commitResults": [
          {
            "hash": "50d4ec0b98344061b2a481483beca7e8d0092000",
            "messageTitle": "Add view-c",
            "messageBody": "",
            "insertions": 57,
            "deletions": 0
          },
          {
            "hash": "a316c755cd4a728e6b3681b378108e9176dd7671",
            "messageTitle": "Add parser for view-c",
            "messageBody": "",
            "insertions": 35,
            "deletions": 5
          }
        ]
      },
      {
        "insertions": 102,
        "deletions": 1,
        "date": "2020-03-27",
        "commitResults": [
          {
            "hash": "1775dedc02c2e97ad4ac5f15bf3edb93a9a2f054",
            "messageTitle": "Add tests for view-c",
            "messageBody": "",
            "insertions": 102,
            "deletions": 1
          }
        ]
      },
      {
        "insertions": 41,
        "deletions": 4,
        "date": "2020-03-29",
        "commitResults": [
          {
            "hash": "1318036168ac4f45b7482b64f129a34393869271",
            "messageTitle": "Fix max length of height",
            "messageBody": "",
            "insertions": 41,
            "deletions": 4
          }
        ]
      },
      {
        "insertions": 93,
        "deletions": 6,
        "date": "2020-03-31",
        "commitResults": [
          {
            "hash": "2eb7191d313359ceb5f0bd92515048466336d374",
            "messageTitle": "Wip: pb implementation",
            "messageBody": "",
            "insertions": 69,
            "deletions": 0
          },
          {
            "hash": "ddf8507185827be39db9b438352218bd39e53131",
            "messageTitle": "Update pb method",
            "messageBody": "",
            "insertions": 24,
            "deletions": 6
          }
        ]
      },
      {
        "insertions": 134,
        "deletions": 102,
        "date": "2020-04-01",
        "commitResults": [
          {
            "hash": "3efdd68c699843f6cbad50b6748e503e9115d88e",
            "messageTitle": "Can display pb",
            "messageBody": "",
            "insertions": 16,
            "deletions": 37
          },
          {
            "hash": "1d2e4c00477b49798eb2dc157bedaed69c1bf26c",
            "messageTitle": "Change pbfinder logic",
            "messageBody": "",
            "insertions": 38,
            "deletions": 10
          },
          {
            "hash": "571cabe14c6175cc5bd23956733bf52a0841eee0",
            "messageTitle": "Put Pbfinder under statistics",
            "messageBody": "",
            "insertions": 5,
            "deletions": 6
          },
          {
            "hash": "0af23b5aec346f52c4e4517606dad6f6fb01c04c",
            "messageTitle": "Refactor PB into Client",
            "messageBody": "",
            "insertions": 39,
            "deletions": 31
          },
          {
            "hash": "239e589b5415b43dc1b55c1c65eefe5c8cf350db",
            "messageTitle": "Put convertToInt in model",
            "messageBody": "",
            "insertions": 25,
            "deletions": 10
          },
          {
            "hash": "6e5c60d78f564d47a965bb47f4016f26f16756da",
            "messageTitle": "Change data structure to ObservableList",
            "messageBody": "",
            "insertions": 9,
            "deletions": 5
          },
          {
            "hash": "f312af91f7952e26065d937be1213f71f5a35360",
            "messageTitle": "Fix checkstyle",
            "messageBody": "",
            "insertions": 2,
            "deletions": 3
          }
        ]
      },
      {
        "insertions": 91,
        "deletions": 35,
        "date": "2020-04-02",
        "commitResults": [
          {
            "hash": "d737470a8efbb6b72d23da24eb50ddced364bc70",
            "messageTitle": "Add javadocs and fix checkstyle",
            "messageBody": "",
            "insertions": 21,
            "deletions": 6
          },
          {
            "hash": "45568f119b4c7860a5455c35710a56ec9633783a",
            "messageTitle": "Fix build error",
            "messageBody": "",
            "insertions": 3,
            "deletions": 1
          },
          {
            "hash": "349cbb9712dcbcc5a4ba8d30d875a476fefca7e5",
            "messageTitle": "Add pb for delete-e",
            "messageBody": "",
            "insertions": 10,
            "deletions": 1
          },
          {
            "hash": "a27effef10bee83fcd16b8212752778fe7e05843",
            "messageTitle": "Make code more OOP",
            "messageBody": "",
            "insertions": 20,
            "deletions": 22
          },
          {
            "hash": "eac7d915a42cb5dca5bccec3c691f5981dc17a0d",
            "messageTitle": "Fix checkstyle",
            "messageBody": "",
            "insertions": 1,
            "deletions": 1
          },
          {
            "hash": "b78b795f47cf4a3830af14ff5a238ea3831d3614",
            "messageTitle": "Fix checkstyle",
            "messageBody": "",
            "insertions": 4,
            "deletions": 4
          },
          {
            "hash": "c555021ddff251ff556f544b13b35203d01fa0bd",
            "messageTitle": "Add tests for ViewCommandParser",
            "messageBody": "",
            "insertions": 32,
            "deletions": 0
          }
        ]
      }
    ],
    "tohkerwei": [
      {
        "insertions": 89,
        "deletions": 0,
        "date": "2020-03-10",
        "commitResults": [
          {
            "hash": "f9a3593d9191a41e390fc5b7812a6ba720ddf66c",
            "messageTitle": "Added Sports class and SportsTest class",
            "messageBody": "",
            "insertions": 89,
            "deletions": 0
          }
        ]
      },
      {
        "insertions": 28,
        "deletions": 1,
        "date": "2020-03-11",
        "commitResults": [
          {
            "hash": "ede0d4b249ffff658bd2e189cea7df00e864a1bb",
            "messageTitle": "more test cases added for sports test",
            "messageBody": "",
            "insertions": 2,
            "deletions": 0
          },
          {
            "hash": "755e8870be3ce78913ffd7fadbd07b3921b5bdb5",
            "messageTitle": "added even more test",
            "messageBody": "",
            "insertions": 2,
            "deletions": 0
          },
          {
            "hash": "9636ae78b996c581c73bc3ec1475b1fb596c6789",
            "messageTitle": "more test cases",
            "messageBody": "",
            "insertions": 5,
            "deletions": 1
          },
          {
            "hash": "dfe19ce5328c358ff9c7a5e457bb2f4c86ff3e26",
            "messageTitle": "Add test for equals and hashcode",
            "messageBody": "",
            "insertions": 19,
            "deletions": 0
          }
        ]
      },
      {
        "insertions": 78,
        "deletions": 83,
        "date": "2020-03-12",
        "commitResults": [
          {
            "hash": "5eb9fab4a53fae9dcb40c56bb78385aa5b944bed",
            "messageTitle": "Changed Sports to one sport per instance",
            "messageBody": "",
            "insertions": 3,
            "deletions": 8
          },
          {
            "hash": "a25e482c2635e3e0b5bd5d656c2a93786539f9d5",
            "messageTitle": "Updated regex",
            "messageBody": "",
            "insertions": 1,
            "deletions": 1
          },
          {
            "hash": "12cb6da35786e13c2991c7dc50483750aa80964c",
            "messageTitle": "Changed Sports to Sport",
            "messageBody": "",
            "insertions": 74,
            "deletions": 74
          }
        ]
      },
      {
        "insertions": 111,
        "deletions": 44,
        "date": "2020-03-16",
        "commitResults": [
          {
            "hash": "174a63463cebfeecb0473e108c7abffbbea23b4e",
            "messageTitle": "Changed SportAttributeParserUtil",
            "messageBody": "",
            "insertions": 83,
            "deletions": 29
          },
          {
            "hash": "2ea1d6f207b67adc0a6661f2e437bcc770ba4569",
            "messageTitle": "Fix error for build",
            "messageBody": "",
            "insertions": 28,
            "deletions": 15
          }
        ]
      },
      {
        "insertions": 2,
        "deletions": 2,
        "date": "2020-03-17",
        "commitResults": [
          {
            "hash": "e66874898541125d71b5a41f12ba38f3e70b3450",
            "messageTitle": "Fix error",
            "messageBody": "",
            "insertions": 2,
            "deletions": 2
          }
        ]
      },
      {
        "insertions": 100,
        "deletions": 38,
        "date": "2020-03-18",
        "commitResults": [
          {
            "hash": "7ca346eb5d68220d352661f084b9db4b8ef78ab0",
            "messageTitle": "Edit Sport and fix error",
            "messageBody": "",
            "insertions": 52,
            "deletions": 38
          },
          {
            "hash": "4f88bac886116f8b669bd46bc9b127a0658fdcfb",
            "messageTitle": "Add JsonAdaptedSport",
            "messageBody": "",
            "insertions": 48,
            "deletions": 0
          }
        ]
      },
      {
        "insertions": 130,
        "deletions": 11,
        "date": "2020-03-24",
        "commitResults": [
          {
            "hash": "52b37c9a4e57bf7fa2807601f0c8f37c3023debd",
            "messageTitle": "Created ScheduleCommand and ScheduleCommandParser class Updated ParserUtil and Schedule class",
            "messageBody": "",
            "insertions": 130,
            "deletions": 11
          }
        ]
      },
      {
        "insertions": 569,
        "deletions": 149,
        "date": "2020-03-26",
        "commitResults": [
          {
            "hash": "d0c1cac26fc3841ceeddff72b84a8127313fa7d6",
            "messageTitle": "Added Schedule attributes as classes Fixed ScheduleCommand and parser Added and edited some json files",
            "messageBody": "",
            "insertions": 569,
            "deletions": 149
          }
        ]
      },
      {
        "insertions": 47,
        "deletions": 27,
        "date": "2020-03-29",
        "commitResults": [
          {
            "hash": "de0dbbe6ef986474640134b56549e1fdfff9ad3f",
            "messageTitle": "Edited Storage and Test",
            "messageBody": "",
            "insertions": 45,
            "deletions": 25
          },
          {
            "hash": "f2c78fd80a03ac5e415425543bafd8d1f6ff1af1",
            "messageTitle": "Update StartTime.java",
            "messageBody": "",
            "insertions": 1,
            "deletions": 1
          },
          {
            "hash": "c7bd8fa06520cf65c45c98974019a15e30c9fabf",
            "messageTitle": "Update ScheduleList.java",
            "messageBody": "",
            "insertions": 1,
            "deletions": 1
          }
        ]
      },
      {
        "insertions": 96,
        "deletions": 132,
        "date": "2020-04-01",
        "commitResults": [
          {
            "hash": "e925dd3c78456eb56f9dbf153f9cb1be6ca380df",
            "messageTitle": "Abstracted Time",
            "messageBody": "",
            "insertions": 96,
            "deletions": 132
          }
        ]
      },
      {
        "insertions": 1388,
        "deletions": 191,
        "date": "2020-04-02",
        "commitResults": [
          {
            "hash": "f2cd38ac167fc18823792bdf3167f1ee2cf1865f",
            "messageTitle": "pull master",
            "messageBody": "",
            "insertions": 352,
            "deletions": 154
          },
          {
            "hash": "7a30594987696c3708a965e6118a48f2e442d087",
            "messageTitle": "old files",
            "messageBody": "",
            "insertions": 917,
            "deletions": 0
          },
          {
            "hash": "a0d629ca09da5b10ec5c4f8e912f0a57ded5b737",
            "messageTitle": "Added test for ScheduleCommandParser",
            "messageBody": "",
            "insertions": 91,
            "deletions": 5
          },
          {
            "hash": "bc16bdb3eb9618efe3cfef80deff26ffa257855b",
            "messageTitle": "Fixed build error",
            "messageBody": "",
            "insertions": 0,
            "deletions": 13
          },
          {
            "hash": "6c10f33901d046a32df5012e1f660a97be95ce0b",
            "messageTitle": "Fixed more build errors",
            "messageBody": "",
            "insertions": 28,
            "deletions": 19
          }
        ]
      }
    ],
    "Dban1": [
      {
        "insertions": 47,
        "deletions": 2,
        "date": "2020-02-21",
        "commitResults": [
          {
            "hash": "5bd1d7799d707fa568580780891f65207bbf68c1",
            "messageTitle": "-added Features 3.13 to 3.16 to UserGuideDraft.md",
            "messageBody": "",
            "insertions": 47,
            "deletions": 2
          }
        ]
      },
      {
        "insertions": 1246,
        "deletions": 1244,
        "date": "2020-03-06",
        "commitResults": [
          {
            "hash": "1ea5fc445a5102636b6faf0d2f7947d9b4ab7332",
            "messageTitle": "-changed Person to Client",
            "messageBody": "",
            "insertions": 1246,
            "deletions": 1244
          }
        ]
      },
      {
        "insertions": 106,
        "deletions": 0,
        "date": "2020-03-09",
        "commitResults": [
          {
            "hash": "cc841ba966c71066f4b4994da2e17f9d365a641b",
            "messageTitle": "-implemented Birthday attribute in model -implemented BirthdayTest",
            "messageBody": "",
            "insertions": 106,
            "deletions": 0
          }
        ]
      },
      {
        "insertions": 13,
        "deletions": 2,
        "date": "2020-03-10",
        "commitResults": [
          {
            "hash": "ef5c6a90db9e8d657121338ab487e652d9dbf7e7",
            "messageTitle": "-more test",
            "messageBody": "",
            "insertions": 13,
            "deletions": 2
          }
        ]
      },
      {
        "insertions": 46,
        "deletions": 39,
        "date": "2020-03-12",
        "commitResults": [
          {
            "hash": "6c6f81c1a9eb1a4431c07599f5490f62c00b8155",
            "messageTitle": "-included `requireNonNull` in Birthday constructor",
            "messageBody": "",
            "insertions": 2,
            "deletions": 0
          },
          {
            "hash": "55e643500da835e1deb63cf3bc07732f3ccfdfc9",
            "messageTitle": "Update ParserUtil to support Birthday attribute",
            "messageBody": "",
            "insertions": 44,
            "deletions": 39
          }
        ]
      },
      {
        "insertions": 129,
        "deletions": 59,
        "date": "2020-03-13",
        "commitResults": [
          {
            "hash": "13b4439bcee86d72795d100901abcfc01a6cc5b4",
            "messageTitle": "Further integrated Birthday attribute into the AddCommand and EditCommand",
            "messageBody": "",
            "insertions": 129,
            "deletions": 59
          }
        ]
      },
      {
        "insertions": 1,
        "deletions": 1,
        "date": "2020-03-16",
        "commitResults": [
          {
            "hash": "6d1ccaf90640a6bbe4a58a0916e480a727abcefd",
            "messageTitle": "Edited Help url to FitBiz User Guide.",
            "messageBody": "",
            "insertions": 1,
            "deletions": 1
          }
        ]
      },
      {
        "insertions": 3,
        "deletions": 1,
        "date": "2020-03-19",
        "commitResults": [
          {
            "hash": "e9d58c9f11f4a73a4604c47f83f0f1893a3d053f",
            "messageTitle": "Updated URL of Help Window to reflect FitBiz User Guide.",
            "messageBody": "",
            "insertions": 3,
            "deletions": 1
          }
        ]
      },
      {
        "insertions": 164,
        "deletions": 10,
        "date": "2020-03-23",
        "commitResults": [
          {
            "hash": "4f52ef9152453ae9f06980a63942463a83dbfc41",
            "messageTitle": "Created Schedule class and DayEnum",
            "messageBody": "",
            "insertions": 63,
            "deletions": 0
          },
          {
            "hash": "a705458a206fd9cfd3baae27d52738b336707909",
            "messageTitle": "Pre-emptively finished up the basics and checkstyling for Schedule and DayEnum.",
            "messageBody": "",
            "insertions": 101,
            "deletions": 10
          }
        ]
      },
      {
        "insertions": 26,
        "deletions": 2,
        "date": "2020-03-25",
        "commitResults": [
          {
            "hash": "74134b97aa2b3445f127e108ed00f65adcf6944a",
            "messageTitle": "Slight changes to execute method for ScheduleCommand",
            "messageBody": "",
            "insertions": 26,
            "deletions": 2
          }
        ]
      },
      {
        "insertions": 16,
        "deletions": 4,
        "date": "2020-03-26",
        "commitResults": [
          {
            "hash": "d87ad1298d5a550e94bfe32bca58b6a530148ca4",
            "messageTitle": "Added ScheduleCommand to AddressBookParser and slightly formatted Schedule command usage instructions.",
            "messageBody": "",
            "insertions": 6,
            "deletions": 1
          },
          {
            "hash": "507e779785bf8549ff3aa0a4bb579752c7226ee1",
            "messageTitle": "Fixed up preamble and prefix checking",
            "messageBody": "",
            "insertions": 10,
            "deletions": 3
          }
        ]
      },
      {
        "insertions": 138,
        "deletions": 43,
        "date": "2020-03-27",
        "commitResults": [
          {
            "hash": "bb4ed30fd028fe9c3cfc9e04a3f0190c150d7697",
            "messageTitle": "Working on time validation",
            "messageBody": "",
            "insertions": 10,
            "deletions": 3
          },
          {
            "hash": "51d7a74a9aa9a00c2c15b05168e5e5b8113c43c1",
            "messageTitle": "Almost done with bug fixes",
            "messageBody": "",
            "insertions": 95,
            "deletions": 24
          },
          {
            "hash": "7f7156f83aec4b59971e85aa35dec846274634b7",
            "messageTitle": "Fixed length Start/End time argument length check - fixed unchecked/unsafe operations",
            "messageBody": "",
            "insertions": 4,
            "deletions": 2
          },
          {
            "hash": "93d0e27b0e3e47a6e774abd6ecb22ba2511e48cd",
            "messageTitle": "CheckstyleMain touch up",
            "messageBody": "",
            "insertions": 29,
            "deletions": 14
          }
        ]
      },
      {
        "insertions": 6,
        "deletions": 1,
        "date": "2020-03-28",
        "commitResults": [
          {
            "hash": "53e98c399abcd09220c4cd64e53552ff76286318",
            "messageTitle": "Fixed different day + overlapping HHmm bug",
            "messageBody": "",
            "insertions": 6,
            "deletions": 1
          }
        ]
      },
      {
        "insertions": 73,
        "deletions": 20,
        "date": "2020-03-29",
        "commitResults": [
          {
            "hash": "40900cc2c031abcd837290f460b8ef7aec34634d",
            "messageTitle": "Todo: Finish up Deep Clone implementation for Schedule testing",
            "messageBody": "",
            "insertions": 73,
            "deletions": 20
          }
        ]
      },
      {
        "insertions": 22,
        "deletions": 16,
        "date": "2020-03-30",
        "commitResults": [
          {
            "hash": "f8a2522401923cb455c625f2e0bdd98c66394caa",
            "messageTitle": "Made the merge between Exercise and Schedule runnable.",
            "messageBody": "",
            "insertions": 22,
            "deletions": 16
          }
        ]
      },
      {
        "insertions": 156,
        "deletions": 19,
        "date": "2020-03-31",
        "commitResults": [
          {
            "hash": "46aaa45ba106845b31aa70a7a959083bd711aef7",
            "messageTitle": "Continued work on Schedule GUI. - SchedulePanel now shows DayName - TODO: Finish up by showing the Day Schedule in each ScheduleCard",
            "messageBody": "",
            "insertions": 154,
            "deletions": 18
          },
          {
            "hash": "493d800213c4b2fa92cf93bb20bfdf31572a5615",
            "messageTitle": "Fixed wrong constructor for an example case",
            "messageBody": "",
            "insertions": 2,
            "deletions": 1
          }
        ]
      },
      {
        "insertions": 170,
        "deletions": 111,
        "date": "2020-04-01",
        "commitResults": [
          {
            "hash": "f655a5f269adb85b906e397688932ccdbb0ad1b9",
            "messageTitle": "Updated ScheduleCard and SchedulePanel to have barebones functions - dynamic resize - collation across all clients - sorted times",
            "messageBody": "",
            "insertions": 26,
            "deletions": 34
          },
          {
            "hash": "9a7aa48ddb885d262780f5dbe2adff2202834393",
            "messageTitle": "SchedulePanel refresh on any command",
            "messageBody": "",
            "insertions": 59,
            "deletions": 9
          },
          {
            "hash": "16e49dbdb944a13d3ad84e39c6eacb4dfe52969c",
            "messageTitle": "Fixed checkstyle for Main",
            "messageBody": "",
            "insertions": 84,
            "deletions": 64
          },
          {
            "hash": "e5e2eb7825b4c5f2bf72dfd0d64de6594c829a06",
            "messageTitle": "Slight changes",
            "messageBody": "",
            "insertions": 1,
            "deletions": 4
          }
        ]
      },
      {
        "insertions": 435,
        "deletions": 151,
        "date": "2020-04-02",
        "commitResults": [
          {
            "hash": "c57c2a58ce56c731414f56e3b8da07bf0708021a",
            "messageTitle": "Slight checkstyle changes",
            "messageBody": "",
            "insertions": 8,
            "deletions": 8
          },
          {
            "hash": "06d2663153e57863f17da655c231baee54a558dc",
            "messageTitle": "Allow for removal of Schedule via empty command eg. \"schedule 1\" Calibrated scaling of SchedulePanel under realistically large loads",
            "messageBody": "",
            "insertions": 5,
            "deletions": 5
          },
          {
            "hash": "622b762a1555fc2939f18868ce1448f3265ef108",
            "messageTitle": "Travis fix attempt EOF for ClientView.fxml",
            "messageBody": "",
            "insertions": 1,
            "deletions": 1
          },
          {
            "hash": "8257fae59c2a60d80f85f0cdd38295c245e6eb07",
            "messageTitle": "Continued efforts on this wanky EOF",
            "messageBody": "",
            "insertions": 1,
            "deletions": 0
          },
          {
            "hash": "90699012131db69c0d1939e52138b2165608fdf3",
            "messageTitle": "Updated example usage for schedule from d/ to day/",
            "messageBody": "",
            "insertions": 1,
            "deletions": 1
          },
          {
            "hash": "a3e482fdd94babc78776f3d27e88e89c867c1409",
            "messageTitle": "Started work on ScheduleCommandTest",
            "messageBody": "",
            "insertions": 39,
            "deletions": 6
          },
          {
            "hash": "3689b31c1d536f7c414fdbfaa28978aacba3bd2c",
            "messageTitle": "Added a basic ScheduleBuilder",
            "messageBody": "",
            "insertions": 84,
            "deletions": 0
          },
          {
            "hash": "6b6050523ab42f32288d4decdd52cf3e9feec547",
            "messageTitle": "Further work on ScheduleCommandTest",
            "messageBody": "",
            "insertions": 6,
            "deletions": 6
          },
          {
            "hash": "1451d14494ad4714510b08de132e98c4951ee638",
            "messageTitle": "Made tests for Day.java",
            "messageBody": "",
            "insertions": 57,
            "deletions": 4
          },
          {
            "hash": "d7b240193258f3dd79fc8a2963e21246324bd837",
            "messageTitle": "Implemented more tests",
            "messageBody": "",
            "insertions": 70,
            "deletions": 1
          },
          {
            "hash": "328a196cee14b50801ad0ad550ae56a53d2ca98e",
            "messageTitle": "Fixed Checkstyle errors",
            "messageBody": "",
            "insertions": 15,
            "deletions": 8
          },
          {
            "hash": "bfcf219845a1860234923b1ebc55d166a8063503",
            "messageTitle": "Working on JsonSchedule",
            "messageBody": "",
            "insertions": 37,
            "deletions": 0
          },
          {
            "hash": "3c019e9c96ee7f3a4c60d3a3a432f9c1409279da",
            "messageTitle": "no message",
            "messageBody": "",
            "insertions": 33,
            "deletions": 33
          },
          {
            "hash": "97870a8553378e9fe25c25deee961f661f7b0b22",
            "messageTitle": "Emergency commit",
            "messageBody": "",
            "insertions": 78,
            "deletions": 78
          }
        ]
      },
      {
        "insertions": 1,
        "deletions": 1,
        "date": "2020-04-03",
        "commitResults": [
          {
            "hash": "23c2f57c5e37998c6d75f95796160a9e20a750dd",
            "messageTitle": "Fixed erroneuous description for Schedule denomination.",
            "messageBody": "",
            "insertions": 1,
            "deletions": 1
          }
        ]
      }
    ],
    "AaronCQL": [
      {
        "insertions": 544,
        "deletions": 0,
        "date": "2020-02-20",
        "commitResults": [
          {
            "hash": "4df3e777e1dd80bb0e4cbdef3c2c95db067e6cf9",
            "messageTitle": "Create UserGuideDraft.md",
            "messageBody": "",
            "insertions": 544,
            "deletions": 0
          }
        ]
      },
      {
        "insertions": 2,
        "deletions": 2,
        "date": "2020-03-05",
        "commitResults": [
          {
            "hash": "88d73ed8c6b7ba8b49795b992d3a26c674075b9d",
            "messageTitle": "Update website config",
            "messageBody": "",
            "insertions": 2,
            "deletions": 2
          }
        ]
      },
      {
        "insertions": 15,
        "deletions": 13,
        "date": "2020-03-07",
        "commitResults": [
          {
            "hash": "fe24d7273204a42985191ca8a5fdc50034490b2c",
            "messageTitle": "Fix imports to follow lexicographic order",
            "messageBody": "",
            "insertions": 15,
            "deletions": 13
          }
        ]
      },
      {
        "insertions": 261,
        "deletions": 5,
        "date": "2020-03-10",
        "commitResults": [
          {
            "hash": "5f1e6f9075544cc5705a3fa2ecfc4937dc191610",
            "messageTitle": "Add current weight attribute and tests",
            "messageBody": "",
            "insertions": 92,
            "deletions": 0
          },
          {
            "hash": "a383206454aa6799c19999e349100d80ff1741a0",
            "messageTitle": "Tweak validation regex and add more tests",
            "messageBody": "",
            "insertions": 18,
            "deletions": 3
          },
          {
            "hash": "0d35efcd9b6f88d6d539ac5b96bfac95e7b113b0",
            "messageTitle": "Add target weight attribute and tests",
            "messageBody": "",
            "insertions": 107,
            "deletions": 0
          },
          {
            "hash": "3f52fdf8f88206c2d22c7bc5b2b076a709721096",
            "messageTitle": "Add tests for equals and hashcode",
            "messageBody": "",
            "insertions": 19,
            "deletions": 0
          },
          {
            "hash": "9bf036fdd2721bb3a7a40d75c5307cf68b54da48",
            "messageTitle": "Fix typo",
            "messageBody": "",
            "insertions": 1,
            "deletions": 1
          },
          {
            "hash": "7eea5ab14ea0ab210f71bc4529cfa8c198d7b7c3",
            "messageTitle": "Fix typo",
            "messageBody": "",
            "insertions": 1,
            "deletions": 1
          },
          {
            "hash": "22c943d08e50d4ebf3de38c66af87e0a1f1543eb",
            "messageTitle": "Add tests for equals and hashCode",
            "messageBody": "",
            "insertions": 19,
            "deletions": 0
          },
          {
            "hash": "f1ed9c78863015eb755fdcfa59b168b003636881",
            "messageTitle": "Add require non null for constructor",
            "messageBody": "",
            "insertions": 2,
            "deletions": 0
          },
          {
            "hash": "355da6bcf10b302873f4c2bfeb7779f9969624bd",
            "messageTitle": "Add require no null for constructor",
            "messageBody": "",
            "insertions": 2,
            "deletions": 0
          }
        ]
      },
      {
        "insertions": 39,
        "deletions": 22,
        "date": "2020-03-12",
        "commitResults": [
          {
            "hash": "4dfd54e55e00ec8e758fd1aa11a393b41717bade",
            "messageTitle": "Revert Birthday model",
            "messageBody": "",
            "insertions": 12,
            "deletions": 6
          },
          {
            "hash": "f4f529fe1824c32b04dda870e65e3e7c415851c0",
            "messageTitle": "Revert BirthdayTest",
            "messageBody": "",
            "insertions": 27,
            "deletions": 16
          }
        ]
      },
      {
        "insertions": 21,
        "deletions": 12,
        "date": "2020-03-14",
        "commitResults": [
          {
            "hash": "f4b96d65e7e063ab0ffcbf98eca12c5855837f07",
            "messageTitle": "Hook birthday attribute to add and edit commands",
            "messageBody": "",
            "insertions": 21,
            "deletions": 12
          }
        ]
      },
      {
        "insertions": 166,
        "deletions": 139,
        "date": "2020-03-15",
        "commitResults": [
          {
            "hash": "1cba1644af4d3380ce4af9abea93fe5f36bea60d",
            "messageTitle": "Add birthday attribute to JSON storage",
            "messageBody": "",
            "insertions": 166,
            "deletions": 139
          }
        ]
      },
      {
        "insertions": 232,
        "deletions": 88,
        "date": "2020-03-16",
        "commitResults": [
          {
            "hash": "43977d8d8b669dac366dfbc53fc9ed3782ad6eb4",
            "messageTitle": "Add implementation for TargetWeight",
            "messageBody": "",
            "insertions": 141,
            "deletions": 67
          },
          {
            "hash": "707c93c3eb1b9934d97a2440daf85d42bd4aede3",
            "messageTitle": "Add implementation for CurrentWeight",
            "messageBody": "",
            "insertions": 88,
            "deletions": 18
          },
          {
            "hash": "221f1a885eaf53c0304866541a05979b1e398484",
            "messageTitle": "Add missing braces",
            "messageBody": "",
            "insertions": 3,
            "deletions": 3
          }
        ]
      },
      {
        "insertions": 336,
        "deletions": 141,
        "date": "2020-03-18",
        "commitResults": [
          {
            "hash": "1ef75f2cb3e607016b26a8b6c89dc523f14e1d56",
            "messageTitle": "Update sample data for FitBiz",
            "messageBody": "",
            "insertions": 17,
            "deletions": 29
          },
          {
            "hash": "25b533e525ba0731c239ad7cf662776520f3ed6b",
            "messageTitle": "Fix minor typos",
            "messageBody": "",
            "insertions": 6,
            "deletions": 4
          },
          {
            "hash": "ca51d7659ce39a2cad394efa0f5e23abf194651c",
            "messageTitle": "Remove redundant check",
            "messageBody": "",
            "insertions": 2,
            "deletions": 2
          },
          {
            "hash": "679eb7001cf5f1859895dbcd2e82a7532d7949bd",
            "messageTitle": "Solve sport not being permanent bug",
            "messageBody": "",
            "insertions": 9,
            "deletions": 3
          },
          {
            "hash": "ca07ae7c5f6ef99ec575745d019ef286fd321bac",
            "messageTitle": "Fix method name for consistency",
            "messageBody": "",
            "insertions": 3,
            "deletions": 3
          },
          {
            "hash": "ac7ff1eebbca32111aee0a5e94cc0aa875db9b0b",
            "messageTitle": "Enable edit command tests",
            "messageBody": "",
            "insertions": 98,
            "deletions": 36
          },
          {
            "hash": "da42eae370b38bf337699828a366e828483c2a5e",
            "messageTitle": "Enable more tests",
            "messageBody": "",
            "insertions": 156,
            "deletions": 17
          },
          {
            "hash": "aceaabf78e71f41fcf076c06c44332c87065c505",
            "messageTitle": "Enable storage test",
            "messageBody": "",
            "insertions": 30,
            "deletions": 31
          },
          {
            "hash": "fa49c0547d0e285bd8e2c6a90fa8fd170f82dbff",
            "messageTitle": "Enable storage manager test",
            "messageBody": "",
            "insertions": 15,
            "deletions": 16
          }
        ]
      },
      {
        "insertions": 289,
        "deletions": 158,
        "date": "2020-03-19",
        "commitResults": [
          {
            "hash": "9a744f6623c7c33469cf158c50bbfcfc00fe3ef9",
            "messageTitle": "Fix indentation",
            "messageBody": "",
            "insertions": 1,
            "deletions": 1
          },
          {
            "hash": "670230de6479a7deb7daefc85cf37836a43125a9",
            "messageTitle": "Fix json data and enable serializable test",
            "messageBody": "",
            "insertions": 12,
            "deletions": 12
          },
          {
            "hash": "4da8089d792739d294335cf5609efc076d07bf58",
            "messageTitle": "Fix json and enable duplicate json test",
            "messageBody": "",
            "insertions": 8,
            "deletions": 9
          },
          {
            "hash": "4c0a7d91a6ae96556628e74a5c10d0bbd7e02d56",
            "messageTitle": "Remove #disabled keyword",
            "messageBody": "",
            "insertions": 0,
            "deletions": 1
          },
          {
            "hash": "6b32b9dc581b4bde36c4b2f5460affe2e024642b",
            "messageTitle": "Enable test for JsonAdaptedClient",
            "messageBody": "",
            "insertions": 142,
            "deletions": 113
          },
          {
            "hash": "1f47dd073f124aeb30f4223d707dbbb9f3ff8002",
            "messageTitle": "Fix wrong error messages",
            "messageBody": "",
            "insertions": 4,
            "deletions": 4
          },
          {
            "hash": "92256975ac2bdf6c4a2d6a71d8498eb11ddcacc2",
            "messageTitle": "Add json tests for all attributes",
            "messageBody": "",
            "insertions": 109,
            "deletions": 9
          },
          {
            "hash": "edfdc1590c3550124160e678dd50ceb6864ebaf1",
            "messageTitle": "Change messages from AB3 to FitBiz",
            "messageBody": "",
            "insertions": 3,
            "deletions": 3
          },
          {
            "hash": "d5b9b72426b025a7e1eacb098c4dea5146dc951d",
            "messageTitle": "Enable higher dpi scaling",
            "messageBody": "",
            "insertions": 4,
            "deletions": 0
          },
          {
            "hash": "7d346d3dbdf33d56c6f9bef907e2db56d19ccfb2",
            "messageTitle": "Change command words to match user guide",
            "messageBody": "",
            "insertions": 6,
            "deletions": 6
          }
        ]
      },
      {
        "insertions": 540,
        "deletions": 167,
        "date": "2020-03-24",
        "commitResults": [
          {
            "hash": "ed13eb0e2c05d7fdb64e429335a0beded9d9108b",
            "messageTitle": "Hook add exercise command, storage not yet done",
            "messageBody": "",
            "insertions": 124,
            "deletions": 80
          },
          {
            "hash": "ab9937a7a6498dc73f6e414bdf1c97bcbd18829a",
            "messageTitle": "Working storage for exercise",
            "messageBody": "",
            "insertions": 164,
            "deletions": 41
          },
          {
            "hash": "e7bad5f2d0b1c333cd0e2cf6df7e78d821b2e2fa",
            "messageTitle": "Fix tests",
            "messageBody": "",
            "insertions": 25,
            "deletions": 22
          },
          {
            "hash": "70a5b4002b2833589a939abee17b97240b70548a",
            "messageTitle": "Add detection for up and down arrow key press",
            "messageBody": "",
            "insertions": 13,
            "deletions": 0
          },
          {
            "hash": "769fc3aded2b90c887ba54a6accc06cb9ceea77d",
            "messageTitle": "Working logic for command history",
            "messageBody": "",
            "insertions": 51,
            "deletions": 3
          },
          {
            "hash": "a07ff5e74df4daa7d05fcbe52686b25704c70d86",
            "messageTitle": "Add handling of duplicate commands",
            "messageBody": "",
            "insertions": 34,
            "deletions": 5
          },
          {
            "hash": "be33bb96608e8fcc410e0d7516140bb4f14283b9",
            "messageTitle": "Shift files",
            "messageBody": "",
            "insertions": 2,
            "deletions": 3
          },
          {
            "hash": "d51adc098d15ab884333493eb6fcae97492f64e3",
            "messageTitle": "Working storage for command history",
            "messageBody": "",
            "insertions": 83,
            "deletions": 5
          },
          {
            "hash": "8ea5696779ed9668b5a0ac5fe2712ff2098a71d3",
            "messageTitle": "Enforce maximum size of history",
            "messageBody": "",
            "insertions": 14,
            "deletions": 0
          },
          {
            "hash": "d9a680a583788befcb69eb66cf191a27b4dd6d13",
            "messageTitle": "Add javadoc comments",
            "messageBody": "",
            "insertions": 30,
            "deletions": 8
          }
        ]
      },
      {
        "insertions": 140,
        "deletions": 5,
        "date": "2020-03-25",
        "commitResults": [
          {
            "hash": "dd896617c6d4588430e3dd4623b0a3a68927e541",
            "messageTitle": "Add tests for command history",
            "messageBody": "",
            "insertions": 140,
            "deletions": 5
          }
        ]
      },
      {
        "insertions": 204,
        "deletions": 122,
        "date": "2020-03-26",
        "commitResults": [
          {
            "hash": "cfd7ead87bb81dd6880b4d1529d556e972ae3e3f",
            "messageTitle": "Fix storage",
            "messageBody": "",
            "insertions": 17,
            "deletions": 12
          },
          {
            "hash": "81f45598809efaae9f906fc5b8cec4af1642a12b",
            "messageTitle": "Fix bugs",
            "messageBody": "",
            "insertions": 13,
            "deletions": 19
          },
          {
            "hash": "d0063a663e03bdc814d1bd4fa44063fdf85e4b40",
            "messageTitle": "Fix travis error",
            "messageBody": "",
            "insertions": 34,
            "deletions": 32
          },
          {
            "hash": "307e90ac9959dbcfef4a00463447725e4343d775",
            "messageTitle": "Fix bug with wrong prev command",
            "messageBody": "",
            "insertions": 2,
            "deletions": 0
          },
          {
            "hash": "728fb5b31e20bf4aef7f60907fe39059c4b60d80",
            "messageTitle": "Hook view command to app",
            "messageBody": "",
            "insertions": 16,
            "deletions": 3
          },
          {
            "hash": "6ba4abbfb739ed6c21aefc5a68b65eadb49671d3",
            "messageTitle": "Add view client to model manager",
            "messageBody": "",
            "insertions": 51,
            "deletions": 5
          },
          {
            "hash": "cbf88704dd872401e961cf67a3886ac9540f9fe0",
            "messageTitle": "Fix tests",
            "messageBody": "",
            "insertions": 49,
            "deletions": 22
          },
          {
            "hash": "e42188eed070ff188efae6104527279a3f41ceb6",
            "messageTitle": "Add javadocs for ClientInView",
            "messageBody": "",
            "insertions": 4,
            "deletions": 1
          },
          {
            "hash": "7cbebf0932fd27260072243a6af0bd419b60ed38",
            "messageTitle": "Remove unused imports",
            "messageBody": "",
            "insertions": 0,
            "deletions": 1
          },
          {
            "hash": "4c687622944c932a83f7ac9a0bb3360fc2f85ece",
            "messageTitle": "Fix error message for duplicate exercises",
            "messageBody": "",
            "insertions": 17,
            "deletions": 26
          },
          {
            "hash": "97e5b7a6d20bbdbd515e58d2053c14ef0f0942d8",
            "messageTitle": "Ensure all user input is stored in history",
            "messageBody": "",
            "insertions": 1,
            "deletions": 1
          }
        ]
      },
      {
        "insertions": 8,
        "deletions": 6,
        "date": "2020-03-27",
        "commitResults": [
          {
            "hash": "01e3e3e162b049473fc6d62a3283fe69eb040d63",
            "messageTitle": "Rename shadowJar build file",
            "messageBody": "",
            "insertions": 1,
            "deletions": 1
          },
          {
            "hash": "390f658ddf32c4d764a10866f346921b26ef129b",
            "messageTitle": "Update version number",
            "messageBody": "",
            "insertions": 1,
            "deletions": 1
          },
          {
            "hash": "07a41cec97390d8be936d56ede807fad46a5b0cd",
            "messageTitle": "Fix view client tests",
            "messageBody": "",
            "insertions": 6,
            "deletions": 4
          }
        ]
      },
      {
        "insertions": 85,
        "deletions": 12,
        "date": "2020-03-29",
        "commitResults": [
          {
            "hash": "6e86f380a024fd45e530621b147bbaeb9ec8051e",
            "messageTitle": "Fix max length of weights",
            "messageBody": "",
            "insertions": 85,
            "deletions": 12
          }
        ]
      },
      {
        "insertions": 100,
        "deletions": 70,
        "date": "2020-03-30",
        "commitResults": [
          {
            "hash": "aa021582cc88a2f78f85834b95f8f162a0d4d017",
            "messageTitle": "Fix table headers and remove padding",
            "messageBody": "",
            "insertions": 11,
            "deletions": 15
          },
          {
            "hash": "e903e5b6f844672f6cd0c3fbaee65ef646428533",
            "messageTitle": "Ensure exercise list is sorted after reading from storage",
            "messageBody": "",
            "insertions": 12,
            "deletions": 0
          },
          {
            "hash": "8054c0102684fdc264fbeb15e4f428d4f71cf4c2",
            "messageTitle": "Add insertion sort to add new exercise",
            "messageBody": "",
            "insertions": 18,
            "deletions": 1
          },
          {
            "hash": "f512161736305ddbd56c5246d0561890d60610d4",
            "messageTitle": "Add javadocs to addToSorted method",
            "messageBody": "",
            "insertions": 26,
            "deletions": 13
          },
          {
            "hash": "d73bda8cd9a4471b5a00c741aa53500f1c01941e",
            "messageTitle": "Add conditional update for client in view",
            "messageBody": "",
            "insertions": 3,
            "deletions": 0
          },
          {
            "hash": "9aeeba03365df808e8c50112b92f9fce728355ad",
            "messageTitle": "Remove paddings",
            "messageBody": "",
            "insertions": 9,
            "deletions": 15
          },
          {
            "hash": "b900be98b161a8c1b8e196ee951bf12ddd0a3688",
            "messageTitle": "Tweak layouts",
            "messageBody": "",
            "insertions": 6,
            "deletions": 6
          },
          {
            "hash": "3755b8366ea1109854132f5bb926bb6a6a5ad9f6",
            "messageTitle": "Tweak card background colours",
            "messageBody": "",
            "insertions": 13,
            "deletions": 19
          },
          {
            "hash": "cb89ebbdd391ab7ab4b36c920be9e410cdf8932f",
            "messageTitle": "Fix requireAllNonNull to include all parameters",
            "messageBody": "",
            "insertions": 2,
            "deletions": 1
          }
        ]
      },
      {
        "insertions": 601,
        "deletions": 143,
        "date": "2020-03-31",
        "commitResults": [
          {
            "hash": "ed184950da699e15aef8003b0a9079cfa8a7d345",
            "messageTitle": "Add working trie data structure",
            "messageBody": "",
            "insertions": 83,
            "deletions": 0
          },
          {
            "hash": "95612a178cee40fbb76ece95f435f8cc5bd9b58c",
            "messageTitle": "Able to get longest prefix of word",
            "messageBody": "",
            "insertions": 38,
            "deletions": 0
          },
          {
            "hash": "d5f3c5fd879094e5a44e0c935e2ea40577c83328",
            "messageTitle": "Hook autocomplete feature to GUI",
            "messageBody": "",
            "insertions": 71,
            "deletions": 3
          },
          {
            "hash": "6d481ef0f3aff5e3d31bb119a0a26f08e430c697",
            "messageTitle": "Minor code/comment cleanup",
            "messageBody": "",
            "insertions": 9,
            "deletions": 3
          },
          {
            "hash": "b6a3841e0a508dfdc91d7ca6579de5a8bd534db3",
            "messageTitle": "Tweak implementation of Trie",
            "messageBody": "",
            "insertions": 14,
            "deletions": 6
          },
          {
            "hash": "869167145310cece44073eee26402148e37c47e0",
            "messageTitle": "Add prototype implementation for auto complete",
            "messageBody": "",
            "insertions": 93,
            "deletions": 19
          },
          {
            "hash": "4db698c5e36fdda1541a4b42e47bf62fec065c1c",
            "messageTitle": "Rework implementation",
            "messageBody": "",
            "insertions": 62,
            "deletions": 61
          },
          {
            "hash": "f5e4c6a4074698c56602116995efcd800448a50a",
            "messageTitle": "Add javadocs",
            "messageBody": "",
            "insertions": 45,
            "deletions": 21
          },
          {
            "hash": "ea55b2e83f37e7fc2efccfda03cb09e4fe66aa1f",
            "messageTitle": "Fix style",
            "messageBody": "",
            "insertions": 21,
            "deletions": 19
          },
          {
            "hash": "cd88a9e60bceb3de19b2d739cd7d1ee2d3623257",
            "messageTitle": "Fix more styles",
            "messageBody": "",
            "insertions": 2,
            "deletions": 2
          },
          {
            "hash": "6e1c9b5727a278b3196eef379fce7dab1f8f289e",
            "messageTitle": "Add Trie test",
            "messageBody": "",
            "insertions": 66,
            "deletions": 0
          },
          {
            "hash": "cf8868a7076ccee0945ee7f773928eb51011138e",
            "messageTitle": "Add Node tests",
            "messageBody": "",
            "insertions": 67,
            "deletions": 2
          },
          {
            "hash": "8f925d1adff1666759627703f9a1047d6ad93c8c",
            "messageTitle": "Add tests for auto complete",
            "messageBody": "",
            "insertions": 25,
            "deletions": 4
          },
          {
            "hash": "06be8e7d6750c3ba840b7bfbe48fef2693d3886a",
            "messageTitle": "Test exclude ui coverage",
            "messageBody": "",
            "insertions": 1,
            "deletions": 1
          },
          {
            "hash": "e0ecc4373bbc6f9e08addc2251acc866b3bd8fb5",
            "messageTitle": "Exclude ui and model util classes from tests",
            "messageBody": "",
            "insertions": 2,
            "deletions": 2
          },
          {
            "hash": "a18d5c0968a0a7f64ee27d231890179c08edda60",
            "messageTitle": "Add add-e command to autocomplete",
            "messageBody": "",
            "insertions": 2,
            "deletions": 0
          }
        ]
      },
      {
        "insertions": 34,
        "deletions": 22,
        "date": "2020-04-01",
        "commitResults": [
          {
            "hash": "1b07bfa0363dceecb03537ff034658ce56749f61",
            "messageTitle": "Change font of the app",
            "messageBody": "",
            "insertions": 12,
            "deletions": 0
          },
          {
            "hash": "581091635f4c8aa7aa032f6835f1064e00fce72f",
            "messageTitle": "Increase GTK scaling to 1.3",
            "messageBody": "",
            "insertions": 1,
            "deletions": 1
          },
          {
            "hash": "03789df07e35ef8132cd7252ec134ebaf414b008",
            "messageTitle": "Tweak css",
            "messageBody": "",
            "insertions": 18,
            "deletions": 18
          },
          {
            "hash": "16d85a9037017ad7e2ad68dbe2696451aa073af8",
            "messageTitle": "Tweak menu bar background",
            "messageBody": "",
            "insertions": 1,
            "deletions": 1
          },
          {
            "hash": "1377f2729dd33b9e13f2bb836a628adfa74008b9",
            "messageTitle": "Remove errors",
            "messageBody": "",
            "insertions": 1,
            "deletions": 1
          },
          {
            "hash": "5fa86ec4faf04c175a35e7b5cc54e233dd3b033b",
            "messageTitle": "Add styles for client view",
            "messageBody": "",
            "insertions": 1,
            "deletions": 1
          }
        ]
      },
      {
        "insertions": 581,
        "deletions": 200,
        "date": "2020-04-02",
        "commitResults": [
          {
            "hash": "6c00c33a73cafc167c71d4f1e80ae50aaf3aa755",
            "messageTitle": "Initial refactor to a CommandHistory logic class",
            "messageBody": "",
            "insertions": 200,
            "deletions": 147
          },
          {
            "hash": "b8c988262f013a4851803d7f936558a10fad2480",
            "messageTitle": "Shift storage path to CommandHistory",
            "messageBody": "",
            "insertions": 15,
            "deletions": 5
          },
          {
            "hash": "b6a710737caa718ebb6509ff91e8d307997aceea",
            "messageTitle": "Add tests for command history storage",
            "messageBody": "",
            "insertions": 81,
            "deletions": 2
          },
          {
            "hash": "f611c47552f00e80bdc0ea176293c79057a654f5",
            "messageTitle": "Add command history test",
            "messageBody": "",
            "insertions": 65,
            "deletions": 2
          },
          {
            "hash": "f9c789fd5385aedaacbc1c86da9f7f5aea83c8a3",
            "messageTitle": "Add command autocomplete for delete-e and schedule",
            "messageBody": "",
            "insertions": 4,
            "deletions": 0
          },
          {
            "hash": "8b25d3cb707aa15f3e97d3b86c8e4d044ca73077",
            "messageTitle": "Add AddExerciseCommandTest",
            "messageBody": "",
            "insertions": 106,
            "deletions": 0
          },
          {
            "hash": "72bef4f41afd7c1447cd3f65f6bef22fda355a57",
            "messageTitle": "Add AddExerciseCommandParser test",
            "messageBody": "",
            "insertions": 81,
            "deletions": 1
          },
          {
            "hash": "bc83ff14a20fd210874be0049370baf892684a05",
            "messageTitle": "Hotfix gradle clean test errors",
            "messageBody": "",
            "insertions": 2,
            "deletions": 6
          },
          {
            "hash": "5ce3faca186cdef8460688543627b6d992621b9d",
            "messageTitle": "Fix Client constructor",
            "messageBody": "",
            "insertions": 12,
            "deletions": 25
          },
          {
            "hash": "61f32e5dc314421384c623cb3007bc80e944bdd6",
            "messageTitle": "Add proper padding between view and pb",
            "messageBody": "",
            "insertions": 11,
            "deletions": 8
          },
          {
            "hash": "9742942236016484a46371659cb08679fc5f7ab7",
            "messageTitle": "Remove trailing whitespace",
            "messageBody": "",
            "insertions": 2,
            "deletions": 2
          },
          {
            "hash": "0de4a13caa28e6fd45db27debb8e9d4f0f8859ca",
            "messageTitle": "Increase min width of exercise column in pb",
            "messageBody": "",
            "insertions": 1,
            "deletions": 1
          },
          {
            "hash": "d3b8446a010f02a56cc14ee9ba093fc1597c6f4e",
            "messageTitle": "Update app version to v1.3",
            "messageBody": "",
            "insertions": 1,
            "deletions": 1
          }
        ]
      }
    ]
  },
  "authorFinalContributionMap": {
    "Yonggiee": 2880,
    "ziyingli": 632,
    "tohkerwei": 853,
    "Dban1": 2222,
    "AaronCQL": 3213
  },
  "authorFileTypeContributionMap": {
    "Yonggiee": {
      "java": 2702,
      "md": 33,
      "fxml": 145,
      "sh": 0,
      "bat": 0,
      "gradle": 0,
      "txt": 0
    },
    "ziyingli": {
      "java": 632,
      "md": 0,
      "fxml": 0,
      "sh": 0,
      "bat": 0,
      "gradle": 0,
      "txt": 0
    },
    "tohkerwei": {
      "java": 853,
      "md": 0,
      "fxml": 0,
      "sh": 0,
      "bat": 0,
      "gradle": 0,
      "txt": 0
    },
    "Dban1": {
      "java": 2159,
      "md": 49,
      "fxml": 14,
      "sh": 0,
      "bat": 0,
      "gradle": 0,
      "txt": 0
    },
    "AaronCQL": {
      "java": 2681,
      "md": 507,
      "fxml": 14,
      "sh": 0,
      "bat": 0,
      "gradle": 11,
      "txt": 0
    }
  },
  "authorContributionVariance": {
    "Yonggiee": 40030.746,
    "ziyingli": 2483.13,
    "tohkerwei": 58879.14,
    "Dban1": 127491.34,
    "AaronCQL": 44336.81
  },
  "authorDisplayNameMap": {
    "Yonggiee": "CS2103T-F11-2 FONG.. JIE",
    "ziyingli": "CS2103T-F11-2 LI Z..YING",
    "tohkerwei": "CS2103T-F11-2 TOH .. WEI",
    "Dban1": "CS2103T-F11-2 NG M..IANG",
    "AaronCQL": "CS2103T-F11-2 CHOO..ARON"
  }
}
