{
  "authorDailyContributionsMap": {
    "Yonggiee": [
      {
        "insertions": 34,
        "deletions": 34,
        "date": "2020-02-22",
        "commitResults": [
          {
            "hash": "2faa23d06c08b162e16a75f79feb0fb14decaf94",
            "messageTitle": "changed list gyms name to find gyms name, training to routine",
            "messageBody": "",
            "insertions": 33,
            "deletions": 33
          },
          {
            "hash": "997b03ec675bd0a7de12ad69c4135b7fe2d0c498",
            "messageTitle": "added missing - for add routine template link",
            "messageBody": "",
            "insertions": 1,
            "deletions": 1
          }
        ]
      },
      {
        "insertions": 1,
        "deletions": 1,
        "date": "2020-02-24",
        "commitResults": [
          {
            "hash": "1e4f964eaaf8e81542886a24461aecb360d39558",
            "messageTitle": "change list gym in table of contents to find gym",
            "messageBody": "",
            "insertions": 1,
            "deletions": 1
          }
        ]
      },
      {
        "insertions": 176,
        "deletions": 6,
        "date": "2020-03-09",
        "commitResults": [
          {
            "hash": "7a918564c774e25e0703df1b66df094648fb2492",
            "messageTitle": "init remark class",
            "messageBody": "",
            "insertions": 39,
            "deletions": 0
          },
          {
            "hash": "2be0b093abbb95d33c82042555bb1fce91c64b84",
            "messageTitle": "add remarkTest class",
            "messageBody": "",
            "insertions": 31,
            "deletions": 0
          },
          {
            "hash": "bdd4ed42069266290b94b04fc7047db3b18b5f1e",
            "messageTitle": "init gender attribute",
            "messageBody": "",
            "insertions": 54,
            "deletions": 0
          },
          {
            "hash": "ce993043e7ae3b6936f931cf9c40e23d43b8e581",
            "messageTitle": "add GenderTest class",
            "messageBody": "",
            "insertions": 46,
            "deletions": 5
          },
          {
            "hash": "6bce102bc6da071f4284b31efdb8b9f94d4b780a",
            "messageTitle": "add more tests for GenderTest",
            "messageBody": "",
            "insertions": 6,
            "deletions": 0
          },
          {
            "hash": "0464b406b6faaa527861f909f780e88086a28d66",
            "messageTitle": "fix checkstyle",
            "messageBody": "",
            "insertions": 0,
            "deletions": 1
          }
        ]
      },
      {
        "insertions": 17,
        "deletions": 48,
        "date": "2020-03-10",
        "commitResults": [
          {
            "hash": "dee39b33306e7429ef6b8d6c1f91cefc9fc126e2",
            "messageTitle": "change Gender from class to enum",
            "messageBody": "",
            "insertions": 11,
            "deletions": 47
          },
          {
            "hash": "6a325eb9e09161ef4d012c1cffd33872641d5c68",
            "messageTitle": "update isValidGender to fit 1 alphabet input",
            "messageBody": "",
            "insertions": 6,
            "deletions": 1
          }
        ]
      },
      {
        "insertions": 186,
        "deletions": 4,
        "date": "2020-03-12",
        "commitResults": [
          {
            "hash": "daf4bae140622110356a3696cab0736ef3da0aab",
            "messageTitle": "add parseGender() and parseRemark() in ParserUtil",
            "messageBody": "",
            "insertions": 183,
            "deletions": 1
          },
          {
            "hash": "7ef83220405ab980d2783144fb2bdfae97e6368d",
            "messageTitle": "fix checkstyle and ParserUtilTest",
            "messageBody": "",
            "insertions": 3,
            "deletions": 3
          }
        ]
      },
      {
        "insertions": 66,
        "deletions": 146,
        "date": "2020-03-13",
        "commitResults": [
          {
            "hash": "207e3ac1ae84f1df5e7226968fcfff01239d06ca",
            "messageTitle": "remove RemarkCommand",
            "messageBody": "",
            "insertions": 1,
            "deletions": 114
          },
          {
            "hash": "2faf683c9357e28d3ed31c1e5c3e2c513a012851",
            "messageTitle": "change Client and AddCommandParser",
            "messageBody": "",
            "insertions": 35,
            "deletions": 1
          },
          {
            "hash": "299c562c9a5faccf3da7fc4b8c9d328321cd1ecf",
            "messageTitle": "remove unnecessary remark attributes and modify Client and AddCommandParser for Gender",
            "messageBody": "",
            "insertions": 23,
            "deletions": 12
          },
          {
            "hash": "9d2c8a39fdda1faad3dc0b9fb6449dad9eb693cd",
            "messageTitle": "remove Gender attributes",
            "messageBody": "",
            "insertions": 6,
            "deletions": 13
          },
          {
            "hash": "dd3328b3bd0b52710576e2804583c5a8b2060327",
            "messageTitle": "remove remark attribute",
            "messageBody": "",
            "insertions": 1,
            "deletions": 6
          }
        ]
      },
      {
        "insertions": 60,
        "deletions": 14,
        "date": "2020-03-15",
        "commitResults": [
          {
            "hash": "2be30ebadebb0b1179d9e2412d32e0ae86a903d2",
            "messageTitle": "add PREFIX_BIRTHDAY in AddCommand",
            "messageBody": "",
            "insertions": 2,
            "deletions": 1
          },
          {
            "hash": "48e20e6d6881bf0dbd1149bbf85a2d6654ec1930",
            "messageTitle": "add PREFIX_BIRTHDAY in AddCommand",
            "messageBody": "",
            "insertions": 2,
            "deletions": 1
          },
          {
            "hash": "071519d1e2a040b0c9422d09d5848e076c9ef504",
            "messageTitle": "add gender to AddCommand EditCommand Client",
            "messageBody": "",
            "insertions": 25,
            "deletions": 5
          },
          {
            "hash": "2f8ad81b4413e156236f9e065c4ecb3b2c875c2d",
            "messageTitle": "integrate Gender to AddCommandParser EditCommandParser JsonAdaptedClient EditClientDescriptorBuilder",
            "messageBody": "",
            "insertions": 31,
            "deletions": 7
          }
        ]
      },
      {
        "insertions": 82,
        "deletions": 42,
        "date": "2020-03-16",
        "commitResults": [
          {
            "hash": "c046ecfea3b9d456a7f88be800e6fb2dac4bc71f",
            "messageTitle": "change Gender enum to class",
            "messageBody": "",
            "insertions": 56,
            "deletions": 23
          },
          {
            "hash": "fcb7f56734bb673e102a1b0363537a68062a6a9d",
            "messageTitle": "fix error in sampledatautil",
            "messageBody": "",
            "insertions": 22,
            "deletions": 15
          },
          {
            "hash": "78c9c8b15b2c95235581b2e3d7904eb31881f981",
            "messageTitle": "change Gender and AddCommand to show optional as a possibility",
            "messageBody": "",
            "insertions": 3,
            "deletions": 3
          },
          {
            "hash": "dab9553be90cce78b156854fd6be29ae1099eb72",
            "messageTitle": "fix \"TARGET_WEIGHT] \"",
            "messageBody": "",
            "insertions": 1,
            "deletions": 1
          }
        ]
      },
      {
        "insertions": 88,
        "deletions": 25,
        "date": "2020-03-17",
        "commitResults": [
          {
            "hash": "12c81761e300963f2754c4d3378eae773a5493c0",
            "messageTitle": "add remark functionality to classes",
            "messageBody": "",
            "insertions": 81,
            "deletions": 19
          },
          {
            "hash": "c850a43fe7dead05c7c5c5a769ade59118b4e328",
            "messageTitle": "fix checkstyle",
            "messageBody": "",
            "insertions": 4,
            "deletions": 3
          },
          {
            "hash": "ef34b257af41dacb627462a276097712b99b3117",
            "messageTitle": "remove additional newline in AddCommand",
            "messageBody": "",
            "insertions": 1,
            "deletions": 1
          },
          {
            "hash": "f08022c964ed37dc3d68ecff8cd81604587921c1",
            "messageTitle": "add missing whitespace for AddCommand",
            "messageBody": "",
            "insertions": 2,
            "deletions": 2
          }
        ]
      },
      {
        "insertions": 84,
        "deletions": 11,
        "date": "2020-03-18",
        "commitResults": [
          {
            "hash": "cb896bcb0dd9599497c26c9c4bd28f8bfb6ee8fb",
            "messageTitle": "add attributes to UI",
            "messageBody": "",
            "insertions": 59,
            "deletions": 3
          },
          {
            "hash": "d67271f6f9d03f60cf7ed3266b7747ad248e0f8a",
            "messageTitle": "change app title and icon",
            "messageBody": "",
            "insertions": 4,
            "deletions": 4
          },
          {
            "hash": "178d4ec32f80201f8de7f1d6c85f0ff509aa9389",
            "messageTitle": "add sports to UI",
            "messageBody": "",
            "insertions": 8,
            "deletions": 2
          },
          {
            "hash": "20052b4752edd9df9701937fa61851e70b3090eb",
            "messageTitle": "change gender equals",
            "messageBody": "",
            "insertions": 12,
            "deletions": 1
          },
          {
            "hash": "c88d655ee993576a3ae44b076b33e226eacd5177",
            "messageTitle": "fix grammer",
            "messageBody": "",
            "insertions": 1,
            "deletions": 1
          }
        ]
      }
    ],
    "ziyingli": [
      {
        "insertions": 130,
        "deletions": 2,
        "date": "2020-03-10",
        "commitResults": [
          {
            "hash": "3e07fc4f4311ad607b52eca16b4360e50d5bdab3",
            "messageTitle": "Add Height attribute class and tests",
            "messageBody": "",
            "insertions": 107,
            "deletions": 0
          },
          {
            "hash": "9c0052f16f593b98d0ce25ec5fef2d6d2f406ed7",
            "messageTitle": "Fix checkstyle",
            "messageBody": "",
            "insertions": 2,
            "deletions": 2
          },
          {
            "hash": "cc1d757406a1a6e0d0d45d5ce633d5efd8a819a0",
            "messageTitle": "Add tests for equals and hashCode",
            "messageBody": "",
            "insertions": 19,
            "deletions": 0
          },
          {
            "hash": "4f60ef418e49024f8999ee849241930193c56195",
            "messageTitle": "Add require non null",
            "messageBody": "",
            "insertions": 2,
            "deletions": 0
          }
        ]
      },
      {
        "insertions": 43,
        "deletions": 1,
        "date": "2020-03-12",
        "commitResults": [
          {
            "hash": "ce5f9a904ef833a90ed52dc3d32d6fe5e945c29c",
            "messageTitle": "Add parseHeight() and tests",
            "messageBody": "",
            "insertions": 42,
            "deletions": 0
          },
          {
            "hash": "9de7a9e015ffb8df6094f93d5fde7c95e9ce8b1b",
            "messageTitle": "Remove trailing whitespace",
            "messageBody": "",
            "insertions": 1,
            "deletions": 1
          }
        ]
      },
      {
        "insertions": 90,
        "deletions": 61,
        "date": "2020-03-16",
        "commitResults": [
          {
            "hash": "283ba265c2c0ec7236b48f2f3a5fe40c85f6bf27",
            "messageTitle": "Fix checkstyle",
            "messageBody": "",
            "insertions": 1,
            "deletions": 1
          },
          {
            "hash": "78697d70ca212219991f219e26a5a2316518f280",
            "messageTitle": "Change Add and Edit commands",
            "messageBody": "",
            "insertions": 53,
            "deletions": 16
          },
          {
            "hash": "f4fd3114a845454b6c61a7e828bea783f8ce9272",
            "messageTitle": "Change JsonAdaptedClient",
            "messageBody": "",
            "insertions": 15,
            "deletions": 3
          },
          {
            "hash": "94d0c607c3caece053decc9c38eda0c94d67fa05",
            "messageTitle": "Wip",
            "messageBody": "",
            "insertions": 12,
            "deletions": 33
          },
          {
            "hash": "f2dddbda8f88c007a95feafbc52456b081c9799d",
            "messageTitle": "Solve bugs",
            "messageBody": "",
            "insertions": 1,
            "deletions": 1
          },
          {
            "hash": "061aa9026546876f5c84f865939e647a434f4875",
            "messageTitle": "Fix checkstyle",
            "messageBody": "",
            "insertions": 8,
            "deletions": 7
          }
        ]
      },
      {
        "insertions": 1,
        "deletions": 1,
        "date": "2020-03-24",
        "commitResults": [
          {
            "hash": "01d124a9f6365b377d7d608635929b3f192682a1",
            "messageTitle": "Change default gender",
            "messageBody": "",
            "insertions": 1,
            "deletions": 1
          }
        ]
      }
    ],
    "tohkerwei": [
      {
        "insertions": 89,
        "deletions": 0,
        "date": "2020-03-10",
        "commitResults": [
          {
            "hash": "f9a3593d9191a41e390fc5b7812a6ba720ddf66c",
            "messageTitle": "Added Sports class and SportsTest class",
            "messageBody": "",
            "insertions": 89,
            "deletions": 0
          }
        ]
      },
      {
        "insertions": 28,
        "deletions": 1,
        "date": "2020-03-11",
        "commitResults": [
          {
            "hash": "ede0d4b249ffff658bd2e189cea7df00e864a1bb",
            "messageTitle": "more test cases added for sports test",
            "messageBody": "",
            "insertions": 2,
            "deletions": 0
          },
          {
            "hash": "755e8870be3ce78913ffd7fadbd07b3921b5bdb5",
            "messageTitle": "added even more test",
            "messageBody": "",
            "insertions": 2,
            "deletions": 0
          },
          {
            "hash": "9636ae78b996c581c73bc3ec1475b1fb596c6789",
            "messageTitle": "more test cases",
            "messageBody": "",
            "insertions": 5,
            "deletions": 1
          },
          {
            "hash": "dfe19ce5328c358ff9c7a5e457bb2f4c86ff3e26",
            "messageTitle": "Add test for equals and hashcode",
            "messageBody": "",
            "insertions": 19,
            "deletions": 0
          }
        ]
      },
      {
        "insertions": 78,
        "deletions": 83,
        "date": "2020-03-12",
        "commitResults": [
          {
            "hash": "5eb9fab4a53fae9dcb40c56bb78385aa5b944bed",
            "messageTitle": "Changed Sports to one sport per instance",
            "messageBody": "",
            "insertions": 3,
            "deletions": 8
          },
          {
            "hash": "a25e482c2635e3e0b5bd5d656c2a93786539f9d5",
            "messageTitle": "Updated regex",
            "messageBody": "",
            "insertions": 1,
            "deletions": 1
          },
          {
            "hash": "12cb6da35786e13c2991c7dc50483750aa80964c",
            "messageTitle": "Changed Sports to Sport",
            "messageBody": "",
            "insertions": 74,
            "deletions": 74
          }
        ]
      },
      {
        "insertions": 111,
        "deletions": 44,
        "date": "2020-03-16",
        "commitResults": [
          {
            "hash": "174a63463cebfeecb0473e108c7abffbbea23b4e",
            "messageTitle": "Changed SportAttributeParserUtil",
            "messageBody": "",
            "insertions": 83,
            "deletions": 29
          },
          {
            "hash": "2ea1d6f207b67adc0a6661f2e437bcc770ba4569",
            "messageTitle": "Fix error for build",
            "messageBody": "",
            "insertions": 28,
            "deletions": 15
          }
        ]
      },
      {
        "insertions": 2,
        "deletions": 2,
        "date": "2020-03-17",
        "commitResults": [
          {
            "hash": "e66874898541125d71b5a41f12ba38f3e70b3450",
            "messageTitle": "Fix error",
            "messageBody": "",
            "insertions": 2,
            "deletions": 2
          }
        ]
      },
      {
        "insertions": 100,
        "deletions": 38,
        "date": "2020-03-18",
        "commitResults": [
          {
            "hash": "7ca346eb5d68220d352661f084b9db4b8ef78ab0",
            "messageTitle": "Edit Sport and fix error",
            "messageBody": "",
            "insertions": 52,
            "deletions": 38
          },
          {
            "hash": "4f88bac886116f8b669bd46bc9b127a0658fdcfb",
            "messageTitle": "Add JsonAdaptedSport",
            "messageBody": "",
            "insertions": 48,
            "deletions": 0
          }
        ]
      }
    ],
    "Dban1": [
      {
        "insertions": 47,
        "deletions": 2,
        "date": "2020-02-21",
        "commitResults": [
          {
            "hash": "5bd1d7799d707fa568580780891f65207bbf68c1",
            "messageTitle": "-added Features 3.13 to 3.16 to UserGuideDraft.md",
            "messageBody": "",
            "insertions": 47,
            "deletions": 2
          }
        ]
      },
      {
        "insertions": 1246,
        "deletions": 1244,
        "date": "2020-03-06",
        "commitResults": [
          {
            "hash": "1ea5fc445a5102636b6faf0d2f7947d9b4ab7332",
            "messageTitle": "-changed Person to Client",
            "messageBody": "",
            "insertions": 1246,
            "deletions": 1244
          }
        ]
      },
      {
        "insertions": 106,
        "deletions": 0,
        "date": "2020-03-09",
        "commitResults": [
          {
            "hash": "cc841ba966c71066f4b4994da2e17f9d365a641b",
            "messageTitle": "-implemented Birthday attribute in model -implemented BirthdayTest",
            "messageBody": "",
            "insertions": 106,
            "deletions": 0
          }
        ]
      },
      {
        "insertions": 13,
        "deletions": 2,
        "date": "2020-03-10",
        "commitResults": [
          {
            "hash": "ef5c6a90db9e8d657121338ab487e652d9dbf7e7",
            "messageTitle": "-more test",
            "messageBody": "",
            "insertions": 13,
            "deletions": 2
          }
        ]
      },
      {
        "insertions": 46,
        "deletions": 39,
        "date": "2020-03-12",
        "commitResults": [
          {
            "hash": "6c6f81c1a9eb1a4431c07599f5490f62c00b8155",
            "messageTitle": "-included `requireNonNull` in Birthday constructor",
            "messageBody": "",
            "insertions": 2,
            "deletions": 0
          },
          {
            "hash": "55e643500da835e1deb63cf3bc07732f3ccfdfc9",
            "messageTitle": "Update ParserUtil to support Birthday attribute",
            "messageBody": "",
            "insertions": 44,
            "deletions": 39
          }
        ]
      },
      {
        "insertions": 129,
        "deletions": 59,
        "date": "2020-03-13",
        "commitResults": [
          {
            "hash": "13b4439bcee86d72795d100901abcfc01a6cc5b4",
            "messageTitle": "Further integrated Birthday attribute into the AddCommand and EditCommand",
            "messageBody": "",
            "insertions": 129,
            "deletions": 59
          }
        ]
      },
      {
        "insertions": 1,
        "deletions": 1,
        "date": "2020-03-16",
        "commitResults": [
          {
            "hash": "6d1ccaf90640a6bbe4a58a0916e480a727abcefd",
            "messageTitle": "Edited Help url to FitBiz User Guide.",
            "messageBody": "",
            "insertions": 1,
            "deletions": 1
          }
        ]
      },
      {
        "insertions": 3,
        "deletions": 1,
        "date": "2020-03-19",
        "commitResults": [
          {
            "hash": "e9d58c9f11f4a73a4604c47f83f0f1893a3d053f",
            "messageTitle": "Updated URL of Help Window to reflect FitBiz User Guide.",
            "messageBody": "",
            "insertions": 3,
            "deletions": 1
          }
        ]
      }
    ],
    "AaronCQL": [
      {
        "insertions": 544,
        "deletions": 0,
        "date": "2020-02-20",
        "commitResults": [
          {
            "hash": "4df3e777e1dd80bb0e4cbdef3c2c95db067e6cf9",
            "messageTitle": "Create UserGuideDraft.md",
            "messageBody": "",
            "insertions": 544,
            "deletions": 0
          }
        ]
      },
      {
        "insertions": 2,
        "deletions": 2,
        "date": "2020-03-05",
        "commitResults": [
          {
            "hash": "88d73ed8c6b7ba8b49795b992d3a26c674075b9d",
            "messageTitle": "Update website config",
            "messageBody": "",
            "insertions": 2,
            "deletions": 2
          }
        ]
      },
      {
        "insertions": 15,
        "deletions": 13,
        "date": "2020-03-07",
        "commitResults": [
          {
            "hash": "fe24d7273204a42985191ca8a5fdc50034490b2c",
            "messageTitle": "Fix imports to follow lexicographic order",
            "messageBody": "",
            "insertions": 15,
            "deletions": 13
          }
        ]
      },
      {
        "insertions": 261,
        "deletions": 5,
        "date": "2020-03-10",
        "commitResults": [
          {
            "hash": "5f1e6f9075544cc5705a3fa2ecfc4937dc191610",
            "messageTitle": "Add current weight attribute and tests",
            "messageBody": "",
            "insertions": 92,
            "deletions": 0
          },
          {
            "hash": "a383206454aa6799c19999e349100d80ff1741a0",
            "messageTitle": "Tweak validation regex and add more tests",
            "messageBody": "",
            "insertions": 18,
            "deletions": 3
          },
          {
            "hash": "0d35efcd9b6f88d6d539ac5b96bfac95e7b113b0",
            "messageTitle": "Add target weight attribute and tests",
            "messageBody": "",
            "insertions": 107,
            "deletions": 0
          },
          {
            "hash": "3f52fdf8f88206c2d22c7bc5b2b076a709721096",
            "messageTitle": "Add tests for equals and hashcode",
            "messageBody": "",
            "insertions": 19,
            "deletions": 0
          },
          {
            "hash": "9bf036fdd2721bb3a7a40d75c5307cf68b54da48",
            "messageTitle": "Fix typo",
            "messageBody": "",
            "insertions": 1,
            "deletions": 1
          },
          {
            "hash": "7eea5ab14ea0ab210f71bc4529cfa8c198d7b7c3",
            "messageTitle": "Fix typo",
            "messageBody": "",
            "insertions": 1,
            "deletions": 1
          },
          {
            "hash": "22c943d08e50d4ebf3de38c66af87e0a1f1543eb",
            "messageTitle": "Add tests for equals and hashCode",
            "messageBody": "",
            "insertions": 19,
            "deletions": 0
          },
          {
            "hash": "f1ed9c78863015eb755fdcfa59b168b003636881",
            "messageTitle": "Add require non null for constructor",
            "messageBody": "",
            "insertions": 2,
            "deletions": 0
          },
          {
            "hash": "355da6bcf10b302873f4c2bfeb7779f9969624bd",
            "messageTitle": "Add require no null for constructor",
            "messageBody": "",
            "insertions": 2,
            "deletions": 0
          }
        ]
      },
      {
        "insertions": 39,
        "deletions": 22,
        "date": "2020-03-12",
        "commitResults": [
          {
            "hash": "4dfd54e55e00ec8e758fd1aa11a393b41717bade",
            "messageTitle": "Revert Birthday model",
            "messageBody": "",
            "insertions": 12,
            "deletions": 6
          },
          {
            "hash": "f4f529fe1824c32b04dda870e65e3e7c415851c0",
            "messageTitle": "Revert BirthdayTest",
            "messageBody": "",
            "insertions": 27,
            "deletions": 16
          }
        ]
      },
      {
        "insertions": 21,
        "deletions": 12,
        "date": "2020-03-14",
        "commitResults": [
          {
            "hash": "f4b96d65e7e063ab0ffcbf98eca12c5855837f07",
            "messageTitle": "Hook birthday attribute to add and edit commands",
            "messageBody": "",
            "insertions": 21,
            "deletions": 12
          }
        ]
      },
      {
        "insertions": 166,
        "deletions": 139,
        "date": "2020-03-15",
        "commitResults": [
          {
            "hash": "1cba1644af4d3380ce4af9abea93fe5f36bea60d",
            "messageTitle": "Add birthday attribute to JSON storage",
            "messageBody": "",
            "insertions": 166,
            "deletions": 139
          }
        ]
      },
      {
        "insertions": 232,
        "deletions": 88,
        "date": "2020-03-16",
        "commitResults": [
          {
            "hash": "43977d8d8b669dac366dfbc53fc9ed3782ad6eb4",
            "messageTitle": "Add implementation for TargetWeight",
            "messageBody": "",
            "insertions": 141,
            "deletions": 67
          },
          {
            "hash": "707c93c3eb1b9934d97a2440daf85d42bd4aede3",
            "messageTitle": "Add implementation for CurrentWeight",
            "messageBody": "",
            "insertions": 88,
            "deletions": 18
          },
          {
            "hash": "221f1a885eaf53c0304866541a05979b1e398484",
            "messageTitle": "Add missing braces",
            "messageBody": "",
            "insertions": 3,
            "deletions": 3
          }
        ]
      },
      {
        "insertions": 336,
        "deletions": 141,
        "date": "2020-03-18",
        "commitResults": [
          {
            "hash": "1ef75f2cb3e607016b26a8b6c89dc523f14e1d56",
            "messageTitle": "Update sample data for FitBiz",
            "messageBody": "",
            "insertions": 17,
            "deletions": 29
          },
          {
            "hash": "25b533e525ba0731c239ad7cf662776520f3ed6b",
            "messageTitle": "Fix minor typos",
            "messageBody": "",
            "insertions": 6,
            "deletions": 4
          },
          {
            "hash": "ca51d7659ce39a2cad394efa0f5e23abf194651c",
            "messageTitle": "Remove redundant check",
            "messageBody": "",
            "insertions": 2,
            "deletions": 2
          },
          {
            "hash": "679eb7001cf5f1859895dbcd2e82a7532d7949bd",
            "messageTitle": "Solve sport not being permanent bug",
            "messageBody": "",
            "insertions": 9,
            "deletions": 3
          },
          {
            "hash": "ca07ae7c5f6ef99ec575745d019ef286fd321bac",
            "messageTitle": "Fix method name for consistency",
            "messageBody": "",
            "insertions": 3,
            "deletions": 3
          },
          {
            "hash": "ac7ff1eebbca32111aee0a5e94cc0aa875db9b0b",
            "messageTitle": "Enable edit command tests",
            "messageBody": "",
            "insertions": 98,
            "deletions": 36
          },
          {
            "hash": "da42eae370b38bf337699828a366e828483c2a5e",
            "messageTitle": "Enable more tests",
            "messageBody": "",
            "insertions": 156,
            "deletions": 17
          },
          {
            "hash": "aceaabf78e71f41fcf076c06c44332c87065c505",
            "messageTitle": "Enable storage test",
            "messageBody": "",
            "insertions": 30,
            "deletions": 31
          },
          {
            "hash": "fa49c0547d0e285bd8e2c6a90fa8fd170f82dbff",
            "messageTitle": "Enable storage manager test",
            "messageBody": "",
            "insertions": 15,
            "deletions": 16
          }
        ]
      },
      {
        "insertions": 289,
        "deletions": 158,
        "date": "2020-03-19",
        "commitResults": [
          {
            "hash": "9a744f6623c7c33469cf158c50bbfcfc00fe3ef9",
            "messageTitle": "Fix indentation",
            "messageBody": "",
            "insertions": 1,
            "deletions": 1
          },
          {
            "hash": "670230de6479a7deb7daefc85cf37836a43125a9",
            "messageTitle": "Fix json data and enable serializable test",
            "messageBody": "",
            "insertions": 12,
            "deletions": 12
          },
          {
            "hash": "4da8089d792739d294335cf5609efc076d07bf58",
            "messageTitle": "Fix json and enable duplicate json test",
            "messageBody": "",
            "insertions": 8,
            "deletions": 9
          },
          {
            "hash": "4c0a7d91a6ae96556628e74a5c10d0bbd7e02d56",
            "messageTitle": "Remove #disabled keyword",
            "messageBody": "",
            "insertions": 0,
            "deletions": 1
          },
          {
            "hash": "6b32b9dc581b4bde36c4b2f5460affe2e024642b",
            "messageTitle": "Enable test for JsonAdaptedClient",
            "messageBody": "",
            "insertions": 142,
            "deletions": 113
          },
          {
            "hash": "1f47dd073f124aeb30f4223d707dbbb9f3ff8002",
            "messageTitle": "Fix wrong error messages",
            "messageBody": "",
            "insertions": 4,
            "deletions": 4
          },
          {
            "hash": "92256975ac2bdf6c4a2d6a71d8498eb11ddcacc2",
            "messageTitle": "Add json tests for all attributes",
            "messageBody": "",
            "insertions": 109,
            "deletions": 9
          },
          {
            "hash": "edfdc1590c3550124160e678dd50ceb6864ebaf1",
            "messageTitle": "Change messages from AB3 to FitBiz",
            "messageBody": "",
            "insertions": 3,
            "deletions": 3
          },
          {
            "hash": "d5b9b72426b025a7e1eacb098c4dea5146dc951d",
            "messageTitle": "Enable higher dpi scaling",
            "messageBody": "",
            "insertions": 4,
            "deletions": 0
          },
          {
            "hash": "7d346d3dbdf33d56c6f9bef907e2db56d19ccfb2",
            "messageTitle": "Change command words to match user guide",
            "messageBody": "",
            "insertions": 6,
            "deletions": 6
          }
        ]
      },
      {
        "insertions": 227,
        "deletions": 24,
        "date": "2020-03-24",
        "commitResults": [
          {
            "hash": "70a5b4002b2833589a939abee17b97240b70548a",
            "messageTitle": "Add detection for up and down arrow key press",
            "messageBody": "",
            "insertions": 13,
            "deletions": 0
          },
          {
            "hash": "769fc3aded2b90c887ba54a6accc06cb9ceea77d",
            "messageTitle": "Working logic for command history",
            "messageBody": "",
            "insertions": 51,
            "deletions": 3
          },
          {
            "hash": "a07ff5e74df4daa7d05fcbe52686b25704c70d86",
            "messageTitle": "Add handling of duplicate commands",
            "messageBody": "",
            "insertions": 34,
            "deletions": 5
          },
          {
            "hash": "be33bb96608e8fcc410e0d7516140bb4f14283b9",
            "messageTitle": "Shift files",
            "messageBody": "",
            "insertions": 2,
            "deletions": 3
          },
          {
            "hash": "d51adc098d15ab884333493eb6fcae97492f64e3",
            "messageTitle": "Working storage for command history",
            "messageBody": "",
            "insertions": 83,
            "deletions": 5
          },
          {
            "hash": "8ea5696779ed9668b5a0ac5fe2712ff2098a71d3",
            "messageTitle": "Enforce maximum size of history",
            "messageBody": "",
            "insertions": 14,
            "deletions": 0
          },
          {
            "hash": "d9a680a583788befcb69eb66cf191a27b4dd6d13",
            "messageTitle": "Add javadoc comments",
            "messageBody": "",
            "insertions": 30,
            "deletions": 8
          }
        ]
      },
      {
        "insertions": 140,
        "deletions": 5,
        "date": "2020-03-25",
        "commitResults": [
          {
            "hash": "dd896617c6d4588430e3dd4623b0a3a68927e541",
            "messageTitle": "Add tests for command history",
            "messageBody": "",
            "insertions": 140,
            "deletions": 5
          }
        ]
      },
      {
        "insertions": 2,
        "deletions": 0,
        "date": "2020-03-26",
        "commitResults": [
          {
            "hash": "307e90ac9959dbcfef4a00463447725e4343d775",
            "messageTitle": "Fix bug with wrong prev command",
            "messageBody": "",
            "insertions": 2,
            "deletions": 0
          }
        ]
      }
    ]
  },
  "authorFinalContributionMap": {
    "Yonggiee": 492,
    "ziyingli": 233,
    "tohkerwei": 283,
    "Dban1": 1339,
    "AaronCQL": 1860
  },
  "authorFileTypeContributionMap": {
    "Yonggiee": {
      "java": 450,
      "md": 33,
      "fxml": 9,
      "sh": 0,
      "bat": 0,
      "gradle": 0,
      "txt": 0
    },
    "ziyingli": {
      "java": 233,
      "md": 0,
      "fxml": 0,
      "sh": 0,
      "bat": 0,
      "gradle": 0,
      "txt": 0
    },
    "tohkerwei": {
      "java": 283,
      "md": 0,
      "fxml": 0,
      "sh": 0,
      "bat": 0,
      "gradle": 0,
      "txt": 0
    },
    "Dban1": {
      "java": 1287,
      "md": 49,
      "fxml": 3,
      "sh": 0,
      "bat": 0,
      "gradle": 0,
      "txt": 0
    },
    "AaronCQL": {
      "java": 1345,
      "md": 507,
      "fxml": 0,
      "sh": 0,
      "bat": 0,
      "gradle": 8,
      "txt": 0
    }
  },
  "authorContributionVariance": {
    "Yonggiee": 3226.977,
    "ziyingli": 942.56714,
    "tohkerwei": 1663.5369,
    "Dban1": 144068.78,
    "AaronCQL": 20980.893
  },
  "authorDisplayNameMap": {
    "Yonggiee": "CS2103T-F11-2 FONG.. JIE",
    "ziyingli": "CS2103T-F11-2 LI Z..YING",
    "tohkerwei": "CS2103T-F11-2 TOH .. WEI",
    "Dban1": "CS2103T-F11-2 NG M..IANG",
    "AaronCQL": "CS2103T-F11-2 CHOO..ARON"
  }
}
