{
  "repoSenseVersion": "0f57aab1de",
  "reportGeneratedTime": "Wed Apr 15 21:28:19 2020 UTC+08:00",
  "reportGenerationTime": " 4 minute(s) 43.25 second(s)",
  "repos": [
    {
      "location": {
        "location": "https://github.com/AY1920S2-CS2103T-F09-1/main.git",
        "repoName": "main",
        "organization": "AY1920S2-CS2103T-F09-1"
      },
      "branch": "master",
      "displayName": "AY1920S2-CS2103T-F09-1/main[master]",
      "outputFolderName": "AY1920S2-CS2103T-F09-1_main_master"
    },
    {
      "location": {
        "location": "https://github.com/AY1920S2-CS2103T-F09-2/main.git",
        "repoName": "main",
        "organization": "AY1920S2-CS2103T-F09-2"
      },
      "branch": "master",
      "displayName": "AY1920S2-CS2103T-F09-2/main[master]",
      "outputFolderName": "AY1920S2-CS2103T-F09-2_main_master"
    },
    {
      "location": {
        "location": "https://github.com/AY1920S2-CS2103T-F09-3/main.git",
        "repoName": "main",
        "organization": "AY1920S2-CS2103T-F09-3"
      },
      "branch": "master",
      "displayName": "AY1920S2-CS2103T-F09-3/main[master]",
      "outputFolderName": "AY1920S2-CS2103T-F09-3_main_master"
    },
    {
      "location": {
        "location": "https://github.com/AY1920S2-CS2103T-F09-4/main.git",
        "repoName": "main",
        "organization": "AY1920S2-CS2103T-F09-4"
      },
      "branch": "master",
      "displayName": "AY1920S2-CS2103T-F09-4/main[master]",
      "outputFolderName": "AY1920S2-CS2103T-F09-4_main_master"
    },
    {
      "location": {
        "location": "https://github.com/AY1920S2-CS2103T-F10-1/main.git",
        "repoName": "main",
        "organization": "AY1920S2-CS2103T-F10-1"
      },
      "branch": "master",
      "displayName": "AY1920S2-CS2103T-F10-1/main[master]",
      "outputFolderName": "AY1920S2-CS2103T-F10-1_main_master"
    },
    {
      "location": {
        "location": "https://github.com/AY1920S2-CS2103T-F10-2/main.git",
        "repoName": "main",
        "organization": "AY1920S2-CS2103T-F10-2"
      },
      "branch": "master",
      "displayName": "AY1920S2-CS2103T-F10-2/main[master]",
      "outputFolderName": "AY1920S2-CS2103T-F10-2_main_master"
    },
    {
      "location": {
        "location": "https://github.com/AY1920S2-CS2103T-F10-3/main.git",
        "repoName": "main",
        "organization": "AY1920S2-CS2103T-F10-3"
      },
      "branch": "master",
      "displayName": "AY1920S2-CS2103T-F10-3/main[master]",
      "outputFolderName": "AY1920S2-CS2103T-F10-3_main_master"
    },
    {
      "location": {
        "location": "https://github.com/AY1920S2-CS2103T-F10-4/main.git",
        "repoName": "main",
        "organization": "AY1920S2-CS2103T-F10-4"
      },
      "branch": "master",
      "displayName": "AY1920S2-CS2103T-F10-4/main[master]",
      "outputFolderName": "AY1920S2-CS2103T-F10-4_main_master"
    },
    {
      "location": {
        "location": "https://github.com/AY1920S2-CS2103T-F11-1/main.git",
        "repoName": "main",
        "organization": "AY1920S2-CS2103T-F11-1"
      },
      "branch": "master",
      "displayName": "AY1920S2-CS2103T-F11-1/main[master]",
      "outputFolderName": "AY1920S2-CS2103T-F11-1_main_master"
    },
    {
      "location": {
        "location": "https://github.com/AY1920S2-CS2103T-F11-2/main.git",
        "repoName": "main",
        "organization": "AY1920S2-CS2103T-F11-2"
      },
      "branch": "master",
      "displayName": "AY1920S2-CS2103T-F11-2/main[master]",
      "outputFolderName": "AY1920S2-CS2103T-F11-2_main_master"
    },
    {
      "location": {
        "location": "https://github.com/AY1920S2-CS2103T-F11-3/main.git",
        "repoName": "main",
        "organization": "AY1920S2-CS2103T-F11-3"
      },
      "branch": "master",
      "displayName": "AY1920S2-CS2103T-F11-3/main[master]",
      "outputFolderName": "AY1920S2-CS2103T-F11-3_main_master"
    },
    {
      "location": {
        "location": "https://github.com/AY1920S2-CS2103T-F11-4/main.git",
        "repoName": "main",
        "organization": "AY1920S2-CS2103T-F11-4"
      },
      "branch": "master",
      "displayName": "AY1920S2-CS2103T-F11-4/main[master]",
      "outputFolderName": "AY1920S2-CS2103T-F11-4_main_master"
    },
    {
      "location": {
        "location": "https://github.com/AY1920S2-CS2103T-T10-1/main.git",
        "repoName": "main",
        "organization": "AY1920S2-CS2103T-T10-1"
      },
      "branch": "master",
      "displayName": "AY1920S2-CS2103T-T10-1/main[master]",
      "outputFolderName": "AY1920S2-CS2103T-T10-1_main_master"
    },
    {
      "location": {
        "location": "https://github.com/AY1920S2-CS2103T-T10-2/main.git",
        "repoName": "main",
        "organization": "AY1920S2-CS2103T-T10-2"
      },
      "branch": "master",
      "displayName": "AY1920S2-CS2103T-T10-2/main[master]",
      "outputFolderName": "AY1920S2-CS2103T-T10-2_main_master"
    },
    {
      "location": {
        "location": "https://github.com/AY1920S2-CS2103T-T10-3/main.git",
        "repoName": "main",
        "organization": "AY1920S2-CS2103T-T10-3"
      },
      "branch": "master",
      "displayName": "AY1920S2-CS2103T-T10-3/main[master]",
      "outputFolderName": "AY1920S2-CS2103T-T10-3_main_master"
    },
    {
      "location": {
        "location": "https://github.com/AY1920S2-CS2103T-T10-4/main.git",
        "repoName": "main",
        "organization": "AY1920S2-CS2103T-T10-4"
      },
      "branch": "master",
      "displayName": "AY1920S2-CS2103T-T10-4/main[master]",
      "outputFolderName": "AY1920S2-CS2103T-T10-4_main_master"
    },
    {
      "location": {
        "location": "https://github.com/AY1920S2-CS2103T-W12-1/main.git",
        "repoName": "main",
        "organization": "AY1920S2-CS2103T-W12-1"
      },
      "branch": "master",
      "displayName": "AY1920S2-CS2103T-W12-1/main[master]",
      "outputFolderName": "AY1920S2-CS2103T-W12-1_main_master"
    },
    {
      "location": {
        "location": "https://github.com/AY1920S2-CS2103T-W12-2/main.git",
        "repoName": "main",
        "organization": "AY1920S2-CS2103T-W12-2"
      },
      "branch": "master",
      "displayName": "AY1920S2-CS2103T-W12-2/main[master]",
      "outputFolderName": "AY1920S2-CS2103T-W12-2_main_master"
    },
    {
      "location": {
        "location": "https://github.com/AY1920S2-CS2103T-W12-3/main.git",
        "repoName": "main",
        "organization": "AY1920S2-CS2103T-W12-3"
      },
      "branch": "master",
      "displayName": "AY1920S2-CS2103T-W12-3/main[master]",
      "outputFolderName": "AY1920S2-CS2103T-W12-3_main_master"
    },
    {
      "location": {
        "location": "https://github.com/AY1920S2-CS2103T-W12-4/main.git",
        "repoName": "main",
        "organization": "AY1920S2-CS2103T-W12-4"
      },
      "branch": "master",
      "displayName": "AY1920S2-CS2103T-W12-4/main[master]",
      "outputFolderName": "AY1920S2-CS2103T-W12-4_main_master"
    },
    {
      "location": {
        "location": "https://github.com/AY1920S2-CS2103T-W13-1/main.git",
        "repoName": "main",
        "organization": "AY1920S2-CS2103T-W13-1"
      },
      "branch": "master",
      "displayName": "AY1920S2-CS2103T-W13-1/main[master]",
      "outputFolderName": "AY1920S2-CS2103T-W13-1_main_master"
    },
    {
      "location": {
        "location": "https://github.com/AY1920S2-CS2103T-W13-2/main.git",
        "repoName": "main",
        "organization": "AY1920S2-CS2103T-W13-2"
      },
      "branch": "master",
      "displayName": "AY1920S2-CS2103T-W13-2/main[master]",
      "outputFolderName": "AY1920S2-CS2103T-W13-2_main_master"
    },
    {
      "location": {
        "location": "https://github.com/AY1920S2-CS2103T-W13-3/main.git",
        "repoName": "main",
        "organization": "AY1920S2-CS2103T-W13-3"
      },
      "branch": "master",
      "displayName": "AY1920S2-CS2103T-W13-3/main[master]",
      "outputFolderName": "AY1920S2-CS2103T-W13-3_main_master"
    },
    {
      "location": {
        "location": "https://github.com/AY1920S2-CS2103T-W13-4/main.git",
        "repoName": "main",
        "organization": "AY1920S2-CS2103T-W13-4"
      },
      "branch": "master",
      "displayName": "AY1920S2-CS2103T-W13-4/main[master]",
      "outputFolderName": "AY1920S2-CS2103T-W13-4_main_master"
    },
    {
      "location": {
        "location": "https://github.com/AY1920S2-CS2103T-W16-1/main.git",
        "repoName": "main",
        "organization": "AY1920S2-CS2103T-W16-1"
      },
      "branch": "master",
      "displayName": "AY1920S2-CS2103T-W16-1/main[master]",
      "outputFolderName": "AY1920S2-CS2103T-W16-1_main_master"
    },
    {
      "location": {
        "location": "https://github.com/AY1920S2-CS2103T-W16-2/main.git",
        "repoName": "main",
        "organization": "AY1920S2-CS2103T-W16-2"
      },
      "branch": "master",
      "displayName": "AY1920S2-CS2103T-W16-2/main[master]",
      "outputFolderName": "AY1920S2-CS2103T-W16-2_main_master"
    },
    {
      "location": {
        "location": "https://github.com/AY1920S2-CS2103T-W16-3/main.git",
        "repoName": "main",
        "organization": "AY1920S2-CS2103T-W16-3"
      },
      "branch": "master",
      "displayName": "AY1920S2-CS2103T-W16-3/main[master]",
      "outputFolderName": "AY1920S2-CS2103T-W16-3_main_master"
    },
    {
      "location": {
        "location": "https://github.com/AY1920S2-CS2103T-W16-4/main.git",
        "repoName": "main",
        "organization": "AY1920S2-CS2103T-W16-4"
      },
      "branch": "master",
      "displayName": "AY1920S2-CS2103T-W16-4/main[master]",
      "outputFolderName": "AY1920S2-CS2103T-W16-4_main_master"
    },
    {
      "location": {
        "location": "https://github.com/AY1920S2-CS2103T-W17-1/main.git",
        "repoName": "main",
        "organization": "AY1920S2-CS2103T-W17-1"
      },
      "branch": "master",
      "displayName": "AY1920S2-CS2103T-W17-1/main[master]",
      "outputFolderName": "AY1920S2-CS2103T-W17-1_main_master"
    },
    {
      "location": {
        "location": "https://github.com/AY1920S2-CS2103T-W17-2/main.git",
        "repoName": "main",
        "organization": "AY1920S2-CS2103T-W17-2"
      },
      "branch": "master",
      "displayName": "AY1920S2-CS2103T-W17-2/main[master]",
      "outputFolderName": "AY1920S2-CS2103T-W17-2_main_master"
    },
    {
      "location": {
        "location": "https://github.com/AY1920S2-CS2103T-W17-3/main.git",
        "repoName": "main",
        "organization": "AY1920S2-CS2103T-W17-3"
      },
      "branch": "master",
      "displayName": "AY1920S2-CS2103T-W17-3/main[master]",
      "outputFolderName": "AY1920S2-CS2103T-W17-3_main_master"
    },
    {
      "location": {
        "location": "https://github.com/AY1920S2-CS2103T-W17-4/main.git",
        "repoName": "main",
        "organization": "AY1920S2-CS2103T-W17-4"
      },
      "branch": "master",
      "displayName": "AY1920S2-CS2103T-W17-4/main[master]",
      "outputFolderName": "AY1920S2-CS2103T-W17-4_main_master"
    },
    {
      "location": {
        "location": "https://github.com/AY1920S2-CS2103-W14-1/main.git",
        "repoName": "main",
        "organization": "AY1920S2-CS2103-W14-1"
      },
      "branch": "master",
      "displayName": "AY1920S2-CS2103-W14-1/main[master]",
      "outputFolderName": "AY1920S2-CS2103-W14-1_main_master"
    },
    {
      "location": {
        "location": "https://github.com/AY1920S2-CS2103-W14-2/main.git",
        "repoName": "main",
        "organization": "AY1920S2-CS2103-W14-2"
      },
      "branch": "master",
      "displayName": "AY1920S2-CS2103-W14-2/main[master]",
      "outputFolderName": "AY1920S2-CS2103-W14-2_main_master"
    },
    {
      "location": {
        "location": "https://github.com/AY1920S2-CS2103-W14-3/main.git",
        "repoName": "main",
        "organization": "AY1920S2-CS2103-W14-3"
      },
      "branch": "master",
      "displayName": "AY1920S2-CS2103-W14-3/main[master]",
      "outputFolderName": "AY1920S2-CS2103-W14-3_main_master"
    },
    {
      "location": {
        "location": "https://github.com/AY1920S2-CS2103-W14-4/main.git",
        "repoName": "main",
        "organization": "AY1920S2-CS2103-W14-4"
      },
      "branch": "master",
      "displayName": "AY1920S2-CS2103-W14-4/main[master]",
      "outputFolderName": "AY1920S2-CS2103-W14-4_main_master"
    },
    {
      "location": {
        "location": "https://github.com/AY1920S2-CS2103-W15-1/main.git",
        "repoName": "main",
        "organization": "AY1920S2-CS2103-W15-1"
      },
      "branch": "master",
      "displayName": "AY1920S2-CS2103-W15-1/main[master]",
      "outputFolderName": "AY1920S2-CS2103-W15-1_main_master"
    },
    {
      "location": {
        "location": "https://github.com/AY1920S2-CS2103-W15-2/main.git",
        "repoName": "main",
        "organization": "AY1920S2-CS2103-W15-2"
      },
      "branch": "master",
      "displayName": "AY1920S2-CS2103-W15-2/main[master]",
      "outputFolderName": "AY1920S2-CS2103-W15-2_main_master"
    },
    {
      "location": {
        "location": "https://github.com/AY1920S2-CS2103-W15-3/main.git",
        "repoName": "main",
        "organization": "AY1920S2-CS2103-W15-3"
      },
      "branch": "master",
      "displayName": "AY1920S2-CS2103-W15-3/main[master]",
      "outputFolderName": "AY1920S2-CS2103-W15-3_main_master"
    },
    {
      "location": {
        "location": "https://github.com/AY1920S2-CS2103-W15-4/main.git",
        "repoName": "main",
        "organization": "AY1920S2-CS2103-W15-4"
      },
      "branch": "master",
      "displayName": "AY1920S2-CS2103-W15-4/main[master]",
      "outputFolderName": "AY1920S2-CS2103-W15-4_main_master"
    },
    {
      "location": {
        "location": "https://github.com/AY1920S2-CS2103-T09-1/main.git",
        "repoName": "main",
        "organization": "AY1920S2-CS2103-T09-1"
      },
      "branch": "master",
      "displayName": "AY1920S2-CS2103-T09-1/main[master]",
      "outputFolderName": "AY1920S2-CS2103-T09-1_main_master"
    },
    {
      "location": {
        "location": "https://github.com/AY1920S2-CS2103-T09-2/main.git",
        "repoName": "main",
        "organization": "AY1920S2-CS2103-T09-2"
      },
      "branch": "master",
      "displayName": "AY1920S2-CS2103-T09-2/main[master]",
      "outputFolderName": "AY1920S2-CS2103-T09-2_main_master"
    },
    {
      "location": {
        "location": "https://github.com/AY1920S2-CS2103-T09-3/main.git",
        "repoName": "main",
        "organization": "AY1920S2-CS2103-T09-3"
      },
      "branch": "master",
      "displayName": "AY1920S2-CS2103-T09-3/main[master]",
      "outputFolderName": "AY1920S2-CS2103-T09-3_main_master"
    },
    {
      "location": {
        "location": "https://github.com/AY1920S2-CS2103-T09-4/main.git",
        "repoName": "main",
        "organization": "AY1920S2-CS2103-T09-4"
      },
      "branch": "master",
      "displayName": "AY1920S2-CS2103-T09-4/main[master]",
      "outputFolderName": "AY1920S2-CS2103-T09-4_main_master"
    }
  ],
  "errorList": [],
  "sinceDate": "2020-02-14",
  "untilDate": "2020-04-15",
  "isSinceDateProvided": true,
  "isUntilDateProvided": false
}
