{
  "authorDailyContributionsMap": {
    "syinyichen": [
      {
        "insertions": 2100,
        "deletions": 130,
        "date": "2020-03-03",
        "commitResults": [
          {
            "hash": "eaa6fa5120d248f7952ab8a8459336838d64258c",
            "messageTitle": "Merge owe command",
            "messageBody": "",
            "insertions": 1121,
            "deletions": 60
          },
          {
            "hash": "9a7275cf452681afe637d40bb71380c45a91e1ff",
            "messageTitle": "Add Loan class and test",
            "messageBody": "",
            "insertions": 218,
            "deletions": 0
          },
          {
            "hash": "dd256b0655d78a25ee84bfac4f003fa92b43684f",
            "messageTitle": "Add PeopleLendCommand class and tests",
            "messageBody": "",
            "insertions": 472,
            "deletions": 32
          },
          {
            "hash": "36e0fb1eefdee3b93640e2707ec06c8aa4b3f62e",
            "messageTitle": "Add PeopleLendCommandParser class and tests",
            "messageBody": "",
            "insertions": 289,
            "deletions": 38
          }
        ]
      },
      {
        "insertions": 304,
        "deletions": 245,
        "date": "2020-03-04",
        "commitResults": [
          {
            "hash": "99f1a35a1003af60941da96a0a4bae4142b3dcad",
            "messageTitle": "Checkstyle",
            "messageBody": "",
            "insertions": 103,
            "deletions": 83
          },
          {
            "hash": "b265f4f9c24c3d11b415179a555e3a2be350e898",
            "messageTitle": "Checkstyle (1)",
            "messageBody": "",
            "insertions": 191,
            "deletions": 132
          },
          {
            "hash": "d8c15187ceafe3a93b2dbaf09877cb8fc609b741",
            "messageTitle": "Resolve comments on PR",
            "messageBody": "",
            "insertions": 10,
            "deletions": 30
          }
        ]
      },
      {
        "insertions": 1351,
        "deletions": 13,
        "date": "2020-03-06",
        "commitResults": [
          {
            "hash": "535afdd27365c47dc48caebd1c032ea64ffa9fd3",
            "messageTitle": "Add storage for user details",
            "messageBody": "",
            "insertions": 1351,
            "deletions": 13
          }
        ]
      },
      {
        "insertions": 1075,
        "deletions": 8,
        "date": "2020-03-07",
        "commitResults": [
          {
            "hash": "a5a427b1d789653173c14f189ef82f024a204f7d",
            "messageTitle": "Add people remind command",
            "messageBody": "",
            "insertions": 490,
            "deletions": 3
          },
          {
            "hash": "bbf61326c5685127fdcd48983dd4040c2fa2b0db",
            "messageTitle": "Add remindall command",
            "messageBody": "",
            "insertions": 82,
            "deletions": 4
          },
          {
            "hash": "54bb75fe5737d29fa402f7304ea80a031801899c",
            "messageTitle": "Checkstyle",
            "messageBody": "",
            "insertions": 1,
            "deletions": 1
          },
          {
            "hash": "777290d5002f76cd8559327180acdb4aa2936c2e",
            "messageTitle": "Add tests",
            "messageBody": "",
            "insertions": 133,
            "deletions": 0
          },
          {
            "hash": "de510dc2c1a7742528cc616554b1e4f998ec2593",
            "messageTitle": "Add paid command",
            "messageBody": "",
            "insertions": 369,
            "deletions": 0
          }
        ]
      },
      {
        "insertions": 84,
        "deletions": 73,
        "date": "2020-03-08",
        "commitResults": [
          {
            "hash": "c1f467ec1202f0e9a7afeb0b80f0845006e2a250",
            "messageTitle": "checkstyle",
            "messageBody": "",
            "insertions": 1,
            "deletions": 1
          },
          {
            "hash": "fd39eba5163815ecff39989f6cad55c57307830b",
            "messageTitle": "checkstyle (1)",
            "messageBody": "",
            "insertions": 2,
            "deletions": 2
          },
          {
            "hash": "9697e33382b7b4edbd1c2523b6cdbdd6598f0cca",
            "messageTitle": "Resolve comments on PR",
            "messageBody": "",
            "insertions": 21,
            "deletions": 21
          },
          {
            "hash": "2c811fae8bf2dba622da9147747f2234765a0071",
            "messageTitle": "Correct minor mistakes",
            "messageBody": "",
            "insertions": 45,
            "deletions": 32
          },
          {
            "hash": "58110886938ef88f5eb5be1a28fbfb4b1995b866",
            "messageTitle": "Resolve comments on PR",
            "messageBody": "",
            "insertions": 15,
            "deletions": 17
          }
        ]
      },
      {
        "insertions": 297,
        "deletions": 143,
        "date": "2020-03-09",
        "commitResults": [
          {
            "hash": "812852a703d77f90c4195b3c45b33b9a320b710b",
            "messageTitle": "Changed people paid command to people received command",
            "messageBody": "",
            "insertions": 42,
            "deletions": 44
          },
          {
            "hash": "1ab9d318536416f01209c31cccb389cbe6919a3a",
            "messageTitle": "Modify peopleReceivedCommandParser class",
            "messageBody": "",
            "insertions": 87,
            "deletions": 50
          },
          {
            "hash": "2aaf7c22820e0aa8dbed7aa045309dfc14e46323",
            "messageTitle": "Made UserData final in ModelManager",
            "messageBody": "",
            "insertions": 42,
            "deletions": 7
          },
          {
            "hash": "c2492ac5b87a5342cc1473d2df6e1ca319b407e0",
            "messageTitle": "Update test",
            "messageBody": "",
            "insertions": 126,
            "deletions": 42
          }
        ]
      },
      {
        "insertions": 44,
        "deletions": 48,
        "date": "2020-03-11",
        "commitResults": [
          {
            "hash": "909838f01b1a5c4186cae1fab4d4edd0d7fbe5c9",
            "messageTitle": "Improve PeopleReceiveCommand\u0027s execute method",
            "messageBody": "",
            "insertions": 44,
            "deletions": 48
          }
        ]
      },
      {
        "insertions": 2,
        "deletions": 1,
        "date": "2020-03-23",
        "commitResults": [
          {
            "hash": "53c5a416c51609d81f03b21e4c45975ec7851ec6",
            "messageTitle": "Update shadowJar",
            "messageBody": "",
            "insertions": 2,
            "deletions": 1
          }
        ]
      },
      {
        "insertions": 86,
        "deletions": 15,
        "date": "2020-03-24",
        "commitResults": [
          {
            "hash": "013ae90a1ab8dece06adfd0cb6b11a4adfb42ad7",
            "messageTitle": "Improve edit user data window",
            "messageBody": "",
            "insertions": 35,
            "deletions": 5
          },
          {
            "hash": "7d935e3dbae6c864e0a74dc03e20c82c4ffb0962",
            "messageTitle": "Resolve checkstyle",
            "messageBody": "",
            "insertions": 4,
            "deletions": 1
          },
          {
            "hash": "0e72ba4edd7685dbc5c69087a8d3009f1c680518",
            "messageTitle": "Show execution progress",
            "messageBody": "",
            "insertions": 47,
            "deletions": 9
          }
        ]
      },
      {
        "insertions": 21,
        "deletions": 15,
        "date": "2020-03-25",
        "commitResults": [
          {
            "hash": "303f3088a908f5173498853cc50bc12fa8987498",
            "messageTitle": "Improve command box",
            "messageBody": "",
            "insertions": 2,
            "deletions": 4
          },
          {
            "hash": "018de9cce8b408db25704131d44c55adc16dbffc",
            "messageTitle": "Resolve thread problem",
            "messageBody": "",
            "insertions": 19,
            "deletions": 11
          }
        ]
      },
      {
        "insertions": 4,
        "deletions": 8,
        "date": "2020-03-26",
        "commitResults": [
          {
            "hash": "2f2b48613a9046795abd9b7e9ae0654a82dcf35d",
            "messageTitle": "Resolve comments and update UG",
            "messageBody": "",
            "insertions": 1,
            "deletions": 2
          },
          {
            "hash": "7b82e6dc6be537614d843d6bc34d7d1822c19c98",
            "messageTitle": "Standardize thread implementation",
            "messageBody": "",
            "insertions": 3,
            "deletions": 6
          }
        ]
      },
      {
        "insertions": 140,
        "deletions": 64,
        "date": "2020-03-28",
        "commitResults": [
          {
            "hash": "95a1d2cce39ae7c3401089a492d5eadd6f6aed82",
            "messageTitle": "Fix JavaFX thread issues",
            "messageBody": "",
            "insertions": 32,
            "deletions": 7
          },
          {
            "hash": "94bfad3a35d41a5aa55ea4f424bb5c1f81e55258",
            "messageTitle": "Resolve Travis issue",
            "messageBody": "",
            "insertions": 15,
            "deletions": 28
          },
          {
            "hash": "8027f90302a1323f1b7f783bfcb0e5978fe3dead",
            "messageTitle": "Improve EditUserDataWindow GUI",
            "messageBody": "",
            "insertions": 93,
            "deletions": 29
          }
        ]
      },
      {
        "insertions": 163,
        "deletions": 272,
        "date": "2020-03-29",
        "commitResults": [
          {
            "hash": "e3f63fbca814b593f26987c65794e011ad8dab86",
            "messageTitle": "Improve HelpWindow GUI",
            "messageBody": "",
            "insertions": 58,
            "deletions": 33
          },
          {
            "hash": "05036257508a3e78e9e6f016a18685831c9db40a",
            "messageTitle": "Remove tag field from people add and edit command",
            "messageBody": "",
            "insertions": 105,
            "deletions": 239
          }
        ]
      },
      {
        "insertions": 26,
        "deletions": 13,
        "date": "2020-03-30",
        "commitResults": [
          {
            "hash": "4fa1e265eb5afbb029729b95c9c0a535e788acdb",
            "messageTitle": "Resolve IllegalStateException",
            "messageBody": "",
            "insertions": 19,
            "deletions": 11
          },
          {
            "hash": "7c4cf3491fdd26975c1e2c2482009b097370a60a",
            "messageTitle": "Add Platform.runLater in catch block of execute",
            "messageBody": "",
            "insertions": 7,
            "deletions": 2
          }
        ]
      }
    ],
    "gracegrape": [
      {
        "insertions": 521,
        "deletions": 128,
        "date": "2020-03-09",
        "commitResults": [
          {
            "hash": "796cc49c437773b35601eef2f5de3792ed326450",
            "messageTitle": "Created wallet package and WalletDeleteCommand",
            "messageBody": "",
            "insertions": 5,
            "deletions": 0
          },
          {
            "hash": "239ca2bceb9a9dbe32d7f25cf5fdff5e7b79d09d",
            "messageTitle": "Added changes to Wallet package",
            "messageBody": "",
            "insertions": 49,
            "deletions": 1
          },
          {
            "hash": "09339267c74997b2046d38a151714da8ecc32c5e",
            "messageTitle": "Updated WalletDeleteCommand",
            "messageBody": "",
            "insertions": 23,
            "deletions": 14
          },
          {
            "hash": "2f53463d156fa319c2664ddd1a106b45b8443f21",
            "messageTitle": "Update ModelManager",
            "messageBody": "",
            "insertions": 18,
            "deletions": 5
          },
          {
            "hash": "505ed4880144f13115c6142e990c94335607456e",
            "messageTitle": "Added walletDeleteCommandTest",
            "messageBody": "",
            "insertions": 49,
            "deletions": 8
          },
          {
            "hash": "676cd5bdbf3f62c1fc78702d5597c799a3f90535",
            "messageTitle": "Updated expenses to gtransaction",
            "messageBody": "",
            "insertions": 22,
            "deletions": 14
          },
          {
            "hash": "fd657db04d26f0542098d8d80e9fd3e2339cb8e1",
            "messageTitle": "Updated WalletDeleteCommandTest",
            "messageBody": "",
            "insertions": 232,
            "deletions": 24
          },
          {
            "hash": "c131aa7b780e4c62df57dbf1802df8bac1594f60",
            "messageTitle": "Updated names of methods",
            "messageBody": "",
            "insertions": 3,
            "deletions": 3
          },
          {
            "hash": "1fc1e6ed595f4f356dcef603f3625126c11a903b",
            "messageTitle": "Fixed checkstyle",
            "messageBody": "",
            "insertions": 83,
            "deletions": 50
          },
          {
            "hash": "b0b41a8590bd7830d808aea8673781d205817d82",
            "messageTitle": "Added WalletDeleteCommandParser",
            "messageBody": "",
            "insertions": 31,
            "deletions": 8
          },
          {
            "hash": "b8bc1d0639f1775ec427e6026bead0ab22a721a6",
            "messageTitle": "Fixed checkstyle",
            "messageBody": "",
            "insertions": 6,
            "deletions": 1
          }
        ]
      },
      {
        "insertions": 67,
        "deletions": 8,
        "date": "2020-03-10",
        "commitResults": [
          {
            "hash": "ddcf1e9358cc473716a668da390522b89b524490",
            "messageTitle": "Fixed some areas according to review",
            "messageBody": "",
            "insertions": 6,
            "deletions": 5
          },
          {
            "hash": "32f90c8b2a4520d177922ea4e7acca9ffc1b7b01",
            "messageTitle": "Added WalletDeleteParserTest",
            "messageBody": "",
            "insertions": 28,
            "deletions": 0
          },
          {
            "hash": "59c8c3e14fd8bb15a459bd605f678c10dcc1b2bb",
            "messageTitle": "Added More tests",
            "messageBody": "",
            "insertions": 32,
            "deletions": 1
          },
          {
            "hash": "d3f4fefea9d7d724ab07701367e3c34746116cf3",
            "messageTitle": "Fix Travis?",
            "messageBody": "",
            "insertions": 1,
            "deletions": 2
          }
        ]
      },
      {
        "insertions": 36,
        "deletions": 24,
        "date": "2020-03-11",
        "commitResults": [
          {
            "hash": "6a40e877096fc6a2cb7175686e2447faf8261da5",
            "messageTitle": "Added more test case and fixed code based on reviews",
            "messageBody": "",
            "insertions": 24,
            "deletions": 23
          },
          {
            "hash": "5e2236106e9881e7ac449ddd6eda9a7e9644d24a",
            "messageTitle": "Make Travis happy",
            "messageBody": "",
            "insertions": 2,
            "deletions": 0
          },
          {
            "hash": "c57c85f29caa452a3227b87ddc5952b0160e1d7b",
            "messageTitle": "Fixed list and delete problem",
            "messageBody": "",
            "insertions": 10,
            "deletions": 1
          }
        ]
      },
      {
        "insertions": 528,
        "deletions": 61,
        "date": "2020-03-12",
        "commitResults": [
          {
            "hash": "e494bd93726e8d4b071f1e231a3871209b821de9",
            "messageTitle": "Fixed merge conflict and Checkstyle",
            "messageBody": "",
            "insertions": 6,
            "deletions": 13
          },
          {
            "hash": "f08ff3c85c07d73ccb922183b20cd74d5a8cd50d",
            "messageTitle": "Fixed checkstyle",
            "messageBody": "",
            "insertions": 1,
            "deletions": 0
          },
          {
            "hash": "851d466b54dd7375d4ea36cc77519a2d1fcf4e8a",
            "messageTitle": "Added Wallet List",
            "messageBody": "",
            "insertions": 49,
            "deletions": 0
          },
          {
            "hash": "f76986624d86152e0e31ac48996f19aba91a7a1d",
            "messageTitle": "Added WalletListCommandTest",
            "messageBody": "",
            "insertions": 19,
            "deletions": 0
          },
          {
            "hash": "1f4dbcb005226aca38abdcd87bf5b46cf0525393",
            "messageTitle": "Added Wallet Edit",
            "messageBody": "",
            "insertions": 4,
            "deletions": 0
          },
          {
            "hash": "36a7fae72295572deaa8ce042983b99a45c9c84b",
            "messageTitle": "Added WalletEditCommand",
            "messageBody": "",
            "insertions": 257,
            "deletions": 1
          },
          {
            "hash": "2b7ffd430a7a00d331a6a761b56956d881f30884",
            "messageTitle": "Added WalletEditParser",
            "messageBody": "",
            "insertions": 78,
            "deletions": 47
          },
          {
            "hash": "d2372df7d138ee63b6c27923b0784af794071765",
            "messageTitle": "Added tests",
            "messageBody": "",
            "insertions": 114,
            "deletions": 0
          }
        ]
      },
      {
        "insertions": 674,
        "deletions": 287,
        "date": "2020-03-13",
        "commitResults": [
          {
            "hash": "1d3624f038c5b5fc3dcaf8f0d86072a8803eef8e",
            "messageTitle": "Added ParserTest",
            "messageBody": "",
            "insertions": 104,
            "deletions": 7
          },
          {
            "hash": "6e3dac1d383ec3bf680a12b3adddba3ac64fc1ac",
            "messageTitle": "Travis fix",
            "messageBody": "",
            "insertions": 9,
            "deletions": 3
          },
          {
            "hash": "464ba71270c3f0429a172fac7d1f92ea922d1af6",
            "messageTitle": "Fixed checkstyle",
            "messageBody": "",
            "insertions": 14,
            "deletions": 8
          },
          {
            "hash": "e1793330b7ddbc334a44b2e4e74904c200980d7f",
            "messageTitle": "Added TabPane",
            "messageBody": "",
            "insertions": 7,
            "deletions": 0
          },
          {
            "hash": "ab4b805e0089dcf6bbf89b7750c5f69a3b5f7133",
            "messageTitle": "Added ugly tab view",
            "messageBody": "",
            "insertions": 96,
            "deletions": 26
          },
          {
            "hash": "255b6f1a941455733d572bf70803ad95448b1554",
            "messageTitle": "Added tabs",
            "messageBody": "",
            "insertions": 32,
            "deletions": 46
          },
          {
            "hash": "7b03306651617cfa193672821bb9630a2c80e577",
            "messageTitle": "Implementing list view for wallet",
            "messageBody": "",
            "insertions": 174,
            "deletions": 23
          },
          {
            "hash": "c2b0656820c114d917a44ef986b61f2721000277",
            "messageTitle": "Implemented Wallet list",
            "messageBody": "",
            "insertions": 138,
            "deletions": 85
          },
          {
            "hash": "f17a78fdcadbe9ed1758c9b20d0fbf350bd8ca9b",
            "messageTitle": "Done wallet find command",
            "messageBody": "",
            "insertions": 27,
            "deletions": 3
          },
          {
            "hash": "f7da6b0bcaa1f5c56d870380474da39295abea3d",
            "messageTitle": "Added walletListTest",
            "messageBody": "",
            "insertions": 14,
            "deletions": 41
          },
          {
            "hash": "a2364785d48d4222beb17e0f9eb9875caaa6d984",
            "messageTitle": "Fixed checkstyle",
            "messageBody": "",
            "insertions": 1,
            "deletions": 0
          },
          {
            "hash": "558160a88f34adfcd31278b758e6ae8d3679624e",
            "messageTitle": "Fixed checkstyle",
            "messageBody": "",
            "insertions": 58,
            "deletions": 45
          }
        ]
      },
      {
        "insertions": 36,
        "deletions": 24,
        "date": "2020-03-14",
        "commitResults": [
          {
            "hash": "053be3156b004cfb7471e8efe70d31462a0d4a82",
            "messageTitle": "Resolved review",
            "messageBody": "",
            "insertions": 30,
            "deletions": 10
          },
          {
            "hash": "3dcaffbc6db928e06e81060fdece1c7cdf7ba83a",
            "messageTitle": "Edited",
            "messageBody": "",
            "insertions": 0,
            "deletions": 11
          },
          {
            "hash": "5856919dcaa0cdd19d536598733f9f1c50279575",
            "messageTitle": "Resolve review issues",
            "messageBody": "",
            "insertions": 0,
            "deletions": 2
          },
          {
            "hash": "54c8a190155cf099121db1c4a9115ee3efa586a0",
            "messageTitle": "Fixed checkstyle",
            "messageBody": "",
            "insertions": 5,
            "deletions": 0
          },
          {
            "hash": "25a5c7bd29ef7a7a353e265ce052c38426a74b75",
            "messageTitle": "Fixed checkstyle",
            "messageBody": "",
            "insertions": 1,
            "deletions": 1
          }
        ]
      },
      {
        "insertions": 229,
        "deletions": 11,
        "date": "2020-03-15",
        "commitResults": [
          {
            "hash": "757513c8aa0fcc37e7065b25079e3d7e432149c2",
            "messageTitle": "Added wallet find command",
            "messageBody": "",
            "insertions": 47,
            "deletions": 0
          },
          {
            "hash": "8a37fa8ba92afb2a1a9e25c974d429bd01d444fa",
            "messageTitle": "Added wallet find command parser",
            "messageBody": "",
            "insertions": 25,
            "deletions": 0
          },
          {
            "hash": "78211b141ea12cc7307b1fe61cd139b3cfc45ac6",
            "messageTitle": "Changed command to full words not required",
            "messageBody": "",
            "insertions": 15,
            "deletions": 1
          },
          {
            "hash": "117f008bde820cb16c78fc6423a597892b009816",
            "messageTitle": "Added tests",
            "messageBody": "",
            "insertions": 85,
            "deletions": 1
          },
          {
            "hash": "bb2960af47609f954d17f2ed2d11d3c1ff62c631",
            "messageTitle": "Added more tests",
            "messageBody": "",
            "insertions": 31,
            "deletions": 1
          },
          {
            "hash": "018ed5ca1b6f902a0d1af2da396e6a5f70bba9ef",
            "messageTitle": "Fixed checkstyle",
            "messageBody": "",
            "insertions": 21,
            "deletions": 3
          },
          {
            "hash": "9484c6e4d5a3e1a4bedcaa142deafbe83706d115",
            "messageTitle": "Fixed checkstyle",
            "messageBody": "",
            "insertions": 5,
            "deletions": 5
          }
        ]
      },
      {
        "insertions": 189,
        "deletions": 25,
        "date": "2020-03-16",
        "commitResults": [
          {
            "hash": "8a4a20203512e1c0d45eb4417c6d7b81fc05c4f9",
            "messageTitle": "edited code based on reviews",
            "messageBody": "",
            "insertions": 159,
            "deletions": 4
          },
          {
            "hash": "70dc65cde02f699ddcc96d9a90f44f067417451f",
            "messageTitle": "edited code based on reviews",
            "messageBody": "",
            "insertions": 4,
            "deletions": 7
          },
          {
            "hash": "6683c11ac305c50065498b2db3b2509e09cfcda9",
            "messageTitle": "edited code based on reviews",
            "messageBody": "",
            "insertions": 1,
            "deletions": 1
          },
          {
            "hash": "bc41920118622e289cf4aac04b64722c65e16152",
            "messageTitle": "edited code based on reviews",
            "messageBody": "",
            "insertions": 4,
            "deletions": 2
          },
          {
            "hash": "d7144cd6e83674da37c2de93de7ca5b45002cb01",
            "messageTitle": "fixed travis",
            "messageBody": "",
            "insertions": 19,
            "deletions": 9
          },
          {
            "hash": "c7ab769ac965259470fc21cb5d144780f8067401",
            "messageTitle": "fixed review stuff",
            "messageBody": "",
            "insertions": 2,
            "deletions": 2
          }
        ]
      },
      {
        "insertions": 43,
        "deletions": 0,
        "date": "2020-03-19",
        "commitResults": [
          {
            "hash": "29c725c191ee70cbfb37ae7fdcebc746babd811b",
            "messageTitle": "Editing parser",
            "messageBody": "",
            "insertions": 43,
            "deletions": 0
          }
        ]
      },
      {
        "insertions": 123,
        "deletions": 17,
        "date": "2020-03-21",
        "commitResults": [
          {
            "hash": "ba2d83438d0b677c3fb7ef9607435488f0ff2a09",
            "messageTitle": "Changes",
            "messageBody": "",
            "insertions": 123,
            "deletions": 17
          }
        ]
      },
      {
        "insertions": 96,
        "deletions": 22,
        "date": "2020-03-23",
        "commitResults": [
          {
            "hash": "78b65c7a1192d4a9dee922f884c462841fa32fc0",
            "messageTitle": "Added TransactionKeyWordPredicate",
            "messageBody": "",
            "insertions": 65,
            "deletions": 0
          },
          {
            "hash": "53d3353d07a9d82f1583c3501b198e355caea2a2",
            "messageTitle": "Find description works",
            "messageBody": "",
            "insertions": 31,
            "deletions": 22
          }
        ]
      },
      {
        "insertions": 129,
        "deletions": 144,
        "date": "2020-03-25",
        "commitResults": [
          {
            "hash": "9ce811efb26e674529aa87545243ce4ec6464499",
            "messageTitle": "Added description and amt",
            "messageBody": "",
            "insertions": 104,
            "deletions": 140
          },
          {
            "hash": "92b12f01b177fe01450e8db4beeefc6f814e7e84",
            "messageTitle": "Done",
            "messageBody": "",
            "insertions": 25,
            "deletions": 4
          }
        ]
      },
      {
        "insertions": 310,
        "deletions": 8,
        "date": "2020-03-26",
        "commitResults": [
          {
            "hash": "05b4f3d1a1b49282fa7119b6e5154d38b8173092",
            "messageTitle": "Added predicate Test cases",
            "messageBody": "",
            "insertions": 307,
            "deletions": 4
          },
          {
            "hash": "ec602fdea85b8bb50b7eca8c2da1114279ba5306",
            "messageTitle": "Modified Test cases",
            "messageBody": "",
            "insertions": 3,
            "deletions": 4
          }
        ]
      },
      {
        "insertions": 142,
        "deletions": 127,
        "date": "2020-03-27",
        "commitResults": [
          {
            "hash": "9edd07b9a56c0dc3087e88acac8cd651175a4fc4",
            "messageTitle": "fixed some review changes",
            "messageBody": "",
            "insertions": 44,
            "deletions": 91
          },
          {
            "hash": "0da037f8b35072e3acc0e7765057e40d663dd97b",
            "messageTitle": "changes",
            "messageBody": "",
            "insertions": 1,
            "deletions": 1
          },
          {
            "hash": "a144f64c3ee1afb9ac1286568ff49e17ff0cc300",
            "messageTitle": "Updated ug",
            "messageBody": "",
            "insertions": 30,
            "deletions": 27
          },
          {
            "hash": "34acba2cf0713a0b0efc0163b556ca584404d577",
            "messageTitle": "Added fixes",
            "messageBody": "",
            "insertions": 27,
            "deletions": 1
          },
          {
            "hash": "be57b2dbc1ab7bfb6c86d7f9e40749b5245746a0",
            "messageTitle": "Fixd bug for people and wallet find",
            "messageBody": "",
            "insertions": 40,
            "deletions": 7
          }
        ]
      },
      {
        "insertions": 3,
        "deletions": 2,
        "date": "2020-03-28",
        "commitResults": [
          {
            "hash": "345f15379521be6f47b4dc6aee6a06c8ecf52542",
            "messageTitle": "Fixed error",
            "messageBody": "",
            "insertions": 3,
            "deletions": 2
          }
        ]
      },
      {
        "insertions": 2,
        "deletions": 2,
        "date": "2020-03-29",
        "commitResults": [
          {
            "hash": "ac6cbcac64e06b5c4c2edee51e3e5a1849f26082",
            "messageTitle": "Fixed",
            "messageBody": "",
            "insertions": 2,
            "deletions": 2
          }
        ]
      }
    ],
    "jumpcutfindo": [
      {
        "insertions": 505,
        "deletions": 410,
        "date": "2020-02-20",
        "commitResults": [
          {
            "hash": "b23f53dfb6195df0d681a2c6d0ff549d7e4b767a",
            "messageTitle": "Made address book work with individual commands",
            "messageBody": "Changed the code and made it more neat to segregate it into \"people\" and \"wallet\" commands\n",
            "insertions": 189,
            "deletions": 132
          },
          {
            "hash": "e04dbf8a73786a25ff5e5437ce49b16fa652cfeb",
            "messageTitle": "Fixed tests and edited the regex expression",
            "messageBody": "Regex expression now accomodates just having the first string entered\n",
            "insertions": 58,
            "deletions": 29
          },
          {
            "hash": "10a25c85e828407a87d6884d52b7906d7fa81fc3",
            "messageTitle": "Moved classes around",
            "messageBody": "Moved classes for more organised structure\n",
            "insertions": 258,
            "deletions": 249
          }
        ]
      },
      {
        "insertions": 1420,
        "deletions": 1332,
        "date": "2020-02-21",
        "commitResults": [
          {
            "hash": "5ff91d9ad62c974bb8c22439c4fe1ba925343c18",
            "messageTitle": "Shifted test packages, added extra tests",
            "messageBody": "",
            "insertions": 105,
            "deletions": 91
          },
          {
            "hash": "ef82e4bc50cf157c50955552f540697abd153808",
            "messageTitle": "Optimised imports",
            "messageBody": "",
            "insertions": 505,
            "deletions": 535
          },
          {
            "hash": "88b40bdd32aefa664f318e707840ad8eb7515ac1",
            "messageTitle": "Checkstyle",
            "messageBody": "",
            "insertions": 810,
            "deletions": 706
          }
        ]
      },
      {
        "insertions": 1925,
        "deletions": 1742,
        "date": "2020-02-22",
        "commitResults": [
          {
            "hash": "18f23cf563e19b305614054550e4a02777b2c332",
            "messageTitle": "Made address book work with individual commands",
            "messageBody": "Changed the code and made it more neat to segregate it into \"people\" and \"wallet\" commands\n",
            "insertions": 189,
            "deletions": 132
          },
          {
            "hash": "d498c34ddb928d9547731b8c7054ec9b681e7aa9",
            "messageTitle": "Fixed tests and edited the regex expression",
            "messageBody": "Regex expression now accomodates just having the first string entered\n",
            "insertions": 58,
            "deletions": 29
          },
          {
            "hash": "39d1f273152d69c68ff2d9da0947c9080a627fbe",
            "messageTitle": "Moved classes around",
            "messageBody": "Moved classes for more organised structure\n",
            "insertions": 258,
            "deletions": 249
          },
          {
            "hash": "e1bd8bb9b306dffb2a171a59f92f73f7a01beec4",
            "messageTitle": "Shifted test packages, added extra tests",
            "messageBody": "",
            "insertions": 105,
            "deletions": 91
          },
          {
            "hash": "5e36602687895ba2f417c04bfb99397b4f93580c",
            "messageTitle": "Optimised imports",
            "messageBody": "",
            "insertions": 505,
            "deletions": 535
          },
          {
            "hash": "2f002aa613bedb356948898e576093a000a866b0",
            "messageTitle": "Checkstyle",
            "messageBody": "",
            "insertions": 810,
            "deletions": 706
          }
        ]
      },
      {
        "insertions": 194,
        "deletions": 17,
        "date": "2020-03-04",
        "commitResults": [
          {
            "hash": "f8feeea8ccefd0dd1a620e9404e45c93e8c17ec6",
            "messageTitle": "Added budget parser",
            "messageBody": "In-progress\n",
            "insertions": 69,
            "deletions": 0
          },
          {
            "hash": "35bb94d5dcebc8c0feed098befff5673bff6c551",
            "messageTitle": "Created Date object and updated parser",
            "messageBody": "",
            "insertions": 53,
            "deletions": 0
          },
          {
            "hash": "56750fc4a5d8ad467bde007f1143d02052e12b20",
            "messageTitle": "Added Date tests and updated parser",
            "messageBody": "",
            "insertions": 51,
            "deletions": 7
          },
          {
            "hash": "ae73e8edbd83c1e8ec749224e5fd7c050a289f60",
            "messageTitle": "Added javadoc, renamed methods",
            "messageBody": "",
            "insertions": 21,
            "deletions": 10
          }
        ]
      },
      {
        "insertions": 26,
        "deletions": 23,
        "date": "2020-03-05",
        "commitResults": [
          {
            "hash": "2db094b350cf0238f199a1178149a876d33c2fcd",
            "messageTitle": "Rectified issues on PR",
            "messageBody": "",
            "insertions": 23,
            "deletions": 20
          },
          {
            "hash": "d2b62d30857adced5582ae0ed92742f2c2ec7c58",
            "messageTitle": "Fixed checkstyle",
            "messageBody": "",
            "insertions": 1,
            "deletions": 1
          },
          {
            "hash": "4e4f697d171e6cf59ef368c1d1c96910a752787f",
            "messageTitle": "Made checkstyle happy again",
            "messageBody": "",
            "insertions": 2,
            "deletions": 2
          }
        ]
      },
      {
        "insertions": 335,
        "deletions": 83,
        "date": "2020-03-08",
        "commitResults": [
          {
            "hash": "00065af3a869337773090b120859fbdcd9e92295",
            "messageTitle": "Updated budget command and parser",
            "messageBody": "",
            "insertions": 42,
            "deletions": 3
          },
          {
            "hash": "ed23cdfcdd88588042e30e102a1ed5f8ebcd25de",
            "messageTitle": "Added budget command and methods",
            "messageBody": "",
            "insertions": 46,
            "deletions": 5
          },
          {
            "hash": "d0d10eba646a878f2e761a2e173c52e09e16481d",
            "messageTitle": "Added methods for filtering lists",
            "messageBody": "",
            "insertions": 46,
            "deletions": 0
          },
          {
            "hash": "348dacf82aecfeefe13c719e779f76794f055c4d",
            "messageTitle": "Added method to check for budget exceeded",
            "messageBody": "",
            "insertions": 10,
            "deletions": 0
          },
          {
            "hash": "d0fae57706b2b8d4cde107b02b0171b0c4199f2d",
            "messageTitle": "Made checkstyle happy",
            "messageBody": "",
            "insertions": 42,
            "deletions": 20
          },
          {
            "hash": "01bea38f1a9c92619deda950d23912f07e56b781",
            "messageTitle": "Updated to make tests happy",
            "messageBody": "",
            "insertions": 6,
            "deletions": 0
          },
          {
            "hash": "16c763646a2f58657cc88b3fa1dd1a9a9bc9db06",
            "messageTitle": "Added some tests for budget, moved budget methods around",
            "messageBody": "",
            "insertions": 143,
            "deletions": 55
          }
        ]
      },
      {
        "insertions": 51,
        "deletions": 4,
        "date": "2020-03-09",
        "commitResults": [
          {
            "hash": "a57ac90a07432981dbb64ed7f23dc94c26083192",
            "messageTitle": "Added more tests and equals override",
            "messageBody": "",
            "insertions": 51,
            "deletions": 4
          }
        ]
      },
      {
        "insertions": 580,
        "deletions": 115,
        "date": "2020-03-10",
        "commitResults": [
          {
            "hash": "f63c15d864c0aa1800641c768753619e6643d0a1",
            "messageTitle": "Resolved merge conflicts",
            "messageBody": "",
            "insertions": 2,
            "deletions": 7
          },
          {
            "hash": "1c35a496b8432e5627688e1ec3995b2a0f9e646b",
            "messageTitle": "Added default budget and budget list",
            "messageBody": "",
            "insertions": 118,
            "deletions": 18
          },
          {
            "hash": "2218341c97a50b8dd51daf3c10b9517b698ae2a8",
            "messageTitle": "Added method to check for budget exceeded",
            "messageBody": "",
            "insertions": 51,
            "deletions": 20
          },
          {
            "hash": "1c14b609a4cc1712378ca4ab69dcd030a32390ae",
            "messageTitle": "Update to budget exceeded method",
            "messageBody": "",
            "insertions": 9,
            "deletions": 0
          },
          {
            "hash": "2b76f1864cc94bc812fd4800fa49680a1edc87a5",
            "messageTitle": "Fixed budget to work with individual months",
            "messageBody": "",
            "insertions": 69,
            "deletions": 18
          },
          {
            "hash": "950d70ff98c8da605665604fe647e00b5761927b",
            "messageTitle": "Made checkstyle happy and updated commands",
            "messageBody": "",
            "insertions": 68,
            "deletions": 43
          },
          {
            "hash": "614d0ff613c013737f7c523caca694ba92b8a78c",
            "messageTitle": "Updated tests to make them work with Budget",
            "messageBody": "",
            "insertions": 102,
            "deletions": 3
          },
          {
            "hash": "3c46ed6c81ab7f2eb3200862b7a4642d3b051ee2",
            "messageTitle": "Added some tests for Budget",
            "messageBody": "",
            "insertions": 161,
            "deletions": 6
          }
        ]
      },
      {
        "insertions": 840,
        "deletions": 267,
        "date": "2020-03-11",
        "commitResults": [
          {
            "hash": "45bfdd4cd15d6db58da684785b227ec8a72cd550",
            "messageTitle": "Added more tests, made checkstyle happy",
            "messageBody": "",
            "insertions": 231,
            "deletions": 9
          },
          {
            "hash": "585255b734fc6cf0cdd7d5067e2befd4cc10c4ba",
            "messageTitle": "Major overhaul to structure of Budget",
            "messageBody": "Budget now uses a Month, Year format instead of Date. Also changed BudgetList to be more in line with TransactionList.\n",
            "insertions": 214,
            "deletions": 108
          },
          {
            "hash": "a7cf1cc663d77de15de71b15ed8817bff4ad708c",
            "messageTitle": "Fixed tests, added new tests",
            "messageBody": "",
            "insertions": 279,
            "deletions": 127
          },
          {
            "hash": "4be404a970a26bd708292fbd4c1b9bdb122ab9a6",
            "messageTitle": "Added tests",
            "messageBody": "",
            "insertions": 114,
            "deletions": 3
          },
          {
            "hash": "218aea21693967ea86326b783e15835321abaab1",
            "messageTitle": "Added more tests and made checkstyle happy",
            "messageBody": "",
            "insertions": 2,
            "deletions": 20
          }
        ]
      },
      {
        "insertions": 18,
        "deletions": 8,
        "date": "2020-03-12",
        "commitResults": [
          {
            "hash": "63ea6b2ea040ee3c9cf4e1d5bdf40aa28dc00929",
            "messageTitle": "Update SharkieParser.java",
            "messageBody": "",
            "insertions": 1,
            "deletions": 1
          },
          {
            "hash": "eaa993c7b2f80f3b5c197000af4d7d37c8decbdf",
            "messageTitle": "Update CommandTestUtil.java",
            "messageBody": "",
            "insertions": 1,
            "deletions": 0
          },
          {
            "hash": "2a3f990e3213481cb2669265ce9881122d18f7db",
            "messageTitle": "Made checkstyle happy",
            "messageBody": "",
            "insertions": 16,
            "deletions": 7
          }
        ]
      },
      {
        "insertions": 37,
        "deletions": 43,
        "date": "2020-03-15",
        "commitResults": [
          {
            "hash": "ed5e24c200fc97ef1cdf3c9b78641170a4fc27e9",
            "messageTitle": "Changed main command area UI",
            "messageBody": "",
            "insertions": 37,
            "deletions": 43
          }
        ]
      },
      {
        "insertions": 435,
        "deletions": 173,
        "date": "2020-03-16",
        "commitResults": [
          {
            "hash": "12fc7ff6269e55050e6ea2faa778e2eb1024a985",
            "messageTitle": "Edited result window to change according to result",
            "messageBody": "",
            "insertions": 47,
            "deletions": 5
          },
          {
            "hash": "c824ec6b23985360af34758739dfbb5f1b9b4ebd",
            "messageTitle": "Updated CSS, made Wallet tab have two panels",
            "messageBody": "",
            "insertions": 11,
            "deletions": 9
          },
          {
            "hash": "a09623caa20715b8595caaaa10c80be9940be5e0",
            "messageTitle": "Separated items into date groups",
            "messageBody": "",
            "insertions": 150,
            "deletions": 69
          },
          {
            "hash": "951d7021554d16ea4d7f5621f70028cadbc5f611",
            "messageTitle": "Added transaction display by date",
            "messageBody": "",
            "insertions": 178,
            "deletions": 72
          },
          {
            "hash": "4ed0da07ba110ce8e206045e708b1196fc6303d7",
            "messageTitle": "Made checkstyle happy",
            "messageBody": "",
            "insertions": 49,
            "deletions": 18
          }
        ]
      },
      {
        "insertions": 153,
        "deletions": 105,
        "date": "2020-03-17",
        "commitResults": [
          {
            "hash": "251afad595dd83b845bca49ed81a433cf30c2f58",
            "messageTitle": "Fixed indexes working correctly",
            "messageBody": "",
            "insertions": 37,
            "deletions": 23
          },
          {
            "hash": "5d8f9e61fb346f3d010b83230d70e60f3caf3f99",
            "messageTitle": "Upgraded the transaction display",
            "messageBody": "",
            "insertions": 29,
            "deletions": 32
          },
          {
            "hash": "c571e8a9ab132893e56ab9db2597f033b9890982",
            "messageTitle": "Fixed wallet interface",
            "messageBody": "WalletTransactionPanel was repeatedly being instantiated and added on top a previous interface, preventing updating.\n",
            "insertions": 87,
            "deletions": 50
          }
        ]
      },
      {
        "insertions": 21,
        "deletions": 16,
        "date": "2020-03-18",
        "commitResults": [
          {
            "hash": "2802d3d5f3b08ea32ffa404786e506cc4d52db01",
            "messageTitle": "Fixed editing problem",
            "messageBody": "",
            "insertions": 21,
            "deletions": 16
          }
        ]
      },
      {
        "insertions": 98,
        "deletions": 11,
        "date": "2020-03-19",
        "commitResults": [
          {
            "hash": "8b0ff4d518e45cf0b4cf34a7d9ca55998a83750d",
            "messageTitle": "Added piechart",
            "messageBody": "",
            "insertions": 98,
            "deletions": 11
          }
        ]
      },
      {
        "insertions": 146,
        "deletions": 32,
        "date": "2020-03-20",
        "commitResults": [
          {
            "hash": "88240bc1e99b63fa5b11f2c188044447611de7d2",
            "messageTitle": "Added statistics panel",
            "messageBody": "",
            "insertions": 146,
            "deletions": 32
          }
        ]
      },
      {
        "insertions": 143,
        "deletions": 58,
        "date": "2020-03-23",
        "commitResults": [
          {
            "hash": "221f6eb1d55c8fd6f0d1d62ed7a8a8544e653cb5",
            "messageTitle": "Updated \"People\" tab styling",
            "messageBody": "",
            "insertions": 137,
            "deletions": 56
          },
          {
            "hash": "d578269303e741ef4c527289a287620f47852c8e",
            "messageTitle": "Made travis happy",
            "messageBody": "",
            "insertions": 6,
            "deletions": 2
          }
        ]
      },
      {
        "insertions": 60,
        "deletions": 48,
        "date": "2020-03-24",
        "commitResults": [
          {
            "hash": "5c7978662f3dfabf869e2804b0230227556a4a93",
            "messageTitle": "Updated according to comments given",
            "messageBody": "",
            "insertions": 18,
            "deletions": 5
          },
          {
            "hash": "373e27678f53fa6a41f27dfb13b6a2c4708d5dac",
            "messageTitle": "Fixed bugs in tests and panels",
            "messageBody": "",
            "insertions": 42,
            "deletions": 21
          },
          {
            "hash": "6f815aa3ec511919f587f71a210bc37d610d8b91",
            "messageTitle": "Removed unnecessary code and made checkstyle happy",
            "messageBody": "",
            "insertions": 0,
            "deletions": 22
          }
        ]
      },
      {
        "insertions": 8,
        "deletions": 12,
        "date": "2020-03-25",
        "commitResults": [
          {
            "hash": "80af950b36b1e062c581bee29ff7c4d5c4a5c9a2",
            "messageTitle": "Fixed budget not showing",
            "messageBody": "",
            "insertions": 8,
            "deletions": 12
          }
        ]
      },
      {
        "insertions": 8,
        "deletions": 13,
        "date": "2020-03-26",
        "commitResults": [
          {
            "hash": "21e1a312059faff088876f81166040a23853c0e1",
            "messageTitle": "Fixed layout issues",
            "messageBody": "",
            "insertions": 8,
            "deletions": 13
          }
        ]
      },
      {
        "insertions": 142,
        "deletions": 56,
        "date": "2020-03-27",
        "commitResults": [
          {
            "hash": "7b7144408886f961aff0243c32eaa61a6e41d216",
            "messageTitle": "Added placeholder for no transactions",
            "messageBody": "",
            "insertions": 72,
            "deletions": 24
          },
          {
            "hash": "d65857c8c6e3d96495c5a2e6209030e7cdc90d72",
            "messageTitle": "Fixed bugs with CSS not loading correctly",
            "messageBody": "",
            "insertions": 3,
            "deletions": 3
          },
          {
            "hash": "50b768fc0e56d5d95f39b7b04c55546a579da2db",
            "messageTitle": "Fixed index shuffling bug",
            "messageBody": "",
            "insertions": 7,
            "deletions": 1
          },
          {
            "hash": "c64ef4b0f6b51a1b3ca9a9e72f28afa474f3582a",
            "messageTitle": "Made Travis happy",
            "messageBody": "",
            "insertions": 0,
            "deletions": 1
          },
          {
            "hash": "d4301f9201ddd12558e1096bb57d9645bfa8b637",
            "messageTitle": "Fixed pie chart being updated during find",
            "messageBody": "",
            "insertions": 18,
            "deletions": 2
          },
          {
            "hash": "9c13d8141d6ffb6b17b370b38c6a852bc8ec925c",
            "messageTitle": "Removed reliance on wallet by WalletStatisticsPanel",
            "messageBody": "",
            "insertions": 24,
            "deletions": 16
          },
          {
            "hash": "88c28e952dd3587d81d59862b24fe6f9ea017dd5",
            "messageTitle": "Made travis happy",
            "messageBody": "",
            "insertions": 18,
            "deletions": 9
          }
        ]
      },
      {
        "insertions": 4,
        "deletions": 6,
        "date": "2020-03-28",
        "commitResults": [
          {
            "hash": "30efeb560e5b0ea8c119f3b9e342e137914a4632",
            "messageTitle": "Made travis happy",
            "messageBody": "",
            "insertions": 4,
            "deletions": 6
          }
        ]
      }
    ],
    "CheyanneSim": [
      {
        "insertions": 104,
        "deletions": 387,
        "date": "2020-02-23",
        "commitResults": [
          {
            "hash": "846be5a7045287f3dbb5c8195232830c3e2cbaa8",
            "messageTitle": "Remove \u0027sharkie\u0027 prefix for help and exit commands",
            "messageBody": "",
            "insertions": 14,
            "deletions": 12
          },
          {
            "hash": "9134781cff3911a665c42eb9666596f51bc52c40",
            "messageTitle": "Remove \u0027sharkie\u0027 prefix for help and exit commands",
            "messageBody": "",
            "insertions": 10,
            "deletions": 7
          },
          {
            "hash": "5130b3765be8c1744ed07f43b37de9d2e6e58e10",
            "messageTitle": "Remove address field",
            "messageBody": "",
            "insertions": 66,
            "deletions": 354
          },
          {
            "hash": "045df81ad40ed6df4364105b445a83feb0e77a6d",
            "messageTitle": "Rename package of \u0027help\u0027 and \u0027exit\u0027 to global",
            "messageBody": "",
            "insertions": 10,
            "deletions": 10
          },
          {
            "hash": "ff8b3e2254c0cb6686fb7044f21c30638ffb45ea",
            "messageTitle": "Make Travis happy",
            "messageBody": "",
            "insertions": 4,
            "deletions": 4
          }
        ]
      },
      {
        "insertions": 683,
        "deletions": 41,
        "date": "2020-02-24",
        "commitResults": [
          {
            "hash": "7c187f4e6b0536b0032352fb57b9d6ba54a957d3",
            "messageTitle": "Add support for adding amounts",
            "messageBody": "",
            "insertions": 13,
            "deletions": 1
          },
          {
            "hash": "04e3ee40b93d7c4a565458f7c5aba8fa7d6a6df4",
            "messageTitle": "Add Debt.java",
            "messageBody": "",
            "insertions": 94,
            "deletions": 0
          },
          {
            "hash": "9d58533e9ac027dc65345e148d456662f16a98b7",
            "messageTitle": "Create PeopleOweCommand",
            "messageBody": "",
            "insertions": 159,
            "deletions": 0
          },
          {
            "hash": "357682a5d0ba4a3cf4be9c688d88e08749ea683d",
            "messageTitle": "Edit data to include Owe",
            "messageBody": "",
            "insertions": 23,
            "deletions": 21
          },
          {
            "hash": "ed9f1c6206831156c02cfb9c3c8b9e4f5059f1af",
            "messageTitle": "Edit Person objects to include owe",
            "messageBody": "",
            "insertions": 34,
            "deletions": 5
          },
          {
            "hash": "e40b37d5e3cdb7036ce2548d8c0263cacfae668f",
            "messageTitle": "Add a placeholder for owe in PersonCard GUI",
            "messageBody": "",
            "insertions": 57,
            "deletions": 10
          },
          {
            "hash": "26fbc947a19fe144ec8f826bb2371e15732cf689",
            "messageTitle": "Add some test for owe commnand",
            "messageBody": "",
            "insertions": 295,
            "deletions": 3
          },
          {
            "hash": "cc1922296c9f210fbf82467209a62342403684e1",
            "messageTitle": "Amend failed tests",
            "messageBody": "",
            "insertions": 8,
            "deletions": 1
          }
        ]
      },
      {
        "insertions": 3,
        "deletions": 5,
        "date": "2020-02-25",
        "commitResults": [
          {
            "hash": "6203cf4cb489417b492e92bd3c24f5299957e8d6",
            "messageTitle": "Fix gradle checkstyle errors",
            "messageBody": "",
            "insertions": 3,
            "deletions": 5
          }
        ]
      },
      {
        "insertions": 34,
        "deletions": 18,
        "date": "2020-02-28",
        "commitResults": [
          {
            "hash": "f7ef5844c2b7de941045592a6acd841893f7abeb",
            "messageTitle": "Fix minor formatting and typo",
            "messageBody": "",
            "insertions": 34,
            "deletions": 18
          }
        ]
      },
      {
        "insertions": 595,
        "deletions": 186,
        "date": "2020-03-01",
        "commitResults": [
          {
            "hash": "5fb9de069b63d848607487aa492786e3cc6ea6fc",
            "messageTitle": "Show a list of debts instead of just the total debt.",
            "messageBody": "",
            "insertions": 595,
            "deletions": 186
          }
        ]
      },
      {
        "insertions": 25,
        "deletions": 48,
        "date": "2020-03-02",
        "commitResults": [
          {
            "hash": "ac7a18cba1b592c1bef32668fe05d93e00a4bee0",
            "messageTitle": "Remove unused method addDebt",
            "messageBody": "",
            "insertions": 0,
            "deletions": 34
          },
          {
            "hash": "ff815829dbf34f26b55c8ed50669a11c64131faf",
            "messageTitle": "Move getTotal method from Debt class to TransactionList",
            "messageBody": "",
            "insertions": 17,
            "deletions": 5
          },
          {
            "hash": "71ef430d37369c230a66dfe3d6a12e60a4b9a5d1",
            "messageTitle": "Change getTotal to instance method",
            "messageBody": "",
            "insertions": 8,
            "deletions": 9
          }
        ]
      },
      {
        "insertions": 76,
        "deletions": 15,
        "date": "2020-03-04",
        "commitResults": [
          {
            "hash": "dffc4584d3b3dc6d3d88b00ff6c7c99428e44579",
            "messageTitle": "Create TransactionTablePanel, add index column for TableView",
            "messageBody": "",
            "insertions": 74,
            "deletions": 13
          },
          {
            "hash": "6d75d15f7075272542987381b449d6672f0f01c8",
            "messageTitle": "Change sizes of table columns",
            "messageBody": "",
            "insertions": 2,
            "deletions": 2
          }
        ]
      },
      {
        "insertions": 334,
        "deletions": 95,
        "date": "2020-03-08",
        "commitResults": [
          {
            "hash": "143c3d946d84e8246e0b1b7d4872c85f1a7faf6d",
            "messageTitle": "Add more tests for more coverage",
            "messageBody": "",
            "insertions": 117,
            "deletions": 9
          },
          {
            "hash": "a40643c5f11db92f36c2330fdad8c6c1a3aad233",
            "messageTitle": "Remove unnecessary null command word condition for global command",
            "messageBody": "",
            "insertions": 0,
            "deletions": 3
          },
          {
            "hash": "7915bdc5d2ae2295c253fbc961c12eb886d6c07f",
            "messageTitle": "Change all dates to use the Date wrapper class",
            "messageBody": "",
            "insertions": 71,
            "deletions": 77
          },
          {
            "hash": "614c32fe5b377e813a3ed3e713dd48aa5cecf332",
            "messageTitle": "Change updateDebt to plural form since it is a List.",
            "messageBody": "",
            "insertions": 8,
            "deletions": 4
          },
          {
            "hash": "db5d08d1ba38ac0a13b250dd78f6ae6c37790cbf",
            "messageTitle": "Add PeopleReturnCommand",
            "messageBody": "",
            "insertions": 138,
            "deletions": 2
          }
        ]
      },
      {
        "insertions": 409,
        "deletions": 47,
        "date": "2020-03-09",
        "commitResults": [
          {
            "hash": "5493a8296a1d8fc72a7e53e00800538fe3ff4ff2",
            "messageTitle": "Add PeopleReturnedCommandParser",
            "messageBody": "",
            "insertions": 63,
            "deletions": 12
          },
          {
            "hash": "333cb64b75010df851570b276ce4a0fee870bef1",
            "messageTitle": "Edit tests for invalid preamble",
            "messageBody": "",
            "insertions": 25,
            "deletions": 8
          },
          {
            "hash": "d319145e236237c3e272e015591f9434294e5120",
            "messageTitle": "Change debts for the third person in TypicalPersons",
            "messageBody": "",
            "insertions": 1,
            "deletions": 1
          },
          {
            "hash": "8738a1c9836bf75e06d6e8b226e03f35d4e0b1bb",
            "messageTitle": "Add tests for returned command",
            "messageBody": "",
            "insertions": 290,
            "deletions": 7
          },
          {
            "hash": "5a870a2f1c87ff7d36a0dbc650e3e5a3286be532",
            "messageTitle": "Remove unused imports",
            "messageBody": "",
            "insertions": 0,
            "deletions": 2
          },
          {
            "hash": "9d838aa85a57fa7eb7464667decfa664896e877d",
            "messageTitle": "Add test for invalid date",
            "messageBody": "",
            "insertions": 20,
            "deletions": 2
          },
          {
            "hash": "d0f6500b7f15be1eb23a2ec102d8fdf4bee092b3",
            "messageTitle": "Fix checkstyle errors",
            "messageBody": "",
            "insertions": 4,
            "deletions": 3
          },
          {
            "hash": "51d228262bae0e25bada68f439b1c7c26ddef607",
            "messageTitle": "Make changes based on code review",
            "messageBody": "",
            "insertions": 6,
            "deletions": 12
          }
        ]
      },
      {
        "insertions": 2,
        "deletions": 2,
        "date": "2020-03-10",
        "commitResults": [
          {
            "hash": "a66e6ec25b3ee4ad066b3716c9b95f7c388ad6f1",
            "messageTitle": "Fixed typo",
            "messageBody": "",
            "insertions": 2,
            "deletions": 2
          }
        ]
      },
      {
        "insertions": 65,
        "deletions": 69,
        "date": "2020-03-11",
        "commitResults": [
          {
            "hash": "4dfb031cb17f50b7e881c5e1cf58ee95f56e6b51",
            "messageTitle": "Replace all \u0027personUserOwe\u0027 to \u0027personUserOwes\u0027",
            "messageBody": "",
            "insertions": 36,
            "deletions": 36
          },
          {
            "hash": "8baf4919abb57384e5764750c57ad53e2542c5d2",
            "messageTitle": "Shorten methods in PeopleReturnedCommand",
            "messageBody": "",
            "insertions": 29,
            "deletions": 33
          }
        ]
      },
      {
        "insertions": 2,
        "deletions": 2,
        "date": "2020-03-18",
        "commitResults": [
          {
            "hash": "c9361a16cf73cf76a189cbb2b0c45a3fd355544f",
            "messageTitle": "Edit UG and command description",
            "messageBody": "",
            "insertions": 2,
            "deletions": 2
          }
        ]
      },
      {
        "insertions": 3,
        "deletions": 3,
        "date": "2020-03-20",
        "commitResults": [
          {
            "hash": "4c969f9550a129694a195681fb83746ff7c41a5e",
            "messageTitle": "Rename addressBookParser to sharkieParser",
            "messageBody": "",
            "insertions": 3,
            "deletions": 3
          }
        ]
      },
      {
        "insertions": 28,
        "deletions": 0,
        "date": "2020-03-21",
        "commitResults": [
          {
            "hash": "4b1a4bb7c1ba29f8b70eff0541272a3ff57aed6d",
            "messageTitle": "Edit reposense contribution",
            "messageBody": "",
            "insertions": 28,
            "deletions": 0
          }
        ]
      },
      {
        "insertions": 740,
        "deletions": 305,
        "date": "2020-03-22",
        "commitResults": [
          {
            "hash": "a69b7c41607ee2e92fcd345516a2a734b8c91eea",
            "messageTitle": "Add prefixes and more predicates for PeopleFindCommand",
            "messageBody": "",
            "insertions": 192,
            "deletions": 79
          },
          {
            "hash": "890f8c7ec3a80f80322861a2651b0e8ac65c4951",
            "messageTitle": "Add tests for predicates",
            "messageBody": "",
            "insertions": 251,
            "deletions": 1
          },
          {
            "hash": "a7ac3cd9956f3f4dff457c7089001fa06a019b2a",
            "messageTitle": "Add and edit test for PeopleFindCommand",
            "messageBody": "",
            "insertions": 46,
            "deletions": 4
          },
          {
            "hash": "9fff83abcd305c51c37c9c137f3cea77abc2d4a2",
            "messageTitle": "Support filtering of people by debts and loans",
            "messageBody": "",
            "insertions": 46,
            "deletions": 18
          },
          {
            "hash": "6038d67e9347b11f65a254efebf33a1df329a483",
            "messageTitle": "Rename typical indexes",
            "messageBody": "",
            "insertions": 197,
            "deletions": 195
          },
          {
            "hash": "237518b89ede92ee5f2d4d7bdfa11f451b2804d6",
            "messageTitle": "Correct mistakes in predicate test",
            "messageBody": "",
            "insertions": 8,
            "deletions": 8
          }
        ]
      },
      {
        "insertions": 8,
        "deletions": 14,
        "date": "2020-03-26",
        "commitResults": [
          {
            "hash": "373cacffe9d5444be7ed1d29b7951ec50c7a5e35",
            "messageTitle": "Fix label bug",
            "messageBody": "",
            "insertions": 1,
            "deletions": 0
          },
          {
            "hash": "92b64adefb880f45b0937b9259d8fe00b8247c8a",
            "messageTitle": "Make tags case insensitive",
            "messageBody": "",
            "insertions": 1,
            "deletions": 1
          },
          {
            "hash": "6bf8b21df61fcffa589c91f2fc81be9482c87995",
            "messageTitle": "Fix piechart legend issue",
            "messageBody": "",
            "insertions": 3,
            "deletions": 8
          },
          {
            "hash": "41885e0c3f3352a21ed5b65b14a4992113210e7b",
            "messageTitle": "Make travis happy",
            "messageBody": "",
            "insertions": 1,
            "deletions": 3
          },
          {
            "hash": "72414c0f6ea27070d9855766a4201539c8e4ed94",
            "messageTitle": "Format pie value to 2dp",
            "messageBody": "",
            "insertions": 2,
            "deletions": 2
          }
        ]
      },
      {
        "insertions": 54,
        "deletions": 8,
        "date": "2020-03-27",
        "commitResults": [
          {
            "hash": "e1ccad4898a5803cfb25a778c0b425c478f61694",
            "messageTitle": "Add sample data for wallet",
            "messageBody": "",
            "insertions": 48,
            "deletions": 2
          },
          {
            "hash": "748ef5a1256c13f9d2cb14a096fa00402ec8bc39",
            "messageTitle": "Make travis happy",
            "messageBody": "",
            "insertions": 6,
            "deletions": 6
          }
        ]
      },
      {
        "insertions": 134,
        "deletions": 15,
        "date": "2020-03-28",
        "commitResults": [
          {
            "hash": "710349a5a57eb439af56c300ed178c7b8fb599d8",
            "messageTitle": "Edit return messages",
            "messageBody": "",
            "insertions": 4,
            "deletions": 4
          },
          {
            "hash": "72b50338517c19a4aa53dcb8559736491fbfc1ff",
            "messageTitle": "Add error when there is more than one parameter",
            "messageBody": "",
            "insertions": 28,
            "deletions": 5
          },
          {
            "hash": "050e5eb9e1a11a395be28fe42cc96ad4602ef793",
            "messageTitle": "Remove unused variable",
            "messageBody": "",
            "insertions": 2,
            "deletions": 5
          },
          {
            "hash": "0d5b4b198a9e2e9395a716adae9cc2164d7209fc",
            "messageTitle": "Add more tests",
            "messageBody": "",
            "insertions": 100,
            "deletions": 1
          }
        ]
      }
    ],
    "joel-lim": [
      {
        "insertions": 1078,
        "deletions": 175,
        "date": "2020-02-21",
        "commitResults": [
          {
            "hash": "3fb603e773cb35e8e62674c3962794848de49860",
            "messageTitle": "Add basic models for Wallet",
            "messageBody": "",
            "insertions": 208,
            "deletions": 0
          },
          {
            "hash": "2de41334c77726482ad6b0f48ed1ad6789db8033",
            "messageTitle": "Rename WalletEntry to Transaction",
            "messageBody": "",
            "insertions": 11,
            "deletions": 11
          },
          {
            "hash": "4a8eadde75710d55cea6cc98c5017234d07fa00a",
            "messageTitle": "Add child classes Expense and Income to inherit from Transaction",
            "messageBody": "",
            "insertions": 98,
            "deletions": 4
          },
          {
            "hash": "490b420861958421498faed02b36dbbef235a71a",
            "messageTitle": "Change Transaction to remove equals method and only use one Tag",
            "messageBody": "",
            "insertions": 12,
            "deletions": 102
          },
          {
            "hash": "d9269d397adb71bfff90b77e5cd023d9b5d8293f",
            "messageTitle": "Add tests for Amount and Description",
            "messageBody": "",
            "insertions": 75,
            "deletions": 3
          },
          {
            "hash": "c72eed8b0404634e2a44fc6bc8ee7ee4887a336b",
            "messageTitle": "Implement Comparable for Amount",
            "messageBody": "",
            "insertions": 12,
            "deletions": 1
          },
          {
            "hash": "4c72b37a8475beb2ab33f03580565acef3fb881b",
            "messageTitle": "Remove alphanumeric constraints on Transaction Descriptions",
            "messageBody": "",
            "insertions": 12,
            "deletions": 31
          },
          {
            "hash": "f8e519c0dc950a9015110ea624a4ed8a615b78ea",
            "messageTitle": "Rename wallet package to transaction package",
            "messageBody": "",
            "insertions": 7,
            "deletions": 7
          },
          {
            "hash": "1149f46e1bb84feca177c267cf2f3e570363ff86",
            "messageTitle": "Add model for Wallet and integrate with ModelManager",
            "messageBody": "",
            "insertions": 485,
            "deletions": 12
          },
          {
            "hash": "07b9d3ba3867f0d1538747279289643fa3dae21e",
            "messageTitle": "Add tests for Wallet",
            "messageBody": "",
            "insertions": 149,
            "deletions": 1
          },
          {
            "hash": "d61aa8f9ba024e1ca5c233a5ecdc9d22c45f158d",
            "messageTitle": "Update test for ModelManager",
            "messageBody": "",
            "insertions": 9,
            "deletions": 3
          }
        ]
      },
      {
        "insertions": 1718,
        "deletions": 263,
        "date": "2020-02-22",
        "commitResults": [
          {
            "hash": "8d6f0e002d1985d0c65d4ec21bec2405f1bb1f66",
            "messageTitle": "Make improvements based on code review",
            "messageBody": "",
            "insertions": 5,
            "deletions": 6
          },
          {
            "hash": "1ccf876237ec12fae1c4f9d3024a0ed025743808",
            "messageTitle": "Add more Wallet-related tests",
            "messageBody": "",
            "insertions": 315,
            "deletions": 38
          },
          {
            "hash": "3bb27b984b4d3e9f6b728f02dac7c3b3c9c4c50e",
            "messageTitle": "Add basic models for Wallet",
            "messageBody": "",
            "insertions": 208,
            "deletions": 0
          },
          {
            "hash": "93c2a3c16f28ac165b9b385b540b9cda616d0d29",
            "messageTitle": "Rename WalletEntry to Transaction",
            "messageBody": "",
            "insertions": 11,
            "deletions": 11
          },
          {
            "hash": "3108eb67e611ee728e45103d4d68e031029805d9",
            "messageTitle": "Add child classes Expense and Income to inherit from Transaction",
            "messageBody": "",
            "insertions": 98,
            "deletions": 4
          },
          {
            "hash": "251b50dbaf3062a2653b0eca869040ab0c92411e",
            "messageTitle": "Change Transaction to remove equals method and only use one Tag",
            "messageBody": "",
            "insertions": 12,
            "deletions": 102
          },
          {
            "hash": "9fabfe590c2ee557cc31624de6189091e7f60ecc",
            "messageTitle": "Add tests for Amount and Description",
            "messageBody": "",
            "insertions": 75,
            "deletions": 3
          },
          {
            "hash": "da073c07de0cc76b695ca273efbe90135da5347c",
            "messageTitle": "Implement Comparable for Amount",
            "messageBody": "",
            "insertions": 12,
            "deletions": 1
          },
          {
            "hash": "6f73739a7343311a721373d307b81f6d01b4363e",
            "messageTitle": "Remove alphanumeric constraints on Transaction Descriptions",
            "messageBody": "",
            "insertions": 12,
            "deletions": 31
          },
          {
            "hash": "b7abb70182bbff1a80283e6fca54e05c782b1875",
            "messageTitle": "Rename wallet package to transaction package",
            "messageBody": "",
            "insertions": 7,
            "deletions": 7
          },
          {
            "hash": "b5e9d6d178848ad91db48eb3e73b15b64cb2d446",
            "messageTitle": "Add model for Wallet and integrate with ModelManager",
            "messageBody": "",
            "insertions": 485,
            "deletions": 12
          },
          {
            "hash": "cb5240c3b55b3777db552dddde30c9b78c8a0cc9",
            "messageTitle": "Add tests for Wallet",
            "messageBody": "",
            "insertions": 149,
            "deletions": 1
          },
          {
            "hash": "29afa248fc0c227e8d53ea608f35c002ee934cdb",
            "messageTitle": "Update test for ModelManager",
            "messageBody": "",
            "insertions": 9,
            "deletions": 3
          },
          {
            "hash": "be6f8888e72a880d002a5ca64162f9a5baaeacb0",
            "messageTitle": "Make improvements based on code review",
            "messageBody": "",
            "insertions": 5,
            "deletions": 6
          },
          {
            "hash": "5cd4b2567ca3041653e99173957453a76f0a563c",
            "messageTitle": "Add more Wallet-related tests",
            "messageBody": "",
            "insertions": 315,
            "deletions": 38
          }
        ]
      },
      {
        "insertions": 12,
        "deletions": 4,
        "date": "2020-02-28",
        "commitResults": [
          {
            "hash": "1e21320009a7555be13724df908bbe2f94f01cd0",
            "messageTitle": "Fix message usage displayed for people commands",
            "messageBody": "",
            "insertions": 12,
            "deletions": 4
          }
        ]
      },
      {
        "insertions": 711,
        "deletions": 154,
        "date": "2020-03-08",
        "commitResults": [
          {
            "hash": "5667ded1a6f29db7e92a4e501fcaca766a01bf35",
            "messageTitle": "Add expense and income creation commands",
            "messageBody": "",
            "insertions": 122,
            "deletions": 0
          },
          {
            "hash": "ab1dc781a9d625ee20f084511b6e4bb888d07593",
            "messageTitle": "Add expense and income command parsers",
            "messageBody": "",
            "insertions": 100,
            "deletions": 0
          },
          {
            "hash": "8a21245c89dc3fcf67ec28cb077f1a0099794113",
            "messageTitle": "Integrate expense and income parsers",
            "messageBody": "",
            "insertions": 43,
            "deletions": 6
          },
          {
            "hash": "95b582c031c2bf7d6eb0c2cc570e4cd84dfb68b4",
            "messageTitle": "Add tests for expense, income commands/parsers",
            "messageBody": "",
            "insertions": 417,
            "deletions": 123
          },
          {
            "hash": "f96215b7eb3564c56918a68ff62690d80fcda00a",
            "messageTitle": "Create getDefault method for Date to improve code cleanliness",
            "messageBody": "",
            "insertions": 17,
            "deletions": 20
          },
          {
            "hash": "e9fcaaa1281e79031704665ea99c6be0c2e4d8df",
            "messageTitle": "Create getDefault method for Tag to improve code cleanliness",
            "messageBody": "",
            "insertions": 12,
            "deletions": 5
          }
        ]
      },
      {
        "insertions": 275,
        "deletions": 17,
        "date": "2020-03-09",
        "commitResults": [
          {
            "hash": "beec6b958075848ff75a1b7f4be360a3ee7eadcd",
            "messageTitle": "Add parser tests, Transaction testutil stuff for easier testing in future",
            "messageBody": "",
            "insertions": 275,
            "deletions": 17
          }
        ]
      },
      {
        "insertions": 1041,
        "deletions": 326,
        "date": "2020-03-13",
        "commitResults": [
          {
            "hash": "f5236ac3d771dcc868eaa0339b585c7145174105",
            "messageTitle": "Add JsonAdaptors for Wallet, Transactions and change adaptedLoan/Debt to conform",
            "messageBody": "",
            "insertions": 417,
            "deletions": 111
          },
          {
            "hash": "ca9d21467a005239e5eee2cbeeb9bbbe9b318ae4",
            "messageTitle": "Hook wallet into storagemanager",
            "messageBody": "",
            "insertions": 60,
            "deletions": 9
          },
          {
            "hash": "397486cb28e46f0d2ff2d4acc9a792d5a333e12d",
            "messageTitle": "Hook into mainapp, logicmanager (actually saves now)",
            "messageBody": "",
            "insertions": 94,
            "deletions": 7
          },
          {
            "hash": "50fe896cce3526880f17f1a2ac664658d2d979be",
            "messageTitle": "Add tests for wallet storage",
            "messageBody": "",
            "insertions": 114,
            "deletions": 1
          },
          {
            "hash": "a2525b97e49dbf78f100e6c555cb8486e32a5401",
            "messageTitle": "Change Date storage to be dd/mm/yyyy instead of yyyy-mm-dd",
            "messageBody": "",
            "insertions": 6,
            "deletions": 4
          },
          {
            "hash": "4031d24a147b46cd913861272224b0e534e67ca2",
            "messageTitle": "Add tests for json expense and income",
            "messageBody": "",
            "insertions": 197,
            "deletions": 0
          },
          {
            "hash": "b552b44d7ff81ac32b470b69732b55219c718a6f",
            "messageTitle": "Cleanup existing debt and loan tests",
            "messageBody": "",
            "insertions": 97,
            "deletions": 191
          },
          {
            "hash": "cb6b40d726f6b3e7450831a70f95311aaa474311",
            "messageTitle": "Add more tests for wallet storage and serialisable wallet",
            "messageBody": "",
            "insertions": 56,
            "deletions": 3
          }
        ]
      },
      {
        "insertions": 384,
        "deletions": 109,
        "date": "2020-03-25",
        "commitResults": [
          {
            "hash": "7e96457b0f1a63299495eea320c308a824796743",
            "messageTitle": "Clean up ParserUtil",
            "messageBody": "",
            "insertions": 27,
            "deletions": 13
          },
          {
            "hash": "cf8630c3f8b13ffdde150d12dd32d46bf67de261",
            "messageTitle": "Minor cleanup for budget-related things",
            "messageBody": "",
            "insertions": 74,
            "deletions": 41
          },
          {
            "hash": "a3f87c4d4a5c7a1915006b5897124cbb764a09f0",
            "messageTitle": "Remove generics from BudgetList",
            "messageBody": "",
            "insertions": 34,
            "deletions": 35
          },
          {
            "hash": "b276b3c9ec5f604ebe53e85f0abbaf2fea7111a5",
            "messageTitle": "Add json support for budget",
            "messageBody": "",
            "insertions": 124,
            "deletions": 13
          },
          {
            "hash": "c39a89fbb93bac71f366a1e8164c138d63d0a74a",
            "messageTitle": "Integrate storage with wallet model",
            "messageBody": "",
            "insertions": 12,
            "deletions": 2
          },
          {
            "hash": "252654c2c3e3a57b94ae0fab4f3a41c6705f49a7",
            "messageTitle": "Enable storage for default budget",
            "messageBody": "",
            "insertions": 11,
            "deletions": 1
          },
          {
            "hash": "5a29767bf6e7a7ba7b548b368ad881448f577b76",
            "messageTitle": "Fix bug where changing specific month budget would also change default budget",
            "messageBody": "",
            "insertions": 2,
            "deletions": 1
          },
          {
            "hash": "89c625a2c5a62af74df2bc486ce8fef5369de77a",
            "messageTitle": "Update budget and storage tests",
            "messageBody": "",
            "insertions": 100,
            "deletions": 3
          }
        ]
      },
      {
        "insertions": 188,
        "deletions": 117,
        "date": "2020-03-26",
        "commitResults": [
          {
            "hash": "acbbac9875bfc6373d30c2b333e626ecb70d2e1d",
            "messageTitle": "Fix exit and help command threading",
            "messageBody": "",
            "insertions": 12,
            "deletions": 4
          },
          {
            "hash": "b115a851be0966881085af420c73efbca013ed6c",
            "messageTitle": "Convert Amount from double to long",
            "messageBody": "",
            "insertions": 132,
            "deletions": 104
          },
          {
            "hash": "f8f4329159b3968b6355a69953cbec797753d002",
            "messageTitle": "Fix minor visual bugs",
            "messageBody": "",
            "insertions": 3,
            "deletions": 3
          },
          {
            "hash": "dab1771275f85181f061d44b0c7e7e5c4ac36288",
            "messageTitle": "Update DG for amount implementation",
            "messageBody": "",
            "insertions": 1,
            "deletions": 1
          },
          {
            "hash": "e99939cd01b21136547db9842c4d947dbcdbfc17",
            "messageTitle": "Fix amount to be non-negative and guard against overflow",
            "messageBody": "",
            "insertions": 40,
            "deletions": 5
          }
        ]
      },
      {
        "insertions": 77,
        "deletions": 36,
        "date": "2020-03-27",
        "commitResults": [
          {
            "hash": "e20b8538214fc40c3259b5f60a8a31420308816d",
            "messageTitle": "Handle overflow a little better",
            "messageBody": "",
            "insertions": 20,
            "deletions": 4
          },
          {
            "hash": "22c02286e3e8ca3c705586fc3fff65606f455ba3",
            "messageTitle": "Change wrong amount message",
            "messageBody": "",
            "insertions": 2,
            "deletions": 1
          },
          {
            "hash": "28f28a2d32be5ebf47da0fcf86578f0cfc1a79fa",
            "messageTitle": "Fix default budget storage halfway",
            "messageBody": "",
            "insertions": 54,
            "deletions": 23
          },
          {
            "hash": "eb8ad049eacd4d7a495ebaf7e0be19369f2b280d",
            "messageTitle": "Fix default budget load from storage",
            "messageBody": "",
            "insertions": 1,
            "deletions": 8
          }
        ]
      }
    ]
  },
  "authorFinalContributionMap": {
    "syinyichen": 3710,
    "gracegrape": 2090,
    "jumpcutfindo": 2711,
    "CheyanneSim": 2424,
    "joel-lim": 3566
  },
  "authorFileTypeContributionMap": {
    "syinyichen": {
      "java": 3525,
      "md": 0,
      "fxml": 175,
      "sh": 0,
      "bat": 0,
      "gradle": 10,
      "txt": 0
    },
    "gracegrape": {
      "java": 2025,
      "md": 0,
      "fxml": 65,
      "sh": 0,
      "bat": 0,
      "gradle": 0,
      "txt": 0
    },
    "jumpcutfindo": {
      "java": 2427,
      "md": 0,
      "fxml": 283,
      "sh": 0,
      "bat": 0,
      "gradle": 1,
      "txt": 0
    },
    "CheyanneSim": {
      "java": 2410,
      "md": 0,
      "fxml": 14,
      "sh": 0,
      "bat": 0,
      "gradle": 0,
      "txt": 0
    },
    "joel-lim": {
      "java": 3566,
      "md": 0,
      "fxml": 0,
      "sh": 0,
      "bat": 0,
      "gradle": 0,
      "txt": 0
    }
  },
  "authorContributionVariance": {
    "syinyichen": 169334.55,
    "gracegrape": 37833.22,
    "jumpcutfindo": 464861.78,
    "CheyanneSim": 53676.04,
    "joel-lim": 164655.14
  },
  "authorDisplayNameMap": {
    "syinyichen": "CS2103T-W12-3 CHEN..N YI",
    "gracegrape": "CS2103T-W12-3 GRAC..YIHE",
    "jumpcutfindo": "CS2103T-W12-3 HOE ..NIEL",
    "CheyanneSim": "CS2103T-W12-3 CHEY.. SIM",
    "joel-lim": "CS2103T-W12-3 LIM ..JOEL"
  }
}
