{
  "authorDailyContributionsMap": {
    "syinyichen": [
      {
        "insertions": 277,
        "deletions": 122,
        "date": "2020-02-21",
        "commitResults": [
          {
            "hash": "45ba44092422e0c467070495ef4277a0a06d35d1",
            "messageTitle": "Change website heading",
            "messageBody": "",
            "insertions": 1,
            "deletions": 1
          },
          {
            "hash": "914e2dd53b9f2016f5639d610c534556dc256ca7",
            "messageTitle": "Update UG",
            "messageBody": "",
            "insertions": 66,
            "deletions": 22
          },
          {
            "hash": "f85627bcec5e0ac0cc885c64a93aa06185cabb4d",
            "messageTitle": "Update UG (1)",
            "messageBody": "",
            "insertions": 1,
            "deletions": 1
          },
          {
            "hash": "e604656fcbd2c578675f3fa6a4eb4aa65be02fac",
            "messageTitle": "More update on UG",
            "messageBody": "",
            "insertions": 20,
            "deletions": 13
          },
          {
            "hash": "b1ee8ca5be9d9fddaa32feb449351f25b77d6dfe",
            "messageTitle": "Update user guide",
            "messageBody": "",
            "insertions": 177,
            "deletions": 75
          },
          {
            "hash": "5c3d60ce535c2362285484eb7c81a1620a108195",
            "messageTitle": "More updates on UG",
            "messageBody": "",
            "insertions": 7,
            "deletions": 4
          },
          {
            "hash": "8631b3c0274714df79d994b4d44d8ac88be54179",
            "messageTitle": "More update on UG",
            "messageBody": "",
            "insertions": 1,
            "deletions": 2
          },
          {
            "hash": "fa41fc1add7b2fc8a973574e8536069163aa3d71",
            "messageTitle": "Minor changes on user guide",
            "messageBody": "",
            "insertions": 2,
            "deletions": 2
          },
          {
            "hash": "4b0f9ebf548230f7f76c032bbe56d4d66ef4d8eb",
            "messageTitle": "Update in \"About\"",
            "messageBody": "",
            "insertions": 2,
            "deletions": 2
          }
        ]
      },
      {
        "insertions": 372,
        "deletions": 22,
        "date": "2020-02-22",
        "commitResults": [
          {
            "hash": "1fd81570d8d251a8c5e6339b79af9ecdde515fc5",
            "messageTitle": "Update user guide: icons",
            "messageBody": "",
            "insertions": 1,
            "deletions": 0
          },
          {
            "hash": "77ea0849ad0a393c0860f7c957a0fe8f718c7c10",
            "messageTitle": "Update User Guide",
            "messageBody": "Edited the icons in About Us section.",
            "insertions": 11,
            "deletions": 3
          },
          {
            "hash": "2029df011c33f18f9b7e8ced708214a6cb105fb3",
            "messageTitle": "Update Developer Guide: Use Cases",
            "messageBody": "",
            "insertions": 356,
            "deletions": 17
          },
          {
            "hash": "3d524d44193533a4173c1eabef379a1d4c1dae0e",
            "messageTitle": "More update on Developer Guide: Use Cases",
            "messageBody": "",
            "insertions": 4,
            "deletions": 2
          }
        ]
      },
      {
        "insertions": 41,
        "deletions": 18,
        "date": "2020-02-23",
        "commitResults": [
          {
            "hash": "28b90a3c19704d300570083bc7899929831d9eea",
            "messageTitle": "Tag user guide",
            "messageBody": "",
            "insertions": 16,
            "deletions": 0
          },
          {
            "hash": "8c62ed74b17fab1aafd007bcbacf341ff2366afc",
            "messageTitle": "Tag developer guide",
            "messageBody": "",
            "insertions": 2,
            "deletions": 0
          },
          {
            "hash": "f46e1f3855f62ee7110cbf91fb2a34bedd158f01",
            "messageTitle": "Update portfolio",
            "messageBody": "",
            "insertions": 23,
            "deletions": 18
          }
        ]
      },
      {
        "insertions": 27,
        "deletions": 270,
        "date": "2020-02-27",
        "commitResults": [
          {
            "hash": "47d99380f2ccf9d384a09998b3f9b5931419cd7d",
            "messageTitle": "Touch Up on Product Website",
            "messageBody": "",
            "insertions": 22,
            "deletions": 241
          },
          {
            "hash": "e42c22b32749f049aec27203061fd3a631f30a3b",
            "messageTitle": "Update Portfolio",
            "messageBody": "",
            "insertions": 2,
            "deletions": 23
          },
          {
            "hash": "a4d46c36f1c359007108282e94fcff165ed208fd",
            "messageTitle": "Edit navigation bar",
            "messageBody": "",
            "insertions": 1,
            "deletions": 4
          },
          {
            "hash": "97a51cebb9cca0a9410cde84453f663e33849782",
            "messageTitle": "Update Github url on product website",
            "messageBody": "",
            "insertions": 1,
            "deletions": 1
          },
          {
            "hash": "07aaa65cc31652a38fbcb39d70b237549c2f0125",
            "messageTitle": "Update Github url on product website (1)",
            "messageBody": "",
            "insertions": 1,
            "deletions": 1
          }
        ]
      },
      {
        "insertions": 4442,
        "deletions": 415,
        "date": "2020-03-03",
        "commitResults": [
          {
            "hash": "eaa6fa5120d248f7952ab8a8459336838d64258c",
            "messageTitle": "Merge owe command",
            "messageBody": "",
            "insertions": 1167,
            "deletions": 65
          },
          {
            "hash": "9a7275cf452681afe637d40bb71380c45a91e1ff",
            "messageTitle": "Add Loan class and test",
            "messageBody": "",
            "insertions": 218,
            "deletions": 0
          },
          {
            "hash": "dd256b0655d78a25ee84bfac4f003fa92b43684f",
            "messageTitle": "Add PeopleLendCommand class and tests",
            "messageBody": "",
            "insertions": 513,
            "deletions": 32
          },
          {
            "hash": "36e0fb1eefdee3b93640e2707ec06c8aa4b3f62e",
            "messageTitle": "Add PeopleLendCommandParser class and tests",
            "messageBody": "",
            "insertions": 289,
            "deletions": 38
          },
          {
            "hash": "24badf60bda449cb41137ef9d10293b7e117d510",
            "messageTitle": "Update UG and portfolio",
            "messageBody": "",
            "insertions": 2255,
            "deletions": 280
          }
        ]
      },
      {
        "insertions": 307,
        "deletions": 248,
        "date": "2020-03-04",
        "commitResults": [
          {
            "hash": "99f1a35a1003af60941da96a0a4bae4142b3dcad",
            "messageTitle": "Checkstyle",
            "messageBody": "",
            "insertions": 103,
            "deletions": 83
          },
          {
            "hash": "b265f4f9c24c3d11b415179a555e3a2be350e898",
            "messageTitle": "Checkstyle (1)",
            "messageBody": "",
            "insertions": 194,
            "deletions": 135
          },
          {
            "hash": "d8c15187ceafe3a93b2dbaf09877cb8fc609b741",
            "messageTitle": "Resolve comments on PR",
            "messageBody": "",
            "insertions": 10,
            "deletions": 30
          }
        ]
      }
    ],
    "gracegrape": [
      {
        "insertions": 84,
        "deletions": 14,
        "date": "2020-02-22",
        "commitResults": [
          {
            "hash": "46c23e4dda46c083a2dc93eace7b969ea5c097c5",
            "messageTitle": "Updated Contact Us",
            "messageBody": "",
            "insertions": 2,
            "deletions": 2
          },
          {
            "hash": "3942c00cad7768f8d0e195fd85b80c3c547d8f4e",
            "messageTitle": "Added tag function to UG",
            "messageBody": "",
            "insertions": 14,
            "deletions": 0
          },
          {
            "hash": "35820106e837611eedbfcbec7fdc460d8122ac24",
            "messageTitle": "Updated UG for wallet find and edit",
            "messageBody": "",
            "insertions": 31,
            "deletions": 1
          },
          {
            "hash": "cf3be69f3ca869c883d21100c8774185e2a1719a",
            "messageTitle": "Updated UG: wallet delete",
            "messageBody": "",
            "insertions": 11,
            "deletions": 0
          },
          {
            "hash": "3af6a4d15c8690dcc2b1e6dac91b9a415bbc1f24",
            "messageTitle": "Updated Contact Us",
            "messageBody": "",
            "insertions": 7,
            "deletions": 1
          },
          {
            "hash": "26e95efe775adad06434be3fa3b072546dcd6dfd",
            "messageTitle": "Updated contact us again",
            "messageBody": "",
            "insertions": 2,
            "deletions": 2
          },
          {
            "hash": "4ba24f6da54e5547dd512c9e1cedf2fe68b1fd3c",
            "messageTitle": "Updated contact me\u0027s details",
            "messageBody": "",
            "insertions": 1,
            "deletions": 1
          },
          {
            "hash": "128224743e4772700aae3cc71eb8c993f3470524",
            "messageTitle": "fixed ContactUs formatting",
            "messageBody": "",
            "insertions": 1,
            "deletions": 0
          },
          {
            "hash": "09b5709ce0b1b225ecbec9ceba783f110f765cd5",
            "messageTitle": "Updated UG and ContactUs",
            "messageBody": "",
            "insertions": 8,
            "deletions": 7
          },
          {
            "hash": "c8bf963049ffd173b97c176e0608eae5e85d9fea",
            "messageTitle": "Updated Features: debts",
            "messageBody": "",
            "insertions": 7,
            "deletions": 0
          }
        ]
      },
      {
        "insertions": 163,
        "deletions": 49,
        "date": "2020-02-23",
        "commitResults": [
          {
            "hash": "cf209bdf2487006430c16455376d12feb75d22f5",
            "messageTitle": "More update to UG: QuickStart",
            "messageBody": "",
            "insertions": 3,
            "deletions": 4
          },
          {
            "hash": "80d85ced6d8758220f1893221182754ec97a15b2",
            "messageTitle": "Updated ContactUs: Removed We welcome PR",
            "messageBody": "",
            "insertions": 0,
            "deletions": 1
          },
          {
            "hash": "b9438d933419022cb0d827818dab053373436724",
            "messageTitle": "Updated UG",
            "messageBody": "",
            "insertions": 31,
            "deletions": 3
          },
          {
            "hash": "b6b37293fc60042a3a58d5027b07434c6e217b60",
            "messageTitle": "Updated UG and My adoc",
            "messageBody": "",
            "insertions": 22,
            "deletions": 13
          },
          {
            "hash": "63289e6c51a784218c45715d715f25f904eea96a",
            "messageTitle": "Updated Developer Guide: User stories and Product Scope + Updated grace.adoc",
            "messageBody": "",
            "insertions": 66,
            "deletions": 9
          },
          {
            "hash": "5a872a42d54490f9b14c9be6825cfec4a939bf84",
            "messageTitle": "updated UG format",
            "messageBody": "",
            "insertions": 15,
            "deletions": 6
          },
          {
            "hash": "17c15ed69f0349622365f826151b2e6309f1fa54",
            "messageTitle": "Updated Developer Guide",
            "messageBody": "",
            "insertions": 7,
            "deletions": 0
          },
          {
            "hash": "17607020dd103019ce7bdb8db597190393d2b433",
            "messageTitle": "Updated UserGuide formatting",
            "messageBody": "",
            "insertions": 9,
            "deletions": 8
          },
          {
            "hash": "670b904eafaf44b183b157c6ceaa4a7585fc7dd2",
            "messageTitle": "Updated UserGuide FAQ",
            "messageBody": "",
            "insertions": 3,
            "deletions": 1
          },
          {
            "hash": "2354153dbb157207b7363bd98af5771bfd96c21a",
            "messageTitle": "Updated UserGuide Tags to include end tag",
            "messageBody": "",
            "insertions": 7,
            "deletions": 4
          }
        ]
      }
    ],
    "jumpcutfindo": [
      {
        "insertions": 505,
        "deletions": 410,
        "date": "2020-02-20",
        "commitResults": [
          {
            "hash": "b23f53dfb6195df0d681a2c6d0ff549d7e4b767a",
            "messageTitle": "Made address book work with individual commands",
            "messageBody": "Changed the code and made it more neat to segregate it into \"people\" and \"wallet\" commands\n",
            "insertions": 189,
            "deletions": 132
          },
          {
            "hash": "e04dbf8a73786a25ff5e5437ce49b16fa652cfeb",
            "messageTitle": "Fixed tests and edited the regex expression",
            "messageBody": "Regex expression now accomodates just having the first string entered\n",
            "insertions": 58,
            "deletions": 29
          },
          {
            "hash": "10a25c85e828407a87d6884d52b7906d7fa81fc3",
            "messageTitle": "Moved classes around",
            "messageBody": "Moved classes for more organised structure\n",
            "insertions": 258,
            "deletions": 249
          }
        ]
      },
      {
        "insertions": 1546,
        "deletions": 1433,
        "date": "2020-02-21",
        "commitResults": [
          {
            "hash": "5ff91d9ad62c974bb8c22439c4fe1ba925343c18",
            "messageTitle": "Shifted test packages, added extra tests",
            "messageBody": "",
            "insertions": 105,
            "deletions": 91
          },
          {
            "hash": "ef82e4bc50cf157c50955552f540697abd153808",
            "messageTitle": "Optimised imports",
            "messageBody": "",
            "insertions": 505,
            "deletions": 535
          },
          {
            "hash": "88b40bdd32aefa664f318e707840ad8eb7515ac1",
            "messageTitle": "Checkstyle",
            "messageBody": "",
            "insertions": 936,
            "deletions": 807
          }
        ]
      },
      {
        "insertions": 10,
        "deletions": 32,
        "date": "2020-02-24",
        "commitResults": [
          {
            "hash": "f0306729601b968773d7b3305ffc42c59078ec33",
            "messageTitle": "Updated User Guide, and jumpcutfindo.adoc",
            "messageBody": "",
            "insertions": 10,
            "deletions": 32
          }
        ]
      },
      {
        "insertions": 25,
        "deletions": 7,
        "date": "2020-02-25",
        "commitResults": [
          {
            "hash": "0ba4c916fbc5315046d3740802a5cf7d54e1079a",
            "messageTitle": "Update user guide, glossary",
            "messageBody": "",
            "insertions": 25,
            "deletions": 7
          }
        ]
      },
      {
        "insertions": 19,
        "deletions": 0,
        "date": "2020-02-26",
        "commitResults": [
          {
            "hash": "be7d8ac3f289defc0f4b68f7e3021eee1c7fc033",
            "messageTitle": "Added budget command to user guide",
            "messageBody": "",
            "insertions": 17,
            "deletions": 0
          },
          {
            "hash": "e0d9c5e36dd1186955ae8e69d74ea6f846572aea",
            "messageTitle": "Added budget command to command summary",
            "messageBody": "",
            "insertions": 2,
            "deletions": 0
          }
        ]
      },
      {
        "insertions": 125,
        "deletions": 17,
        "date": "2020-03-04",
        "commitResults": [
          {
            "hash": "35bb94d5dcebc8c0feed098befff5673bff6c551",
            "messageTitle": "Created Date object and updated parser",
            "messageBody": "",
            "insertions": 53,
            "deletions": 0
          },
          {
            "hash": "56750fc4a5d8ad467bde007f1143d02052e12b20",
            "messageTitle": "Added Date tests and updated parser",
            "messageBody": "",
            "insertions": 51,
            "deletions": 7
          },
          {
            "hash": "ae73e8edbd83c1e8ec749224e5fd7c050a289f60",
            "messageTitle": "Added javadoc, renamed methods",
            "messageBody": "",
            "insertions": 21,
            "deletions": 10
          }
        ]
      },
      {
        "insertions": 26,
        "deletions": 23,
        "date": "2020-03-05",
        "commitResults": [
          {
            "hash": "2db094b350cf0238f199a1178149a876d33c2fcd",
            "messageTitle": "Rectified issues on PR",
            "messageBody": "",
            "insertions": 23,
            "deletions": 20
          },
          {
            "hash": "d2b62d30857adced5582ae0ed92742f2c2ec7c58",
            "messageTitle": "Fixed checkstyle",
            "messageBody": "",
            "insertions": 1,
            "deletions": 1
          },
          {
            "hash": "4e4f697d171e6cf59ef368c1d1c96910a752787f",
            "messageTitle": "Made checkstyle happy again",
            "messageBody": "",
            "insertions": 2,
            "deletions": 2
          }
        ]
      }
    ],
    "CheyanneSim": [
      {
        "insertions": 2,
        "deletions": 3,
        "date": "2020-02-12",
        "commitResults": [
          {
            "hash": "648fbe7776312c6e2f6b8f77ddb68338580bd5b8",
            "messageTitle": "Update badge status in README.adoc",
            "messageBody": "",
            "insertions": 2,
            "deletions": 2
          },
          {
            "hash": "ca757cd8fc19d8c0c08df064efc5a8e821183a86",
            "messageTitle": "Test auto-publishing of documentation",
            "messageBody": "",
            "insertions": 0,
            "deletions": 1
          }
        ]
      },
      {
        "insertions": 1002,
        "deletions": 1027,
        "date": "2020-02-21",
        "commitResults": [
          {
            "hash": "56884519b419dddec0125b8e344559a6064e1bf0",
            "messageTitle": "Changes AB3 UG to Sharkie UG partially",
            "messageBody": "",
            "insertions": 121,
            "deletions": 67
          },
          {
            "hash": "f218b53558acd54e41512beace16306035c3f662",
            "messageTitle": "Revert \"Changing input parameters\"",
            "messageBody": "",
            "insertions": 881,
            "deletions": 960
          }
        ]
      },
      {
        "insertions": 4676,
        "deletions": 41,
        "date": "2020-02-22",
        "commitResults": [
          {
            "hash": "c82504286441b8a7256898275c0e48ce4c01bf27",
            "messageTitle": "Update AboutUs.adoc",
            "messageBody": "",
            "insertions": 340,
            "deletions": 30
          },
          {
            "hash": "83b8fc037eba34221af76e121390356f0349549c",
            "messageTitle": "Make travis happy",
            "messageBody": "",
            "insertions": 1,
            "deletions": 1
          },
          {
            "hash": "33fd104df99047ab5fecd3ea19215e2e9fa09115",
            "messageTitle": "Added html files for our portfolios",
            "messageBody": "",
            "insertions": 4325,
            "deletions": 0
          },
          {
            "hash": "75f9799183c82d771a92727a78c1175cdb024a71",
            "messageTitle": "Make Travis happy",
            "messageBody": "",
            "insertions": 5,
            "deletions": 5
          },
          {
            "hash": "067ab786c485da497e9ab6613f3f58319c466bba",
            "messageTitle": "Change portfolio names to our github usernames",
            "messageBody": "",
            "insertions": 0,
            "deletions": 0
          },
          {
            "hash": "83c544b5fda50afc37fc62e75932dfde699bd7ac",
            "messageTitle": "Update portfolio link in AboutUs.adoc",
            "messageBody": "",
            "insertions": 5,
            "deletions": 5
          }
        ]
      },
      {
        "insertions": 117,
        "deletions": 409,
        "date": "2020-02-23",
        "commitResults": [
          {
            "hash": "716a80740b3c6d9b086e5c1a6ea5ff55add1cc9c",
            "messageTitle": "Edit NFRs in DeveloperGuide.adoc",
            "messageBody": "",
            "insertions": 8,
            "deletions": 4
          },
          {
            "hash": "846be5a7045287f3dbb5c8195232830c3e2cbaa8",
            "messageTitle": "Remove \u0027sharkie\u0027 prefix for help and exit commands",
            "messageBody": "",
            "insertions": 14,
            "deletions": 12
          },
          {
            "hash": "9134781cff3911a665c42eb9666596f51bc52c40",
            "messageTitle": "Remove \u0027sharkie\u0027 prefix for help and exit commands",
            "messageBody": "",
            "insertions": 10,
            "deletions": 7
          },
          {
            "hash": "5130b3765be8c1744ed07f43b37de9d2e6e58e10",
            "messageTitle": "Remove address field",
            "messageBody": "",
            "insertions": 71,
            "deletions": 372
          },
          {
            "hash": "045df81ad40ed6df4364105b445a83feb0e77a6d",
            "messageTitle": "Rename package of \u0027help\u0027 and \u0027exit\u0027 to global",
            "messageBody": "",
            "insertions": 10,
            "deletions": 10
          },
          {
            "hash": "ff8b3e2254c0cb6686fb7044f21c30638ffb45ea",
            "messageTitle": "Make Travis happy",
            "messageBody": "",
            "insertions": 4,
            "deletions": 4
          }
        ]
      },
      {
        "insertions": 692,
        "deletions": 41,
        "date": "2020-02-24",
        "commitResults": [
          {
            "hash": "7c187f4e6b0536b0032352fb57b9d6ba54a957d3",
            "messageTitle": "Add support for adding amounts",
            "messageBody": "",
            "insertions": 13,
            "deletions": 1
          },
          {
            "hash": "04e3ee40b93d7c4a565458f7c5aba8fa7d6a6df4",
            "messageTitle": "Add Debt.java",
            "messageBody": "",
            "insertions": 94,
            "deletions": 0
          },
          {
            "hash": "9d58533e9ac027dc65345e148d456662f16a98b7",
            "messageTitle": "Create PeopleOweCommand",
            "messageBody": "",
            "insertions": 159,
            "deletions": 0
          },
          {
            "hash": "357682a5d0ba4a3cf4be9c688d88e08749ea683d",
            "messageTitle": "Edit data to include Owe",
            "messageBody": "",
            "insertions": 32,
            "deletions": 21
          },
          {
            "hash": "ed9f1c6206831156c02cfb9c3c8b9e4f5059f1af",
            "messageTitle": "Edit Person objects to include owe",
            "messageBody": "",
            "insertions": 34,
            "deletions": 5
          },
          {
            "hash": "e40b37d5e3cdb7036ce2548d8c0263cacfae668f",
            "messageTitle": "Add a placeholder for owe in PersonCard GUI",
            "messageBody": "",
            "insertions": 57,
            "deletions": 10
          },
          {
            "hash": "26fbc947a19fe144ec8f826bb2371e15732cf689",
            "messageTitle": "Add some test for owe commnand",
            "messageBody": "",
            "insertions": 295,
            "deletions": 3
          },
          {
            "hash": "cc1922296c9f210fbf82467209a62342403684e1",
            "messageTitle": "Amend failed tests",
            "messageBody": "",
            "insertions": 8,
            "deletions": 1
          }
        ]
      },
      {
        "insertions": 4,
        "deletions": 6,
        "date": "2020-02-25",
        "commitResults": [
          {
            "hash": "6203cf4cb489417b492e92bd3c24f5299957e8d6",
            "messageTitle": "Fix gradle checkstyle errors",
            "messageBody": "",
            "insertions": 3,
            "deletions": 5
          },
          {
            "hash": "058d49974d65464de4e31f0290542522bcfc68dd",
            "messageTitle": "Fix error in duplicatePersonAddressBook.json file",
            "messageBody": "",
            "insertions": 1,
            "deletions": 1
          }
        ]
      },
      {
        "insertions": 34,
        "deletions": 18,
        "date": "2020-02-28",
        "commitResults": [
          {
            "hash": "f7ef5844c2b7de941045592a6acd841893f7abeb",
            "messageTitle": "Fix minor formatting and typo",
            "messageBody": "",
            "insertions": 34,
            "deletions": 18
          }
        ]
      },
      {
        "insertions": 640,
        "deletions": 199,
        "date": "2020-03-01",
        "commitResults": [
          {
            "hash": "5fb9de069b63d848607487aa492786e3cc6ea6fc",
            "messageTitle": "Show a list of debts instead of just the total debt.",
            "messageBody": "",
            "insertions": 640,
            "deletions": 199
          }
        ]
      },
      {
        "insertions": 25,
        "deletions": 48,
        "date": "2020-03-02",
        "commitResults": [
          {
            "hash": "ac7a18cba1b592c1bef32668fe05d93e00a4bee0",
            "messageTitle": "Remove unused method addDebt",
            "messageBody": "",
            "insertions": 0,
            "deletions": 34
          },
          {
            "hash": "ff815829dbf34f26b55c8ed50669a11c64131faf",
            "messageTitle": "Move getTotal method from Debt class to TransactionList",
            "messageBody": "",
            "insertions": 17,
            "deletions": 5
          },
          {
            "hash": "71ef430d37369c230a66dfe3d6a12e60a4b9a5d1",
            "messageTitle": "Change getTotal to instance method",
            "messageBody": "",
            "insertions": 8,
            "deletions": 9
          }
        ]
      },
      {
        "insertions": 76,
        "deletions": 15,
        "date": "2020-03-04",
        "commitResults": [
          {
            "hash": "dffc4584d3b3dc6d3d88b00ff6c7c99428e44579",
            "messageTitle": "Create TransactionTablePanel, add index column for TableView",
            "messageBody": "",
            "insertions": 74,
            "deletions": 13
          },
          {
            "hash": "6d75d15f7075272542987381b449d6672f0f01c8",
            "messageTitle": "Change sizes of table columns",
            "messageBody": "",
            "insertions": 2,
            "deletions": 2
          }
        ]
      }
    ],
    "joel-lim": [
      {
        "insertions": 0,
        "deletions": 0,
        "date": "2020-02-12",
        "commitResults": [
          {
            "hash": "5f8dab07eafe0202d6d19c7ade7120422a5652f6",
            "messageTitle": "Test travis",
            "messageBody": "",
            "insertions": 0,
            "deletions": 0
          }
        ]
      },
      {
        "insertions": 8,
        "deletions": 0,
        "date": "2020-02-16",
        "commitResults": [
          {
            "hash": "261c43bee04ea19a39f2be1766bea2b9bbfb0168",
            "messageTitle": "Update gitignore",
            "messageBody": "",
            "insertions": 8,
            "deletions": 0
          }
        ]
      },
      {
        "insertions": 1079,
        "deletions": 178,
        "date": "2020-02-21",
        "commitResults": [
          {
            "hash": "3fb603e773cb35e8e62674c3962794848de49860",
            "messageTitle": "Add basic models for Wallet",
            "messageBody": "",
            "insertions": 208,
            "deletions": 0
          },
          {
            "hash": "2de41334c77726482ad6b0f48ed1ad6789db8033",
            "messageTitle": "Rename WalletEntry to Transaction",
            "messageBody": "",
            "insertions": 11,
            "deletions": 11
          },
          {
            "hash": "4a8eadde75710d55cea6cc98c5017234d07fa00a",
            "messageTitle": "Add child classes Expense and Income to inherit from Transaction",
            "messageBody": "",
            "insertions": 98,
            "deletions": 4
          },
          {
            "hash": "490b420861958421498faed02b36dbbef235a71a",
            "messageTitle": "Change Transaction to remove equals method and only use one Tag",
            "messageBody": "",
            "insertions": 12,
            "deletions": 102
          },
          {
            "hash": "d9269d397adb71bfff90b77e5cd023d9b5d8293f",
            "messageTitle": "Add tests for Amount and Description",
            "messageBody": "",
            "insertions": 75,
            "deletions": 3
          },
          {
            "hash": "c72eed8b0404634e2a44fc6bc8ee7ee4887a336b",
            "messageTitle": "Implement Comparable for Amount",
            "messageBody": "",
            "insertions": 12,
            "deletions": 1
          },
          {
            "hash": "4c72b37a8475beb2ab33f03580565acef3fb881b",
            "messageTitle": "Remove alphanumeric constraints on Transaction Descriptions",
            "messageBody": "",
            "insertions": 12,
            "deletions": 31
          },
          {
            "hash": "f8e519c0dc950a9015110ea624a4ed8a615b78ea",
            "messageTitle": "Rename wallet package to transaction package",
            "messageBody": "",
            "insertions": 7,
            "deletions": 7
          },
          {
            "hash": "1149f46e1bb84feca177c267cf2f3e570363ff86",
            "messageTitle": "Add model for Wallet and integrate with ModelManager",
            "messageBody": "",
            "insertions": 485,
            "deletions": 12
          },
          {
            "hash": "6f0b69f7eed78781bd1c51a248c5e82e72480567",
            "messageTitle": "Update gitignore to make travis happy",
            "messageBody": "",
            "insertions": 1,
            "deletions": 3
          },
          {
            "hash": "07b9d3ba3867f0d1538747279289643fa3dae21e",
            "messageTitle": "Add tests for Wallet",
            "messageBody": "",
            "insertions": 149,
            "deletions": 1
          },
          {
            "hash": "d61aa8f9ba024e1ca5c233a5ecdc9d22c45f158d",
            "messageTitle": "Update test for ModelManager",
            "messageBody": "",
            "insertions": 9,
            "deletions": 3
          }
        ]
      },
      {
        "insertions": 324,
        "deletions": 49,
        "date": "2020-02-22",
        "commitResults": [
          {
            "hash": "8d6f0e002d1985d0c65d4ec21bec2405f1bb1f66",
            "messageTitle": "Make improvements based on code review",
            "messageBody": "",
            "insertions": 5,
            "deletions": 6
          },
          {
            "hash": "1ccf876237ec12fae1c4f9d3024a0ed025743808",
            "messageTitle": "Add more Wallet-related tests",
            "messageBody": "",
            "insertions": 315,
            "deletions": 38
          },
          {
            "hash": "9a36573115861c1631e36aeeea6dfe0631b10e0f",
            "messageTitle": "Use Daniel\u0027s amazing UI mockup",
            "messageBody": "",
            "insertions": 0,
            "deletions": 0
          },
          {
            "hash": "07f8f06d726e833f32c817e38c7da56c2c16fc94",
            "messageTitle": "Update readme",
            "messageBody": "",
            "insertions": 4,
            "deletions": 4
          },
          {
            "hash": "2d73b78a12e9d3432085f5db47a027b414c0cc8c",
            "messageTitle": "Remove Learning Outcomes from readme",
            "messageBody": "",
            "insertions": 0,
            "deletions": 1
          }
        ]
      },
      {
        "insertions": 150,
        "deletions": 51,
        "date": "2020-02-24",
        "commitResults": [
          {
            "hash": "559113e800d4cc8d56ab4156c4a9977fc3cb035f",
            "messageTitle": "Add expense and income commands to user guide",
            "messageBody": "",
            "insertions": 46,
            "deletions": 0
          },
          {
            "hash": "6904109228b8877b6a9759fbc64683df0256a7ad",
            "messageTitle": "Update introduction in user guide",
            "messageBody": "",
            "insertions": 5,
            "deletions": 1
          },
          {
            "hash": "ef35be3696b8f73de43cdc95a2e3f728e05545c2",
            "messageTitle": "Update features in user guide (expenditure summary)",
            "messageBody": "",
            "insertions": 9,
            "deletions": 1
          },
          {
            "hash": "6cada2348fae1df96a45372b1398e94115c3a6c3",
            "messageTitle": "Update joel-lim.adoc",
            "messageBody": "",
            "insertions": 34,
            "deletions": 40
          },
          {
            "hash": "33aee93ab99b60809239c4739cd436a5cc6f58d0",
            "messageTitle": "Update user guide command summary for wallet commands",
            "messageBody": "",
            "insertions": 15,
            "deletions": 1
          },
          {
            "hash": "9ec50207762e00dfa8ae0acf7136ab36183d3f56",
            "messageTitle": "Add product survey for \u0027Money Lover\u0027",
            "messageBody": "",
            "insertions": 41,
            "deletions": 8
          }
        ]
      },
      {
        "insertions": 43,
        "deletions": 0,
        "date": "2020-02-25",
        "commitResults": [
          {
            "hash": "a755c674825223a9ba83863f72d31a557ec22d3b",
            "messageTitle": "Add product survey for \u0027Spendee\u0027",
            "messageBody": "",
            "insertions": 39,
            "deletions": 0
          },
          {
            "hash": "29ab1d75d378b478770a4857aa151724c9fdf3ee",
            "messageTitle": "Update joel-lim.adoc",
            "messageBody": "",
            "insertions": 4,
            "deletions": 0
          }
        ]
      },
      {
        "insertions": 12,
        "deletions": 4,
        "date": "2020-02-28",
        "commitResults": [
          {
            "hash": "1e21320009a7555be13724df908bbe2f94f01cd0",
            "messageTitle": "Fix message usage displayed for people commands",
            "messageBody": "",
            "insertions": 12,
            "deletions": 4
          }
        ]
      }
    ]
  },
  "authorFinalContributionMap": {
    "syinyichen": 4253,
    "gracegrape": 207,
    "jumpcutfindo": 694,
    "CheyanneSim": 4930,
    "joel-lim": 1364
  },
  "authorFileTypeContributionMap": {
    "syinyichen": {
      "adoc": 1,
      "adoc": 332,
      "adoc": 116,
      "html": 1433,
      "adoc": 25,
      "html": 803,
      "slim": 3,
      "java": 9,
      "java": 98,
      "java": 99,
      "java": 20,
      "java": 12,
      "java": 80,
      "java": 21,
      "java": 29,
      "java": 56,
      "java": 84,
      "java": 36,
      "java": 25,
      "fxml": 26,
      "json": 21,
      "json": 62,
      "java": 18,
      "java": 90,
      "java": 2,
      "java": 33,
      "java": 138,
      "java": 138,
      "java": 10,
      "java": 68,
      "java": 68,
      "java": 70,
      "java": 23,
      "java": 65,
      "java": 26,
      "java": 23,
      "java": 37,
      "java": 53
    },
    "gracegrape": {
      "adoc": 8,
      "adoc": 71,
      "adoc": 105,
      "adoc": 23
    },
    "jumpcutfindo": {
      "adoc": 24,
      "adoc": 17,
      "adoc": 9,
      "java": 4,
      "java": 1,
      "java": 1,
      "java": 1,
      "java": 3,
      "java": 2,
      "java": 4,
      "java": 2,
      "java": 4,
      "java": 3,
      "java": 6,
      "java": 2,
      "java": 2,
      "java": 7,
      "java": 4,
      "java": 7,
      "java": 9,
      "java": 7,
      "java": 4,
      "java": 3,
      "java": 1,
      "java": 9,
      "java": 1,
      "java": 21,
      "java": 106,
      "java": 8,
      "java": 9,
      "java": 14,
      "java": 8,
      "java": 4,
      "java": 10,
      "java": 2,
      "java": 1,
      "java": 2,
      "java": 60,
      "java": 2,
      "java": 1,
      "java": 2,
      "java": 4,
      "java": 1,
      "java": 3,
      "java": 6,
      "fxml": 3,
      "fxml": 4,
      "json": 6,
      "json": 4,
      "json": 9,
      "json": 4,
      "json": 26,
      "java": 13,
      "java": 9,
      "java": 1,
      "java": 1,
      "java": 1,
      "java": 5,
      "java": 12,
      "java": 4,
      "java": 15,
      "java": 28,
      "java": 7,
      "java": 4,
      "java": 31,
      "java": 55,
      "java": 8,
      "java": 7,
      "java": 17,
      "java": 10,
      "java": 1,
      "java": 4,
      "java": 2,
      "java": 2
    },
    "CheyanneSim": {
      "adoc": 2,
      "adoc": 23,
      "adoc": 9,
      "adoc": 114,
      "adoc": 16,
      "html": 761,
      "adoc": 1,
      "html": 891,
      "adoc": 2,
      "html": 891,
      "adoc": 2,
      "html": 891,
      "adoc": 1,
      "html": 623,
      "java": 1,
      "java": 1,
      "java": 1,
      "java": 1,
      "java": 1,
      "java": 2,
      "java": 30,
      "java": 10,
      "java": 2,
      "java": 1,
      "java": 79,
      "java": 1,
      "java": 12,
      "java": 32,
      "java": 7,
      "java": 11,
      "java": 85,
      "java": 1,
      "java": 2,
      "java": 51,
      "fxml": 21,
      "json": 2,
      "json": 1,
      "json": 1,
      "java": 1,
      "java": 2,
      "java": 2,
      "java": 2,
      "java": 89,
      "java": 20,
      "java": 8,
      "java": 17,
      "java": 9,
      "java": 2,
      "java": 1,
      "java": 3,
      "java": 2,
      "java": 70,
      "java": 64,
      "java": 50,
      "java": 5
    },
    "joel-lim": {
      "gitignore": 6,
      "adoc": 4,
      "adoc": 76,
      "adoc": 47,
      "adoc": 33,
      "java": 3,
      "java": 3,
      "java": 3,
      "java": 47,
      "java": 62,
      "java": 28,
      "java": 159,
      "java": 54,
      "java": 40,
      "java": 44,
      "java": 44,
      "java": 88,
      "java": 105,
      "java": 6,
      "java": 42,
      "java": 135,
      "java": 86,
      "java": 41,
      "java": 39,
      "java": 119,
      "java": 50
    }
  },
  "authorContributionVariance": {
    "syinyichen": 813114.94,
    "gracegrape": 1825.567,
    "jumpcutfindo": 325498.7,
    "CheyanneSim": 891428.06,
    "joel-lim": 58324.652
  },
  "authorDisplayNameMap": {
    "syinyichen": "CS2103T-W12-3 CHEN..N YI",
    "gracegrape": "CS2103T-W12-3 GRAC..YIHE",
    "jumpcutfindo": "CS2103T-W12-3 HOE ..NIEL",
    "CheyanneSim": "CS2103T-W12-3 CHEY.. SIM",
    "joel-lim": "CS2103T-W12-3 LIM ..JOEL"
  }
}
