{
  "authorDailyContributionsMap": {
    "chanckben": [
      {
        "insertions": 1,
        "deletions": 0,
        "date": "2020-02-29",
        "commitResults": [
          {
            "hash": "4e63136c93006c73d2d48a3af5bd10fca23ee5f6",
            "messageTitle": "Added newline",
            "messageBody": "",
            "insertions": 1,
            "deletions": 0
          }
        ]
      },
      {
        "insertions": 60,
        "deletions": 1591,
        "date": "2020-03-01",
        "commitResults": [
          {
            "hash": "d0cae5131cf3e5b89d425a8ba6b0ec1967b3debe",
            "messageTitle": "Remove phone, address, email and tag fields from Person",
            "messageBody": "",
            "insertions": 60,
            "deletions": 1591
          }
        ]
      },
      {
        "insertions": 919,
        "deletions": 485,
        "date": "2020-03-10",
        "commitResults": [
          {
            "hash": "fb71b532e3bb5ebe112df268177fbbe738f9fe62",
            "messageTitle": "Add module parsing and manager classes with the json file",
            "messageBody": "",
            "insertions": 366,
            "deletions": 55
          },
          {
            "hash": "2a800fd323708e0037a7c49037e3e3890954aa49",
            "messageTitle": "Fix checkstyle issues",
            "messageBody": "",
            "insertions": 300,
            "deletions": 300
          },
          {
            "hash": "40b94abb466345d2d66ac0064ef4e610cd0396f9",
            "messageTitle": "Create Personal extension of Module",
            "messageBody": "",
            "insertions": 130,
            "deletions": 7
          },
          {
            "hash": "e8cb5f323e5733856b4e2812297d204d3408a97f",
            "messageTitle": "Fix checkstyle issues",
            "messageBody": "",
            "insertions": 123,
            "deletions": 123
          }
        ]
      },
      {
        "insertions": 396,
        "deletions": 125,
        "date": "2020-03-13",
        "commitResults": [
          {
            "hash": "ca7c1b1aece42919a44b6458ac0fa45e0744a304",
            "messageTitle": "Add storage for Profile and parser for its json file",
            "messageBody": "",
            "insertions": 327,
            "deletions": 7
          },
          {
            "hash": "46592f8cb0c8f8e303f2c6418b2fcf87ac059f1d",
            "messageTitle": "Add ability to parse deadlines from json",
            "messageBody": "",
            "insertions": 69,
            "deletions": 118
          }
        ]
      },
      {
        "insertions": 373,
        "deletions": 75,
        "date": "2020-03-14",
        "commitResults": [
          {
            "hash": "fce7807841c2e7862eb755974170b3fdf8a599bf",
            "messageTitle": "Add ProfileList",
            "messageBody": "",
            "insertions": 44,
            "deletions": 4
          },
          {
            "hash": "f93f2e5071d867f2f99867b6f50e0136b495f5c0",
            "messageTitle": "Add ProfileManager",
            "messageBody": "",
            "insertions": 28,
            "deletions": 0
          },
          {
            "hash": "f24bfdb3fde649a52f9d7c4880f322a5ffc0346d",
            "messageTitle": "Add ability to read from userProfiles.json and save to json file",
            "messageBody": "",
            "insertions": 301,
            "deletions": 71
          }
        ]
      },
      {
        "insertions": 385,
        "deletions": 728,
        "date": "2020-03-15",
        "commitResults": [
          {
            "hash": "2fa2422b5e9d58ca04db074bbf5c0919b820f1eb",
            "messageTitle": "Link the backend code together and store modules in the json file given user input",
            "messageBody": "",
            "insertions": 385,
            "deletions": 728
          }
        ]
      },
      {
        "insertions": 8,
        "deletions": 4,
        "date": "2020-03-18",
        "commitResults": [
          {
            "hash": "dd1f0fae4605c1e48ac655737a8969489221a19b",
            "messageTitle": "Fix bug of reading from wrong json file",
            "messageBody": "",
            "insertions": 8,
            "deletions": 4
          }
        ]
      },
      {
        "insertions": 115,
        "deletions": 104,
        "date": "2020-03-21",
        "commitResults": [
          {
            "hash": "de64bdc32d5bba98fcd5e7818c49d82ae603d8a2",
            "messageTitle": "Fix bug: Adding duplicate module changes status of existing module to PLANNING",
            "messageBody": "",
            "insertions": 4,
            "deletions": 4
          },
          {
            "hash": "ae32f5eb6187bd12a0a632bb54761dc34d1d4239",
            "messageTitle": "Move code from AddCommandParser to AddCommand",
            "messageBody": "",
            "insertions": 111,
            "deletions": 100
          }
        ]
      },
      {
        "insertions": 266,
        "deletions": 50,
        "date": "2020-03-22",
        "commitResults": [
          {
            "hash": "bf488adfef7265e450439dabd0ec50be3d87dbce",
            "messageTitle": "Add delete profile and delete module feature",
            "messageBody": "",
            "insertions": 226,
            "deletions": 24
          },
          {
            "hash": "36f29e6b6e7198e8e8ffdb142ee0bbbd9b75395b",
            "messageTitle": "Fix issue: MESSAGE_SUCCESS must match pattern",
            "messageBody": "",
            "insertions": 7,
            "deletions": 5
          },
          {
            "hash": "1e047b29e6e37558e2196d17f4d9c3de7d8f17d1",
            "messageTitle": "Fix checkstyle errors",
            "messageBody": "",
            "insertions": 33,
            "deletions": 17
          },
          {
            "hash": "0925929e4cbeab650f60ab9fe5c83256f325078b",
            "messageTitle": "Fix checkstyle errors",
            "messageBody": "",
            "insertions": 0,
            "deletions": 4
          }
        ]
      },
      {
        "insertions": 253,
        "deletions": 51,
        "date": "2020-03-23",
        "commitResults": [
          {
            "hash": "9a8ca4e265ce343898733089189773a887a38931",
            "messageTitle": "Modify delete command to allow deletion of profile, module and task",
            "messageBody": "",
            "insertions": 24,
            "deletions": 34
          },
          {
            "hash": "67e043359fa20a0997beb4cec5d7757bbb68930b",
            "messageTitle": "Add tests for AddCommandParser",
            "messageBody": "",
            "insertions": 229,
            "deletions": 17
          }
        ]
      },
      {
        "insertions": 284,
        "deletions": 8,
        "date": "2020-03-24",
        "commitResults": [
          {
            "hash": "a3b31b214c55396d245b44b76c97385236e6172a",
            "messageTitle": "Add tests for AddCommand",
            "messageBody": "",
            "insertions": 284,
            "deletions": 8
          }
        ]
      },
      {
        "insertions": 188,
        "deletions": 86,
        "date": "2020-03-25",
        "commitResults": [
          {
            "hash": "e8075a9295e78377f32a56c14a91b04ac8d34af0",
            "messageTitle": "Fix checkstyle issues",
            "messageBody": "",
            "insertions": 83,
            "deletions": 30
          },
          {
            "hash": "fb25f26b7875631959c28807b3a9594c4b653797",
            "messageTitle": "Remove ArrayList\u003cModule\u003e and replace with ModuleList",
            "messageBody": "",
            "insertions": 105,
            "deletions": 56
          }
        ]
      },
      {
        "insertions": 1,
        "deletions": 1,
        "date": "2020-03-28",
        "commitResults": [
          {
            "hash": "6f0c0fe7a084c4093992c0c90f9b67186d0b7916",
            "messageTitle": "Include PrereqTree for every module into a copy of modules.json and read modules from there",
            "messageBody": "",
            "insertions": 1,
            "deletions": 1
          }
        ]
      },
      {
        "insertions": 90,
        "deletions": 41,
        "date": "2020-03-29",
        "commitResults": [
          {
            "hash": "06f737797f95e44dc9423752c22b14cd74912e25",
            "messageTitle": "Create resources folder for jar apps to work",
            "messageBody": "",
            "insertions": 76,
            "deletions": 14
          },
          {
            "hash": "0930242406cb63ef5d6108b4747c038f8d524e07",
            "messageTitle": "Fix checkstyle errors",
            "messageBody": "",
            "insertions": 12,
            "deletions": 22
          },
          {
            "hash": "3e1691ec39fc67ea8ce9187f3147d92f54513d90",
            "messageTitle": "Fix test errors",
            "messageBody": "",
            "insertions": 2,
            "deletions": 5
          }
        ]
      },
      {
        "insertions": 545,
        "deletions": 273,
        "date": "2020-03-30",
        "commitResults": [
          {
            "hash": "f6cd58cfb86c111dd1e547c6a1cd0527eb843e23",
            "messageTitle": "Create PrereqTreeNode and parse field from json file",
            "messageBody": "",
            "insertions": 132,
            "deletions": 12
          },
          {
            "hash": "2df61529a33ed423d41e9530e4660680cd70bc9c",
            "messageTitle": "Enable storing and reading prereqTree from userProfiles.json",
            "messageBody": "",
            "insertions": 115,
            "deletions": 76
          },
          {
            "hash": "0e7336fbbb52c56b3e6a205cb3850aa70c67d74a",
            "messageTitle": "Make prereq checking work for AddCommand",
            "messageBody": "",
            "insertions": 40,
            "deletions": 3
          },
          {
            "hash": "bcd2afaa09a8273ef181647669e523ba5f00f6da",
            "messageTitle": "Fix bug: Adding duplicate module does not display error to user",
            "messageBody": "",
            "insertions": 8,
            "deletions": 1
          },
          {
            "hash": "f01a8119e8f162f52ab4c3abc388670c90946295",
            "messageTitle": "Fix checkstyle errors",
            "messageBody": "",
            "insertions": 187,
            "deletions": 155
          },
          {
            "hash": "b9fd300f655df125b15a0e1f95f1f1c4d10191e2",
            "messageTitle": "Display module preclusions",
            "messageBody": "",
            "insertions": 25,
            "deletions": 17
          },
          {
            "hash": "97670b569aacddee75d5e4af0486d6c051383038",
            "messageTitle": "Fix build error by adding missing Preclusions.java",
            "messageBody": "",
            "insertions": 30,
            "deletions": 0
          },
          {
            "hash": "cc03b1d636e7e6ad50f9cdd961279efe2c6d38cb",
            "messageTitle": "Allow adding grades to future semesters",
            "messageBody": "",
            "insertions": 8,
            "deletions": 9
          }
        ]
      },
      {
        "insertions": 9,
        "deletions": 9,
        "date": "2020-03-31",
        "commitResults": [
          {
            "hash": "c45f883e18ceaec66edb9855832a64b78696aa7d",
            "messageTitle": "Fix bug: Add module without semester shows that module does not meet prereq",
            "messageBody": "",
            "insertions": 6,
            "deletions": 6
          },
          {
            "hash": "7d332135a1141fe2fcc34e390ffa7c7ceb00ce7f",
            "messageTitle": "Update version number to 1.3 and change startup name from addressbook to moddy",
            "messageBody": "",
            "insertions": 3,
            "deletions": 3
          }
        ]
      },
      {
        "insertions": 27,
        "deletions": 11,
        "date": "2020-04-02",
        "commitResults": [
          {
            "hash": "1b9f77579e9bfdd6e47cc859eeb7ad87ad72e69a",
            "messageTitle": "Fix bugs: Not allowing adding modules with fulfilled prereqs, exception when adding deadlines to modules not in current semester",
            "messageBody": "",
            "insertions": 18,
            "deletions": 11
          },
          {
            "hash": "70aa4234b3e26465149cd9089ba9fa3255795454",
            "messageTitle": "Remove fields when prerequisites or preclusions are null",
            "messageBody": "",
            "insertions": 9,
            "deletions": 0
          }
        ]
      },
      {
        "insertions": 171,
        "deletions": 25,
        "date": "2020-04-03",
        "commitResults": [
          {
            "hash": "fe57138c8a020e918ad189a173f67b2a8d58c0f4",
            "messageTitle": "Fix most bugs in ShowCommand and ShowCommandParser",
            "messageBody": "",
            "insertions": 84,
            "deletions": 18
          },
          {
            "hash": "b47028a9bba1e3d8a94766d42bc736d76be9fb6c",
            "messageTitle": "Fix checkstyle errors",
            "messageBody": "",
            "insertions": 87,
            "deletions": 7
          }
        ]
      }
    ],
    "jadetayy": [
      {
        "insertions": 2,
        "deletions": 2,
        "date": "2020-03-02",
        "commitResults": [
          {
            "hash": "b011593b05e624511fa139d6bcdf4c11f384ad18",
            "messageTitle": "Added Netlify, updated app name to \u0027MODdy\u0027",
            "messageBody": "",
            "insertions": 2,
            "deletions": 2
          }
        ]
      },
      {
        "insertions": 182,
        "deletions": 99,
        "date": "2020-03-09",
        "commitResults": [
          {
            "hash": "bd5d864da19324992e53e972bd00e877aa6f110d",
            "messageTitle": "Added deadline VBox (no StackPane yet), did some adjustment to window width",
            "messageBody": "",
            "insertions": 18,
            "deletions": 0
          },
          {
            "hash": "892dd2a5e8cfbd378269808db10a4c94f61500cc",
            "messageTitle": "Added deadline VBox (no StackPane yet), did some adjustment to window width",
            "messageBody": "",
            "insertions": 91,
            "deletions": 44
          },
          {
            "hash": "43336a11961145c780a13caf645460ef7ed0395c",
            "messageTitle": "Updated GUI",
            "messageBody": "",
            "insertions": 73,
            "deletions": 55
          }
        ]
      },
      {
        "insertions": 3,
        "deletions": 5,
        "date": "2020-03-10",
        "commitResults": [
          {
            "hash": "01add313d81139ae49bdd9403951b8e5bc30aa0e",
            "messageTitle": "Fixed checkstyle",
            "messageBody": "",
            "insertions": 3,
            "deletions": 5
          }
        ]
      },
      {
        "insertions": 614,
        "deletions": 868,
        "date": "2020-03-11",
        "commitResults": [
          {
            "hash": "108953550da77e003b739248ec731526d03d5297",
            "messageTitle": "Fixed merge conflicts",
            "messageBody": "",
            "insertions": 603,
            "deletions": 525
          },
          {
            "hash": "b154207d395e532b96b554b1c930e87c0cc047bf",
            "messageTitle": "Fixed minor merge conflicts",
            "messageBody": "",
            "insertions": 1,
            "deletions": 8
          },
          {
            "hash": "1fc626dcd7551d25fef9f687a63982d6ec0ed27b",
            "messageTitle": "Fixed checkstyle",
            "messageBody": "",
            "insertions": 9,
            "deletions": 9
          },
          {
            "hash": "ad22e0c3af4ed78c71be6d441674ca6696018682",
            "messageTitle": "Minor changes",
            "messageBody": "",
            "insertions": 1,
            "deletions": 81
          },
          {
            "hash": "95338a7cd7e5e2d42a2a09ac5b4510de7e041851",
            "messageTitle": "Deleted edit tests",
            "messageBody": "",
            "insertions": 0,
            "deletions": 245
          }
        ]
      },
      {
        "insertions": 24,
        "deletions": 31,
        "date": "2020-03-13",
        "commitResults": [
          {
            "hash": "d2e1a8c5e4859dce691387d1c5efc664fb5cc775",
            "messageTitle": "Enabled dynamic resizing of the windows",
            "messageBody": "",
            "insertions": 5,
            "deletions": 4
          },
          {
            "hash": "ed3f2097d601bd8c10512016ea111898b9d630b4",
            "messageTitle": "Refactor PersonList to DeadlineList",
            "messageBody": "",
            "insertions": 19,
            "deletions": 27
          }
        ]
      },
      {
        "insertions": 254,
        "deletions": 55,
        "date": "2020-03-18",
        "commitResults": [
          {
            "hash": "6734bd41aec26c0d52ac0e428c2761e692bf6e34",
            "messageTitle": "Added Profile Card and Profile panel",
            "messageBody": "",
            "insertions": 47,
            "deletions": 33
          },
          {
            "hash": "39794fc6568109042ac811d8d6e61e4907a0bcaf",
            "messageTitle": "Added Welcome screen",
            "messageBody": "",
            "insertions": 200,
            "deletions": 13
          },
          {
            "hash": "21f049c1947cf8b23ea5972464b8e3f05db51238",
            "messageTitle": "Fixed checkstyle",
            "messageBody": "",
            "insertions": 5,
            "deletions": 8
          },
          {
            "hash": "81090533fccfbedeb2ab65a1a7d5efe4c597c7cc",
            "messageTitle": "Fixed Travis",
            "messageBody": "",
            "insertions": 1,
            "deletions": 1
          },
          {
            "hash": "96a10968cb5f378bc347378e2e5c22924069b417",
            "messageTitle": "Minor changes",
            "messageBody": "",
            "insertions": 1,
            "deletions": 0
          }
        ]
      },
      {
        "insertions": 405,
        "deletions": 267,
        "date": "2020-03-23",
        "commitResults": [
          {
            "hash": "f038b7a00630e1f2985f5956ed02eb0d4db46d75",
            "messageTitle": "Profile panel reloads when adding and deleting a profile",
            "messageBody": "",
            "insertions": 321,
            "deletions": 182
          },
          {
            "hash": "92827e3d7a372bbb3bf8af386b116d2489a824ab",
            "messageTitle": "Minor changes to welcome screen + checkstyle",
            "messageBody": "",
            "insertions": 24,
            "deletions": 25
          },
          {
            "hash": "ac30bee7e622139d750ebce8a38feaf2aeb05006",
            "messageTitle": "Fixed CI",
            "messageBody": "",
            "insertions": 60,
            "deletions": 60
          }
        ]
      },
      {
        "insertions": 436,
        "deletions": 515,
        "date": "2020-03-24",
        "commitResults": [
          {
            "hash": "6f304da6aee24732dbd34374816b3221c6361571",
            "messageTitle": "Strictly supports only ONE profile + change in UI",
            "messageBody": "",
            "insertions": 236,
            "deletions": 343
          },
          {
            "hash": "3aa2c00c10b5a165709988ce6e5a2d28fa903b6c",
            "messageTitle": "Fix checkstyle",
            "messageBody": "",
            "insertions": 172,
            "deletions": 168
          },
          {
            "hash": "edf20fb0383d39b320be065a6382305fddc182d9",
            "messageTitle": "Fixed EditCommand, ProfileCard updates when edit is called",
            "messageBody": "",
            "insertions": 27,
            "deletions": 3
          },
          {
            "hash": "084ffaa6400d32e36cd089414f416acbf1fab5c9",
            "messageTitle": "Changed User Guide URL for Help Command",
            "messageBody": "",
            "insertions": 1,
            "deletions": 1
          }
        ]
      },
      {
        "insertions": 221,
        "deletions": 39,
        "date": "2020-03-25",
        "commitResults": [
          {
            "hash": "4d13d17d911e2ad58c10b05354f664e78463a6cc",
            "messageTitle": "Added Dynamic DeadlineCard + supports add/delete Deadline + changed Deadline to include moduleCode (as String)",
            "messageBody": "",
            "insertions": 195,
            "deletions": 21
          },
          {
            "hash": "c1200009ff4d3b97b13d19fc8b0027038cc2751a",
            "messageTitle": "Fixed checkstyle, added DeadlineNotFoundException",
            "messageBody": "",
            "insertions": 26,
            "deletions": 18
          }
        ]
      },
      {
        "insertions": 371,
        "deletions": 159,
        "date": "2020-03-26",
        "commitResults": [
          {
            "hash": "5ec9fddc83f62f5ceddd3dfddcb60cc28baf3a60",
            "messageTitle": "Fixed Deadline bugs",
            "messageBody": "",
            "insertions": 31,
            "deletions": 112
          },
          {
            "hash": "ebb41e495d302bba09977e7e72aec22c94942a67",
            "messageTitle": "Fixed minor bug",
            "messageBody": "",
            "insertions": 20,
            "deletions": 9
          },
          {
            "hash": "85576389de29efaa2eadad7107573d86ad17f90c",
            "messageTitle": "Fixed checkstyle",
            "messageBody": "",
            "insertions": 7,
            "deletions": 1
          },
          {
            "hash": "19bc0b4d481cdbdf85526e89415af8c9a6558464",
            "messageTitle": "Deadline panel supports delete module",
            "messageBody": "",
            "insertions": 22,
            "deletions": 1
          },
          {
            "hash": "dd5b89de391c1d848daacd2b75c82a2e265201dc",
            "messageTitle": "Fix bugs",
            "messageBody": "",
            "insertions": 1,
            "deletions": 1
          },
          {
            "hash": "b0e0fa13662c4f8c246a7bf2d8bc09bccec0e72c",
            "messageTitle": "Fixed bugs",
            "messageBody": "",
            "insertions": 10,
            "deletions": 2
          },
          {
            "hash": "a0ff93263d4bb1a6599e9d38bdd95eadd9ff81d5",
            "messageTitle": "Edit UG, update Ui.png",
            "messageBody": "",
            "insertions": 15,
            "deletions": 2
          },
          {
            "hash": "43da11985e1c01d6f212fd289da8bbe37626acab",
            "messageTitle": "Added panel to support show y/SEMESTER",
            "messageBody": "",
            "insertions": 255,
            "deletions": 22
          },
          {
            "hash": "3ad73ed145f06c0778510e66d6c9d4a549db60fc",
            "messageTitle": "Support refresh when add/delete module",
            "messageBody": "",
            "insertions": 10,
            "deletions": 9
          }
        ]
      },
      {
        "insertions": 113,
        "deletions": 33,
        "date": "2020-03-27",
        "commitResults": [
          {
            "hash": "2ad484b13ed4c20b5f3e94935f1a98e163d4756a",
            "messageTitle": "Added colours to date to indicate urgency + sort deadline list by date and time",
            "messageBody": "",
            "insertions": 60,
            "deletions": 14
          },
          {
            "hash": "7e525b62f9926f4be77c467aa84a2f728ab2310f",
            "messageTitle": "Added colours to distinguish the different module",
            "messageBody": "",
            "insertions": 53,
            "deletions": 19
          }
        ]
      },
      {
        "insertions": 765,
        "deletions": 106,
        "date": "2020-03-28",
        "commitResults": [
          {
            "hash": "4b4034c44377a17e5d54bfa082308d936cdc545a",
            "messageTitle": "Overview panel completed, added colour pane to distinguish modules in deadlinepanel",
            "messageBody": "",
            "insertions": 332,
            "deletions": 23
          },
          {
            "hash": "906b2d60d3b6c0db36dfa9f0743db00cb0c972c6",
            "messageTitle": "Added UI for show m/MODULE_CODE",
            "messageBody": "",
            "insertions": 108,
            "deletions": 7
          },
          {
            "hash": "7ccaeccfd8f16a36becf355493e42411257b0e35",
            "messageTitle": "Added UI for [show c/COURSE] [show f/FOCUSAREA]",
            "messageBody": "",
            "insertions": 325,
            "deletions": 76
          }
        ]
      },
      {
        "insertions": 843,
        "deletions": 499,
        "date": "2020-03-29",
        "commitResults": [
          {
            "hash": "eb2b6250844d2d364034c10d8f5e5d13ee84d7ee",
            "messageTitle": "Added UI for [show/COURSE] and [show/FOCUS_AREA] + Link show commands with UI",
            "messageBody": "",
            "insertions": 377,
            "deletions": 43
          },
          {
            "hash": "0f5652a9b78b4c8212450eca6fe80c4be77e2a70",
            "messageTitle": "Minor edits, fixed Home command",
            "messageBody": "",
            "insertions": 3,
            "deletions": 4
          },
          {
            "hash": "e5a816a09cca0b77613d9934058d3657cd5a3938",
            "messageTitle": "Added Home command to UG",
            "messageBody": "",
            "insertions": 1,
            "deletions": 1
          },
          {
            "hash": "db3fe56e62641b76623eb50af552a0e5be4b786e",
            "messageTitle": "Fix merge conflicts",
            "messageBody": "",
            "insertions": 3,
            "deletions": 7
          },
          {
            "hash": "69be744e6dd3964dc8db128de12ed7c0e4666a38",
            "messageTitle": "Fixed checkstyle",
            "messageBody": "",
            "insertions": 0,
            "deletions": 1
          },
          {
            "hash": "1ff0d8188a63bb2ac2919ac6ac1f690e514fd87a",
            "messageTitle": "Fixed tests",
            "messageBody": "",
            "insertions": 353,
            "deletions": 353
          },
          {
            "hash": "2738d63d108418283d45b454cd4af3dda255e582",
            "messageTitle": "Fixed conflicts, removed colour pane for modules in deadline panels",
            "messageBody": "",
            "insertions": 80,
            "deletions": 58
          },
          {
            "hash": "6b8cb99ac7ec2d0130de4d029e4bc520faa6379a",
            "messageTitle": "Fixed checkstyle",
            "messageBody": "",
            "insertions": 26,
            "deletions": 32
          }
        ]
      },
      {
        "insertions": 171,
        "deletions": 98,
        "date": "2020-03-30",
        "commitResults": [
          {
            "hash": "73abb91c187f9487aa9c9dd88066084672417678",
            "messageTitle": "Fixed all listed bugs",
            "messageBody": "",
            "insertions": 90,
            "deletions": 18
          },
          {
            "hash": "2b0f25a1973c11f73c31999f50095b0ae558f9c4",
            "messageTitle": "Minor bugs fixed",
            "messageBody": "",
            "insertions": 11,
            "deletions": 6
          },
          {
            "hash": "847a05a53316cfafc126f8f24de90b9e1d834092",
            "messageTitle": "Change profile in overview to profilecard, and scrollpane to refresh when new module added",
            "messageBody": "",
            "insertions": 57,
            "deletions": 36
          },
          {
            "hash": "fba5ad29e99dd7656bf041b008e2390596687d00",
            "messageTitle": "Minor changes",
            "messageBody": "",
            "insertions": 9,
            "deletions": 28
          },
          {
            "hash": "c32dce8ef0148dfeaec0e0af04dbae73adfc52ba",
            "messageTitle": "Minor changes",
            "messageBody": "",
            "insertions": 0,
            "deletions": 9
          },
          {
            "hash": "923a50f26ff45f6151a329d4499781982a844e9a",
            "messageTitle": "Fixed show profile refresh bugs",
            "messageBody": "",
            "insertions": 4,
            "deletions": 1
          }
        ]
      },
      {
        "insertions": 22,
        "deletions": 11,
        "date": "2020-04-02",
        "commitResults": [
          {
            "hash": "5cc1d1df5f8acd9c3f0bc395b03b33c5cd911cee",
            "messageTitle": "Fixed bugs",
            "messageBody": "",
            "insertions": 22,
            "deletions": 11
          }
        ]
      }
    ],
    "joycelynteo": [
      {
        "insertions": 718,
        "deletions": 1267,
        "date": "2020-03-10",
        "commitResults": [
          {
            "hash": "625122d81090eacf3c8a4e6c5f90e0c82e64ac22",
            "messageTitle": "Parse Addcommand and NewCommand",
            "messageBody": "",
            "insertions": 249,
            "deletions": 519
          },
          {
            "hash": "cf6349fe75bb67723e43612b7e55f8c5991ec5aa",
            "messageTitle": "checkstyle",
            "messageBody": "",
            "insertions": 37,
            "deletions": 15
          },
          {
            "hash": "c8399cdf491579cfded63f38d0bd25c23672e830",
            "messageTitle": "test cases",
            "messageBody": "",
            "insertions": 35,
            "deletions": 395
          },
          {
            "hash": "33d7acf2ee525badd48265c741bd9bf3e117075d",
            "messageTitle": "checkstyle test",
            "messageBody": "",
            "insertions": 30,
            "deletions": 11
          },
          {
            "hash": "dc3867c69a6d5946cbd9b4907212e86f7da6ee2a",
            "messageTitle": "minor changes",
            "messageBody": "",
            "insertions": 3,
            "deletions": 20
          },
          {
            "hash": "3aeabb4f647e969e1fe86b8c05d8bbacd11f18c7",
            "messageTitle": "linked grade and status fields to objects",
            "messageBody": "",
            "insertions": 67,
            "deletions": 23
          },
          {
            "hash": "94618c27252daeb4ad0cf9715a1cea45692aabcc",
            "messageTitle": "change person to profile",
            "messageBody": "",
            "insertions": 270,
            "deletions": 270
          },
          {
            "hash": "80d94758d26775f110994f114dde1da12bd31dca",
            "messageTitle": "checkstyle",
            "messageBody": "",
            "insertions": 27,
            "deletions": 14
          }
        ]
      },
      {
        "insertions": 22,
        "deletions": 12,
        "date": "2020-03-11",
        "commitResults": [
          {
            "hash": "8b9955c0939ba97322b4de91fe8b4190eb4f116b",
            "messageTitle": "minor changes",
            "messageBody": "",
            "insertions": 22,
            "deletions": 12
          }
        ]
      },
      {
        "insertions": 58,
        "deletions": 11,
        "date": "2020-03-12",
        "commitResults": [
          {
            "hash": "6f84a8b71e6e626a2914e31baf256d1f3f96b19b",
            "messageTitle": "Add hashmap attribute in profile",
            "messageBody": "",
            "insertions": 58,
            "deletions": 11
          }
        ]
      },
      {
        "insertions": 171,
        "deletions": 54,
        "date": "2020-03-17",
        "commitResults": [
          {
            "hash": "ab2897a13aead31cd24bbffe113eeef8ea1e9562",
            "messageTitle": "support add deadline",
            "messageBody": "",
            "insertions": 171,
            "deletions": 54
          }
        ]
      },
      {
        "insertions": 433,
        "deletions": 133,
        "date": "2020-03-23",
        "commitResults": [
          {
            "hash": "b1e366c14169c48856e14e527cc4eeb751fd7cce",
            "messageTitle": "restrict course input to computing courses",
            "messageBody": "",
            "insertions": 62,
            "deletions": 6
          },
          {
            "hash": "0068b155b9a69c582ba1fc2ba928b5adbbf145e8",
            "messageTitle": "edit command",
            "messageBody": "",
            "insertions": 242,
            "deletions": 34
          },
          {
            "hash": "eae5fc9a0a7c6c0b0793e79affe662dcacab2633",
            "messageTitle": "fix edit semester",
            "messageBody": "",
            "insertions": 42,
            "deletions": 25
          },
          {
            "hash": "a96555583ac0e41b6bad433de69b19fa62bb8389",
            "messageTitle": "fix checks",
            "messageBody": "",
            "insertions": 85,
            "deletions": 65
          },
          {
            "hash": "35f9524e7e64e6d2975cb39f06feafd09a21ba8e",
            "messageTitle": "fix duplicate deadline bug",
            "messageBody": "",
            "insertions": 2,
            "deletions": 3
          }
        ]
      },
      {
        "insertions": 141,
        "deletions": 93,
        "date": "2020-03-26",
        "commitResults": [
          {
            "hash": "3a7b2298608a75d489cddf7f9f1d6ccf7f5ae85b",
            "messageTitle": "split editcommand and editcommandparser",
            "messageBody": "",
            "insertions": 130,
            "deletions": 87
          },
          {
            "hash": "d4186a3549fdafdfe127a98aa9731b98acd68853",
            "messageTitle": "edit sequence diagram",
            "messageBody": "",
            "insertions": 1,
            "deletions": 3
          },
          {
            "hash": "05aef7b935b5905385c1e8f72aa14876f1ce7656",
            "messageTitle": "fix edit command bugs",
            "messageBody": "",
            "insertions": 10,
            "deletions": 3
          }
        ]
      },
      {
        "insertions": 5,
        "deletions": 1,
        "date": "2020-03-28",
        "commitResults": [
          {
            "hash": "323d7abd5988dc4861ef7d52cc12defea621ce46",
            "messageTitle": "editsequencediagram \u0026 made add module case insensitive",
            "messageBody": "",
            "insertions": 5,
            "deletions": 1
          }
        ]
      },
      {
        "insertions": 181,
        "deletions": 62,
        "date": "2020-03-29",
        "commitResults": [
          {
            "hash": "1e7849428e01a33d53ff4395967373af851378d1",
            "messageTitle": "edit deadline",
            "messageBody": "",
            "insertions": 83,
            "deletions": 3
          },
          {
            "hash": "0336a4dd2dea9ff2d4e7a6757aae9d717c7263dc",
            "messageTitle": "minor changes",
            "messageBody": "",
            "insertions": 1,
            "deletions": 0
          },
          {
            "hash": "b3e62a87ef6c825dcccfbb5f1cda44258527a787",
            "messageTitle": "complete edit deadline",
            "messageBody": "",
            "insertions": 74,
            "deletions": 13
          },
          {
            "hash": "ef98557f51ecfa5574af0d9a0cd7593ca64f2399",
            "messageTitle": "make semester tag unnecessary when adding deadlines",
            "messageBody": "",
            "insertions": 9,
            "deletions": 3
          },
          {
            "hash": "3d7803e0dd7c57fe43a153d7d3a40fa80c736896",
            "messageTitle": "checkstyle",
            "messageBody": "",
            "insertions": 5,
            "deletions": 34
          },
          {
            "hash": "1d8880437af6d44f7383f49dffd4ccdd400298bf",
            "messageTitle": "make delete command case insensitive",
            "messageBody": "",
            "insertions": 2,
            "deletions": 2
          },
          {
            "hash": "6e8ee148f907c4f5ccd9a11635ba255937eac7d5",
            "messageTitle": "change addressbookparser to moddyparser",
            "messageBody": "",
            "insertions": 7,
            "deletions": 7
          }
        ]
      }
    ],
    "wanxuanong": [
      {
        "insertions": 7,
        "deletions": 2,
        "date": "2020-02-24",
        "commitResults": [
          {
            "hash": "b47801f2c8a05833e38c59251cb097ce8a776125",
            "messageTitle": "Tutorial 1 - Tracing a Command Execution Path",
            "messageBody": "",
            "insertions": 7,
            "deletions": 2
          }
        ]
      },
      {
        "insertions": 130,
        "deletions": 18,
        "date": "2020-03-09",
        "commitResults": [
          {
            "hash": "7699cfdd85229129a2b7b51fb2ac6817a42c20df",
            "messageTitle": "Added Task class. Made minor changes to DG.",
            "messageBody": "",
            "insertions": 43,
            "deletions": 0
          },
          {
            "hash": "9f0109d7cdbd4d9d90a86e3ffca4de41a49f0238",
            "messageTitle": "Minor changes for travis checkstyle",
            "messageBody": "",
            "insertions": 13,
            "deletions": 2
          },
          {
            "hash": "5509b81a3bf4b84bbd27750f48c63e6efac6e074",
            "messageTitle": "Added TaskList as attribute of Module.",
            "messageBody": "",
            "insertions": 55,
            "deletions": 2
          },
          {
            "hash": "9125b25adbdcff3fd079adf7dbfc58c2274672ce",
            "messageTitle": "[Checkstyle] Added accessor method for list.",
            "messageBody": "",
            "insertions": 5,
            "deletions": 1
          },
          {
            "hash": "305e38b2b3f48195d87207a46c42dad4c539c793",
            "messageTitle": "Packaged classes into /module",
            "messageBody": "",
            "insertions": 5,
            "deletions": 5
          },
          {
            "hash": "586abed44961669793c270c101f6835f7552d89e",
            "messageTitle": "[Checkstyle] Custom Import Order",
            "messageBody": "",
            "insertions": 3,
            "deletions": 2
          },
          {
            "hash": "78a4ad4f2bab35a7b1e604a1f8ddc8d4effb2741",
            "messageTitle": "Checkstyle",
            "messageBody": "",
            "insertions": 3,
            "deletions": 2
          },
          {
            "hash": "f7dda0772435d19a02eb9650723a8e6333e04d93",
            "messageTitle": "Import order",
            "messageBody": "",
            "insertions": 3,
            "deletions": 4
          }
        ]
      },
      {
        "insertions": 18,
        "deletions": 26,
        "date": "2020-03-12",
        "commitResults": [
          {
            "hash": "765869f69e88fc7b68096a171a69848ac7d062ef",
            "messageTitle": "Changed all Task related to Deadlines.",
            "messageBody": "",
            "insertions": 16,
            "deletions": 24
          },
          {
            "hash": "fc5ee9d730afe8b2e07eb2313c4231fdbf63c9e8",
            "messageTitle": "Updated Personal class",
            "messageBody": "",
            "insertions": 2,
            "deletions": 2
          }
        ]
      },
      {
        "insertions": 151,
        "deletions": 49,
        "date": "2020-03-16",
        "commitResults": [
          {
            "hash": "70f99091eae08c19dcd967a9fac8ae1d1883e0be",
            "messageTitle": "showCommand and showCommandParser for semester",
            "messageBody": "",
            "insertions": 112,
            "deletions": 1
          },
          {
            "hash": "addce1115ef2e14906451f4f2e06ca2ac52d7954",
            "messageTitle": "Show command to output on GUI",
            "messageBody": "",
            "insertions": 11,
            "deletions": 26
          },
          {
            "hash": "1668a5055441f7136ffb78e1d4c528a205caf156",
            "messageTitle": "checkstyle",
            "messageBody": "",
            "insertions": 18,
            "deletions": 4
          },
          {
            "hash": "610b36df4bc1778e89c1d968b5d31e4c8f2aefcc",
            "messageTitle": "checkstyle",
            "messageBody": "",
            "insertions": 9,
            "deletions": 6
          },
          {
            "hash": "e2740c5c7e091141b5bf35ad8ae9161ac51bdf14",
            "messageTitle": "white space",
            "messageBody": "",
            "insertions": 1,
            "deletions": 12
          }
        ]
      },
      {
        "insertions": 123,
        "deletions": 22,
        "date": "2020-03-21",
        "commitResults": [
          {
            "hash": "deb996f3aee732b638aee2d09c98d6b66e5ec48e",
            "messageTitle": "Added Information Systems into courses.json",
            "messageBody": "",
            "insertions": 1,
            "deletions": 1
          },
          {
            "hash": "17f1c01b1145bf1cf0b4d4160d3446fcc1d8e248",
            "messageTitle": "Implemented CourseRequirement as an object and as json",
            "messageBody": "",
            "insertions": 102,
            "deletions": 1
          },
          {
            "hash": "f0ae4a8251082532ecf8023b922cbdc8a037b360",
            "messageTitle": "Changed all focusArea to requirement",
            "messageBody": "",
            "insertions": 14,
            "deletions": 16
          },
          {
            "hash": "e0865dc92086f89e19109743628bc1f36bdf47df",
            "messageTitle": "fixed checkstyle",
            "messageBody": "",
            "insertions": 5,
            "deletions": 3
          },
          {
            "hash": "d7f0f791785ff3b533c7cbbb949ba54629bdcc10",
            "messageTitle": "checkstyle",
            "messageBody": "",
            "insertions": 1,
            "deletions": 1
          }
        ]
      },
      {
        "insertions": 73,
        "deletions": 73,
        "date": "2020-03-23",
        "commitResults": [
          {
            "hash": "a0b4efc28702aba8e1cdcfb45b61dd0dc69e2af8",
            "messageTitle": "Implement show module command.",
            "messageBody": "",
            "insertions": 73,
            "deletions": 73
          }
        ]
      },
      {
        "insertions": 1,
        "deletions": 1,
        "date": "2020-03-25",
        "commitResults": [
          {
            "hash": "752c3cf06cd8d82d7ca500a858ca2f274b461860",
            "messageTitle": "Added focusAreas for BA, IS and InfoSec",
            "messageBody": "",
            "insertions": 1,
            "deletions": 1
          }
        ]
      }
    ],
    "gyant6": [
      {
        "insertions": 2,
        "deletions": 1,
        "date": "2020-02-29",
        "commitResults": [
          {
            "hash": "b777cbb4a32ca71c122d337d80f93bbd5e009d29",
            "messageTitle": "newline",
            "messageBody": "",
            "insertions": 1,
            "deletions": 0
          },
          {
            "hash": "49b1ba909cdc81420ed023d52046c979d010d0f6",
            "messageTitle": "Print",
            "messageBody": "",
            "insertions": 1,
            "deletions": 1
          }
        ]
      },
      {
        "insertions": 89,
        "deletions": 69,
        "date": "2020-03-05",
        "commitResults": [
          {
            "hash": "7fe007bf304278442d6eb3ff0b2523cfcd8810a2",
            "messageTitle": "Refactor person package to profile",
            "messageBody": "",
            "insertions": 14,
            "deletions": 14
          },
          {
            "hash": "f037170a7c5e951c4f66e608768bf7eb4f813d06",
            "messageTitle": "Refactor person package to profile",
            "messageBody": "",
            "insertions": 51,
            "deletions": 51
          },
          {
            "hash": "8e61b55470e6fcf019373727ba3819b91f7fae2c",
            "messageTitle": "Add Course class",
            "messageBody": "",
            "insertions": 4,
            "deletions": 0
          },
          {
            "hash": "0675bea6421f5615cc7e729364dbf2a93c581d53",
            "messageTitle": "Add Deadlines class",
            "messageBody": "",
            "insertions": 4,
            "deletions": 0
          },
          {
            "hash": "c24aaf410981bd9e98daeb0f2d9af31e9d0ece90",
            "messageTitle": "Add Year class",
            "messageBody": "",
            "insertions": 4,
            "deletions": 0
          },
          {
            "hash": "04c1cc674f79c3f5b90045572dfc51d3b847872a",
            "messageTitle": "Shift course class into course package",
            "messageBody": "",
            "insertions": 4,
            "deletions": 4
          },
          {
            "hash": "81e9420cf5b1bd52dcf010c8644967920595df32",
            "messageTitle": "Add ModuleSet class",
            "messageBody": "",
            "insertions": 4,
            "deletions": 0
          },
          {
            "hash": "7580f3133a1492f35ca483f06fefd055732b8212",
            "messageTitle": "Add Module class",
            "messageBody": "",
            "insertions": 4,
            "deletions": 0
          }
        ]
      },
      {
        "insertions": 440,
        "deletions": 10,
        "date": "2020-03-06",
        "commitResults": [
          {
            "hash": "c631e12c9d6203162bde8cb8be7c343edca54eb9",
            "messageTitle": "Add ModuleCode class",
            "messageBody": "",
            "insertions": 38,
            "deletions": 0
          },
          {
            "hash": "7623377dffcdbf6868624bbdfdb95f59f284c75a",
            "messageTitle": "Add Title class",
            "messageBody": "",
            "insertions": 38,
            "deletions": 0
          },
          {
            "hash": "966956805e6fa3409f77f3fedfe88bda647e520d",
            "messageTitle": "Add PrereqList class",
            "messageBody": "",
            "insertions": 56,
            "deletions": 0
          },
          {
            "hash": "19f38ddb85ea7078a21a2afe8114d8b8550dcfea",
            "messageTitle": "Add ModularCredits class",
            "messageBody": "",
            "insertions": 38,
            "deletions": 0
          },
          {
            "hash": "31df0b7ba5c7db3c102e522d68a2b93dde665ea3",
            "messageTitle": "Update class description",
            "messageBody": "",
            "insertions": 1,
            "deletions": 1
          },
          {
            "hash": "206b82a065d80abc1ddc6b243e6ff4436be17e7c",
            "messageTitle": "Add Description class",
            "messageBody": "",
            "insertions": 38,
            "deletions": 0
          },
          {
            "hash": "320bc19a822416793aad2a7b7dc53f17659d9715",
            "messageTitle": "Add AcadYear class",
            "messageBody": "",
            "insertions": 38,
            "deletions": 0
          },
          {
            "hash": "cfa92f5d4e9cf5d3375266c3530ed9daac00dbeb",
            "messageTitle": "Add SemesterData class",
            "messageBody": "",
            "insertions": 38,
            "deletions": 0
          },
          {
            "hash": "e552a09a8a85cacb0dff877ae5dc66dd26211e78",
            "messageTitle": "Add Module class",
            "messageBody": "",
            "insertions": 75,
            "deletions": 0
          },
          {
            "hash": "d5fcfa0e46a93e337f5638e4f0b3cef78e728fb5",
            "messageTitle": "Add Javadoc comment",
            "messageBody": "",
            "insertions": 23,
            "deletions": 0
          },
          {
            "hash": "d94f377dab60f57a1ddf96c9c341353d82cc42ea",
            "messageTitle": "Implement ModuleSet",
            "messageBody": "",
            "insertions": 40,
            "deletions": 1
          },
          {
            "hash": "0f4ad298bc20cec64a946d847e0eff78d520eb82",
            "messageTitle": "toString() method only returns code and title instead of all attributes",
            "messageBody": "",
            "insertions": 4,
            "deletions": 0
          },
          {
            "hash": "c832d12579eb3e5574c33b275ba06617f29fda58",
            "messageTitle": "Implement equals() method",
            "messageBody": "",
            "insertions": 7,
            "deletions": 1
          },
          {
            "hash": "aa607e43a8791195971463a81775a4db5d83d627",
            "messageTitle": "Remove Module import, set attribute to private final",
            "messageBody": "",
            "insertions": 1,
            "deletions": 2
          },
          {
            "hash": "5d5b1fba2fba66e0f63e2b642746988e10c8d762",
            "messageTitle": "Fixed indentation level",
            "messageBody": "",
            "insertions": 3,
            "deletions": 3
          },
          {
            "hash": "a8b31a37937c1a6c8a05658ece6d3ee1870e6fa7",
            "messageTitle": "Edit Javadoc comment",
            "messageBody": "",
            "insertions": 1,
            "deletions": 1
          },
          {
            "hash": "510017eb4d861956a6cafb873e0c45064d5039a2",
            "messageTitle": "Edit comment",
            "messageBody": "",
            "insertions": 1,
            "deletions": 1
          }
        ]
      },
      {
        "insertions": 485,
        "deletions": 78,
        "date": "2020-03-16",
        "commitResults": [
          {
            "hash": "d2c861c62e337e7bb71716bc0ffa9c32389c9deb",
            "messageTitle": "Add JsonSerializableCourseList",
            "messageBody": "",
            "insertions": 40,
            "deletions": 0
          },
          {
            "hash": "65981f2a9bfe080bbc3b9fb8df6fc0f785242bd4",
            "messageTitle": "Add JsonCourseListStorage",
            "messageBody": "",
            "insertions": 54,
            "deletions": 0
          },
          {
            "hash": "18a4f1cbc4774fd06a55b1ccf066e3d2a7da34d0",
            "messageTitle": "Add JsonCourseFocusArea",
            "messageBody": "",
            "insertions": 60,
            "deletions": 0
          },
          {
            "hash": "88379492e625ee8c50a16c31922b85e5f01aebde",
            "messageTitle": "Add JsonCourse",
            "messageBody": "",
            "insertions": 55,
            "deletions": 0
          },
          {
            "hash": "402cec55c2f4f14a5c1d217946cbf6b3b0083b97",
            "messageTitle": "Add CourseName",
            "messageBody": "",
            "insertions": 38,
            "deletions": 0
          },
          {
            "hash": "394f0461c6c26fc0efa44c9372c7858290aad290",
            "messageTitle": "Add CourseFocusArea",
            "messageBody": "",
            "insertions": 30,
            "deletions": 0
          },
          {
            "hash": "f20b8f1d3ab461f1a0bed285ba19dca58bdb6a1c",
            "messageTitle": "Add CourseManager",
            "messageBody": "",
            "insertions": 26,
            "deletions": 0
          },
          {
            "hash": "c3ade4c2085fc3c808938b9b3bf29893bbcb03cf",
            "messageTitle": "Add CourseList",
            "messageBody": "",
            "insertions": 63,
            "deletions": 0
          },
          {
            "hash": "c227da02464d1d3c7299af64cdfbb579a4df09fd",
            "messageTitle": "Change Course to CourseName",
            "messageBody": "",
            "insertions": 42,
            "deletions": 41
          },
          {
            "hash": "9a09f1158b856627ff160e55f2e6b2c996b15291",
            "messageTitle": "Add course.json file path",
            "messageBody": "",
            "insertions": 1,
            "deletions": 1
          },
          {
            "hash": "96a2bcfbd0355dc1eaed5efcc9601690cd38f7ee",
            "messageTitle": "Implement Course",
            "messageBody": "",
            "insertions": 8,
            "deletions": 4
          },
          {
            "hash": "de3c0528360bb0b9b8b61157265ccd6bba5cb927",
            "messageTitle": "Initialise CourseManager on start",
            "messageBody": "",
            "insertions": 34,
            "deletions": 3
          },
          {
            "hash": "7b6354125f22bb0abcc57a2595a062767364fd2c",
            "messageTitle": "Change Course to CourseName",
            "messageBody": "",
            "insertions": 24,
            "deletions": 24
          },
          {
            "hash": "7182a83428410e93a06ab51c615c831d2ebdd8a1",
            "messageTitle": "Reduce line length to remove line length violation",
            "messageBody": "",
            "insertions": 10,
            "deletions": 5
          }
        ]
      },
      {
        "insertions": 107,
        "deletions": 56,
        "date": "2020-03-21",
        "commitResults": [
          {
            "hash": "9ddd6736613ce9a89b6e20c485d156ff5c28cc36",
            "messageTitle": "CourseManager is now a parameter of LogicManager",
            "messageBody": "",
            "insertions": 8,
            "deletions": 7
          },
          {
            "hash": "4182362aaf2f904694dce1bd76623792e9e24671",
            "messageTitle": "Remove * for import statement",
            "messageBody": "",
            "insertions": 3,
            "deletions": 1
          },
          {
            "hash": "c4401de2489cee04d944bb9bfcd6311fba85c9b4",
            "messageTitle": "New constructor to take in a course object",
            "messageBody": "",
            "insertions": 11,
            "deletions": 1
          },
          {
            "hash": "59b1d636d1134a781fa6f73558179643a3c4f271",
            "messageTitle": "Accept Course prefix",
            "messageBody": "",
            "insertions": 21,
            "deletions": 7
          },
          {
            "hash": "857f3121ebedd270ff41e4db8fa5e103fb7f0328",
            "messageTitle": "Implement hasCourse and getCourse",
            "messageBody": "",
            "insertions": 35,
            "deletions": 36
          },
          {
            "hash": "dd0519231abfb481df859de356a6026b1d14625e",
            "messageTitle": "Override toString method",
            "messageBody": "",
            "insertions": 27,
            "deletions": 4
          },
          {
            "hash": "aff1af7e69fb8bf00586ae5387379847a33d6fc4",
            "messageTitle": "Comment out unused code",
            "messageBody": "",
            "insertions": 2,
            "deletions": 0
          }
        ]
      },
      {
        "insertions": 44,
        "deletions": 24,
        "date": "2020-03-22",
        "commitResults": [
          {
            "hash": "d084d5ac278991c1b3326e829d105fc430844213",
            "messageTitle": "Change variable access",
            "messageBody": "",
            "insertions": 1,
            "deletions": 1
          },
          {
            "hash": "b1e883c9d7fafa1e9a1cad1ce8b9ef81141903bc",
            "messageTitle": "Remove unused method",
            "messageBody": "",
            "insertions": 0,
            "deletions": 4
          },
          {
            "hash": "743528982a0f68d756486bbf6ed40ba7b600c36e",
            "messageTitle": "Comment out appending focusArea to check for code violation",
            "messageBody": "",
            "insertions": 3,
            "deletions": 0
          },
          {
            "hash": "f7032018fba8147175ef0c3e16805cddb64b28cb",
            "messageTitle": "Removed empty line",
            "messageBody": "",
            "insertions": 0,
            "deletions": 1
          },
          {
            "hash": "06e30372134b4b2fdb4eba9ed57e8ec7b2bb4b1c",
            "messageTitle": "Add final keyword to message success",
            "messageBody": "",
            "insertions": 2,
            "deletions": 2
          },
          {
            "hash": "1425e12d47c48ef394c03295f3874b6f114542cc",
            "messageTitle": "Add back code that was commented out for checkstyle violations",
            "messageBody": "",
            "insertions": 3,
            "deletions": 3
          },
          {
            "hash": "361c6a5cea7e19a6665fb0a93941cc4a24639ea4",
            "messageTitle": "Make focus area list attribute final",
            "messageBody": "",
            "insertions": 1,
            "deletions": 1
          },
          {
            "hash": "4d3d470185470a5a6864fe47599c6c6f1f14b0ac",
            "messageTitle": "Change append variable",
            "messageBody": "",
            "insertions": 1,
            "deletions": 4
          },
          {
            "hash": "88815535390cef5151f05e9404ecdfb63eb3efeb",
            "messageTitle": "Edit toString to show modules",
            "messageBody": "",
            "insertions": 8,
            "deletions": 1
          },
          {
            "hash": "28c515bfd951808b40d126f1abb10f03a97bfac8",
            "messageTitle": "Change toString method to show modular credits",
            "messageBody": "",
            "insertions": 4,
            "deletions": 1
          },
          {
            "hash": "fbc3f9023a16e682eb765e022afdb861ba89c7ea",
            "messageTitle": "CourseRequirement now stores requirement information as a list",
            "messageBody": "",
            "insertions": 19,
            "deletions": 5
          },
          {
            "hash": "ab4a4f2d43abec57082e20478b77943db0752217",
            "messageTitle": "Reduce line length for checkstyle violation",
            "messageBody": "",
            "insertions": 2,
            "deletions": 1
          }
        ]
      },
      {
        "insertions": 81,
        "deletions": 37,
        "date": "2020-03-23",
        "commitResults": [
          {
            "hash": "25f19c293f013025468d959bc468291a8d006623",
            "messageTitle": "Append focus area to toString method",
            "messageBody": "",
            "insertions": 18,
            "deletions": 5
          },
          {
            "hash": "92c46a30af120a91dbb350ae1187cbcb598f1e94",
            "messageTitle": "Append area primaries and electives to toString method",
            "messageBody": "",
            "insertions": 21,
            "deletions": 9
          },
          {
            "hash": "8837fdd751d833281552358d385947e0994787ea",
            "messageTitle": "Reorder attributes",
            "messageBody": "",
            "insertions": 2,
            "deletions": 1
          },
          {
            "hash": "d337342ae2e0861c40e7da6551fd4b80e0df48f9",
            "messageTitle": "JsonCourse constructor now looks for JsonProperty \"focusAreas\"",
            "messageBody": "",
            "insertions": 17,
            "deletions": 6
          },
          {
            "hash": "40873494f0aefda76e1d8c0da778e17aba4ce52b",
            "messageTitle": "Implement JsonCourseFocusArea",
            "messageBody": "",
            "insertions": 23,
            "deletions": 16
          }
        ]
      },
      {
        "insertions": 121,
        "deletions": 70,
        "date": "2020-03-25",
        "commitResults": [
          {
            "hash": "0bffd34c105bea4850b30aa232335ebcbe33cdab",
            "messageTitle": "Edit to accept focus area prefix",
            "messageBody": "",
            "insertions": 11,
            "deletions": 1
          },
          {
            "hash": "f818634428cf0a8a2eb1a69cd7b8f303f65482da",
            "messageTitle": "Edit invalid message for course, add invalid message for focus area",
            "messageBody": "",
            "insertions": 2,
            "deletions": 2
          },
          {
            "hash": "e6b89d3f0f41950050cece7ca622e89cb8dd670a",
            "messageTitle": "Returns a specific message success for each object shown",
            "messageBody": "",
            "insertions": 33,
            "deletions": 27
          },
          {
            "hash": "9ea8ec52001b0d934b1badb12da0f92a6ecec365",
            "messageTitle": "Add focus area prefix",
            "messageBody": "",
            "insertions": 1,
            "deletions": 0
          },
          {
            "hash": "d4993f984018ef615a1070427823f1f71ad54dd3",
            "messageTitle": "Throw specific invalid message for focus area",
            "messageBody": "",
            "insertions": 14,
            "deletions": 13
          },
          {
            "hash": "0fd9639e4085e87aaf58b00ac031cdb539e27e69",
            "messageTitle": "Add method to get focus area",
            "messageBody": "",
            "insertions": 21,
            "deletions": 9
          },
          {
            "hash": "2031c55178d355cbb53a9cc1f7a919cecb51e8b0",
            "messageTitle": "Add getter method for focusAreaName",
            "messageBody": "",
            "insertions": 7,
            "deletions": 2
          },
          {
            "hash": "fb17a9a4910f720446a6a0dc073aed88b6fb19aa",
            "messageTitle": "Edit toString formatting",
            "messageBody": "",
            "insertions": 2,
            "deletions": 3
          },
          {
            "hash": "6f95d9d8d35e57ca954ce2573c2df5d712a86caa",
            "messageTitle": "Add invalid messages for module and semester",
            "messageBody": "",
            "insertions": 3,
            "deletions": 1
          },
          {
            "hash": "cff7af8cf9aa51122cb2bc5b39a17ffe1def0fc4",
            "messageTitle": "Constructor throws Parse Exception when encountering invalid module code",
            "messageBody": "",
            "insertions": 5,
            "deletions": 2
          },
          {
            "hash": "df6ca2373892c529bad96a1cf3ae31cc0aa92a84",
            "messageTitle": "Throw ParseException instead of NoSuchElementException in getModuleWithModuleCode",
            "messageBody": "",
            "insertions": 4,
            "deletions": 2
          },
          {
            "hash": "916b1841acded247bd5228254bac4c8c1e092c30",
            "messageTitle": "Add getter method for module list",
            "messageBody": "",
            "insertions": 4,
            "deletions": 0
          },
          {
            "hash": "036937511120bda1077486044547cb975c3e32a0",
            "messageTitle": "Throw ParseException on invalid module code",
            "messageBody": "",
            "insertions": 2,
            "deletions": 1
          },
          {
            "hash": "d77c14ef4fda6b0fc32c3b1952309551ac6edc8b",
            "messageTitle": "Throw ParseException on invalid semester",
            "messageBody": "",
            "insertions": 6,
            "deletions": 1
          },
          {
            "hash": "99af94b7d2008adaf3ee2347bb428ea86543ee11",
            "messageTitle": "Edit toString formatting",
            "messageBody": "",
            "insertions": 6,
            "deletions": 6
          }
        ]
      },
      {
        "insertions": 558,
        "deletions": 304,
        "date": "2020-03-29",
        "commitResults": [
          {
            "hash": "d0d1e8c87f88108eb3fcb41bf58c8ce8da5e27ad",
            "messageTitle": "Change ParseException error mesage",
            "messageBody": "",
            "insertions": 2,
            "deletions": 1
          },
          {
            "hash": "00edd523430dae3159b97639c58c60dd654886a0",
            "messageTitle": "Change methods to non-static",
            "messageBody": "",
            "insertions": 28,
            "deletions": 28
          },
          {
            "hash": "cb4f2a3574159072ebc78d8aeccf245b625d3c44",
            "messageTitle": "Change execute method parameters",
            "messageBody": "",
            "insertions": 165,
            "deletions": 98
          },
          {
            "hash": "b562907e0d3de93eeeb3d2fdbf22217674327078",
            "messageTitle": "Change implementation into ShowCommand",
            "messageBody": "",
            "insertions": 7,
            "deletions": 17
          },
          {
            "hash": "38822879200e5150bef1c6a6a814a0532d45da07",
            "messageTitle": "Change LogicManager constructor parameters",
            "messageBody": "",
            "insertions": 24,
            "deletions": 21
          },
          {
            "hash": "5c3517d7b2b7d1b1a24dfab85d8794b35cc47554",
            "messageTitle": "Remove ParseException from being thrown in getModuleWithModuleCode",
            "messageBody": "",
            "insertions": 2,
            "deletions": 4
          },
          {
            "hash": "ae24138097567e7a9e6a593411f50440d8351097",
            "messageTitle": "Tidy up code",
            "messageBody": "",
            "insertions": 2,
            "deletions": 5
          },
          {
            "hash": "cbaeaf6fd5ca9c4b6fe81cd3ae5d0642c1ec031f",
            "messageTitle": "Change execute method parameters",
            "messageBody": "",
            "insertions": 58,
            "deletions": 46
          },
          {
            "hash": "477ff373e79c10c1a721972911efb61019760697",
            "messageTitle": "Module code input made case-insensitive",
            "messageBody": "",
            "insertions": 1,
            "deletions": 1
          },
          {
            "hash": "c209ff332cdda83ea4b0d5d0ffcb25ff9a5f6ec0",
            "messageTitle": "Edit for checkstyle violation",
            "messageBody": "",
            "insertions": 9,
            "deletions": 13
          },
          {
            "hash": "963550c74a36be44a4641130f35b4f0bcc09e56f",
            "messageTitle": "Comment out redundant test cases",
            "messageBody": "",
            "insertions": 5,
            "deletions": 4
          },
          {
            "hash": "47cb0eecc9ec37b27d6ca86b84341aa947a67198",
            "messageTitle": "Change Command execute method parameters",
            "messageBody": "",
            "insertions": 22,
            "deletions": 14
          },
          {
            "hash": "1ebe3a24a69c635dbb59c77d6bb51ebbe1d9359d",
            "messageTitle": "Change success message",
            "messageBody": "",
            "insertions": 1,
            "deletions": 1
          },
          {
            "hash": "887dea2abed9f3e90dabfc0a5c293daf05c08d3d",
            "messageTitle": "Change methods to non-static",
            "messageBody": "",
            "insertions": 19,
            "deletions": 23
          },
          {
            "hash": "6a059a209a1f8964a5b05e8b9303f16bb49d003e",
            "messageTitle": "Change model to profileManager",
            "messageBody": "",
            "insertions": 1,
            "deletions": 1
          },
          {
            "hash": "98c38128b031d7b15883cb38bcdedcbec4e7bcc3",
            "messageTitle": "Prevent user from adding grade to future semesters",
            "messageBody": "",
            "insertions": 8,
            "deletions": 0
          },
          {
            "hash": "727b679cd19ab3bed07d8701e8eb01897f2167e4",
            "messageTitle": "Edit for checkstyleTest violation",
            "messageBody": "",
            "insertions": 12,
            "deletions": 10
          },
          {
            "hash": "bebd3118caa86550ebc2f507a9c9e415f3e78ef6",
            "messageTitle": "Add Cap class",
            "messageBody": "",
            "insertions": 123,
            "deletions": 0
          },
          {
            "hash": "91e84a2231e9be823221928e863f111e2680078d",
            "messageTitle": "Updates Cap on each command",
            "messageBody": "",
            "insertions": 69,
            "deletions": 17
          }
        ]
      }
    ]
  },
  "authorFinalContributionMap": {
    "chanckben": 2424,
    "jadetayy": 2605,
    "joycelynteo": 870,
    "wanxuanong": 334,
    "gyant6": 1421
  },
  "authorFileTypeContributionMap": {
    "chanckben": {
      "java": 2423,
      "md": 0,
      "fxml": 1,
      "sh": 0,
      "bat": 0,
      "gradle": 0,
      "txt": 0
    },
    "jadetayy": {
      "java": 2171,
      "md": 0,
      "fxml": 434,
      "sh": 0,
      "bat": 0,
      "gradle": 0,
      "txt": 0
    },
    "joycelynteo": {
      "java": 870,
      "md": 0,
      "fxml": 0,
      "sh": 0,
      "bat": 0,
      "gradle": 0,
      "txt": 0
    },
    "wanxuanong": {
      "java": 334,
      "md": 0,
      "fxml": 0,
      "sh": 0,
      "bat": 0,
      "gradle": 0,
      "txt": 0
    },
    "gyant6": {
      "java": 1421,
      "md": 0,
      "fxml": 0,
      "sh": 0,
      "bat": 0,
      "gradle": 0,
      "txt": 0
    }
  },
  "authorContributionVariance": {
    "chanckben": 126627.83,
    "jadetayy": 113843.6,
    "joycelynteo": 84098.06,
    "wanxuanong": 1932.6659,
    "gyant6": 24727.363
  },
  "authorDisplayNameMap": {
    "chanckben": "CS2103T-W13-3 CHAN..KONG",
    "jadetayy": "CS2103T-W13-3 TAY ..JADE",
    "joycelynteo": "CS2103T-W13-3 TEO ..ELYN",
    "wanxuanong": "CS2103T-W13-3 ONG ..XUAN",
    "gyant6": "CS2103T-W13-3 TANG.. YAN"
  }
}
