{
  "authorDailyContributionsMap": {
    "chanckben": [
      {
        "insertions": 1,
        "deletions": 0,
        "date": "2020-02-29",
        "commitResults": [
          {
            "hash": "4e63136c93006c73d2d48a3af5bd10fca23ee5f6",
            "messageTitle": "Added newline",
            "messageBody": "",
            "insertions": 1,
            "deletions": 0
          }
        ]
      },
      {
        "insertions": 60,
        "deletions": 1591,
        "date": "2020-03-01",
        "commitResults": [
          {
            "hash": "d0cae5131cf3e5b89d425a8ba6b0ec1967b3debe",
            "messageTitle": "Remove phone, address, email and tag fields from Person",
            "messageBody": "",
            "insertions": 60,
            "deletions": 1591
          }
        ]
      },
      {
        "insertions": 919,
        "deletions": 485,
        "date": "2020-03-10",
        "commitResults": [
          {
            "hash": "fb71b532e3bb5ebe112df268177fbbe738f9fe62",
            "messageTitle": "Add module parsing and manager classes with the json file",
            "messageBody": "",
            "insertions": 366,
            "deletions": 55
          },
          {
            "hash": "2a800fd323708e0037a7c49037e3e3890954aa49",
            "messageTitle": "Fix checkstyle issues",
            "messageBody": "",
            "insertions": 300,
            "deletions": 300
          },
          {
            "hash": "40b94abb466345d2d66ac0064ef4e610cd0396f9",
            "messageTitle": "Create Personal extension of Module",
            "messageBody": "",
            "insertions": 130,
            "deletions": 7
          },
          {
            "hash": "e8cb5f323e5733856b4e2812297d204d3408a97f",
            "messageTitle": "Fix checkstyle issues",
            "messageBody": "",
            "insertions": 123,
            "deletions": 123
          }
        ]
      },
      {
        "insertions": 396,
        "deletions": 125,
        "date": "2020-03-13",
        "commitResults": [
          {
            "hash": "ca7c1b1aece42919a44b6458ac0fa45e0744a304",
            "messageTitle": "Add storage for Profile and parser for its json file",
            "messageBody": "",
            "insertions": 327,
            "deletions": 7
          },
          {
            "hash": "46592f8cb0c8f8e303f2c6418b2fcf87ac059f1d",
            "messageTitle": "Add ability to parse deadlines from json",
            "messageBody": "",
            "insertions": 69,
            "deletions": 118
          }
        ]
      },
      {
        "insertions": 373,
        "deletions": 75,
        "date": "2020-03-14",
        "commitResults": [
          {
            "hash": "fce7807841c2e7862eb755974170b3fdf8a599bf",
            "messageTitle": "Add ProfileList",
            "messageBody": "",
            "insertions": 44,
            "deletions": 4
          },
          {
            "hash": "f93f2e5071d867f2f99867b6f50e0136b495f5c0",
            "messageTitle": "Add ProfileManager",
            "messageBody": "",
            "insertions": 28,
            "deletions": 0
          },
          {
            "hash": "f24bfdb3fde649a52f9d7c4880f322a5ffc0346d",
            "messageTitle": "Add ability to read from userProfiles.json and save to json file",
            "messageBody": "",
            "insertions": 301,
            "deletions": 71
          }
        ]
      },
      {
        "insertions": 385,
        "deletions": 728,
        "date": "2020-03-15",
        "commitResults": [
          {
            "hash": "2fa2422b5e9d58ca04db074bbf5c0919b820f1eb",
            "messageTitle": "Link the backend code together and store modules in the json file given user input",
            "messageBody": "",
            "insertions": 385,
            "deletions": 728
          }
        ]
      },
      {
        "insertions": 8,
        "deletions": 4,
        "date": "2020-03-18",
        "commitResults": [
          {
            "hash": "dd1f0fae4605c1e48ac655737a8969489221a19b",
            "messageTitle": "Fix bug of reading from wrong json file",
            "messageBody": "",
            "insertions": 8,
            "deletions": 4
          }
        ]
      },
      {
        "insertions": 115,
        "deletions": 104,
        "date": "2020-03-21",
        "commitResults": [
          {
            "hash": "de64bdc32d5bba98fcd5e7818c49d82ae603d8a2",
            "messageTitle": "Fix bug: Adding duplicate module changes status of existing module to PLANNING",
            "messageBody": "",
            "insertions": 4,
            "deletions": 4
          },
          {
            "hash": "ae32f5eb6187bd12a0a632bb54761dc34d1d4239",
            "messageTitle": "Move code from AddCommandParser to AddCommand",
            "messageBody": "",
            "insertions": 111,
            "deletions": 100
          }
        ]
      },
      {
        "insertions": 266,
        "deletions": 50,
        "date": "2020-03-22",
        "commitResults": [
          {
            "hash": "bf488adfef7265e450439dabd0ec50be3d87dbce",
            "messageTitle": "Add delete profile and delete module feature",
            "messageBody": "",
            "insertions": 226,
            "deletions": 24
          },
          {
            "hash": "36f29e6b6e7198e8e8ffdb142ee0bbbd9b75395b",
            "messageTitle": "Fix issue: MESSAGE_SUCCESS must match pattern",
            "messageBody": "",
            "insertions": 7,
            "deletions": 5
          },
          {
            "hash": "1e047b29e6e37558e2196d17f4d9c3de7d8f17d1",
            "messageTitle": "Fix checkstyle errors",
            "messageBody": "",
            "insertions": 33,
            "deletions": 17
          },
          {
            "hash": "0925929e4cbeab650f60ab9fe5c83256f325078b",
            "messageTitle": "Fix checkstyle errors",
            "messageBody": "",
            "insertions": 0,
            "deletions": 4
          }
        ]
      },
      {
        "insertions": 24,
        "deletions": 34,
        "date": "2020-03-23",
        "commitResults": [
          {
            "hash": "9a8ca4e265ce343898733089189773a887a38931",
            "messageTitle": "Modify delete command to allow deletion of profile, module and task",
            "messageBody": "",
            "insertions": 24,
            "deletions": 34
          }
        ]
      }
    ],
    "jadetayy": [
      {
        "insertions": 2,
        "deletions": 2,
        "date": "2020-03-02",
        "commitResults": [
          {
            "hash": "b011593b05e624511fa139d6bcdf4c11f384ad18",
            "messageTitle": "Added Netlify, updated app name to \u0027MODdy\u0027",
            "messageBody": "",
            "insertions": 2,
            "deletions": 2
          }
        ]
      },
      {
        "insertions": 182,
        "deletions": 99,
        "date": "2020-03-09",
        "commitResults": [
          {
            "hash": "bd5d864da19324992e53e972bd00e877aa6f110d",
            "messageTitle": "Added deadline VBox (no StackPane yet), did some adjustment to window width",
            "messageBody": "",
            "insertions": 18,
            "deletions": 0
          },
          {
            "hash": "892dd2a5e8cfbd378269808db10a4c94f61500cc",
            "messageTitle": "Added deadline VBox (no StackPane yet), did some adjustment to window width",
            "messageBody": "",
            "insertions": 91,
            "deletions": 44
          },
          {
            "hash": "43336a11961145c780a13caf645460ef7ed0395c",
            "messageTitle": "Updated GUI",
            "messageBody": "",
            "insertions": 73,
            "deletions": 55
          }
        ]
      },
      {
        "insertions": 3,
        "deletions": 5,
        "date": "2020-03-10",
        "commitResults": [
          {
            "hash": "01add313d81139ae49bdd9403951b8e5bc30aa0e",
            "messageTitle": "Fixed checkstyle",
            "messageBody": "",
            "insertions": 3,
            "deletions": 5
          }
        ]
      },
      {
        "insertions": 614,
        "deletions": 868,
        "date": "2020-03-11",
        "commitResults": [
          {
            "hash": "108953550da77e003b739248ec731526d03d5297",
            "messageTitle": "Fixed merge conflicts",
            "messageBody": "",
            "insertions": 603,
            "deletions": 525
          },
          {
            "hash": "b154207d395e532b96b554b1c930e87c0cc047bf",
            "messageTitle": "Fixed minor merge conflicts",
            "messageBody": "",
            "insertions": 1,
            "deletions": 8
          },
          {
            "hash": "1fc626dcd7551d25fef9f687a63982d6ec0ed27b",
            "messageTitle": "Fixed checkstyle",
            "messageBody": "",
            "insertions": 9,
            "deletions": 9
          },
          {
            "hash": "ad22e0c3af4ed78c71be6d441674ca6696018682",
            "messageTitle": "Minor changes",
            "messageBody": "",
            "insertions": 1,
            "deletions": 81
          },
          {
            "hash": "95338a7cd7e5e2d42a2a09ac5b4510de7e041851",
            "messageTitle": "Deleted edit tests",
            "messageBody": "",
            "insertions": 0,
            "deletions": 245
          }
        ]
      },
      {
        "insertions": 24,
        "deletions": 31,
        "date": "2020-03-13",
        "commitResults": [
          {
            "hash": "d2e1a8c5e4859dce691387d1c5efc664fb5cc775",
            "messageTitle": "Enabled dynamic resizing of the windows",
            "messageBody": "",
            "insertions": 5,
            "deletions": 4
          },
          {
            "hash": "ed3f2097d601bd8c10512016ea111898b9d630b4",
            "messageTitle": "Refactor PersonList to DeadlineList",
            "messageBody": "",
            "insertions": 19,
            "deletions": 27
          }
        ]
      },
      {
        "insertions": 254,
        "deletions": 55,
        "date": "2020-03-18",
        "commitResults": [
          {
            "hash": "6734bd41aec26c0d52ac0e428c2761e692bf6e34",
            "messageTitle": "Added Profile Card and Profile panel",
            "messageBody": "",
            "insertions": 47,
            "deletions": 33
          },
          {
            "hash": "39794fc6568109042ac811d8d6e61e4907a0bcaf",
            "messageTitle": "Added Welcome screen",
            "messageBody": "",
            "insertions": 200,
            "deletions": 13
          },
          {
            "hash": "21f049c1947cf8b23ea5972464b8e3f05db51238",
            "messageTitle": "Fixed checkstyle",
            "messageBody": "",
            "insertions": 5,
            "deletions": 8
          },
          {
            "hash": "81090533fccfbedeb2ab65a1a7d5efe4c597c7cc",
            "messageTitle": "Fixed Travis",
            "messageBody": "",
            "insertions": 1,
            "deletions": 1
          },
          {
            "hash": "96a10968cb5f378bc347378e2e5c22924069b417",
            "messageTitle": "Minor changes",
            "messageBody": "",
            "insertions": 1,
            "deletions": 0
          }
        ]
      }
    ],
    "joycelynteo": [
      {
        "insertions": 718,
        "deletions": 1267,
        "date": "2020-03-10",
        "commitResults": [
          {
            "hash": "625122d81090eacf3c8a4e6c5f90e0c82e64ac22",
            "messageTitle": "Parse Addcommand and NewCommand",
            "messageBody": "",
            "insertions": 249,
            "deletions": 519
          },
          {
            "hash": "cf6349fe75bb67723e43612b7e55f8c5991ec5aa",
            "messageTitle": "checkstyle",
            "messageBody": "",
            "insertions": 37,
            "deletions": 15
          },
          {
            "hash": "c8399cdf491579cfded63f38d0bd25c23672e830",
            "messageTitle": "test cases",
            "messageBody": "",
            "insertions": 35,
            "deletions": 395
          },
          {
            "hash": "33d7acf2ee525badd48265c741bd9bf3e117075d",
            "messageTitle": "checkstyle test",
            "messageBody": "",
            "insertions": 30,
            "deletions": 11
          },
          {
            "hash": "dc3867c69a6d5946cbd9b4907212e86f7da6ee2a",
            "messageTitle": "minor changes",
            "messageBody": "",
            "insertions": 3,
            "deletions": 20
          },
          {
            "hash": "3aeabb4f647e969e1fe86b8c05d8bbacd11f18c7",
            "messageTitle": "linked grade and status fields to objects",
            "messageBody": "",
            "insertions": 67,
            "deletions": 23
          },
          {
            "hash": "94618c27252daeb4ad0cf9715a1cea45692aabcc",
            "messageTitle": "change person to profile",
            "messageBody": "",
            "insertions": 270,
            "deletions": 270
          },
          {
            "hash": "80d94758d26775f110994f114dde1da12bd31dca",
            "messageTitle": "checkstyle",
            "messageBody": "",
            "insertions": 27,
            "deletions": 14
          }
        ]
      },
      {
        "insertions": 22,
        "deletions": 12,
        "date": "2020-03-11",
        "commitResults": [
          {
            "hash": "8b9955c0939ba97322b4de91fe8b4190eb4f116b",
            "messageTitle": "minor changes",
            "messageBody": "",
            "insertions": 22,
            "deletions": 12
          }
        ]
      },
      {
        "insertions": 58,
        "deletions": 11,
        "date": "2020-03-12",
        "commitResults": [
          {
            "hash": "6f84a8b71e6e626a2914e31baf256d1f3f96b19b",
            "messageTitle": "Add hashmap attribute in profile",
            "messageBody": "",
            "insertions": 58,
            "deletions": 11
          }
        ]
      },
      {
        "insertions": 171,
        "deletions": 54,
        "date": "2020-03-17",
        "commitResults": [
          {
            "hash": "ab2897a13aead31cd24bbffe113eeef8ea1e9562",
            "messageTitle": "support add deadline",
            "messageBody": "",
            "insertions": 171,
            "deletions": 54
          }
        ]
      }
    ],
    "wanxuanong": [
      {
        "insertions": 7,
        "deletions": 2,
        "date": "2020-02-24",
        "commitResults": [
          {
            "hash": "b47801f2c8a05833e38c59251cb097ce8a776125",
            "messageTitle": "Tutorial 1 - Tracing a Command Execution Path",
            "messageBody": "",
            "insertions": 7,
            "deletions": 2
          }
        ]
      },
      {
        "insertions": 130,
        "deletions": 18,
        "date": "2020-03-09",
        "commitResults": [
          {
            "hash": "7699cfdd85229129a2b7b51fb2ac6817a42c20df",
            "messageTitle": "Added Task class. Made minor changes to DG.",
            "messageBody": "",
            "insertions": 43,
            "deletions": 0
          },
          {
            "hash": "9f0109d7cdbd4d9d90a86e3ffca4de41a49f0238",
            "messageTitle": "Minor changes for travis checkstyle",
            "messageBody": "",
            "insertions": 13,
            "deletions": 2
          },
          {
            "hash": "5509b81a3bf4b84bbd27750f48c63e6efac6e074",
            "messageTitle": "Added TaskList as attribute of Module.",
            "messageBody": "",
            "insertions": 55,
            "deletions": 2
          },
          {
            "hash": "9125b25adbdcff3fd079adf7dbfc58c2274672ce",
            "messageTitle": "[Checkstyle] Added accessor method for list.",
            "messageBody": "",
            "insertions": 5,
            "deletions": 1
          },
          {
            "hash": "305e38b2b3f48195d87207a46c42dad4c539c793",
            "messageTitle": "Packaged classes into /module",
            "messageBody": "",
            "insertions": 5,
            "deletions": 5
          },
          {
            "hash": "586abed44961669793c270c101f6835f7552d89e",
            "messageTitle": "[Checkstyle] Custom Import Order",
            "messageBody": "",
            "insertions": 3,
            "deletions": 2
          },
          {
            "hash": "78a4ad4f2bab35a7b1e604a1f8ddc8d4effb2741",
            "messageTitle": "Checkstyle",
            "messageBody": "",
            "insertions": 3,
            "deletions": 2
          },
          {
            "hash": "f7dda0772435d19a02eb9650723a8e6333e04d93",
            "messageTitle": "Import order",
            "messageBody": "",
            "insertions": 3,
            "deletions": 4
          }
        ]
      },
      {
        "insertions": 18,
        "deletions": 26,
        "date": "2020-03-12",
        "commitResults": [
          {
            "hash": "765869f69e88fc7b68096a171a69848ac7d062ef",
            "messageTitle": "Changed all Task related to Deadlines.",
            "messageBody": "",
            "insertions": 16,
            "deletions": 24
          },
          {
            "hash": "fc5ee9d730afe8b2e07eb2313c4231fdbf63c9e8",
            "messageTitle": "Updated Personal class",
            "messageBody": "",
            "insertions": 2,
            "deletions": 2
          }
        ]
      },
      {
        "insertions": 151,
        "deletions": 49,
        "date": "2020-03-16",
        "commitResults": [
          {
            "hash": "70f99091eae08c19dcd967a9fac8ae1d1883e0be",
            "messageTitle": "showCommand and showCommandParser for semester",
            "messageBody": "",
            "insertions": 112,
            "deletions": 1
          },
          {
            "hash": "addce1115ef2e14906451f4f2e06ca2ac52d7954",
            "messageTitle": "Show command to output on GUI",
            "messageBody": "",
            "insertions": 11,
            "deletions": 26
          },
          {
            "hash": "1668a5055441f7136ffb78e1d4c528a205caf156",
            "messageTitle": "checkstyle",
            "messageBody": "",
            "insertions": 18,
            "deletions": 4
          },
          {
            "hash": "610b36df4bc1778e89c1d968b5d31e4c8f2aefcc",
            "messageTitle": "checkstyle",
            "messageBody": "",
            "insertions": 9,
            "deletions": 6
          },
          {
            "hash": "e2740c5c7e091141b5bf35ad8ae9161ac51bdf14",
            "messageTitle": "white space",
            "messageBody": "",
            "insertions": 1,
            "deletions": 12
          }
        ]
      },
      {
        "insertions": 123,
        "deletions": 22,
        "date": "2020-03-21",
        "commitResults": [
          {
            "hash": "deb996f3aee732b638aee2d09c98d6b66e5ec48e",
            "messageTitle": "Added Information Systems into courses.json",
            "messageBody": "",
            "insertions": 1,
            "deletions": 1
          },
          {
            "hash": "17f1c01b1145bf1cf0b4d4160d3446fcc1d8e248",
            "messageTitle": "Implemented CourseRequirement as an object and as json",
            "messageBody": "",
            "insertions": 102,
            "deletions": 1
          },
          {
            "hash": "f0ae4a8251082532ecf8023b922cbdc8a037b360",
            "messageTitle": "Changed all focusArea to requirement",
            "messageBody": "",
            "insertions": 14,
            "deletions": 16
          },
          {
            "hash": "e0865dc92086f89e19109743628bc1f36bdf47df",
            "messageTitle": "fixed checkstyle",
            "messageBody": "",
            "insertions": 5,
            "deletions": 3
          },
          {
            "hash": "d7f0f791785ff3b533c7cbbb949ba54629bdcc10",
            "messageTitle": "checkstyle",
            "messageBody": "",
            "insertions": 1,
            "deletions": 1
          }
        ]
      },
      {
        "insertions": 73,
        "deletions": 73,
        "date": "2020-03-23",
        "commitResults": [
          {
            "hash": "a0b4efc28702aba8e1cdcfb45b61dd0dc69e2af8",
            "messageTitle": "Implement show module command.",
            "messageBody": "",
            "insertions": 73,
            "deletions": 73
          }
        ]
      }
    ],
    "gyant6": [
      {
        "insertions": 2,
        "deletions": 1,
        "date": "2020-02-29",
        "commitResults": [
          {
            "hash": "b777cbb4a32ca71c122d337d80f93bbd5e009d29",
            "messageTitle": "newline",
            "messageBody": "",
            "insertions": 1,
            "deletions": 0
          },
          {
            "hash": "49b1ba909cdc81420ed023d52046c979d010d0f6",
            "messageTitle": "Print",
            "messageBody": "",
            "insertions": 1,
            "deletions": 1
          }
        ]
      },
      {
        "insertions": 89,
        "deletions": 69,
        "date": "2020-03-05",
        "commitResults": [
          {
            "hash": "7fe007bf304278442d6eb3ff0b2523cfcd8810a2",
            "messageTitle": "Refactor person package to profile",
            "messageBody": "",
            "insertions": 14,
            "deletions": 14
          },
          {
            "hash": "f037170a7c5e951c4f66e608768bf7eb4f813d06",
            "messageTitle": "Refactor person package to profile",
            "messageBody": "",
            "insertions": 51,
            "deletions": 51
          },
          {
            "hash": "8e61b55470e6fcf019373727ba3819b91f7fae2c",
            "messageTitle": "Add Course class",
            "messageBody": "",
            "insertions": 4,
            "deletions": 0
          },
          {
            "hash": "0675bea6421f5615cc7e729364dbf2a93c581d53",
            "messageTitle": "Add Deadlines class",
            "messageBody": "",
            "insertions": 4,
            "deletions": 0
          },
          {
            "hash": "c24aaf410981bd9e98daeb0f2d9af31e9d0ece90",
            "messageTitle": "Add Year class",
            "messageBody": "",
            "insertions": 4,
            "deletions": 0
          },
          {
            "hash": "04c1cc674f79c3f5b90045572dfc51d3b847872a",
            "messageTitle": "Shift course class into course package",
            "messageBody": "",
            "insertions": 4,
            "deletions": 4
          },
          {
            "hash": "81e9420cf5b1bd52dcf010c8644967920595df32",
            "messageTitle": "Add ModuleSet class",
            "messageBody": "",
            "insertions": 4,
            "deletions": 0
          },
          {
            "hash": "7580f3133a1492f35ca483f06fefd055732b8212",
            "messageTitle": "Add Module class",
            "messageBody": "",
            "insertions": 4,
            "deletions": 0
          }
        ]
      },
      {
        "insertions": 440,
        "deletions": 10,
        "date": "2020-03-06",
        "commitResults": [
          {
            "hash": "c631e12c9d6203162bde8cb8be7c343edca54eb9",
            "messageTitle": "Add ModuleCode class",
            "messageBody": "",
            "insertions": 38,
            "deletions": 0
          },
          {
            "hash": "7623377dffcdbf6868624bbdfdb95f59f284c75a",
            "messageTitle": "Add Title class",
            "messageBody": "",
            "insertions": 38,
            "deletions": 0
          },
          {
            "hash": "966956805e6fa3409f77f3fedfe88bda647e520d",
            "messageTitle": "Add PrereqList class",
            "messageBody": "",
            "insertions": 56,
            "deletions": 0
          },
          {
            "hash": "19f38ddb85ea7078a21a2afe8114d8b8550dcfea",
            "messageTitle": "Add ModularCredits class",
            "messageBody": "",
            "insertions": 38,
            "deletions": 0
          },
          {
            "hash": "31df0b7ba5c7db3c102e522d68a2b93dde665ea3",
            "messageTitle": "Update class description",
            "messageBody": "",
            "insertions": 1,
            "deletions": 1
          },
          {
            "hash": "206b82a065d80abc1ddc6b243e6ff4436be17e7c",
            "messageTitle": "Add Description class",
            "messageBody": "",
            "insertions": 38,
            "deletions": 0
          },
          {
            "hash": "320bc19a822416793aad2a7b7dc53f17659d9715",
            "messageTitle": "Add AcadYear class",
            "messageBody": "",
            "insertions": 38,
            "deletions": 0
          },
          {
            "hash": "cfa92f5d4e9cf5d3375266c3530ed9daac00dbeb",
            "messageTitle": "Add SemesterData class",
            "messageBody": "",
            "insertions": 38,
            "deletions": 0
          },
          {
            "hash": "e552a09a8a85cacb0dff877ae5dc66dd26211e78",
            "messageTitle": "Add Module class",
            "messageBody": "",
            "insertions": 75,
            "deletions": 0
          },
          {
            "hash": "d5fcfa0e46a93e337f5638e4f0b3cef78e728fb5",
            "messageTitle": "Add Javadoc comment",
            "messageBody": "",
            "insertions": 23,
            "deletions": 0
          },
          {
            "hash": "d94f377dab60f57a1ddf96c9c341353d82cc42ea",
            "messageTitle": "Implement ModuleSet",
            "messageBody": "",
            "insertions": 40,
            "deletions": 1
          },
          {
            "hash": "0f4ad298bc20cec64a946d847e0eff78d520eb82",
            "messageTitle": "toString() method only returns code and title instead of all attributes",
            "messageBody": "",
            "insertions": 4,
            "deletions": 0
          },
          {
            "hash": "c832d12579eb3e5574c33b275ba06617f29fda58",
            "messageTitle": "Implement equals() method",
            "messageBody": "",
            "insertions": 7,
            "deletions": 1
          },
          {
            "hash": "aa607e43a8791195971463a81775a4db5d83d627",
            "messageTitle": "Remove Module import, set attribute to private final",
            "messageBody": "",
            "insertions": 1,
            "deletions": 2
          },
          {
            "hash": "5d5b1fba2fba66e0f63e2b642746988e10c8d762",
            "messageTitle": "Fixed indentation level",
            "messageBody": "",
            "insertions": 3,
            "deletions": 3
          },
          {
            "hash": "a8b31a37937c1a6c8a05658ece6d3ee1870e6fa7",
            "messageTitle": "Edit Javadoc comment",
            "messageBody": "",
            "insertions": 1,
            "deletions": 1
          },
          {
            "hash": "510017eb4d861956a6cafb873e0c45064d5039a2",
            "messageTitle": "Edit comment",
            "messageBody": "",
            "insertions": 1,
            "deletions": 1
          }
        ]
      },
      {
        "insertions": 485,
        "deletions": 78,
        "date": "2020-03-16",
        "commitResults": [
          {
            "hash": "d2c861c62e337e7bb71716bc0ffa9c32389c9deb",
            "messageTitle": "Add JsonSerializableCourseList",
            "messageBody": "",
            "insertions": 40,
            "deletions": 0
          },
          {
            "hash": "65981f2a9bfe080bbc3b9fb8df6fc0f785242bd4",
            "messageTitle": "Add JsonCourseListStorage",
            "messageBody": "",
            "insertions": 54,
            "deletions": 0
          },
          {
            "hash": "18a4f1cbc4774fd06a55b1ccf066e3d2a7da34d0",
            "messageTitle": "Add JsonCourseFocusArea",
            "messageBody": "",
            "insertions": 60,
            "deletions": 0
          },
          {
            "hash": "88379492e625ee8c50a16c31922b85e5f01aebde",
            "messageTitle": "Add JsonCourse",
            "messageBody": "",
            "insertions": 55,
            "deletions": 0
          },
          {
            "hash": "402cec55c2f4f14a5c1d217946cbf6b3b0083b97",
            "messageTitle": "Add CourseName",
            "messageBody": "",
            "insertions": 38,
            "deletions": 0
          },
          {
            "hash": "394f0461c6c26fc0efa44c9372c7858290aad290",
            "messageTitle": "Add CourseFocusArea",
            "messageBody": "",
            "insertions": 30,
            "deletions": 0
          },
          {
            "hash": "f20b8f1d3ab461f1a0bed285ba19dca58bdb6a1c",
            "messageTitle": "Add CourseManager",
            "messageBody": "",
            "insertions": 26,
            "deletions": 0
          },
          {
            "hash": "c3ade4c2085fc3c808938b9b3bf29893bbcb03cf",
            "messageTitle": "Add CourseList",
            "messageBody": "",
            "insertions": 63,
            "deletions": 0
          },
          {
            "hash": "c227da02464d1d3c7299af64cdfbb579a4df09fd",
            "messageTitle": "Change Course to CourseName",
            "messageBody": "",
            "insertions": 42,
            "deletions": 41
          },
          {
            "hash": "9a09f1158b856627ff160e55f2e6b2c996b15291",
            "messageTitle": "Add course.json file path",
            "messageBody": "",
            "insertions": 1,
            "deletions": 1
          },
          {
            "hash": "96a2bcfbd0355dc1eaed5efcc9601690cd38f7ee",
            "messageTitle": "Implement Course",
            "messageBody": "",
            "insertions": 8,
            "deletions": 4
          },
          {
            "hash": "de3c0528360bb0b9b8b61157265ccd6bba5cb927",
            "messageTitle": "Initialise CourseManager on start",
            "messageBody": "",
            "insertions": 34,
            "deletions": 3
          },
          {
            "hash": "7b6354125f22bb0abcc57a2595a062767364fd2c",
            "messageTitle": "Change Course to CourseName",
            "messageBody": "",
            "insertions": 24,
            "deletions": 24
          },
          {
            "hash": "7182a83428410e93a06ab51c615c831d2ebdd8a1",
            "messageTitle": "Reduce line length to remove line length violation",
            "messageBody": "",
            "insertions": 10,
            "deletions": 5
          }
        ]
      },
      {
        "insertions": 107,
        "deletions": 56,
        "date": "2020-03-21",
        "commitResults": [
          {
            "hash": "9ddd6736613ce9a89b6e20c485d156ff5c28cc36",
            "messageTitle": "CourseManager is now a parameter of LogicManager",
            "messageBody": "",
            "insertions": 8,
            "deletions": 7
          },
          {
            "hash": "4182362aaf2f904694dce1bd76623792e9e24671",
            "messageTitle": "Remove * for import statement",
            "messageBody": "",
            "insertions": 3,
            "deletions": 1
          },
          {
            "hash": "c4401de2489cee04d944bb9bfcd6311fba85c9b4",
            "messageTitle": "New constructor to take in a course object",
            "messageBody": "",
            "insertions": 11,
            "deletions": 1
          },
          {
            "hash": "59b1d636d1134a781fa6f73558179643a3c4f271",
            "messageTitle": "Accept Course prefix",
            "messageBody": "",
            "insertions": 21,
            "deletions": 7
          },
          {
            "hash": "857f3121ebedd270ff41e4db8fa5e103fb7f0328",
            "messageTitle": "Implement hasCourse and getCourse",
            "messageBody": "",
            "insertions": 35,
            "deletions": 36
          },
          {
            "hash": "dd0519231abfb481df859de356a6026b1d14625e",
            "messageTitle": "Override toString method",
            "messageBody": "",
            "insertions": 27,
            "deletions": 4
          },
          {
            "hash": "aff1af7e69fb8bf00586ae5387379847a33d6fc4",
            "messageTitle": "Comment out unused code",
            "messageBody": "",
            "insertions": 2,
            "deletions": 0
          }
        ]
      },
      {
        "insertions": 44,
        "deletions": 24,
        "date": "2020-03-22",
        "commitResults": [
          {
            "hash": "d084d5ac278991c1b3326e829d105fc430844213",
            "messageTitle": "Change variable access",
            "messageBody": "",
            "insertions": 1,
            "deletions": 1
          },
          {
            "hash": "b1e883c9d7fafa1e9a1cad1ce8b9ef81141903bc",
            "messageTitle": "Remove unused method",
            "messageBody": "",
            "insertions": 0,
            "deletions": 4
          },
          {
            "hash": "743528982a0f68d756486bbf6ed40ba7b600c36e",
            "messageTitle": "Comment out appending focusArea to check for code violation",
            "messageBody": "",
            "insertions": 3,
            "deletions": 0
          },
          {
            "hash": "f7032018fba8147175ef0c3e16805cddb64b28cb",
            "messageTitle": "Removed empty line",
            "messageBody": "",
            "insertions": 0,
            "deletions": 1
          },
          {
            "hash": "06e30372134b4b2fdb4eba9ed57e8ec7b2bb4b1c",
            "messageTitle": "Add final keyword to message success",
            "messageBody": "",
            "insertions": 2,
            "deletions": 2
          },
          {
            "hash": "1425e12d47c48ef394c03295f3874b6f114542cc",
            "messageTitle": "Add back code that was commented out for checkstyle violations",
            "messageBody": "",
            "insertions": 3,
            "deletions": 3
          },
          {
            "hash": "361c6a5cea7e19a6665fb0a93941cc4a24639ea4",
            "messageTitle": "Make focus area list attribute final",
            "messageBody": "",
            "insertions": 1,
            "deletions": 1
          },
          {
            "hash": "4d3d470185470a5a6864fe47599c6c6f1f14b0ac",
            "messageTitle": "Change append variable",
            "messageBody": "",
            "insertions": 1,
            "deletions": 4
          },
          {
            "hash": "88815535390cef5151f05e9404ecdfb63eb3efeb",
            "messageTitle": "Edit toString to show modules",
            "messageBody": "",
            "insertions": 8,
            "deletions": 1
          },
          {
            "hash": "28c515bfd951808b40d126f1abb10f03a97bfac8",
            "messageTitle": "Change toString method to show modular credits",
            "messageBody": "",
            "insertions": 4,
            "deletions": 1
          },
          {
            "hash": "fbc3f9023a16e682eb765e022afdb861ba89c7ea",
            "messageTitle": "CourseRequirement now stores requirement information as a list",
            "messageBody": "",
            "insertions": 19,
            "deletions": 5
          },
          {
            "hash": "ab4a4f2d43abec57082e20478b77943db0752217",
            "messageTitle": "Reduce line length for checkstyle violation",
            "messageBody": "",
            "insertions": 2,
            "deletions": 1
          }
        ]
      },
      {
        "insertions": 81,
        "deletions": 37,
        "date": "2020-03-23",
        "commitResults": [
          {
            "hash": "25f19c293f013025468d959bc468291a8d006623",
            "messageTitle": "Append focus area to toString method",
            "messageBody": "",
            "insertions": 18,
            "deletions": 5
          },
          {
            "hash": "92c46a30af120a91dbb350ae1187cbcb598f1e94",
            "messageTitle": "Append area primaries and electives to toString method",
            "messageBody": "",
            "insertions": 21,
            "deletions": 9
          },
          {
            "hash": "8837fdd751d833281552358d385947e0994787ea",
            "messageTitle": "Reorder attributes",
            "messageBody": "",
            "insertions": 2,
            "deletions": 1
          },
          {
            "hash": "d337342ae2e0861c40e7da6551fd4b80e0df48f9",
            "messageTitle": "JsonCourse constructor now looks for JsonProperty \"focusAreas\"",
            "messageBody": "",
            "insertions": 17,
            "deletions": 6
          },
          {
            "hash": "40873494f0aefda76e1d8c0da778e17aba4ce52b",
            "messageTitle": "Implement JsonCourseFocusArea",
            "messageBody": "",
            "insertions": 23,
            "deletions": 16
          }
        ]
      }
    ]
  },
  "authorFinalContributionMap": {
    "chanckben": 1742,
    "jadetayy": 275,
    "joycelynteo": 542,
    "wanxuanong": 384,
    "gyant6": 941
  },
  "authorFileTypeContributionMap": {
    "chanckben": {
      "java": 1742,
      "md": 0,
      "fxml": 0,
      "sh": 0,
      "bat": 0,
      "gradle": 0,
      "txt": 0
    },
    "jadetayy": {
      "java": 181,
      "md": 0,
      "fxml": 94,
      "sh": 0,
      "bat": 0,
      "gradle": 0,
      "txt": 0
    },
    "joycelynteo": {
      "java": 542,
      "md": 0,
      "fxml": 0,
      "sh": 0,
      "bat": 0,
      "gradle": 0,
      "txt": 0
    },
    "wanxuanong": {
      "java": 384,
      "md": 0,
      "fxml": 0,
      "sh": 0,
      "bat": 0,
      "gradle": 0,
      "txt": 0
    },
    "gyant6": {
      "java": 941,
      "md": 0,
      "fxml": 0,
      "sh": 0,
      "bat": 0,
      "gradle": 0,
      "txt": 0
    }
  },
  "authorContributionVariance": {
    "chanckben": 146501.66,
    "jadetayy": 57860.36,
    "joycelynteo": 98963.83,
    "wanxuanong": 2409.8318,
    "gyant6": 13591.895
  },
  "authorDisplayNameMap": {
    "chanckben": "CS2103T-W13-3 CHAN..KONG",
    "jadetayy": "CS2103T-W13-3 TAY ..JADE",
    "joycelynteo": "CS2103T-W13-3 TEO ..ELYN",
    "wanxuanong": "CS2103T-W13-3 ONG ..XUAN",
    "gyant6": "CS2103T-W13-3 TANG.. YAN"
  }
}
