{
  "authorDailyContributionsMap": {
    "raivatshah": [
      {
        "insertions": 4878,
        "deletions": 4240,
        "date": "2020-03-17",
        "commitResults": [
          {
            "hash": "c9d5d255e4b11133064233f30f352992c8d986a5",
            "messageTitle": "add Group Class",
            "messageBody": "",
            "insertions": 70,
            "deletions": 0
          },
          {
            "hash": "e71699eca3e47553dfa5edcaaadc009ea9375f3d",
            "messageTitle": "add Hashcode to Group class",
            "messageBody": "",
            "insertions": 6,
            "deletions": 0
          },
          {
            "hash": "9f417d710bd6be0a7bae38921cc314f8e0b9dd83",
            "messageTitle": "change command word for add to add_person",
            "messageBody": "",
            "insertions": 1,
            "deletions": 1
          },
          {
            "hash": "4a849af34fbf011b1c2ef085dadfe75dc04a1ef4",
            "messageTitle": "add file: AddGroupCommand.java",
            "messageBody": "",
            "insertions": 49,
            "deletions": 0
          },
          {
            "hash": "a6726cf24d2a58cb93658810de0f03a59e00714d",
            "messageTitle": "add command to AddressBook parser",
            "messageBody": "",
            "insertions": 24,
            "deletions": 20
          },
          {
            "hash": "7d5b36c91e36251787a7e10fa3755ee7c7c4fed4",
            "messageTitle": "Add AddGroupCommandParser",
            "messageBody": "",
            "insertions": 48,
            "deletions": 0
          },
          {
            "hash": "91b85bd392e2fea59960de736dfccbae1660e129",
            "messageTitle": "Create UniqueGroupList",
            "messageBody": "",
            "insertions": 46,
            "deletions": 1
          },
          {
            "hash": "c6bcc45f4f2f80cb86c7a16d530d006c0aed120c",
            "messageTitle": "fix bugs so that add_group command works",
            "messageBody": "",
            "insertions": 21,
            "deletions": 1
          },
          {
            "hash": "4d406824079ab3e1fc341a2ccba2d555c441cc8e",
            "messageTitle": "add print method to group class",
            "messageBody": "",
            "insertions": 20,
            "deletions": 0
          },
          {
            "hash": "9a1dca425cbd46d67a8fc9180cac2ebfb5590fb4",
            "messageTitle": "fix all checkstyle issues",
            "messageBody": "",
            "insertions": 4593,
            "deletions": 4217
          }
        ]
      },
      {
        "insertions": 3571,
        "deletions": 3432,
        "date": "2020-03-18",
        "commitResults": [
          {
            "hash": "b37cfe3c7850be59f6d1ed5872f65ca07481a480",
            "messageTitle": "fix checkstyle issues",
            "messageBody": "",
            "insertions": 3,
            "deletions": 3
          },
          {
            "hash": "cb3904960a112661ffd31b7dbb79c7e226dac279",
            "messageTitle": "fix addCommandTest",
            "messageBody": "",
            "insertions": 11,
            "deletions": 1
          },
          {
            "hash": "812e21ad6aa2f6cecfdfb740bb4f630de77ad53c",
            "messageTitle": "fix checkstyle issues in /test",
            "messageBody": "",
            "insertions": 3557,
            "deletions": 3428
          }
        ]
      }
    ],
    "terencemah": [
      {
        "insertions": 447,
        "deletions": 84,
        "date": "2020-03-17",
        "commitResults": [
          {
            "hash": "bd8936cffbdaa45c5a39db2982efd2974789cf1f",
            "messageTitle": "Add View Command (incomplete)",
            "messageBody": "",
            "insertions": 192,
            "deletions": 0
          },
          {
            "hash": "daa612f90ea16f676895d44e8a17f2cd1898361c",
            "messageTitle": "Add View Command functionality",
            "messageBody": "",
            "insertions": 242,
            "deletions": 80
          },
          {
            "hash": "6fb0031f500aa088a6e4f6275ba907346f4e2a80",
            "messageTitle": "Fix issue with FrequencyListPanel controller",
            "messageBody": "",
            "insertions": 1,
            "deletions": 2
          },
          {
            "hash": "a1a026079020e200d673a6a8747f518baa9a68b7",
            "messageTitle": "Fix some Checkstyle issues",
            "messageBody": "",
            "insertions": 12,
            "deletions": 2
          }
        ]
      },
      {
        "insertions": 43,
        "deletions": 3,
        "date": "2020-03-18",
        "commitResults": [
          {
            "hash": "9846eb5c655c501a2b8bd22a2150e487c2573872",
            "messageTitle": "Fix Checkstyle issues",
            "messageBody": "",
            "insertions": 43,
            "deletions": 3
          }
        ]
      }
    ],
    "harrychengly": [
      {
        "insertions": 2,
        "deletions": 2,
        "date": "2020-02-18",
        "commitResults": [
          {
            "hash": "0860a502a1060bf19c0bd221ec5bfab070fa4102",
            "messageTitle": "testing Travis CI",
            "messageBody": "",
            "insertions": 1,
            "deletions": 1
          },
          {
            "hash": "a7a3a0b5b46cf4d4e72f8d5ff186817f8a9bbc69",
            "messageTitle": "testing Travis CI 2",
            "messageBody": "",
            "insertions": 1,
            "deletions": 1
          }
        ]
      },
      {
        "insertions": 2,
        "deletions": 2,
        "date": "2020-03-03",
        "commitResults": [
          {
            "hash": "573321fa132211665fd4409e6bfe94aef69de946",
            "messageTitle": "Updated readme, about us, contact us page (#9)",
            "messageBody": "* Updated readme, about us, contact us page\r\n\r\n* fixed checkstyle",
            "insertions": 2,
            "deletions": 2
          }
        ]
      },
      {
        "insertions": 366,
        "deletions": 30,
        "date": "2020-03-16",
        "commitResults": [
          {
            "hash": "0b47d8dd04e62962423a9fc2bbdcfa85ead8c419",
            "messageTitle": "import csv feature",
            "messageBody": "",
            "insertions": 259,
            "deletions": 8
          },
          {
            "hash": "9cf94204af1052bac434f058ca4d82311129ac96",
            "messageTitle": "pass checkstyleTest",
            "messageBody": "",
            "insertions": 11,
            "deletions": 0
          },
          {
            "hash": "2d111fedc756db7d8396abdc1f25b81cb2cfd9b1",
            "messageTitle": "Fixed jackson data-formmat-csv version error",
            "messageBody": "",
            "insertions": 4,
            "deletions": 4
          },
          {
            "hash": "535632004ab2e62fd2cfe52253087788829b77a5",
            "messageTitle": "improving coveralls",
            "messageBody": "",
            "insertions": 39,
            "deletions": 1
          },
          {
            "hash": "c6be4b1ba1958a0fc7ece4790852d098f82be737",
            "messageTitle": "passed checkstyleTest",
            "messageBody": "",
            "insertions": 14,
            "deletions": 14
          },
          {
            "hash": "fea63fa7d7b9bd037919274c35b9cbd7467a0bad",
            "messageTitle": "added test cases",
            "messageBody": "",
            "insertions": 39,
            "deletions": 2
          },
          {
            "hash": "aac8ddbbb125842e32f96712792b11d8dc7601ab",
            "messageTitle": "fixed checkstyle",
            "messageBody": "",
            "insertions": 0,
            "deletions": 1
          }
        ]
      },
      {
        "insertions": 215,
        "deletions": 16,
        "date": "2020-03-17",
        "commitResults": [
          {
            "hash": "9e21dd66948983baebc7036518d27299a3024d7e",
            "messageTitle": "added new test cases",
            "messageBody": "",
            "insertions": 53,
            "deletions": 0
          },
          {
            "hash": "1be215cb29e230dae136804d9612a90f434785ed",
            "messageTitle": "export command",
            "messageBody": "",
            "insertions": 156,
            "deletions": 10
          },
          {
            "hash": "bcfe8ed8c216b5ab792bfa60719052643effcc69",
            "messageTitle": "fixed checkstyle",
            "messageBody": "",
            "insertions": 6,
            "deletions": 6
          }
        ]
      }
    ],
    "l2ejected": [
      {
        "insertions": 93,
        "deletions": 0,
        "date": "2020-03-10",
        "commitResults": [
          {
            "hash": "481ce0c48b294d2d0f72d8c568632b634e344e63",
            "messageTitle": "interim event class added to seedu.address.model",
            "messageBody": "",
            "insertions": 93,
            "deletions": 0
          }
        ]
      },
      {
        "insertions": 305,
        "deletions": 162,
        "date": "2020-03-17",
        "commitResults": [
          {
            "hash": "f7c9c54a8eecd558de47883d1e0f8b4dad68ae4c",
            "messageTitle": "init random command",
            "messageBody": "",
            "insertions": 4,
            "deletions": 0
          },
          {
            "hash": "50fd7d7651d2926160bce4ebabfdd507d6d38f8a",
            "messageTitle": "init random command",
            "messageBody": "",
            "insertions": 37,
            "deletions": 3
          },
          {
            "hash": "0c5752b6ac3cbebc51c3e592a4e916e8a1d697a3",
            "messageTitle": "time functionality added",
            "messageBody": "",
            "insertions": 264,
            "deletions": 159
          }
        ]
      },
      {
        "insertions": 8,
        "deletions": 16,
        "date": "2020-03-18",
        "commitResults": [
          {
            "hash": "b9de1735e2bde1c517a14bfa290d6b2410a5d8a6",
            "messageTitle": "fixed errors causing Travis to fail",
            "messageBody": "",
            "insertions": 7,
            "deletions": 15
          },
          {
            "hash": "4006c00fec7da762ada6e57e5b3355a83409ee0f",
            "messageTitle": "removed unused import statement",
            "messageBody": "",
            "insertions": 1,
            "deletions": 1
          }
        ]
      }
    ]
  },
  "authorFinalContributionMap": {
    "raivatshah": 1432,
    "terencemah": 456,
    "harrychengly": 512,
    "l2ejected": 266
  },
  "authorFileTypeContributionMap": {
    "raivatshah": {
      "java": 1432,
      "md": 0,
      "fxml": 0,
      "sh": 0,
      "bat": 0,
      "gradle": 0,
      "txt": 0
    },
    "terencemah": {
      "java": 440,
      "md": 0,
      "fxml": 16,
      "sh": 0,
      "bat": 0,
      "gradle": 0,
      "txt": 0
    },
    "harrychengly": {
      "java": 509,
      "md": 0,
      "fxml": 0,
      "sh": 0,
      "bat": 0,
      "gradle": 3,
      "txt": 0
    },
    "l2ejected": {
      "java": 265,
      "md": 0,
      "fxml": 1,
      "sh": 0,
      "bat": 0,
      "gradle": 0,
      "txt": 0
    }
  },
  "authorContributionVariance": {
    "raivatshah": 3662829.5,
    "terencemah": 8067.206,
    "harrychengly": 5833.807,
    "l2ejected": 6390.675
  },
  "authorDisplayNameMap": {
    "raivatshah": "CS2103-W14-4 RAIV..SHAH",
    "terencemah": "CS2103-W14-4 MAH ..ENCE",
    "harrychengly": "CS2103-W14-4 CHEN.. YAW",
    "l2ejected": "CS2103-W14-4 ERNE..QUAN"
  }
}
