{
  "authorDailyContributionsMap": {
    "Exeexe93": [
      {
        "insertions": 2,
        "deletions": 2,
        "date": "2020-02-18",
        "commitResults": [
          {
            "hash": "1f3bcd9313f15fcbf1a1aa3ec005b2731a3b97c9",
            "messageTitle": "Change site-name to group name, Delino and site-githuburl to group repository (https://github.com/AY1920S2-CS2103T-W12-1/main) in build-gradle.",
            "messageBody": "Change repoURL in both UserGuide.adoc and DeveloperGuide.adoc to group repository (https://github.com/AY1920S2-CS2103T-W12-1/main)\n",
            "insertions": 2,
            "deletions": 2
          }
        ]
      },
      {
        "insertions": 432,
        "deletions": 163,
        "date": "2020-03-08",
        "commitResults": [
          {
            "hash": "c272a14be8a5303eebceb8318ae41dfa88fcd12a",
            "messageTitle": "Refactor the package seedu.address.model.person to seedu.address.model.order.",
            "messageBody": "",
            "insertions": 103,
            "deletions": 103
          },
          {
            "hash": "9098e2185714393bdd4a72a2e8e8c0d811fd23b5",
            "messageTitle": "Add comment field into the model. Add test cases for the affected parsers, commands and java files. Amend Ui so that Ui could display the comment.",
            "messageBody": "Correct errors found in checkstyle.\n",
            "insertions": 329,
            "deletions": 60
          }
        ]
      },
      {
        "insertions": 1,
        "deletions": 1,
        "date": "2020-03-09",
        "commitResults": [
          {
            "hash": "193ac71409fe36cf76a5de922f3671ff865502b2",
            "messageTitle": "Correct the spelling mistake in JavaDoc for Comment class.",
            "messageBody": "",
            "insertions": 1,
            "deletions": 1
          }
        ]
      },
      {
        "insertions": 979,
        "deletions": 654,
        "date": "2020-03-10",
        "commitResults": [
          {
            "hash": "0c925d4cebb150c8c9c7234b43deefda79423c80",
            "messageTitle": "Add TimeStamp to the model as a compulsory field for order. Changes all codes and comment with address to order except the address field and its related comment.",
            "messageBody": "",
            "insertions": 369,
            "deletions": 235
          },
          {
            "hash": "7cf42db3d0f024d63dc29c6d2832a34e7082f4d0",
            "messageTitle": "Add test cases for the new field, TimeStamp.",
            "messageBody": "",
            "insertions": 565,
            "deletions": 391
          },
          {
            "hash": "4b828c2b68379c08352425186fb7aa1e78278b4f",
            "messageTitle": "Add two more test cases for TimeStamp and change all \"Person\" words to \"Order\".",
            "messageBody": "",
            "insertions": 45,
            "deletions": 28
          }
        ]
      },
      {
        "insertions": 481,
        "deletions": 78,
        "date": "2020-03-14",
        "commitResults": [
          {
            "hash": "59aa2a9b0b7f3442e40bd398015ed6d78d3a2e46",
            "messageTitle": "Correct the bug found whereby the isValidTimeStamp unable to give false when user input \"2019-02-29 1350\" as year 2019 is not leap year.",
            "messageBody": "Add more test cases for TimeStamp.\n",
            "insertions": 31,
            "deletions": 4
          },
          {
            "hash": "03bd3376e7675411d217eb7efe53d2078881ddce",
            "messageTitle": "Update clear command, such that it will immediately clear the order book list when the user key in \"clear -f\". If user do not key in flag after the command, \"clear\", pop up will appeared to ask the user whether they want to clear the order book list.",
            "messageBody": "Add test cases for the edited clear command and its relevant java class, like ClearCommandParser.\n\nChange any \"Person\" or \"Address\" words to \"Order\".\n",
            "insertions": 391,
            "deletions": 70
          },
          {
            "hash": "0029f34dec2f54028eb2af905cb53f5f2f442c19",
            "messageTitle": "Update the flag class in LogicClassDiagram uml diagram.",
            "messageBody": "Add more test cases for clear command parser, clear command and flag.\n",
            "insertions": 57,
            "deletions": 2
          },
          {
            "hash": "abe0c59ed4be738ea97fcb1388f0d59dfcd8ec67",
            "messageTitle": "Correct the errors found in checkStyleTest.",
            "messageBody": "",
            "insertions": 2,
            "deletions": 2
          }
        ]
      },
      {
        "insertions": 63,
        "deletions": 28,
        "date": "2020-03-16",
        "commitResults": [
          {
            "hash": "0377117531fd502b7bc5fe0627e2067a5c4d7d85",
            "messageTitle": "Add more test cases for Flag.",
            "messageBody": "Change the button id to \"yesButton\" and \"noButton\" instead of \"Yes\" and \"No\"\n",
            "insertions": 17,
            "deletions": 3
          },
          {
            "hash": "00622755f708848b29e68de24a31bc04d43af53d",
            "messageTitle": "Correct the test case name to camelCase.",
            "messageBody": "",
            "insertions": 2,
            "deletions": 2
          },
          {
            "hash": "fc34de316724e79b17a5d69e6edec8b81ce95454",
            "messageTitle": "Correct the spelling mistake for the function name in commentTest and add one more test case for comment for hashCode function.",
            "messageBody": "",
            "insertions": 10,
            "deletions": 1
          },
          {
            "hash": "312036ad93e979d8ecc2a4830acbc15da8e1916c",
            "messageTitle": "Correct the errors found in checkStyle.",
            "messageBody": "",
            "insertions": 3,
            "deletions": 17
          },
          {
            "hash": "8cacfbbc3c23aa2c043b95deb6c23dcf73a5c12d",
            "messageTitle": "Add static to the logger for OrderListPanel and remove static for logic in ClearWindow",
            "messageBody": "",
            "insertions": 4,
            "deletions": 2
          },
          {
            "hash": "c33893a345035f70c200fd718aed85cc70d551a0",
            "messageTitle": "Correct the errors found in checkStyle.",
            "messageBody": "",
            "insertions": 6,
            "deletions": 3
          },
          {
            "hash": "150a59a8576294b30eaf934ca2c94e52a4e676a6",
            "messageTitle": "Add test case for CommandResult.",
            "messageBody": "",
            "insertions": 21,
            "deletions": 0
          }
        ]
      }
    ],
    "Amoscheong97": [
      {
        "insertions": 716,
        "deletions": 418,
        "date": "2020-03-14",
        "commitResults": [
          {
            "hash": "bc0d50ad7dea9bf717447af50dadab27e7b6a091",
            "messageTitle": "Insert Command Feature",
            "messageBody": "",
            "insertions": 716,
            "deletions": 418
          }
        ]
      },
      {
        "insertions": 76,
        "deletions": 73,
        "date": "2020-03-16",
        "commitResults": [
          {
            "hash": "60189eb4bf33cca8654fe792decc2c5722ff9acc",
            "messageTitle": "resolving checkstyle problem (not completed)",
            "messageBody": "",
            "insertions": 76,
            "deletions": 73
          }
        ]
      },
      {
        "insertions": 560,
        "deletions": 814,
        "date": "2020-03-18",
        "commitResults": [
          {
            "hash": "8ff914bf2bef7fa7cd7c781bfca8e079f002cc16",
            "messageTitle": "Fully completed Insert Feature",
            "messageBody": "",
            "insertions": 453,
            "deletions": 704
          },
          {
            "hash": "40e4f6a05652341af6319a3c4e8e040b57961763",
            "messageTitle": "Insert Feature (edited somethings)",
            "messageBody": "",
            "insertions": 12,
            "deletions": 11
          },
          {
            "hash": "dfdbb61cc4a561a8db75f43414eadf0e52ea4349",
            "messageTitle": "Edit DG, Rename Add to Insert (Files, commands) and make changes accordingly",
            "messageBody": "",
            "insertions": 82,
            "deletions": 81
          },
          {
            "hash": "8ee711aa71832d873d671f3fa342204ea952afd6",
            "messageTitle": "TypeOfItem has Blue Tag",
            "messageBody": "",
            "insertions": 11,
            "deletions": 13
          },
          {
            "hash": "35b4661bfeb971f8508fcdf08dbcaaf02b47ee3c",
            "messageTitle": "Another small change",
            "messageBody": "",
            "insertions": 2,
            "deletions": 4
          },
          {
            "hash": "47c8ec6820a548c42a39f2e4b5a3da0150405933",
            "messageTitle": "Another small change",
            "messageBody": "",
            "insertions": 0,
            "deletions": 1
          }
        ]
      }
    ],
    "JeremyLoh": [
      {
        "insertions": 1048,
        "deletions": 1055,
        "date": "2020-03-04",
        "commitResults": [
          {
            "hash": "f1850cef4245158f304959c7b3b8992b5634a372",
            "messageTitle": "Change names of classes/interface based on ModelClassDiagram",
            "messageBody": "",
            "insertions": 998,
            "deletions": 993
          },
          {
            "hash": "571d38ef473245432e9155877d232b34fee98094",
            "messageTitle": "Change test names for Command package",
            "messageBody": "",
            "insertions": 24,
            "deletions": 24
          },
          {
            "hash": "e1fbd304de2c984c4372f7916d611395b0787a4f",
            "messageTitle": "Change test names for LogicManagerTest.java",
            "messageBody": "",
            "insertions": 1,
            "deletions": 1
          },
          {
            "hash": "a16981f1163da2fde020a582ab73b0b4f7d9de02",
            "messageTitle": "Change test names for Order and UniqueOrderList in person package.",
            "messageBody": "",
            "insertions": 22,
            "deletions": 22
          },
          {
            "hash": "7c22a43b61775f828fbdc463a7f1a4cead4d15eb",
            "messageTitle": "DeleteCommandTest: Remove extra newlines",
            "messageBody": "",
            "insertions": 1,
            "deletions": 3
          },
          {
            "hash": "e80bbe5ec757c3c20b90b58061d76476ac8047c4",
            "messageTitle": "DeleteCommandTest: Format tests",
            "messageBody": "",
            "insertions": 1,
            "deletions": 2
          },
          {
            "hash": "c100ef99039cdc4e24e77d972c80561b97204793",
            "messageTitle": "OrderBook: Remove non-static initializer block",
            "messageBody": "",
            "insertions": 1,
            "deletions": 10
          }
        ]
      },
      {
        "insertions": 230,
        "deletions": 111,
        "date": "2020-03-08",
        "commitResults": [
          {
            "hash": "963eb4c8645770e5d9165be373dfd27f9c5a7393",
            "messageTitle": "Rename person package to order.",
            "messageBody": "",
            "insertions": 103,
            "deletions": 103
          },
          {
            "hash": "fd150d4eedc198cbdc1053ffd7eb8b6efe921847",
            "messageTitle": "Rename OrderParser class to OrderBookParser",
            "messageBody": "",
            "insertions": 8,
            "deletions": 8
          },
          {
            "hash": "afa0aa84e72394ee0b1115e597bf89399606b9dd",
            "messageTitle": "Add test for Warehouse class",
            "messageBody": "",
            "insertions": 48,
            "deletions": 0
          },
          {
            "hash": "a24b4780f3f5fb93f476fa5c69ac7752202b5e8a",
            "messageTitle": "Add Warehouse class",
            "messageBody": "",
            "insertions": 54,
            "deletions": 0
          },
          {
            "hash": "2b5a4bb734acdb451d596b57f26058fde01af276",
            "messageTitle": "ParserUtil: Add parse function for Warehouse",
            "messageBody": "",
            "insertions": 17,
            "deletions": 0
          }
        ]
      },
      {
        "insertions": 511,
        "deletions": 315,
        "date": "2020-03-09",
        "commitResults": [
          {
            "hash": "5b76510ee082332f034e4aa70f07aa9c29c2c932",
            "messageTitle": "ParserUtilTest: Add tests for parseWarehouse",
            "messageBody": "",
            "insertions": 39,
            "deletions": 4
          },
          {
            "hash": "b42b692df1dfcf8f84dae9404976b840d892cdda",
            "messageTitle": "CliSyntax: Add Prefix for Warehouse class",
            "messageBody": "",
            "insertions": 1,
            "deletions": 1
          },
          {
            "hash": "e4a981e917a65c64fad720c4938cf7886f528879",
            "messageTitle": "Add Warehouse field to Model",
            "messageBody": "",
            "insertions": 452,
            "deletions": 301
          },
          {
            "hash": "a6b8a138ff3ba47834532ee2850793f0451a0745",
            "messageTitle": "Change all usages of Person to Order",
            "messageBody": "",
            "insertions": 17,
            "deletions": 7
          },
          {
            "hash": "7c78561bd49bf35c5b6769fddff8cebfdd328bd1",
            "messageTitle": "Remove EditPersonDescriptorBuilder.java",
            "messageBody": "",
            "insertions": 1,
            "deletions": 1
          },
          {
            "hash": "e1aa8c9a631139c0188d4f3625071d52be37372e",
            "messageTitle": "EditOrderDescriptorBuilder.java: Update JavaDoc for withComment function",
            "messageBody": "",
            "insertions": 1,
            "deletions": 1
          }
        ]
      },
      {
        "insertions": 229,
        "deletions": 0,
        "date": "2020-03-14",
        "commitResults": [
          {
            "hash": "5b4f5093c642ea5430141a8c95f1af3215c26f71",
            "messageTitle": "Add NearbyCommand and NearbyCommandUtil class",
            "messageBody": "",
            "insertions": 229,
            "deletions": 0
          }
        ]
      },
      {
        "insertions": 972,
        "deletions": 215,
        "date": "2020-03-15",
        "commitResults": [
          {
            "hash": "cd06ed484dd9105d36c697cdd6ffcdcb2ca7d75e",
            "messageTitle": "Add support for parameterized tests in JUnit Jupiter",
            "messageBody": "",
            "insertions": 1,
            "deletions": 0
          },
          {
            "hash": "babfc9369a703b0765ee7383f3c0b429ae3e4a4c",
            "messageTitle": "NearbyCommandUtilTest: Add test for getGeneralLocation (postal sector 1,2,3,4,5,6)",
            "messageBody": "",
            "insertions": 53,
            "deletions": 0
          },
          {
            "hash": "61292506956b03a56f5fea820bb31a1c5788356f",
            "messageTitle": "NearbyCommandUtilTest: Add tests for sector\u0027s general location",
            "messageBody": "",
            "insertions": 148,
            "deletions": 18
          },
          {
            "hash": "f793a0c2b85f0cd3093ce7083bebf2978902d756",
            "messageTitle": "NearbyCommandUtilTest: Add tests for checking postal sector validity",
            "messageBody": "",
            "insertions": 23,
            "deletions": 0
          },
          {
            "hash": "e9dedf359c72c2c97b7e76bcb0ecd886fb7898d3",
            "messageTitle": "NearbyCommandUtil: Extract method refactoring",
            "messageBody": "",
            "insertions": 277,
            "deletions": 81
          },
          {
            "hash": "9035e74778d45d577206245c55b17e5b74f6db77",
            "messageTitle": "TypicalOrders: Add postal code for orders",
            "messageBody": "",
            "insertions": 53,
            "deletions": 23
          },
          {
            "hash": "53f3fdd5915177b69fd5d732fcc01a1aed50dfd9",
            "messageTitle": "NearbyCommand: Change format of success message",
            "messageBody": "",
            "insertions": 3,
            "deletions": 3
          },
          {
            "hash": "77227878235c2d8950857ea07c44264234ce9054",
            "messageTitle": "Add NearbyCommandTest",
            "messageBody": "",
            "insertions": 88,
            "deletions": 0
          },
          {
            "hash": "6185c690816e5b7d048478d51d04d6e36d5e7224",
            "messageTitle": "Add NearbyCommandParserTest",
            "messageBody": "",
            "insertions": 26,
            "deletions": 0
          },
          {
            "hash": "cedd078fe489ac4df165d43cb84fd9fbbe68443b",
            "messageTitle": "Add NearbyCommandParser",
            "messageBody": "",
            "insertions": 30,
            "deletions": 0
          },
          {
            "hash": "b2fb7f50fc807595fb29f12b57fbe091590bda50",
            "messageTitle": "Add NearbyCommand to Logic",
            "messageBody": "",
            "insertions": 119,
            "deletions": 49
          },
          {
            "hash": "d62e9568a2e8353080c4543afcb1f97181386859",
            "messageTitle": "NearbyCommandUtilTest: Add more tests",
            "messageBody": "",
            "insertions": 22,
            "deletions": 1
          },
          {
            "hash": "680a90b3df49fef7168aecfb934f360c46d33e88",
            "messageTitle": "NearbyCommandUtilTest: Add more tests and refactor code",
            "messageBody": "",
            "insertions": 126,
            "deletions": 34
          },
          {
            "hash": "68e77da4d4342f3dafd57f2db488462ba469c98a",
            "messageTitle": "NearbyCommand: Use streams for predicate function",
            "messageBody": "",
            "insertions": 3,
            "deletions": 6
          }
        ]
      },
      {
        "insertions": 88,
        "deletions": 86,
        "date": "2020-03-16",
        "commitResults": [
          {
            "hash": "035c28f32dca77245b85f18a44a4f966c698db96",
            "messageTitle": "NearbyCommandUtil: Add check for null values in sameGeneralLocation function",
            "messageBody": "",
            "insertions": 2,
            "deletions": 1
          },
          {
            "hash": "b0b1468e9078b7d3a2fe9fb8a00ccec612640592",
            "messageTitle": "NearbyCommandUtil: Rename addSector methods to addLocation",
            "messageBody": "",
            "insertions": 84,
            "deletions": 84
          },
          {
            "hash": "48590db83675e338e3826a34236f607f704d1cc0",
            "messageTitle": "NearbyCommandParser: Format code for readability",
            "messageBody": "",
            "insertions": 2,
            "deletions": 1
          }
        ]
      },
      {
        "insertions": 12,
        "deletions": 12,
        "date": "2020-03-17",
        "commitResults": [
          {
            "hash": "447a529b772fa10ba86360c17536372e4dde1639",
            "messageTitle": "SampleDataUtil: Update address fields to include postal code",
            "messageBody": "",
            "insertions": 6,
            "deletions": 6
          },
          {
            "hash": "382d93da4746bfd3a5f2b35f45ded018e4ac0187",
            "messageTitle": "Update variable names to order book",
            "messageBody": "",
            "insertions": 6,
            "deletions": 6
          }
        ]
      },
      {
        "insertions": 89,
        "deletions": 30,
        "date": "2020-03-18",
        "commitResults": [
          {
            "hash": "e1a766f1cd42a789d3d06b094fe0d1f351e65d14",
            "messageTitle": "Modify UI elements",
            "messageBody": "",
            "insertions": 89,
            "deletions": 30
          }
        ]
      },
      {
        "insertions": 386,
        "deletions": 77,
        "date": "2020-03-20",
        "commitResults": [
          {
            "hash": "267e121faefddc4bee7b03861b2038737c21e934",
            "messageTitle": "Update order address to include postal code",
            "messageBody": "",
            "insertions": 91,
            "deletions": 35
          },
          {
            "hash": "70d830ad0343c757b1ff6982260d52f70aca6fb1",
            "messageTitle": "Update tests for NearbyCommand",
            "messageBody": "",
            "insertions": 65,
            "deletions": 14
          },
          {
            "hash": "cbaa6d17ce13831380dfb063427de36276ba37d7",
            "messageTitle": "Add 5 areas search for NearbyCommand (Central, East, North-East, West, North)",
            "messageBody": "",
            "insertions": 209,
            "deletions": 26
          },
          {
            "hash": "e260ed3c45c0c5f7994fee15fa442a3f105588e1",
            "messageTitle": "Add more tests for NearbyCommandUtilTest",
            "messageBody": "",
            "insertions": 13,
            "deletions": 0
          },
          {
            "hash": "5fd6942783ce2dd4780d8579a8c8c4135fd40364",
            "messageTitle": "NearbyCommand: Use regex for searching orders",
            "messageBody": "",
            "insertions": 6,
            "deletions": 1
          },
          {
            "hash": "84dacfeefe1f358bee675b352323ef12b94cd27f",
            "messageTitle": "NearbyCommand: Format file",
            "messageBody": "",
            "insertions": 2,
            "deletions": 1
          }
        ]
      },
      {
        "insertions": 303,
        "deletions": 208,
        "date": "2020-03-21",
        "commitResults": [
          {
            "hash": "eb4a919632b7e201b835cd0b9833c37fa29e3456",
            "messageTitle": "Refactor out District and Area information of Singapore",
            "messageBody": "",
            "insertions": 226,
            "deletions": 203
          },
          {
            "hash": "e7520e6d6b17e5718268cf94c237362e701ec469",
            "messageTitle": "Add tests for DistrictInfo",
            "messageBody": "",
            "insertions": 55,
            "deletions": 1
          },
          {
            "hash": "b49291d5638fccf74822faea6146fc471344cb86",
            "messageTitle": "Add tests for NearbyCommandParser",
            "messageBody": "",
            "insertions": 22,
            "deletions": 4
          }
        ]
      },
      {
        "insertions": 4,
        "deletions": 1,
        "date": "2020-03-22",
        "commitResults": [
          {
            "hash": "cc8aaff4f0af381a5be74cc84add40fb6c62daad",
            "messageTitle": "TypicalOrders: Add import for email",
            "messageBody": "",
            "insertions": 4,
            "deletions": 1
          }
        ]
      }
    ],
    "Cherweijie": [
      {
        "insertions": 35,
        "deletions": 35,
        "date": "2020-03-01",
        "commitResults": [
          {
            "hash": "32fb1732cd7cca66b280e43bc6ddf90c55f3504a",
            "messageTitle": "Fix jUnit test errors",
            "messageBody": "",
            "insertions": 35,
            "deletions": 35
          }
        ]
      },
      {
        "insertions": 19,
        "deletions": 21,
        "date": "2020-03-03",
        "commitResults": [
          {
            "hash": "bd30849365de6c81822d6366b4c94223818cc132",
            "messageTitle": "Fix minor formatting issues for checkstyle",
            "messageBody": "",
            "insertions": 1,
            "deletions": 1
          },
          {
            "hash": "f8fe822abd40f83a49fe972462a56fbe2614765e",
            "messageTitle": "Fix indentation style",
            "messageBody": "",
            "insertions": 18,
            "deletions": 18
          },
          {
            "hash": "cbdc07f11f2a9f5735c4ca717d2baa8421ffde97",
            "messageTitle": "Remove indentation warning suppression",
            "messageBody": "",
            "insertions": 0,
            "deletions": 2
          }
        ]
      },
      {
        "insertions": 2,
        "deletions": 2,
        "date": "2020-03-04",
        "commitResults": [
          {
            "hash": "6b6d8be338d1a45f4e285d82fc6c42a953251863",
            "messageTitle": "Test for warning suppression",
            "messageBody": "",
            "insertions": 2,
            "deletions": 0
          },
          {
            "hash": "42cf9b463da616957f4245e9477970f9773a6b48",
            "messageTitle": "Pull from upstream",
            "messageBody": "",
            "insertions": 0,
            "deletions": 2
          }
        ]
      },
      {
        "insertions": 467,
        "deletions": 782,
        "date": "2020-03-16",
        "commitResults": [
          {
            "hash": "5fe94d5226776995dcb5b9eeab04e01697cd7034",
            "messageTitle": "Revert \"Insert Command (90% done, will implement another one in the future)\"",
            "messageBody": "",
            "insertions": 467,
            "deletions": 782
          }
        ]
      },
      {
        "insertions": 132,
        "deletions": 73,
        "date": "2020-03-17",
        "commitResults": [
          {
            "hash": "cdb85a54f20aa678f1589083cb149db8975c76a2",
            "messageTitle": "Implement Help Command and slight FXML changes",
            "messageBody": "",
            "insertions": 95,
            "deletions": 39
          },
          {
            "hash": "7e1b7cb99d8cc79cfd89e07f26782b3a463180fe",
            "messageTitle": "Change User Guide link and write-ups for each function",
            "messageBody": "",
            "insertions": 35,
            "deletions": 33
          },
          {
            "hash": "939cad1c380f54ada19a50afd4c991abd69d6aa5",
            "messageTitle": "Fix merge conflicts",
            "messageBody": "",
            "insertions": 2,
            "deletions": 1
          }
        ]
      },
      {
        "insertions": 351,
        "deletions": 120,
        "date": "2020-03-18",
        "commitResults": [
          {
            "hash": "d30c32168d86b419e5c58ec33cf774a15429a111",
            "messageTitle": "Include email field",
            "messageBody": "",
            "insertions": 351,
            "deletions": 120
          }
        ]
      },
      {
        "insertions": 213,
        "deletions": 45,
        "date": "2020-03-19",
        "commitResults": [
          {
            "hash": "8d160d0c60dcdd9828d78769dcaadb85f94395dc",
            "messageTitle": "Implement Done Command",
            "messageBody": "",
            "insertions": 157,
            "deletions": 9
          },
          {
            "hash": "fcf24014f10d85bba09329ef007bf79ac82d458d",
            "messageTitle": "Fix checkstyle errors",
            "messageBody": "",
            "insertions": 26,
            "deletions": 18
          },
          {
            "hash": "b7b60410216dcc90801518b52259b3c029f18f0b",
            "messageTitle": "Fix other errors",
            "messageBody": "",
            "insertions": 30,
            "deletions": 18
          }
        ]
      },
      {
        "insertions": 156,
        "deletions": 8,
        "date": "2020-03-20",
        "commitResults": [
          {
            "hash": "ae63eb1e9ea974cee3d6de93dbfb57971b4400ae",
            "messageTitle": "Test in progress",
            "messageBody": "",
            "insertions": 156,
            "deletions": 8
          }
        ]
      },
      {
        "insertions": 593,
        "deletions": 61,
        "date": "2020-03-22",
        "commitResults": [
          {
            "hash": "8888dd494619b93e92b4685a92731021439dced7",
            "messageTitle": "Fix testing for DoneCommand and DoneCommandParser",
            "messageBody": "",
            "insertions": 578,
            "deletions": 49
          },
          {
            "hash": "02767c434e3aebea6c00efe367721f2994284cc0",
            "messageTitle": "Fix minor bugs",
            "messageBody": "",
            "insertions": 4,
            "deletions": 9
          },
          {
            "hash": "8fb8966808230509808be502edf2d5288c634d8d",
            "messageTitle": "Fix checkstyle errors",
            "messageBody": "",
            "insertions": 10,
            "deletions": 2
          },
          {
            "hash": "f4467f6976ec33aed19ece313291f2a2cdfdce49",
            "messageTitle": "Fix AppVeyor bug",
            "messageBody": "",
            "insertions": 1,
            "deletions": 1
          }
        ]
      }
    ],
    "khsc96": [
      {
        "insertions": 42,
        "deletions": 40,
        "date": "2020-03-16",
        "commitResults": [
          {
            "hash": "1a9427a142523e55c87ce5303d2315046807f655",
            "messageTitle": "SearchCommand: Rename find to search",
            "messageBody": "",
            "insertions": 42,
            "deletions": 40
          }
        ]
      },
      {
        "insertions": 499,
        "deletions": 135,
        "date": "2020-03-17",
        "commitResults": [
          {
            "hash": "8fab7d019eae76f019793d680708a749e98ed427",
            "messageTitle": "SearchCommand: Improve on search command functionality",
            "messageBody": "",
            "insertions": 499,
            "deletions": 135
          }
        ]
      },
      {
        "insertions": 664,
        "deletions": 297,
        "date": "2020-03-18",
        "commitResults": [
          {
            "hash": "0fb880461bd34383840d2da22774835f9c3c1557",
            "messageTitle": "MainWindow: Fix few checkstyle issues",
            "messageBody": "",
            "insertions": 4,
            "deletions": 4
          },
          {
            "hash": "49e5166b9522e8d900fe45c961a75b8385764a43",
            "messageTitle": "SearchCommand: Fix some checkstyle issues",
            "messageBody": "",
            "insertions": 20,
            "deletions": 15
          },
          {
            "hash": "5033e7c7d09634d3665f2a8dab2d1e93348fc5ea",
            "messageTitle": "SearchCommandTest: Fix test check style issue",
            "messageBody": "",
            "insertions": 15,
            "deletions": 12
          },
          {
            "hash": "a6de698ce0f617193c0242c5648f581ac04d8d89",
            "messageTitle": "SearchCommandParser: Merge conflict resolve",
            "messageBody": "",
            "insertions": 2,
            "deletions": 4
          },
          {
            "hash": "9f19d08384e301fb6eaf8f684a3a906d185eb1a4",
            "messageTitle": "SearchCommand: Add search for COD, tid and item type field with more test cases",
            "messageBody": "",
            "insertions": 330,
            "deletions": 87
          },
          {
            "hash": "bf0f75f3850475bbc6574e22ebacc83d6936ea36",
            "messageTitle": "Resolve checkstyle issues",
            "messageBody": "",
            "insertions": 15,
            "deletions": 16
          },
          {
            "hash": "435f164b6b40aa4ede645686dd1a73c96b0827a5",
            "messageTitle": "SearchCommand: Refactor search command, add KeywordContainsOrderPrefix class",
            "messageBody": "",
            "insertions": 249,
            "deletions": 130
          },
          {
            "hash": "e4feee26757b7e3aba97b0d0176ced1a67d27cb3",
            "messageTitle": "SearchCommandParser: Refactor method to not have NPath Complexity",
            "messageBody": "",
            "insertions": 27,
            "deletions": 29
          },
          {
            "hash": "9ab558556a3176d85e04989ecab7de7b225170ff",
            "messageTitle": "SearchCommandParser: Add checks for non-null args passed in",
            "messageBody": "",
            "insertions": 2,
            "deletions": 0
          }
        ]
      },
      {
        "insertions": 26,
        "deletions": 52,
        "date": "2020-03-19",
        "commitResults": [
          {
            "hash": "a8a8fdf8a429748514d56933025e58c893fcd245",
            "messageTitle": "Refactor SearchCommandParser for improve  NPath Complexity",
            "messageBody": "",
            "insertions": 25,
            "deletions": 51
          },
          {
            "hash": "8441dbd10ecb2336613fd523ae8bef71e5f96c5b",
            "messageTitle": "Fix merge conflict",
            "messageBody": "",
            "insertions": 1,
            "deletions": 1
          }
        ]
      }
    ]
  },
  "authorFinalContributionMap": {
    "Exeexe93": 1537,
    "Amoscheong97": 905,
    "JeremyLoh": 2712,
    "Cherweijie": 1186,
    "khsc96": 881
  },
  "authorFileTypeContributionMap": {
    "Exeexe93": {
      "java": 1487,
      "md": 0,
      "fxml": 48,
      "sh": 0,
      "bat": 0,
      "gradle": 2,
      "txt": 0
    },
    "Amoscheong97": {
      "java": 895,
      "md": 0,
      "fxml": 10,
      "sh": 0,
      "bat": 0,
      "gradle": 0,
      "txt": 0
    },
    "JeremyLoh": {
      "java": 2675,
      "md": 0,
      "fxml": 36,
      "sh": 0,
      "bat": 0,
      "gradle": 1,
      "txt": 0
    },
    "Cherweijie": {
      "java": 1156,
      "md": 0,
      "fxml": 30,
      "sh": 0,
      "bat": 0,
      "gradle": 0,
      "txt": 0
    },
    "khsc96": {
      "java": 880,
      "md": 0,
      "fxml": 1,
      "sh": 0,
      "bat": 0,
      "gradle": 0,
      "txt": 0
    }
  },
  "authorContributionVariance": {
    "Exeexe93": 82174.09,
    "Amoscheong97": 79217.19,
    "JeremyLoh": 164774.0,
    "Cherweijie": 55163.45,
    "khsc96": 33085.047
  },
  "authorDisplayNameMap": {
    "Exeexe93": "CS2103T-W12-1 ENG ..N EN",
    "Amoscheong97": "CS2103T-W12-1 AMOS.. HON",
    "JeremyLoh": "CS2103T-W12-1 LOH .. JUN",
    "Cherweijie": "CS2103T-W12-1 CHER.. JIE",
    "khsc96": "CS2103T-W12-1 HO S..ENNY"
  }
}
