{
  "authorDailyContributionsMap": {
    "CranstonYeo": [
      {
        "insertions": 1593,
        "deletions": 34,
        "date": "2020-03-16",
        "commitResults": [
          {
            "hash": "a3a7543a2aa227e8c579a7bf062489ad6aa267a0",
            "messageTitle": "Update Project with Reminder commands and ReminderTAble",
            "messageBody": "",
            "insertions": 1593,
            "deletions": 34
          }
        ]
      },
      {
        "insertions": 547,
        "deletions": 62,
        "date": "2020-03-17",
        "commitResults": [
          {
            "hash": "f5530a2672dfecf0bd92b06ad89a96cc710b8e71",
            "messageTitle": "Fixed checkstyles, optimized imports and added addreminder test",
            "messageBody": "",
            "insertions": 547,
            "deletions": 62
          }
        ]
      },
      {
        "insertions": 13,
        "deletions": 2,
        "date": "2020-03-21",
        "commitResults": [
          {
            "hash": "63df99cd9f70a75c898ba3f198fadf6158c587ef",
            "messageTitle": "fixed reminder\u0027s file storage",
            "messageBody": "",
            "insertions": 13,
            "deletions": 2
          }
        ]
      },
      {
        "insertions": 374,
        "deletions": 45,
        "date": "2020-03-24",
        "commitResults": [
          {
            "hash": "1be7827e5d300fd3660da07cb9cb8e0c08c5b982",
            "messageTitle": "Link reminders with GUI and refactor reminder\u0027s description",
            "messageBody": "",
            "insertions": 297,
            "deletions": 31
          },
          {
            "hash": "69e57a454031f4eab98705ddbd353fc9530a2201",
            "messageTitle": "fix syntax error",
            "messageBody": "",
            "insertions": 1,
            "deletions": 1
          },
          {
            "hash": "aad7376f5b8b6dfb0e9edf7bbbe77ad7617d9ad5",
            "messageTitle": "fix AddReminderCommandTest",
            "messageBody": "",
            "insertions": 1,
            "deletions": 1
          },
          {
            "hash": "5cb7fc3ecfb227622a66a3504f1d6c6c74ee50d4",
            "messageTitle": "Update GUI and allow list commands to open the corresponding tabs",
            "messageBody": "",
            "insertions": 75,
            "deletions": 12
          }
        ]
      }
    ],
    "nigelnnk": [
      {
        "insertions": 71,
        "deletions": 16,
        "date": "2020-03-01",
        "commitResults": [
          {
            "hash": "faaf8e1caca9ef46796d5f24cacb8cd9668e4184",
            "messageTitle": "Amended GUI to suit new purposes",
            "messageBody": "* JavaFX sucks, this uses 11.0.1\n* Need to see how the resizability can be fixed - currently not resizeable\n",
            "insertions": 71,
            "deletions": 16
          }
        ]
      },
      {
        "insertions": 509,
        "deletions": 3,
        "date": "2020-03-08",
        "commitResults": [
          {
            "hash": "9b93ee2eafb63f0295724027e42bf9031bacaa4c",
            "messageTitle": "Update Module classes and structure as part of model section",
            "messageBody": "",
            "insertions": 217,
            "deletions": 0
          },
          {
            "hash": "82695b68c753a5851a5836039f2551d2398ea6fb",
            "messageTitle": "Update Module containers and interfaces",
            "messageBody": "",
            "insertions": 287,
            "deletions": 0
          },
          {
            "hash": "90a0cc0f8a2a533dcd9b1c6b3a76b43f2fdbc3bd",
            "messageTitle": "Update to fit checkstyle requirements",
            "messageBody": "",
            "insertions": 5,
            "deletions": 3
          }
        ]
      },
      {
        "insertions": 888,
        "deletions": 129,
        "date": "2020-03-14",
        "commitResults": [
          {
            "hash": "a359c3af5ec6e0525dc5e843fcf8799f7adeaa4a",
            "messageTitle": "Update Model and ModelManager to include Modules section",
            "messageBody": "",
            "insertions": 71,
            "deletions": 6
          },
          {
            "hash": "7081602e9792dee74ac20f25ba57eb3f22d39a12",
            "messageTitle": "Update syntax from ModName to ModCode",
            "messageBody": "",
            "insertions": 24,
            "deletions": 23
          },
          {
            "hash": "6995251fca112bc6614b0c9fb744fab06b04d169",
            "messageTitle": "Include AddModCommand into possible commands",
            "messageBody": "",
            "insertions": 152,
            "deletions": 12
          },
          {
            "hash": "e90ce0c38e5117e7867de846670c7ea797ed8075",
            "messageTitle": "Update areas where ModelManager needs ModTAble",
            "messageBody": "",
            "insertions": 428,
            "deletions": 56
          },
          {
            "hash": "f1be95478a287cf8ba08bace5a45a393a1170b9b",
            "messageTitle": "Include DeleteMod and ListMod commands",
            "messageBody": "",
            "insertions": 125,
            "deletions": 2
          },
          {
            "hash": "bcd5178459af7a6c41d79a223ccdccf258e470bf",
            "messageTitle": "GUI Improvements and Fixes",
            "messageBody": "",
            "insertions": 12,
            "deletions": 4
          },
          {
            "hash": "347d0d39dc47dbc2867968dca91faf31a0726ba5",
            "messageTitle": "Incorporate ModCode into Tutorial",
            "messageBody": "",
            "insertions": 75,
            "deletions": 25
          },
          {
            "hash": "0ee7994170b578c0fd0e3e4be71819a53668ac95",
            "messageTitle": "Update UserGuide on updated format for Mod commands",
            "messageBody": "",
            "insertions": 1,
            "deletions": 1
          }
        ]
      },
      {
        "insertions": 190,
        "deletions": 13,
        "date": "2020-03-18",
        "commitResults": [
          {
            "hash": "0cf1f413e50b4e788df5cd409cae31ae5bc7916f",
            "messageTitle": "Update ModList GUI and include more details for TutorialList",
            "messageBody": "",
            "insertions": 183,
            "deletions": 6
          },
          {
            "hash": "743290d608433ae8093a7f52c571a21004fab8b8",
            "messageTitle": "Fix error message for AddMod command",
            "messageBody": "",
            "insertions": 1,
            "deletions": 2
          },
          {
            "hash": "20b6f073284fb945ecb523ee79acf7eab859a134",
            "messageTitle": "Fix window size for TAble",
            "messageBody": "",
            "insertions": 6,
            "deletions": 5
          }
        ]
      },
      {
        "insertions": 1,
        "deletions": 1,
        "date": "2020-03-22",
        "commitResults": [
          {
            "hash": "359bd4457c354ccebad40215027eecb1f1edd937",
            "messageTitle": "Update to include Coveralls API",
            "messageBody": "",
            "insertions": 1,
            "deletions": 1
          }
        ]
      },
      {
        "insertions": 274,
        "deletions": 11,
        "date": "2020-03-23",
        "commitResults": [
          {
            "hash": "27743f17504755e579e1ac87f56f817738b45c6f",
            "messageTitle": "Include NoteModCommand",
            "messageBody": "",
            "insertions": 234,
            "deletions": 2
          },
          {
            "hash": "2f3ec21244b838f59bcb7b3ae59292aa7ec7f96b",
            "messageTitle": "Update GUI to lay foundations for ModInfoCard",
            "messageBody": "",
            "insertions": 40,
            "deletions": 9
          }
        ]
      },
      {
        "insertions": 443,
        "deletions": 72,
        "date": "2020-03-24",
        "commitResults": [
          {
            "hash": "a5dade6a2247b35ce4d3300c3ffb1f632274df2d",
            "messageTitle": "Include commands: AddModLinkCommand and ClearModLinksCommand",
            "messageBody": "",
            "insertions": 434,
            "deletions": 61
          },
          {
            "hash": "d824f48f830bcb99d63a88afe60fe67131aaf588",
            "messageTitle": "Update DG for module features",
            "messageBody": "",
            "insertions": 9,
            "deletions": 11
          }
        ]
      },
      {
        "insertions": 269,
        "deletions": 20,
        "date": "2020-03-25",
        "commitResults": [
          {
            "hash": "7bde7178d3f729fae811d83c56276301da75ec2f",
            "messageTitle": "Add ViewModInfoCommand",
            "messageBody": "",
            "insertions": 269,
            "deletions": 20
          }
        ]
      },
      {
        "insertions": 353,
        "deletions": 45,
        "date": "2020-03-26",
        "commitResults": [
          {
            "hash": "a564cac7ba5ba270ebbec5aa91b007509f6f7379",
            "messageTitle": "Finalise ModInfo GUI",
            "messageBody": "",
            "insertions": 353,
            "deletions": 45
          }
        ]
      },
      {
        "insertions": 192,
        "deletions": 26,
        "date": "2020-03-27",
        "commitResults": [
          {
            "hash": "6f14feb66c2b3e2da58fb920b5c8c820e519f391",
            "messageTitle": "Include CopyModLinkCommand",
            "messageBody": "",
            "insertions": 191,
            "deletions": 25
          },
          {
            "hash": "de0521c7a8c6ff6ef5a5f8a9bd0b8ae7417412c6",
            "messageTitle": "Update UG for module features",
            "messageBody": "",
            "insertions": 1,
            "deletions": 1
          }
        ]
      }
    ],
    "hanchingyong": [
      {
        "insertions": 314,
        "deletions": 340,
        "date": "2020-02-15",
        "commitResults": [
          {
            "hash": "4a2914125b91c8f1295635795c980a2e69b10f90",
            "messageTitle": "Refactored address class",
            "messageBody": "",
            "insertions": 20,
            "deletions": 248
          },
          {
            "hash": "99ac254f3775abf7a1ad9f3b27d27d4fe30bb874",
            "messageTitle": "Manually refactored addresses",
            "messageBody": "",
            "insertions": 0,
            "deletions": 1
          },
          {
            "hash": "3071613f22b5b0cca557515a44a625b9983cd160",
            "messageTitle": "Updated model, logic and parser",
            "messageBody": "",
            "insertions": 184,
            "deletions": 45
          },
          {
            "hash": "a3f814d7b3ee2109ef6eee2eb12ca185481f21c6",
            "messageTitle": "UI Finalized for remarks",
            "messageBody": "",
            "insertions": 5,
            "deletions": 0
          },
          {
            "hash": "67f42487d7f794727d0526e88aeb17f88eabb76d",
            "messageTitle": "Added remark message",
            "messageBody": "",
            "insertions": 26,
            "deletions": 2
          },
          {
            "hash": "4ecd160f76eabed3e8a63cdcad8d892dafae2f1a",
            "messageTitle": "Finished Remark Command",
            "messageBody": "",
            "insertions": 79,
            "deletions": 44
          }
        ]
      },
      {
        "insertions": 225,
        "deletions": 235,
        "date": "2020-02-16",
        "commitResults": [
          {
            "hash": "1dbf83e1049fd5d0850d1031ca95ef167369c797",
            "messageTitle": "Removed all addresses from test functions",
            "messageBody": "",
            "insertions": 47,
            "deletions": 76
          },
          {
            "hash": "4aea4fb33533accde76c854ae2be8552606a1bcb",
            "messageTitle": "Fixed checkstyles",
            "messageBody": "",
            "insertions": 127,
            "deletions": 99
          },
          {
            "hash": "69aaeafb657a0fedb4947a6063cbd63d5e8a9036",
            "messageTitle": "Running tests",
            "messageBody": "",
            "insertions": 1,
            "deletions": 13
          },
          {
            "hash": "3a3861382b498455ce5a6b8ffbd2dbee395701d9",
            "messageTitle": "Removed unused imports",
            "messageBody": "",
            "insertions": 0,
            "deletions": 1
          },
          {
            "hash": "724d4cfccca1ed1cd37912a92ee66912f52a55c1",
            "messageTitle": "Modified all tests, remark cannot be added in add command",
            "messageBody": "",
            "insertions": 25,
            "deletions": 37
          },
          {
            "hash": "2cca04f95012ef2d53f98aa84d1826cf8515f5ab",
            "messageTitle": "Passed checkstyles",
            "messageBody": "",
            "insertions": 25,
            "deletions": 9
          }
        ]
      },
      {
        "insertions": 724,
        "deletions": 83,
        "date": "2020-02-28",
        "commitResults": [
          {
            "hash": "61b77942023576c460637830425bd564d444046c",
            "messageTitle": "Added Event abstract class",
            "messageBody": "",
            "insertions": 83,
            "deletions": 0
          },
          {
            "hash": "ee6b79c7573de1f58d0ab230c50d559a3a49a64e",
            "messageTitle": "Added consult list, consult exceptions and changes in model for consult",
            "messageBody": "",
            "insertions": 328,
            "deletions": 30
          },
          {
            "hash": "50bfefe25d24dd431295971469fbda6682ae85af",
            "messageTitle": "testing removing the predicate in modelmanager",
            "messageBody": "",
            "insertions": 13,
            "deletions": 12
          },
          {
            "hash": "25a8a523f0d76dedf2fd59a3c52e8b21bf719124",
            "messageTitle": "trying to run the command but faced with unknown command error",
            "messageBody": "",
            "insertions": 39,
            "deletions": 29
          },
          {
            "hash": "0b358d578d559dc63d3d1ad717d4061ad8c2e64d",
            "messageTitle": "implemented add consults - but without students",
            "messageBody": "",
            "insertions": 261,
            "deletions": 12
          }
        ]
      },
      {
        "insertions": 34,
        "deletions": 5,
        "date": "2020-02-29",
        "commitResults": [
          {
            "hash": "d309a814a60a02b8109d2c35fa618007408c29ad",
            "messageTitle": "gotten positive message of consult added, but without student",
            "messageBody": "",
            "insertions": 34,
            "deletions": 5
          }
        ]
      },
      {
        "insertions": 493,
        "deletions": 6,
        "date": "2020-03-01",
        "commitResults": [
          {
            "hash": "57ccf2b97a4a02331d6ee1e70419ef1a24ef1a15",
            "messageTitle": "Added consult storage - to test with list command next",
            "messageBody": "",
            "insertions": 493,
            "deletions": 6
          }
        ]
      },
      {
        "insertions": 151,
        "deletions": 40,
        "date": "2020-03-02",
        "commitResults": [
          {
            "hash": "6344ac79771bb4a02893514a2ada83d19af79ba5",
            "messageTitle": "added list consult function - but not yet linked to Ui",
            "messageBody": "",
            "insertions": 102,
            "deletions": 11
          },
          {
            "hash": "3e3a0a9741a6b7cc1430f23a4ef139bb2e606b4f",
            "messageTitle": "fixed checkstyles errors",
            "messageBody": "",
            "insertions": 3,
            "deletions": 4
          },
          {
            "hash": "967bfda7328a272ca3b9390134d433f92627e77f",
            "messageTitle": "Fixed checkstyles for test codes",
            "messageBody": "",
            "insertions": 46,
            "deletions": 25
          }
        ]
      },
      {
        "insertions": 33,
        "deletions": 61,
        "date": "2020-03-04",
        "commitResults": [
          {
            "hash": "91c6889a7fb4b270f24db824051c73aed157ba1d",
            "messageTitle": "Changed ParseEventTime do ParseTime",
            "messageBody": "",
            "insertions": 7,
            "deletions": 7
          },
          {
            "hash": "90317c091d3341de73a7c39d9c9dae641c3107b3",
            "messageTitle": "Fixed refactoring of parseTime",
            "messageBody": "",
            "insertions": 2,
            "deletions": 2
          },
          {
            "hash": "b4e2a7b04c207a5af8d9f94a92579e9a104ddfdb",
            "messageTitle": "Changed help window",
            "messageBody": "",
            "insertions": 1,
            "deletions": 1
          },
          {
            "hash": "f59af3d0089aedb21f530a8e323da499c5d53c73",
            "messageTitle": "Refactored consult to remove name",
            "messageBody": "",
            "insertions": 22,
            "deletions": 50
          },
          {
            "hash": "5efce9c2cb53f630eae9bf4879c6056aa85d9afb",
            "messageTitle": "fixed javadoc of parseTime",
            "messageBody": "",
            "insertions": 1,
            "deletions": 1
          }
        ]
      },
      {
        "insertions": 128,
        "deletions": 5,
        "date": "2020-03-05",
        "commitResults": [
          {
            "hash": "facc9d63079c869f7ee39ca4e54db6d8c7d2f4f8",
            "messageTitle": "added deleteconsult, but it doesnt actually delete yet",
            "messageBody": "",
            "insertions": 113,
            "deletions": 0
          },
          {
            "hash": "14965c087ac99d514bd44c679656b0f6fa2dcf6c",
            "messageTitle": "changed name of ABparser to TAbleparser",
            "messageBody": "",
            "insertions": 5,
            "deletions": 5
          },
          {
            "hash": "b2802e654d16b26e4dc1256151a581bf285285fc",
            "messageTitle": "fixed delete consult",
            "messageBody": "",
            "insertions": 10,
            "deletions": 0
          }
        ]
      },
      {
        "insertions": 2,
        "deletions": 2,
        "date": "2020-03-06",
        "commitResults": [
          {
            "hash": "770de6f562f6d352802ac4cac57b7189efe7c876",
            "messageTitle": "fixed trailing whitespace in UI",
            "messageBody": "",
            "insertions": 2,
            "deletions": 2
          }
        ]
      },
      {
        "insertions": 421,
        "deletions": 111,
        "date": "2020-03-07",
        "commitResults": [
          {
            "hash": "3bb7a8a888ebcb71f2572fe903230f1497d0c724",
            "messageTitle": "added editConsult function",
            "messageBody": "",
            "insertions": 338,
            "deletions": 89
          },
          {
            "hash": "b16f45fb17581231cc53c014fd87d065d20919a3",
            "messageTitle": "fixed duplicate tutorials and consults",
            "messageBody": "",
            "insertions": 5,
            "deletions": 5
          },
          {
            "hash": "4e38506667137954d9768952bc0e96bcb96abdf2",
            "messageTitle": "added tag to user guide",
            "messageBody": "",
            "insertions": 6,
            "deletions": 2
          },
          {
            "hash": "41af461f172225096a1a28ac7391f71182e175cb",
            "messageTitle": "added clearconsult command",
            "messageBody": "",
            "insertions": 68,
            "deletions": 10
          },
          {
            "hash": "8a63ced3ea9a84218fc5ce3382a791a39f3aa430",
            "messageTitle": "ensure consults cannot be added if same timing, but still need to check for overlap timing",
            "messageBody": "",
            "insertions": 4,
            "deletions": 5
          }
        ]
      },
      {
        "insertions": 43,
        "deletions": 19,
        "date": "2020-03-09",
        "commitResults": [
          {
            "hash": "172ef9f3e66601867b52bc21672685c95cf0a456",
            "messageTitle": "Disallow adding of end time before start time, but no error message appeared",
            "messageBody": "",
            "insertions": 43,
            "deletions": 19
          }
        ]
      },
      {
        "insertions": 105,
        "deletions": 33,
        "date": "2020-03-10",
        "commitResults": [
          {
            "hash": "01e9b75c3964a04b869ff720dd6f2409f775525b",
            "messageTitle": "Fixed error message appearing for add consult",
            "messageBody": "",
            "insertions": 33,
            "deletions": 26
          },
          {
            "hash": "3c9443fc357ef33b6e0e514a7aaabef16dbf8b55",
            "messageTitle": "Fixed start \u003e end for edit",
            "messageBody": "",
            "insertions": 12,
            "deletions": 6
          },
          {
            "hash": "3c63be04e2b0bb1be75926fade84f52812eec0c1",
            "messageTitle": "added check on time for adding consults",
            "messageBody": "",
            "insertions": 50,
            "deletions": 0
          },
          {
            "hash": "4dd753530502299736e9a7a15e34a3450fcb0123",
            "messageTitle": "added check on time for editing consults",
            "messageBody": "",
            "insertions": 5,
            "deletions": 0
          },
          {
            "hash": "5b22c74269bc94c29cb7c56a1556a0569a270d4a",
            "messageTitle": "checkstyle",
            "messageBody": "",
            "insertions": 5,
            "deletions": 1
          }
        ]
      },
      {
        "insertions": 13,
        "deletions": 3,
        "date": "2020-03-11",
        "commitResults": [
          {
            "hash": "716f49887cbb95b9f1297527e0b4dc28a0eb03b3",
            "messageTitle": "fixed consults not being saved",
            "messageBody": "",
            "insertions": 13,
            "deletions": 3
          }
        ]
      },
      {
        "insertions": 6,
        "deletions": 0,
        "date": "2020-03-14",
        "commitResults": [
          {
            "hash": "17bc884455f53fdbb01184569c6f14a47a540b3a",
            "messageTitle": "fixed stub for CI",
            "messageBody": "",
            "insertions": 6,
            "deletions": 0
          }
        ]
      },
      {
        "insertions": 719,
        "deletions": 27,
        "date": "2020-03-15",
        "commitResults": [
          {
            "hash": "479656bea4923472df06cc17e333bce2cb1c7c54",
            "messageTitle": "added basic tutorial UI support",
            "messageBody": "",
            "insertions": 153,
            "deletions": 5
          },
          {
            "hash": "24e899e51acb018ea57f76c640d7d319fd5ed5f0",
            "messageTitle": "added consult ui support",
            "messageBody": "",
            "insertions": 171,
            "deletions": 7
          },
          {
            "hash": "b5ec517b89584167a5d8f4ff80cf34a49cfb8bf4",
            "messageTitle": "fixed checkstyles",
            "messageBody": "",
            "insertions": 17,
            "deletions": 8
          },
          {
            "hash": "f375cbf99b4c9e9ba0f6f67a8cde819731f007bb",
            "messageTitle": "addconsult test added",
            "messageBody": "",
            "insertions": 371,
            "deletions": 1
          },
          {
            "hash": "9bdde8f5a70bb6cd534fd37a20dc998b151eb89b",
            "messageTitle": "fixed checkstyles",
            "messageBody": "",
            "insertions": 6,
            "deletions": 5
          },
          {
            "hash": "3fd499794621bafadb5a1f9414125e839d414ab1",
            "messageTitle": "EOF consultlistpanel",
            "messageBody": "",
            "insertions": 1,
            "deletions": 1
          }
        ]
      },
      {
        "insertions": 1,
        "deletions": 1,
        "date": "2020-03-17",
        "commitResults": [
          {
            "hash": "2bf9e1edbb0aaf7e7542b7785ec14c5304665cac",
            "messageTitle": "fixed UI",
            "messageBody": "",
            "insertions": 1,
            "deletions": 1
          }
        ]
      },
      {
        "insertions": 28,
        "deletions": 21,
        "date": "2020-03-18",
        "commitResults": [
          {
            "hash": "ba4eaa241264b0ad5d69c7c049025c0be57f23da",
            "messageTitle": " fixed edit timing clashes",
            "messageBody": "",
            "insertions": 24,
            "deletions": 16
          },
          {
            "hash": "d778c7b6e943e029917e813f90949121644e0b7e",
            "messageTitle": " f checkstyles",
            "messageBody": "",
            "insertions": 4,
            "deletions": 5
          }
        ]
      },
      {
        "insertions": 492,
        "deletions": 404,
        "date": "2020-03-19",
        "commitResults": [
          {
            "hash": "2604d810d81c952db2af87785ed012816f51738a",
            "messageTitle": "Fixed UI",
            "messageBody": "",
            "insertions": 2,
            "deletions": 2
          },
          {
            "hash": "90698b3670d610db8676ea002bcec59153c1dc44",
            "messageTitle": "fixed tests",
            "messageBody": "",
            "insertions": 423,
            "deletions": 370
          },
          {
            "hash": "4c3668f8ab5baf6659860f331db758ee90ba8f35",
            "messageTitle": "added ui for student name",
            "messageBody": "",
            "insertions": 67,
            "deletions": 32
          }
        ]
      },
      {
        "insertions": 576,
        "deletions": 190,
        "date": "2020-03-21",
        "commitResults": [
          {
            "hash": "a63defb7473c03c304afd5c82f2dbf6e8910465a",
            "messageTitle": "calendar command has pop up now",
            "messageBody": "",
            "insertions": 185,
            "deletions": 0
          },
          {
            "hash": "70f7328143cae6957268f15cfd3baef4e0528ff1",
            "messageTitle": "calendar open with nothing now",
            "messageBody": "",
            "insertions": 246,
            "deletions": 116
          },
          {
            "hash": "3cee440f597e6dcf8ea5ef06f009b4c00cb4047d",
            "messageTitle": "added boxes",
            "messageBody": "",
            "insertions": 131,
            "deletions": 58
          },
          {
            "hash": "dda0995324756f1ae66fcda733a35af1f18610e3",
            "messageTitle": "dunno what changed",
            "messageBody": "",
            "insertions": 1,
            "deletions": 0
          },
          {
            "hash": "93dfb4d764866cdd464b3bd7a0a44d2877af460b",
            "messageTitle": "checkstyles",
            "messageBody": "",
            "insertions": 11,
            "deletions": 14
          },
          {
            "hash": "02f3c3c3a43610556b8fcc71d454c15d82cde7d5",
            "messageTitle": "travis update",
            "messageBody": "",
            "insertions": 1,
            "deletions": 1
          },
          {
            "hash": "19d59890dee5920fca364e26562345c7abaaaf02",
            "messageTitle": "travis",
            "messageBody": "",
            "insertions": 1,
            "deletions": 1
          }
        ]
      },
      {
        "insertions": 255,
        "deletions": 200,
        "date": "2020-03-22",
        "commitResults": [
          {
            "hash": "6ba5d6d675bfa7ab964a26d0831e243b8335be0d",
            "messageTitle": "finally fixed, but ugly colour",
            "messageBody": "",
            "insertions": 90,
            "deletions": 166
          },
          {
            "hash": "07e92428c22669d86ca3f82e34f72da6643963ca",
            "messageTitle": "nicer colour",
            "messageBody": "",
            "insertions": 1,
            "deletions": 3
          },
          {
            "hash": "0e15e18d4b702f4393df8176ce808deef0c37cbe",
            "messageTitle": "EOF error fix",
            "messageBody": "",
            "insertions": 1,
            "deletions": 1
          },
          {
            "hash": "683f3de9589bbc14ab7857da03f5a2ddab0887db",
            "messageTitle": "added arrow next month prev month",
            "messageBody": "",
            "insertions": 65,
            "deletions": 1
          },
          {
            "hash": "e686eb6f237ddeefccd3313207bdc82208e4abf5",
            "messageTitle": "fixed shadowjar",
            "messageBody": "",
            "insertions": 4,
            "deletions": 1
          },
          {
            "hash": "4207ea785c5e086e9ef7fb2d5a940b08656326ba",
            "messageTitle": "linked consults",
            "messageBody": "",
            "insertions": 75,
            "deletions": 13
          },
          {
            "hash": "3e46270f617871504bef99184e808af01937ff4b",
            "messageTitle": "clear consults each month",
            "messageBody": "",
            "insertions": 9,
            "deletions": 0
          },
          {
            "hash": "3e52e3c44e3d7554bfb51433e40e02a908548368",
            "messageTitle": "removed model, used logic",
            "messageBody": "",
            "insertions": 8,
            "deletions": 8
          },
          {
            "hash": "806bb491740fc946fa8b2b01ef9335377b581230",
            "messageTitle": "removed unused import",
            "messageBody": "",
            "insertions": 0,
            "deletions": 2
          },
          {
            "hash": "e9bbba26410b290074d42dcce4838f80235b6128",
            "messageTitle": "uimanager",
            "messageBody": "",
            "insertions": 2,
            "deletions": 5
          }
        ]
      },
      {
        "insertions": 136,
        "deletions": 41,
        "date": "2020-03-23",
        "commitResults": [
          {
            "hash": "bea451971fe398799dde380dc49d2b60f7fbebd5",
            "messageTitle": "tutorials for calendar",
            "messageBody": "",
            "insertions": 72,
            "deletions": 6
          },
          {
            "hash": "976cd6729630f5df9a47907fcae8944745f63a4f",
            "messageTitle": "editconsult",
            "messageBody": "",
            "insertions": 28,
            "deletions": 3
          },
          {
            "hash": "605906590658b08e61f92e66607510e81bbb8302",
            "messageTitle": "fixed editconsults",
            "messageBody": "",
            "insertions": 15,
            "deletions": 7
          },
          {
            "hash": "e3d2d268d7d24540a2e14191d1c26a825e8716fc",
            "messageTitle": "made calendar nicer",
            "messageBody": "",
            "insertions": 21,
            "deletions": 25
          }
        ]
      },
      {
        "insertions": 183,
        "deletions": 143,
        "date": "2020-03-24",
        "commitResults": [
          {
            "hash": "8b2f7c706797aa5316b632dff259089a9f29e78b",
            "messageTitle": "refactored all code into folders and update UG with calendar",
            "messageBody": "",
            "insertions": 126,
            "deletions": 95
          },
          {
            "hash": "f7218adbea3e656b8e16f91664e566780d823295",
            "messageTitle": "fixed imports",
            "messageBody": "",
            "insertions": 56,
            "deletions": 47
          },
          {
            "hash": "4fbb278a82de9a8f53a23ea0ad2db1442c5fd7cd",
            "messageTitle": "TRAVIS PLS",
            "messageBody": "",
            "insertions": 1,
            "deletions": 1
          }
        ]
      },
      {
        "insertions": 325,
        "deletions": 6,
        "date": "2020-03-28",
        "commitResults": [
          {
            "hash": "ece39e8d276ce485da0431d037d5823424e8f842",
            "messageTitle": "delete consult test",
            "messageBody": "",
            "insertions": 79,
            "deletions": 2
          },
          {
            "hash": "4ba8f3098c4cc437a3ee83d31baaf4991d653092",
            "messageTitle": "listconsult test",
            "messageBody": "",
            "insertions": 37,
            "deletions": 0
          },
          {
            "hash": "0521bb198e55d59190f0ff0eb768f67234ab2a1a",
            "messageTitle": "checkstyles and clearconsult test",
            "messageBody": "",
            "insertions": 73,
            "deletions": 4
          },
          {
            "hash": "85e4261f817dd411342cbaac7f5b43eed1095d19",
            "messageTitle": "calendar command test",
            "messageBody": "",
            "insertions": 19,
            "deletions": 0
          },
          {
            "hash": "35f5c7dd0d5cfb4f7f84690ed4808b3befbd6925",
            "messageTitle": "addconsultparser test",
            "messageBody": "",
            "insertions": 117,
            "deletions": 0
          }
        ]
      },
      {
        "insertions": 81,
        "deletions": 1,
        "date": "2020-03-30",
        "commitResults": [
          {
            "hash": "2d1414a8145d9e84ec02f8af2a0d797b941ea3f4",
            "messageTitle": "closecalendar using keyboard command",
            "messageBody": "",
            "insertions": 81,
            "deletions": 1
          }
        ]
      }
    ],
    "shunde97": [
      {
        "insertions": 152,
        "deletions": 19,
        "date": "2020-03-03",
        "commitResults": [
          {
            "hash": "653c9f3be6adbb1d24e541491aa45fe00718ed05",
            "messageTitle": "Created Student class",
            "messageBody": "",
            "insertions": 109,
            "deletions": 0
          },
          {
            "hash": "814cdde53c7f1e6600315ccbdf07dc272884bb86",
            "messageTitle": "Created Student class",
            "messageBody": "",
            "insertions": 23,
            "deletions": 10
          },
          {
            "hash": "dbbfb6fef50ac5562a26f0c3cb3dbd0d26c3270e",
            "messageTitle": "Created Student class",
            "messageBody": "",
            "insertions": 13,
            "deletions": 0
          },
          {
            "hash": "08b4dc8d512068b807307e8880a32df67b534139",
            "messageTitle": "Created Student class",
            "messageBody": "",
            "insertions": 7,
            "deletions": 9
          }
        ]
      },
      {
        "insertions": 1882,
        "deletions": 2155,
        "date": "2020-03-16",
        "commitResults": [
          {
            "hash": "140804d7b39be5aa7dbacd7d8de41653e77a5972",
            "messageTitle": "mid refactoring",
            "messageBody": "",
            "insertions": 1084,
            "deletions": 1257
          },
          {
            "hash": "4e5584cddfa0a4e6c76de4c3e6fa92d0788e8edf",
            "messageTitle": "finished refactoring all \"person\" to student",
            "messageBody": "",
            "insertions": 509,
            "deletions": 600
          },
          {
            "hash": "388ec9c280af6dba55da156494bbc86ce9130eb9",
            "messageTitle": "refactored persons to students",
            "messageBody": "",
            "insertions": 289,
            "deletions": 298
          }
        ]
      },
      {
        "insertions": 668,
        "deletions": 540,
        "date": "2020-03-17",
        "commitResults": [
          {
            "hash": "d6c9e5f47abbec3f193ccce0386bb8abec33cac3",
            "messageTitle": "refactored person to student and proper import checkstyle",
            "messageBody": "",
            "insertions": 176,
            "deletions": 198
          },
          {
            "hash": "e97334d454d418392643133dde1af84d425237bf",
            "messageTitle": "refactored person to student and proper import checkstyle",
            "messageBody": "",
            "insertions": 171,
            "deletions": 31
          },
          {
            "hash": "2ba6b8600df6e6ef71a432dff2eeae816847296b",
            "messageTitle": "refactored person to student and proper import checkstyle",
            "messageBody": "",
            "insertions": 10,
            "deletions": 8
          },
          {
            "hash": "29b29548885da73dd2ff7de69b3231daeb22e736",
            "messageTitle": "refactored person into student and passed checkstyle test",
            "messageBody": "",
            "insertions": 311,
            "deletions": 303
          }
        ]
      },
      {
        "insertions": 383,
        "deletions": 349,
        "date": "2020-03-19",
        "commitResults": [
          {
            "hash": "96d5c8a94c3848ef613a8d5f3141b1d89a668fc7",
            "messageTitle": "refactored Person into MatricNumber",
            "messageBody": "",
            "insertions": 329,
            "deletions": 308
          },
          {
            "hash": "f517895063d181031912ef151c85d155f4dff2d1",
            "messageTitle": "edited regex for MatricNum and refactored all tests",
            "messageBody": "",
            "insertions": 54,
            "deletions": 41
          }
        ]
      },
      {
        "insertions": 226,
        "deletions": 203,
        "date": "2020-03-24",
        "commitResults": [
          {
            "hash": "f31803fe270c21f8b7effb0e432b2b160c3026b1",
            "messageTitle": "refactored basic add/del/find functions to more specific xxxStudent functions",
            "messageBody": "",
            "insertions": 222,
            "deletions": 199
          },
          {
            "hash": "d0a51adb388bd0a34566761d4f83aa963947935c",
            "messageTitle": "refactored basic add/del/find functions to more specific xxxStudent functions",
            "messageBody": "",
            "insertions": 4,
            "deletions": 4
          }
        ]
      },
      {
        "insertions": 11,
        "deletions": 0,
        "date": "2020-03-30",
        "commitResults": [
          {
            "hash": "7b74139fedb85ac6496c0ea2ecc25b8a78534122",
            "messageTitle": "fixed deleteStudent to reflect in tutorial",
            "messageBody": "",
            "insertions": 11,
            "deletions": 0
          }
        ]
      }
    ],
    "suwoons": [
      {
        "insertions": 2243,
        "deletions": 1128,
        "date": "2020-03-07",
        "commitResults": [
          {
            "hash": "5349ef1d88e1de422f0b626eb01c9723f16f384c",
            "messageTitle": "Remove EventName",
            "messageBody": "",
            "insertions": 0,
            "deletions": 76
          },
          {
            "hash": "9fe276537320582bf57bc850c1c89fa69e5fb309",
            "messageTitle": "Implement Tutorial class and AddTutorial command",
            "messageBody": "Implemented Tutorial class, and included AddTutorial command - without students. Updated relevant UG and DG documentation.\n",
            "insertions": 1222,
            "deletions": 90
          },
          {
            "hash": "d1efb8a5ea7b2f369bdbe2ff96aab35ecac80f1f",
            "messageTitle": "Fix line separator checkstyle",
            "messageBody": "",
            "insertions": 891,
            "deletions": 893
          },
          {
            "hash": "844f53879613d41c06ea56ee183afcfafeedd1ed",
            "messageTitle": "Fix checkstyle",
            "messageBody": "",
            "insertions": 45,
            "deletions": 42
          },
          {
            "hash": "27d6387976d666a8b6e32f4db073e5de9a6e3826",
            "messageTitle": "Resolve test issues",
            "messageBody": "",
            "insertions": 85,
            "deletions": 27
          }
        ]
      },
      {
        "insertions": 137,
        "deletions": 11,
        "date": "2020-03-09",
        "commitResults": [
          {
            "hash": "2c7c2c3380d1b782f31746beac68db80a9adaaad",
            "messageTitle": "Add deleteTutorial command and update UG",
            "messageBody": "",
            "insertions": 102,
            "deletions": 6
          },
          {
            "hash": "54ff8437d8fc0456bd8265d5db980e468f39ae7a",
            "messageTitle": "Add listTutorial command",
            "messageBody": "",
            "insertions": 34,
            "deletions": 4
          },
          {
            "hash": "7db693741031bf70c2b2534af75ffae214ffa477",
            "messageTitle": "Update listTutorial success msg",
            "messageBody": "",
            "insertions": 1,
            "deletions": 1
          }
        ]
      },
      {
        "insertions": 28,
        "deletions": 6,
        "date": "2020-03-16",
        "commitResults": [
          {
            "hash": "4fa5c3803f07eb21d6e39976c2d2750bfdea16e3",
            "messageTitle": "Add tutorial storage function",
            "messageBody": "",
            "insertions": 22,
            "deletions": 6
          },
          {
            "hash": "4cccadb52e2d6ba5f49d65a5efbc2d104d2ad0dd",
            "messageTitle": "Fix compileTestJava error",
            "messageBody": "",
            "insertions": 6,
            "deletions": 0
          }
        ]
      },
      {
        "insertions": 113,
        "deletions": 22,
        "date": "2020-03-17",
        "commitResults": [
          {
            "hash": "9a1f788c874e1d85509a72a0a9f2d75c255cb81a",
            "messageTitle": "Added time checking for tutorial",
            "messageBody": "",
            "insertions": 113,
            "deletions": 22
          }
        ]
      },
      {
        "insertions": 68,
        "deletions": 1,
        "date": "2020-03-18",
        "commitResults": [
          {
            "hash": "7f7046ba640991f839234a8b23873b45ab570b6a",
            "messageTitle": "Update UG",
            "messageBody": "",
            "insertions": 68,
            "deletions": 1
          }
        ]
      },
      {
        "insertions": 895,
        "deletions": 99,
        "date": "2020-03-20",
        "commitResults": [
          {
            "hash": "84bacda66c23f2bf8e263f2257ee811129047660",
            "messageTitle": "AddTutorialCommand test",
            "messageBody": "",
            "insertions": 531,
            "deletions": 71
          },
          {
            "hash": "03157d886ed527caace542a26cebba7d0b88bbb0",
            "messageTitle": "Implement AddTutorialStudentCommand (w/o storage)",
            "messageBody": "In midst of implementing AddTutorialStudentCommand. Have not updated JSON storage for Tutorial to include enrolled students or the attendance sheet yet.\nAlso updated UG and the GUI icon.\n",
            "insertions": 287,
            "deletions": 15
          },
          {
            "hash": "a2433bb17c3abdf0552586fa44594b4ebb2ce01d",
            "messageTitle": "Fix checkstyle and tests",
            "messageBody": "",
            "insertions": 64,
            "deletions": 12
          },
          {
            "hash": "5c42eec219971841735bcf7239f0451699e66cf3",
            "messageTitle": "Add tutorial exceptions",
            "messageBody": "",
            "insertions": 13,
            "deletions": 1
          }
        ]
      },
      {
        "insertions": 477,
        "deletions": 104,
        "date": "2020-03-22",
        "commitResults": [
          {
            "hash": "9229440b5185633be274c9b17c3e0f9d7883e81e",
            "messageTitle": "Add storage for students and attendance in Tutorial",
            "messageBody": "",
            "insertions": 146,
            "deletions": 29
          },
          {
            "hash": "29cf443ef0b07bb008c0794e5512441f6ba076ec",
            "messageTitle": "Implement DeleteTutorialStudent for tutorials",
            "messageBody": "",
            "insertions": 211,
            "deletions": 28
          },
          {
            "hash": "9d3b7d79984a42ef35274000d580e3de3f040696",
            "messageTitle": "Update TutorialBuilder",
            "messageBody": "",
            "insertions": 85,
            "deletions": 2
          },
          {
            "hash": "b43f456c574e8479068c37c28708b5f397037f84",
            "messageTitle": "Update storage",
            "messageBody": "",
            "insertions": 35,
            "deletions": 45
          }
        ]
      },
      {
        "insertions": 493,
        "deletions": 48,
        "date": "2020-03-23",
        "commitResults": [
          {
            "hash": "8e81c5fac17fb481524b3b38692e829bc385136e",
            "messageTitle": "Update DG Tutorial",
            "messageBody": "",
            "insertions": 3,
            "deletions": 2
          },
          {
            "hash": "09cec4bac16ffb66e793ed053db6da724665e09d",
            "messageTitle": "Update AddTutorial tests",
            "messageBody": "",
            "insertions": 18,
            "deletions": 8
          },
          {
            "hash": "acdded573d95eff4b070548d46466e1b3ab0dd2a",
            "messageTitle": "Fix checkstyle",
            "messageBody": "",
            "insertions": 2,
            "deletions": 1
          },
          {
            "hash": "b67d41a04bda2b2b0d7908380caadbd62abae0e6",
            "messageTitle": "Implement attendance features in tutorial",
            "messageBody": "",
            "insertions": 470,
            "deletions": 2
          },
          {
            "hash": "5eae2a53782f0b42808441e34f6d8f02a636405c",
            "messageTitle": "Remove ListAttendance",
            "messageBody": "",
            "insertions": 0,
            "deletions": 35
          }
        ]
      },
      {
        "insertions": 353,
        "deletions": 3,
        "date": "2020-03-24",
        "commitResults": [
          {
            "hash": "73e3aa6f4ddabfc52673048c71fb0529831caa83",
            "messageTitle": "Tried to add Attendance JavaFX",
            "messageBody": "",
            "insertions": 353,
            "deletions": 3
          }
        ]
      },
      {
        "insertions": 128,
        "deletions": 75,
        "date": "2020-03-25",
        "commitResults": [
          {
            "hash": "688a31e7a88611811b893150f3c798f9b35456c7",
            "messageTitle": "Update with functional Attendance GUI",
            "messageBody": "",
            "insertions": 66,
            "deletions": 50
          },
          {
            "hash": "490e87e2f6ff1418d0f76f00dbe0791968f2f553",
            "messageTitle": "Update Attendance GUI with colours",
            "messageBody": "",
            "insertions": 43,
            "deletions": 10
          },
          {
            "hash": "fdcdb731ab603df47eef83ebc8f5768cbe251f15",
            "messageTitle": "Fix checkstyle",
            "messageBody": "",
            "insertions": 10,
            "deletions": 11
          },
          {
            "hash": "e3611f10a50b7552e7d27d11f99e3f7cfee8c88c",
            "messageTitle": "Include attendance in SampleDataUtil",
            "messageBody": "",
            "insertions": 9,
            "deletions": 4
          }
        ]
      },
      {
        "insertions": 4,
        "deletions": 12,
        "date": "2020-03-29",
        "commitResults": [
          {
            "hash": "3757c96f03fc6b48f3725d428c7eb2ad6cf548ab",
            "messageTitle": "Update DG and Attendance GUI",
            "messageBody": "",
            "insertions": 2,
            "deletions": 9
          },
          {
            "hash": "2da8567e422f71b995f0d4e03dade8eddea1cd0a",
            "messageTitle": "Update DG seq diagrams",
            "messageBody": "",
            "insertions": 0,
            "deletions": 1
          },
          {
            "hash": "340ddeed06aec5327af42047419e024f72b3ed98",
            "messageTitle": "Change addressbook filepath to TAble.json",
            "messageBody": "",
            "insertions": 1,
            "deletions": 1
          },
          {
            "hash": "62f513e0d18e010a08bc95149156df26a0374af2",
            "messageTitle": "Update Ui.png",
            "messageBody": "",
            "insertions": 1,
            "deletions": 1
          }
        ]
      }
    ]
  },
  "authorFinalContributionMap": {
    "CranstonYeo": 2374,
    "nigelnnk": 2885,
    "hanchingyong": 3949,
    "shunde97": 1861,
    "suwoons": 3535
  },
  "authorFileTypeContributionMap": {
    "CranstonYeo": {
      "java": 2309,
      "md": 0,
      "fxml": 65,
      "sh": 0,
      "bat": 0,
      "gradle": 0,
      "txt": 0
    },
    "nigelnnk": {
      "java": 2635,
      "md": 0,
      "fxml": 245,
      "sh": 0,
      "bat": 0,
      "gradle": 5,
      "txt": 0
    },
    "hanchingyong": {
      "java": 3813,
      "md": 0,
      "fxml": 136,
      "sh": 0,
      "bat": 0,
      "gradle": 0,
      "txt": 0
    },
    "shunde97": {
      "java": 1857,
      "md": 0,
      "fxml": 4,
      "sh": 0,
      "bat": 0,
      "gradle": 0,
      "txt": 0
    },
    "suwoons": {
      "java": 3497,
      "md": 0,
      "fxml": 38,
      "sh": 0,
      "bat": 0,
      "gradle": 0,
      "txt": 0
    }
  },
  "authorContributionVariance": {
    "CranstonYeo": 66061.29,
    "nigelnnk": 37192.133,
    "hanchingyong": 67571.35,
    "shunde97": 381790.25,
    "suwoons": 267224.56
  },
  "authorDisplayNameMap": {
    "CranstonYeo": "CS2103-W15-3 CRAN..IJIE",
    "nigelnnk": "CS2103-W15-3 NEO ..IGEL",
    "hanchingyong": "CS2103-W15-3 YONG..HING",
    "shunde97": "CS2103-W15-3 CHIA..N DE",
    "suwoons": "CS2103-W15-3 LIM ..ARAH"
  }
}
