{
  "authorDailyContributionsMap": {
    "CranstonYeo": [
      {
        "insertions": 1593,
        "deletions": 34,
        "date": "2020-03-16",
        "commitResults": [
          {
            "hash": "a3a7543a2aa227e8c579a7bf062489ad6aa267a0",
            "messageTitle": "Update Project with Reminder commands and ReminderTAble",
            "messageBody": "",
            "insertions": 1593,
            "deletions": 34
          }
        ]
      },
      {
        "insertions": 547,
        "deletions": 62,
        "date": "2020-03-17",
        "commitResults": [
          {
            "hash": "f5530a2672dfecf0bd92b06ad89a96cc710b8e71",
            "messageTitle": "Fixed checkstyles, optimized imports and added addreminder test",
            "messageBody": "",
            "insertions": 547,
            "deletions": 62
          }
        ]
      },
      {
        "insertions": 13,
        "deletions": 2,
        "date": "2020-03-21",
        "commitResults": [
          {
            "hash": "63df99cd9f70a75c898ba3f198fadf6158c587ef",
            "messageTitle": "fixed reminder\u0027s file storage",
            "messageBody": "",
            "insertions": 13,
            "deletions": 2
          }
        ]
      },
      {
        "insertions": 374,
        "deletions": 45,
        "date": "2020-03-24",
        "commitResults": [
          {
            "hash": "1be7827e5d300fd3660da07cb9cb8e0c08c5b982",
            "messageTitle": "Link reminders with GUI and refactor reminder\u0027s description",
            "messageBody": "",
            "insertions": 297,
            "deletions": 31
          },
          {
            "hash": "69e57a454031f4eab98705ddbd353fc9530a2201",
            "messageTitle": "fix syntax error",
            "messageBody": "",
            "insertions": 1,
            "deletions": 1
          },
          {
            "hash": "aad7376f5b8b6dfb0e9edf7bbbe77ad7617d9ad5",
            "messageTitle": "fix AddReminderCommandTest",
            "messageBody": "",
            "insertions": 1,
            "deletions": 1
          },
          {
            "hash": "5cb7fc3ecfb227622a66a3504f1d6c6c74ee50d4",
            "messageTitle": "Update GUI and allow list commands to open the corresponding tabs",
            "messageBody": "",
            "insertions": 75,
            "deletions": 12
          }
        ]
      },
      {
        "insertions": 535,
        "deletions": 15,
        "date": "2020-03-29",
        "commitResults": [
          {
            "hash": "e69c0027437046006d50c11e32e4e7819f637187",
            "messageTitle": "add FindReminder, ListReminder, SnoozeReminder commands and auto sort function",
            "messageBody": "",
            "insertions": 535,
            "deletions": 15
          }
        ]
      },
      {
        "insertions": 677,
        "deletions": 58,
        "date": "2020-03-31",
        "commitResults": [
          {
            "hash": "62a971b769f83fb4ad118c5eafcd2fbba621ccbd",
            "messageTitle": "update UG, DG and add reminders to calendar as well as additional tests for reminders",
            "messageBody": "",
            "insertions": 57,
            "deletions": 14
          },
          {
            "hash": "d283d3d7a4e333835411254ab2abe180a7d14f33",
            "messageTitle": "update UG, DG and add reminders to calendar as well as additional tests for reminders",
            "messageBody": "",
            "insertions": 620,
            "deletions": 44
          }
        ]
      },
      {
        "insertions": 44,
        "deletions": 30,
        "date": "2020-04-01",
        "commitResults": [
          {
            "hash": "23eb521a717e5b946f435126f142195fadddf0f6",
            "messageTitle": "Update GUI to display properly for macOS",
            "messageBody": "",
            "insertions": 2,
            "deletions": 2
          },
          {
            "hash": "1632b929d0747209b78b98bd997ca6d028e9de5c",
            "messageTitle": "Add additional sample data for reminders",
            "messageBody": "",
            "insertions": 23,
            "deletions": 18
          },
          {
            "hash": "0678e1dafeee3351f01f0a23434a3cfa0e97b365",
            "messageTitle": "Update findStudent command to automatically open the students\u0027 tab",
            "messageBody": "",
            "insertions": 3,
            "deletions": 1
          },
          {
            "hash": "e1a647daffc022a3702497fa6f9959b2f3c5a7a0",
            "messageTitle": "Update Ui.png",
            "messageBody": "",
            "insertions": 1,
            "deletions": 1
          },
          {
            "hash": "bd682c51d095c149a63a43e633a45488e23c3019",
            "messageTitle": "Fix tests and checkstyles",
            "messageBody": "",
            "insertions": 11,
            "deletions": 7
          },
          {
            "hash": "9461fcd177dd4b5cdaf90599b143bdc29947dcd6",
            "messageTitle": "Update ReminderCard to correctly show number of days left",
            "messageBody": "",
            "insertions": 4,
            "deletions": 1
          }
        ]
      },
      {
        "insertions": 5,
        "deletions": 2,
        "date": "2020-04-02",
        "commitResults": [
          {
            "hash": "47eff2e364dbe1369ea0c20eab99cdd704d4babb",
            "messageTitle": "Update message usage for addReminder and doneReminded commands",
            "messageBody": "",
            "insertions": 5,
            "deletions": 2
          }
        ]
      }
    ],
    "nigelnnk": [
      {
        "insertions": 71,
        "deletions": 16,
        "date": "2020-03-01",
        "commitResults": [
          {
            "hash": "faaf8e1caca9ef46796d5f24cacb8cd9668e4184",
            "messageTitle": "Amended GUI to suit new purposes",
            "messageBody": "* JavaFX sucks, this uses 11.0.1\n* Need to see how the resizability can be fixed - currently not resizeable\n",
            "insertions": 71,
            "deletions": 16
          }
        ]
      },
      {
        "insertions": 509,
        "deletions": 3,
        "date": "2020-03-08",
        "commitResults": [
          {
            "hash": "9b93ee2eafb63f0295724027e42bf9031bacaa4c",
            "messageTitle": "Update Module classes and structure as part of model section",
            "messageBody": "",
            "insertions": 217,
            "deletions": 0
          },
          {
            "hash": "82695b68c753a5851a5836039f2551d2398ea6fb",
            "messageTitle": "Update Module containers and interfaces",
            "messageBody": "",
            "insertions": 287,
            "deletions": 0
          },
          {
            "hash": "90a0cc0f8a2a533dcd9b1c6b3a76b43f2fdbc3bd",
            "messageTitle": "Update to fit checkstyle requirements",
            "messageBody": "",
            "insertions": 5,
            "deletions": 3
          }
        ]
      },
      {
        "insertions": 888,
        "deletions": 129,
        "date": "2020-03-14",
        "commitResults": [
          {
            "hash": "a359c3af5ec6e0525dc5e843fcf8799f7adeaa4a",
            "messageTitle": "Update Model and ModelManager to include Modules section",
            "messageBody": "",
            "insertions": 71,
            "deletions": 6
          },
          {
            "hash": "7081602e9792dee74ac20f25ba57eb3f22d39a12",
            "messageTitle": "Update syntax from ModName to ModCode",
            "messageBody": "",
            "insertions": 24,
            "deletions": 23
          },
          {
            "hash": "6995251fca112bc6614b0c9fb744fab06b04d169",
            "messageTitle": "Include AddModCommand into possible commands",
            "messageBody": "",
            "insertions": 152,
            "deletions": 12
          },
          {
            "hash": "e90ce0c38e5117e7867de846670c7ea797ed8075",
            "messageTitle": "Update areas where ModelManager needs ModTAble",
            "messageBody": "",
            "insertions": 428,
            "deletions": 56
          },
          {
            "hash": "f1be95478a287cf8ba08bace5a45a393a1170b9b",
            "messageTitle": "Include DeleteMod and ListMod commands",
            "messageBody": "",
            "insertions": 125,
            "deletions": 2
          },
          {
            "hash": "bcd5178459af7a6c41d79a223ccdccf258e470bf",
            "messageTitle": "GUI Improvements and Fixes",
            "messageBody": "",
            "insertions": 12,
            "deletions": 4
          },
          {
            "hash": "347d0d39dc47dbc2867968dca91faf31a0726ba5",
            "messageTitle": "Incorporate ModCode into Tutorial",
            "messageBody": "",
            "insertions": 75,
            "deletions": 25
          },
          {
            "hash": "0ee7994170b578c0fd0e3e4be71819a53668ac95",
            "messageTitle": "Update UserGuide on updated format for Mod commands",
            "messageBody": "",
            "insertions": 1,
            "deletions": 1
          }
        ]
      },
      {
        "insertions": 190,
        "deletions": 13,
        "date": "2020-03-18",
        "commitResults": [
          {
            "hash": "0cf1f413e50b4e788df5cd409cae31ae5bc7916f",
            "messageTitle": "Update ModList GUI and include more details for TutorialList",
            "messageBody": "",
            "insertions": 183,
            "deletions": 6
          },
          {
            "hash": "743290d608433ae8093a7f52c571a21004fab8b8",
            "messageTitle": "Fix error message for AddMod command",
            "messageBody": "",
            "insertions": 1,
            "deletions": 2
          },
          {
            "hash": "20b6f073284fb945ecb523ee79acf7eab859a134",
            "messageTitle": "Fix window size for TAble",
            "messageBody": "",
            "insertions": 6,
            "deletions": 5
          }
        ]
      },
      {
        "insertions": 1,
        "deletions": 1,
        "date": "2020-03-22",
        "commitResults": [
          {
            "hash": "359bd4457c354ccebad40215027eecb1f1edd937",
            "messageTitle": "Update to include Coveralls API",
            "messageBody": "",
            "insertions": 1,
            "deletions": 1
          }
        ]
      },
      {
        "insertions": 274,
        "deletions": 11,
        "date": "2020-03-23",
        "commitResults": [
          {
            "hash": "27743f17504755e579e1ac87f56f817738b45c6f",
            "messageTitle": "Include NoteModCommand",
            "messageBody": "",
            "insertions": 234,
            "deletions": 2
          },
          {
            "hash": "2f3ec21244b838f59bcb7b3ae59292aa7ec7f96b",
            "messageTitle": "Update GUI to lay foundations for ModInfoCard",
            "messageBody": "",
            "insertions": 40,
            "deletions": 9
          }
        ]
      },
      {
        "insertions": 443,
        "deletions": 72,
        "date": "2020-03-24",
        "commitResults": [
          {
            "hash": "a5dade6a2247b35ce4d3300c3ffb1f632274df2d",
            "messageTitle": "Include commands: AddModLinkCommand and ClearModLinksCommand",
            "messageBody": "",
            "insertions": 434,
            "deletions": 61
          },
          {
            "hash": "d824f48f830bcb99d63a88afe60fe67131aaf588",
            "messageTitle": "Update DG for module features",
            "messageBody": "",
            "insertions": 9,
            "deletions": 11
          }
        ]
      },
      {
        "insertions": 269,
        "deletions": 20,
        "date": "2020-03-25",
        "commitResults": [
          {
            "hash": "7bde7178d3f729fae811d83c56276301da75ec2f",
            "messageTitle": "Add ViewModInfoCommand",
            "messageBody": "",
            "insertions": 269,
            "deletions": 20
          }
        ]
      },
      {
        "insertions": 353,
        "deletions": 45,
        "date": "2020-03-26",
        "commitResults": [
          {
            "hash": "a564cac7ba5ba270ebbec5aa91b007509f6f7379",
            "messageTitle": "Finalise ModInfo GUI",
            "messageBody": "",
            "insertions": 353,
            "deletions": 45
          }
        ]
      },
      {
        "insertions": 192,
        "deletions": 26,
        "date": "2020-03-27",
        "commitResults": [
          {
            "hash": "6f14feb66c2b3e2da58fb920b5c8c820e519f391",
            "messageTitle": "Include CopyModLinkCommand",
            "messageBody": "",
            "insertions": 191,
            "deletions": 25
          },
          {
            "hash": "de0521c7a8c6ff6ef5a5f8a9bd0b8ae7417412c6",
            "messageTitle": "Update UG for module features",
            "messageBody": "",
            "insertions": 1,
            "deletions": 1
          }
        ]
      },
      {
        "insertions": 465,
        "deletions": 70,
        "date": "2020-03-31",
        "commitResults": [
          {
            "hash": "9ddf3d019348dceb0aa52d302e2ce02adc9fb43d",
            "messageTitle": "Update TutorialUtil to include checkDuringSemester() function and update calendar window accordingly.",
            "messageBody": "Note that calendar window still shows the tutorials in other semesters too. (e.g. if tutorial is in AY1920S1, it will still show in AY1920S2, AY1819S2 etc.)\n",
            "insertions": 157,
            "deletions": 3
          },
          {
            "hash": "3d6b4f16a7dacc6c54edcf551011ed2f8db1db35",
            "messageTitle": "Fix bug where modules are not saved into json file",
            "messageBody": "",
            "insertions": 1,
            "deletions": 0
          },
          {
            "hash": "ed19c1b72ce5ed16e446dbd262aa056ef0b97527",
            "messageTitle": "Include Command to export tutorial attendance to user-specified csv file",
            "messageBody": "",
            "insertions": 227,
            "deletions": 8
          },
          {
            "hash": "1135cbd1e8c6e46ff263ebeea4f53bd424cd9dab",
            "messageTitle": "Fix formatting for Mod commands",
            "messageBody": "",
            "insertions": 10,
            "deletions": 5
          },
          {
            "hash": "0106ced0c5e5290656e29d4748c69843602245d2",
            "messageTitle": "Update product to follow UG",
            "messageBody": "",
            "insertions": 70,
            "deletions": 54
          }
        ]
      },
      {
        "insertions": 21,
        "deletions": 10,
        "date": "2020-04-04",
        "commitResults": [
          {
            "hash": "329eb732962a16a9d12ca217a674412784e493e3",
            "messageTitle": "Fixed DeleteModCommand and associated Commands with wrong parsing method",
            "messageBody": "",
            "insertions": 12,
            "deletions": 10
          },
          {
            "hash": "38b273483ed360d72666e6d253d328efa96ac2a7",
            "messageTitle": "Updated DeleteModCommand such that modules cannot be deleted if there are tutorials associated with it.",
            "messageBody": "",
            "insertions": 9,
            "deletions": 0
          }
        ]
      },
      {
        "insertions": 3,
        "deletions": 3,
        "date": "2020-04-05",
        "commitResults": [
          {
            "hash": "3ab72d7a872168f824bd0727c6370d0141117018",
            "messageTitle": "Update DG to address DG review by Benjamin",
            "messageBody": "",
            "insertions": 3,
            "deletions": 3
          }
        ]
      },
      {
        "insertions": 852,
        "deletions": 42,
        "date": "2020-04-07",
        "commitResults": [
          {
            "hash": "f8a85e23f61a7d424aa8488827233ead60aecd95",
            "messageTitle": "Commit Tests for Model.Mod objects",
            "messageBody": "",
            "insertions": 852,
            "deletions": 42
          }
        ]
      }
    ],
    "hanchingyong": [
      {
        "insertions": 314,
        "deletions": 340,
        "date": "2020-02-15",
        "commitResults": [
          {
            "hash": "4a2914125b91c8f1295635795c980a2e69b10f90",
            "messageTitle": "Refactored address class",
            "messageBody": "",
            "insertions": 20,
            "deletions": 248
          },
          {
            "hash": "99ac254f3775abf7a1ad9f3b27d27d4fe30bb874",
            "messageTitle": "Manually refactored addresses",
            "messageBody": "",
            "insertions": 0,
            "deletions": 1
          },
          {
            "hash": "3071613f22b5b0cca557515a44a625b9983cd160",
            "messageTitle": "Updated model, logic and parser",
            "messageBody": "",
            "insertions": 184,
            "deletions": 45
          },
          {
            "hash": "a3f814d7b3ee2109ef6eee2eb12ca185481f21c6",
            "messageTitle": "UI Finalized for remarks",
            "messageBody": "",
            "insertions": 5,
            "deletions": 0
          },
          {
            "hash": "67f42487d7f794727d0526e88aeb17f88eabb76d",
            "messageTitle": "Added remark message",
            "messageBody": "",
            "insertions": 26,
            "deletions": 2
          },
          {
            "hash": "4ecd160f76eabed3e8a63cdcad8d892dafae2f1a",
            "messageTitle": "Finished Remark Command",
            "messageBody": "",
            "insertions": 79,
            "deletions": 44
          }
        ]
      },
      {
        "insertions": 225,
        "deletions": 235,
        "date": "2020-02-16",
        "commitResults": [
          {
            "hash": "1dbf83e1049fd5d0850d1031ca95ef167369c797",
            "messageTitle": "Removed all addresses from test functions",
            "messageBody": "",
            "insertions": 47,
            "deletions": 76
          },
          {
            "hash": "4aea4fb33533accde76c854ae2be8552606a1bcb",
            "messageTitle": "Fixed checkstyles",
            "messageBody": "",
            "insertions": 127,
            "deletions": 99
          },
          {
            "hash": "69aaeafb657a0fedb4947a6063cbd63d5e8a9036",
            "messageTitle": "Running tests",
            "messageBody": "",
            "insertions": 1,
            "deletions": 13
          },
          {
            "hash": "3a3861382b498455ce5a6b8ffbd2dbee395701d9",
            "messageTitle": "Removed unused imports",
            "messageBody": "",
            "insertions": 0,
            "deletions": 1
          },
          {
            "hash": "724d4cfccca1ed1cd37912a92ee66912f52a55c1",
            "messageTitle": "Modified all tests, remark cannot be added in add command",
            "messageBody": "",
            "insertions": 25,
            "deletions": 37
          },
          {
            "hash": "2cca04f95012ef2d53f98aa84d1826cf8515f5ab",
            "messageTitle": "Passed checkstyles",
            "messageBody": "",
            "insertions": 25,
            "deletions": 9
          }
        ]
      },
      {
        "insertions": 724,
        "deletions": 83,
        "date": "2020-02-28",
        "commitResults": [
          {
            "hash": "61b77942023576c460637830425bd564d444046c",
            "messageTitle": "Added Event abstract class",
            "messageBody": "",
            "insertions": 83,
            "deletions": 0
          },
          {
            "hash": "ee6b79c7573de1f58d0ab230c50d559a3a49a64e",
            "messageTitle": "Added consult list, consult exceptions and changes in model for consult",
            "messageBody": "",
            "insertions": 328,
            "deletions": 30
          },
          {
            "hash": "50bfefe25d24dd431295971469fbda6682ae85af",
            "messageTitle": "testing removing the predicate in modelmanager",
            "messageBody": "",
            "insertions": 13,
            "deletions": 12
          },
          {
            "hash": "25a8a523f0d76dedf2fd59a3c52e8b21bf719124",
            "messageTitle": "trying to run the command but faced with unknown command error",
            "messageBody": "",
            "insertions": 39,
            "deletions": 29
          },
          {
            "hash": "0b358d578d559dc63d3d1ad717d4061ad8c2e64d",
            "messageTitle": "implemented add consults - but without students",
            "messageBody": "",
            "insertions": 261,
            "deletions": 12
          }
        ]
      },
      {
        "insertions": 34,
        "deletions": 5,
        "date": "2020-02-29",
        "commitResults": [
          {
            "hash": "d309a814a60a02b8109d2c35fa618007408c29ad",
            "messageTitle": "gotten positive message of consult added, but without student",
            "messageBody": "",
            "insertions": 34,
            "deletions": 5
          }
        ]
      },
      {
        "insertions": 493,
        "deletions": 6,
        "date": "2020-03-01",
        "commitResults": [
          {
            "hash": "57ccf2b97a4a02331d6ee1e70419ef1a24ef1a15",
            "messageTitle": "Added consult storage - to test with list command next",
            "messageBody": "",
            "insertions": 493,
            "deletions": 6
          }
        ]
      },
      {
        "insertions": 151,
        "deletions": 40,
        "date": "2020-03-02",
        "commitResults": [
          {
            "hash": "6344ac79771bb4a02893514a2ada83d19af79ba5",
            "messageTitle": "added list consult function - but not yet linked to Ui",
            "messageBody": "",
            "insertions": 102,
            "deletions": 11
          },
          {
            "hash": "3e3a0a9741a6b7cc1430f23a4ef139bb2e606b4f",
            "messageTitle": "fixed checkstyles errors",
            "messageBody": "",
            "insertions": 3,
            "deletions": 4
          },
          {
            "hash": "967bfda7328a272ca3b9390134d433f92627e77f",
            "messageTitle": "Fixed checkstyles for test codes",
            "messageBody": "",
            "insertions": 46,
            "deletions": 25
          }
        ]
      },
      {
        "insertions": 33,
        "deletions": 61,
        "date": "2020-03-04",
        "commitResults": [
          {
            "hash": "91c6889a7fb4b270f24db824051c73aed157ba1d",
            "messageTitle": "Changed ParseEventTime do ParseTime",
            "messageBody": "",
            "insertions": 7,
            "deletions": 7
          },
          {
            "hash": "90317c091d3341de73a7c39d9c9dae641c3107b3",
            "messageTitle": "Fixed refactoring of parseTime",
            "messageBody": "",
            "insertions": 2,
            "deletions": 2
          },
          {
            "hash": "b4e2a7b04c207a5af8d9f94a92579e9a104ddfdb",
            "messageTitle": "Changed help window",
            "messageBody": "",
            "insertions": 1,
            "deletions": 1
          },
          {
            "hash": "f59af3d0089aedb21f530a8e323da499c5d53c73",
            "messageTitle": "Refactored consult to remove name",
            "messageBody": "",
            "insertions": 22,
            "deletions": 50
          },
          {
            "hash": "5efce9c2cb53f630eae9bf4879c6056aa85d9afb",
            "messageTitle": "fixed javadoc of parseTime",
            "messageBody": "",
            "insertions": 1,
            "deletions": 1
          }
        ]
      },
      {
        "insertions": 128,
        "deletions": 5,
        "date": "2020-03-05",
        "commitResults": [
          {
            "hash": "facc9d63079c869f7ee39ca4e54db6d8c7d2f4f8",
            "messageTitle": "added deleteconsult, but it doesnt actually delete yet",
            "messageBody": "",
            "insertions": 113,
            "deletions": 0
          },
          {
            "hash": "14965c087ac99d514bd44c679656b0f6fa2dcf6c",
            "messageTitle": "changed name of ABparser to TAbleparser",
            "messageBody": "",
            "insertions": 5,
            "deletions": 5
          },
          {
            "hash": "b2802e654d16b26e4dc1256151a581bf285285fc",
            "messageTitle": "fixed delete consult",
            "messageBody": "",
            "insertions": 10,
            "deletions": 0
          }
        ]
      },
      {
        "insertions": 2,
        "deletions": 2,
        "date": "2020-03-06",
        "commitResults": [
          {
            "hash": "770de6f562f6d352802ac4cac57b7189efe7c876",
            "messageTitle": "fixed trailing whitespace in UI",
            "messageBody": "",
            "insertions": 2,
            "deletions": 2
          }
        ]
      },
      {
        "insertions": 421,
        "deletions": 111,
        "date": "2020-03-07",
        "commitResults": [
          {
            "hash": "3bb7a8a888ebcb71f2572fe903230f1497d0c724",
            "messageTitle": "added editConsult function",
            "messageBody": "",
            "insertions": 338,
            "deletions": 89
          },
          {
            "hash": "b16f45fb17581231cc53c014fd87d065d20919a3",
            "messageTitle": "fixed duplicate tutorials and consults",
            "messageBody": "",
            "insertions": 5,
            "deletions": 5
          },
          {
            "hash": "4e38506667137954d9768952bc0e96bcb96abdf2",
            "messageTitle": "added tag to user guide",
            "messageBody": "",
            "insertions": 6,
            "deletions": 2
          },
          {
            "hash": "41af461f172225096a1a28ac7391f71182e175cb",
            "messageTitle": "added clearconsult command",
            "messageBody": "",
            "insertions": 68,
            "deletions": 10
          },
          {
            "hash": "8a63ced3ea9a84218fc5ce3382a791a39f3aa430",
            "messageTitle": "ensure consults cannot be added if same timing, but still need to check for overlap timing",
            "messageBody": "",
            "insertions": 4,
            "deletions": 5
          }
        ]
      },
      {
        "insertions": 43,
        "deletions": 19,
        "date": "2020-03-09",
        "commitResults": [
          {
            "hash": "172ef9f3e66601867b52bc21672685c95cf0a456",
            "messageTitle": "Disallow adding of end time before start time, but no error message appeared",
            "messageBody": "",
            "insertions": 43,
            "deletions": 19
          }
        ]
      },
      {
        "insertions": 105,
        "deletions": 33,
        "date": "2020-03-10",
        "commitResults": [
          {
            "hash": "01e9b75c3964a04b869ff720dd6f2409f775525b",
            "messageTitle": "Fixed error message appearing for add consult",
            "messageBody": "",
            "insertions": 33,
            "deletions": 26
          },
          {
            "hash": "3c9443fc357ef33b6e0e514a7aaabef16dbf8b55",
            "messageTitle": "Fixed start \u003e end for edit",
            "messageBody": "",
            "insertions": 12,
            "deletions": 6
          },
          {
            "hash": "3c63be04e2b0bb1be75926fade84f52812eec0c1",
            "messageTitle": "added check on time for adding consults",
            "messageBody": "",
            "insertions": 50,
            "deletions": 0
          },
          {
            "hash": "4dd753530502299736e9a7a15e34a3450fcb0123",
            "messageTitle": "added check on time for editing consults",
            "messageBody": "",
            "insertions": 5,
            "deletions": 0
          },
          {
            "hash": "5b22c74269bc94c29cb7c56a1556a0569a270d4a",
            "messageTitle": "checkstyle",
            "messageBody": "",
            "insertions": 5,
            "deletions": 1
          }
        ]
      },
      {
        "insertions": 13,
        "deletions": 3,
        "date": "2020-03-11",
        "commitResults": [
          {
            "hash": "716f49887cbb95b9f1297527e0b4dc28a0eb03b3",
            "messageTitle": "fixed consults not being saved",
            "messageBody": "",
            "insertions": 13,
            "deletions": 3
          }
        ]
      },
      {
        "insertions": 6,
        "deletions": 0,
        "date": "2020-03-14",
        "commitResults": [
          {
            "hash": "17bc884455f53fdbb01184569c6f14a47a540b3a",
            "messageTitle": "fixed stub for CI",
            "messageBody": "",
            "insertions": 6,
            "deletions": 0
          }
        ]
      },
      {
        "insertions": 719,
        "deletions": 27,
        "date": "2020-03-15",
        "commitResults": [
          {
            "hash": "479656bea4923472df06cc17e333bce2cb1c7c54",
            "messageTitle": "added basic tutorial UI support",
            "messageBody": "",
            "insertions": 153,
            "deletions": 5
          },
          {
            "hash": "24e899e51acb018ea57f76c640d7d319fd5ed5f0",
            "messageTitle": "added consult ui support",
            "messageBody": "",
            "insertions": 171,
            "deletions": 7
          },
          {
            "hash": "b5ec517b89584167a5d8f4ff80cf34a49cfb8bf4",
            "messageTitle": "fixed checkstyles",
            "messageBody": "",
            "insertions": 17,
            "deletions": 8
          },
          {
            "hash": "f375cbf99b4c9e9ba0f6f67a8cde819731f007bb",
            "messageTitle": "addconsult test added",
            "messageBody": "",
            "insertions": 371,
            "deletions": 1
          },
          {
            "hash": "9bdde8f5a70bb6cd534fd37a20dc998b151eb89b",
            "messageTitle": "fixed checkstyles",
            "messageBody": "",
            "insertions": 6,
            "deletions": 5
          },
          {
            "hash": "3fd499794621bafadb5a1f9414125e839d414ab1",
            "messageTitle": "EOF consultlistpanel",
            "messageBody": "",
            "insertions": 1,
            "deletions": 1
          }
        ]
      },
      {
        "insertions": 1,
        "deletions": 1,
        "date": "2020-03-17",
        "commitResults": [
          {
            "hash": "2bf9e1edbb0aaf7e7542b7785ec14c5304665cac",
            "messageTitle": "fixed UI",
            "messageBody": "",
            "insertions": 1,
            "deletions": 1
          }
        ]
      },
      {
        "insertions": 28,
        "deletions": 21,
        "date": "2020-03-18",
        "commitResults": [
          {
            "hash": "ba4eaa241264b0ad5d69c7c049025c0be57f23da",
            "messageTitle": " fixed edit timing clashes",
            "messageBody": "",
            "insertions": 24,
            "deletions": 16
          },
          {
            "hash": "d778c7b6e943e029917e813f90949121644e0b7e",
            "messageTitle": " f checkstyles",
            "messageBody": "",
            "insertions": 4,
            "deletions": 5
          }
        ]
      },
      {
        "insertions": 492,
        "deletions": 404,
        "date": "2020-03-19",
        "commitResults": [
          {
            "hash": "2604d810d81c952db2af87785ed012816f51738a",
            "messageTitle": "Fixed UI",
            "messageBody": "",
            "insertions": 2,
            "deletions": 2
          },
          {
            "hash": "90698b3670d610db8676ea002bcec59153c1dc44",
            "messageTitle": "fixed tests",
            "messageBody": "",
            "insertions": 423,
            "deletions": 370
          },
          {
            "hash": "4c3668f8ab5baf6659860f331db758ee90ba8f35",
            "messageTitle": "added ui for student name",
            "messageBody": "",
            "insertions": 67,
            "deletions": 32
          }
        ]
      },
      {
        "insertions": 576,
        "deletions": 190,
        "date": "2020-03-21",
        "commitResults": [
          {
            "hash": "a63defb7473c03c304afd5c82f2dbf6e8910465a",
            "messageTitle": "calendar command has pop up now",
            "messageBody": "",
            "insertions": 185,
            "deletions": 0
          },
          {
            "hash": "70f7328143cae6957268f15cfd3baef4e0528ff1",
            "messageTitle": "calendar open with nothing now",
            "messageBody": "",
            "insertions": 246,
            "deletions": 116
          },
          {
            "hash": "3cee440f597e6dcf8ea5ef06f009b4c00cb4047d",
            "messageTitle": "added boxes",
            "messageBody": "",
            "insertions": 131,
            "deletions": 58
          },
          {
            "hash": "dda0995324756f1ae66fcda733a35af1f18610e3",
            "messageTitle": "dunno what changed",
            "messageBody": "",
            "insertions": 1,
            "deletions": 0
          },
          {
            "hash": "93dfb4d764866cdd464b3bd7a0a44d2877af460b",
            "messageTitle": "checkstyles",
            "messageBody": "",
            "insertions": 11,
            "deletions": 14
          },
          {
            "hash": "02f3c3c3a43610556b8fcc71d454c15d82cde7d5",
            "messageTitle": "travis update",
            "messageBody": "",
            "insertions": 1,
            "deletions": 1
          },
          {
            "hash": "19d59890dee5920fca364e26562345c7abaaaf02",
            "messageTitle": "travis",
            "messageBody": "",
            "insertions": 1,
            "deletions": 1
          }
        ]
      },
      {
        "insertions": 255,
        "deletions": 200,
        "date": "2020-03-22",
        "commitResults": [
          {
            "hash": "6ba5d6d675bfa7ab964a26d0831e243b8335be0d",
            "messageTitle": "finally fixed, but ugly colour",
            "messageBody": "",
            "insertions": 90,
            "deletions": 166
          },
          {
            "hash": "07e92428c22669d86ca3f82e34f72da6643963ca",
            "messageTitle": "nicer colour",
            "messageBody": "",
            "insertions": 1,
            "deletions": 3
          },
          {
            "hash": "0e15e18d4b702f4393df8176ce808deef0c37cbe",
            "messageTitle": "EOF error fix",
            "messageBody": "",
            "insertions": 1,
            "deletions": 1
          },
          {
            "hash": "683f3de9589bbc14ab7857da03f5a2ddab0887db",
            "messageTitle": "added arrow next month prev month",
            "messageBody": "",
            "insertions": 65,
            "deletions": 1
          },
          {
            "hash": "e686eb6f237ddeefccd3313207bdc82208e4abf5",
            "messageTitle": "fixed shadowjar",
            "messageBody": "",
            "insertions": 4,
            "deletions": 1
          },
          {
            "hash": "4207ea785c5e086e9ef7fb2d5a940b08656326ba",
            "messageTitle": "linked consults",
            "messageBody": "",
            "insertions": 75,
            "deletions": 13
          },
          {
            "hash": "3e46270f617871504bef99184e808af01937ff4b",
            "messageTitle": "clear consults each month",
            "messageBody": "",
            "insertions": 9,
            "deletions": 0
          },
          {
            "hash": "3e52e3c44e3d7554bfb51433e40e02a908548368",
            "messageTitle": "removed model, used logic",
            "messageBody": "",
            "insertions": 8,
            "deletions": 8
          },
          {
            "hash": "806bb491740fc946fa8b2b01ef9335377b581230",
            "messageTitle": "removed unused import",
            "messageBody": "",
            "insertions": 0,
            "deletions": 2
          },
          {
            "hash": "e9bbba26410b290074d42dcce4838f80235b6128",
            "messageTitle": "uimanager",
            "messageBody": "",
            "insertions": 2,
            "deletions": 5
          }
        ]
      },
      {
        "insertions": 136,
        "deletions": 41,
        "date": "2020-03-23",
        "commitResults": [
          {
            "hash": "bea451971fe398799dde380dc49d2b60f7fbebd5",
            "messageTitle": "tutorials for calendar",
            "messageBody": "",
            "insertions": 72,
            "deletions": 6
          },
          {
            "hash": "976cd6729630f5df9a47907fcae8944745f63a4f",
            "messageTitle": "editconsult",
            "messageBody": "",
            "insertions": 28,
            "deletions": 3
          },
          {
            "hash": "605906590658b08e61f92e66607510e81bbb8302",
            "messageTitle": "fixed editconsults",
            "messageBody": "",
            "insertions": 15,
            "deletions": 7
          },
          {
            "hash": "e3d2d268d7d24540a2e14191d1c26a825e8716fc",
            "messageTitle": "made calendar nicer",
            "messageBody": "",
            "insertions": 21,
            "deletions": 25
          }
        ]
      },
      {
        "insertions": 183,
        "deletions": 143,
        "date": "2020-03-24",
        "commitResults": [
          {
            "hash": "8b2f7c706797aa5316b632dff259089a9f29e78b",
            "messageTitle": "refactored all code into folders and update UG with calendar",
            "messageBody": "",
            "insertions": 126,
            "deletions": 95
          },
          {
            "hash": "f7218adbea3e656b8e16f91664e566780d823295",
            "messageTitle": "fixed imports",
            "messageBody": "",
            "insertions": 56,
            "deletions": 47
          },
          {
            "hash": "4fbb278a82de9a8f53a23ea0ad2db1442c5fd7cd",
            "messageTitle": "TRAVIS PLS",
            "messageBody": "",
            "insertions": 1,
            "deletions": 1
          }
        ]
      },
      {
        "insertions": 325,
        "deletions": 6,
        "date": "2020-03-28",
        "commitResults": [
          {
            "hash": "ece39e8d276ce485da0431d037d5823424e8f842",
            "messageTitle": "delete consult test",
            "messageBody": "",
            "insertions": 79,
            "deletions": 2
          },
          {
            "hash": "4ba8f3098c4cc437a3ee83d31baaf4991d653092",
            "messageTitle": "listconsult test",
            "messageBody": "",
            "insertions": 37,
            "deletions": 0
          },
          {
            "hash": "0521bb198e55d59190f0ff0eb768f67234ab2a1a",
            "messageTitle": "checkstyles and clearconsult test",
            "messageBody": "",
            "insertions": 73,
            "deletions": 4
          },
          {
            "hash": "85e4261f817dd411342cbaac7f5b43eed1095d19",
            "messageTitle": "calendar command test",
            "messageBody": "",
            "insertions": 19,
            "deletions": 0
          },
          {
            "hash": "35f5c7dd0d5cfb4f7f84690ed4808b3befbd6925",
            "messageTitle": "addconsultparser test",
            "messageBody": "",
            "insertions": 117,
            "deletions": 0
          }
        ]
      },
      {
        "insertions": 175,
        "deletions": 7,
        "date": "2020-03-30",
        "commitResults": [
          {
            "hash": "2d1414a8145d9e84ec02f8af2a0d797b941ea3f4",
            "messageTitle": "closecalendar using keyboard command",
            "messageBody": "",
            "insertions": 81,
            "deletions": 1
          },
          {
            "hash": "d6f2a17f0705e33c9aac35f4e03dafb529032b8f",
            "messageTitle": "locationtest",
            "messageBody": "",
            "insertions": 41,
            "deletions": 0
          },
          {
            "hash": "8d67e26715aa0d6f9b78dfdd8e32380a5def3bf5",
            "messageTitle": "modelmanagertest",
            "messageBody": "",
            "insertions": 28,
            "deletions": 2
          },
          {
            "hash": "6c108cb6145116b4600b3706fb2c51a16f0a98e9",
            "messageTitle": "storagemanager test",
            "messageBody": "",
            "insertions": 21,
            "deletions": 0
          },
          {
            "hash": "eb6a120493d3e2420565b2d106e7a582d487e15d",
            "messageTitle": "dunno",
            "messageBody": "",
            "insertions": 4,
            "deletions": 4
          }
        ]
      },
      {
        "insertions": 40,
        "deletions": 16,
        "date": "2020-03-31",
        "commitResults": [
          {
            "hash": "0270be628a8403fb6065ca2c96bd83dfc1b3230b",
            "messageTitle": "checkstyles",
            "messageBody": "",
            "insertions": 15,
            "deletions": 8
          },
          {
            "hash": "ed407cd30a521500fad6a64aa863f7cb9875b041",
            "messageTitle": "added auto sort for consults",
            "messageBody": "",
            "insertions": 25,
            "deletions": 8
          }
        ]
      },
      {
        "insertions": 6,
        "deletions": 5,
        "date": "2020-04-01",
        "commitResults": [
          {
            "hash": "9b17e7f8ac132454bb1a42257fa0e8632055b209",
            "messageTitle": "name regex",
            "messageBody": "",
            "insertions": 1,
            "deletions": 1
          },
          {
            "hash": "d34416bacd1af7c164ae654a2826048a4cef4a3f",
            "messageTitle": "attendance list to show week + 2",
            "messageBody": "",
            "insertions": 1,
            "deletions": 1
          },
          {
            "hash": "f551887f0950c5607ac03b6d7487fee2031e8612",
            "messageTitle": "changed name test",
            "messageBody": "",
            "insertions": 4,
            "deletions": 3
          }
        ]
      },
      {
        "insertions": 2,
        "deletions": 3,
        "date": "2020-04-02",
        "commitResults": [
          {
            "hash": "8ad0e9e814e443a201dc3ce7a2371cc1ff6c56a7",
            "messageTitle": "edited error message to add spacing",
            "messageBody": "",
            "insertions": 2,
            "deletions": 3
          }
        ]
      },
      {
        "insertions": 38,
        "deletions": 9,
        "date": "2020-04-03",
        "commitResults": [
          {
            "hash": "32aa5ec6c76b1f60e4e370a45a6fffce3e1066f4",
            "messageTitle": "fixed consult and tut time clash",
            "messageBody": "",
            "insertions": 31,
            "deletions": 8
          },
          {
            "hash": "fae4072dd17fff8b0fe34583c5ee0771c71126de",
            "messageTitle": "made overdue consults red",
            "messageBody": "",
            "insertions": 6,
            "deletions": 0
          },
          {
            "hash": "9eb38318470e99d5b1fe8042fdb79675e82db7d5",
            "messageTitle": "added border thx sarah cranston",
            "messageBody": "",
            "insertions": 1,
            "deletions": 1
          }
        ]
      },
      {
        "insertions": 100,
        "deletions": 16,
        "date": "2020-04-04",
        "commitResults": [
          {
            "hash": "f979ad667ce8844ba0d65ddb8fa6e59b5ee7d5d5",
            "messageTitle": "userguide errors fixed",
            "messageBody": "",
            "insertions": 1,
            "deletions": 1
          },
          {
            "hash": "510ad5e12829386ada537df75e31012ab060a6c0",
            "messageTitle": "calendar seq diag",
            "messageBody": "",
            "insertions": 7,
            "deletions": 10
          },
          {
            "hash": "c041f1d89cf82eb31bc8149a51584ebb9c6176a8",
            "messageTitle": "checkstyles",
            "messageBody": "",
            "insertions": 1,
            "deletions": 1
          },
          {
            "hash": "6d68c1ddb40c62bc6216ee15a5a9e60536606510",
            "messageTitle": "close calendar test",
            "messageBody": "",
            "insertions": 19,
            "deletions": 0
          },
          {
            "hash": "e5aa6e375d7fc0d2cd0f32c68e1b5343f234024e",
            "messageTitle": "commandexceptiontest",
            "messageBody": "",
            "insertions": 15,
            "deletions": 0
          },
          {
            "hash": "f71c549770e22f0d8ce384ee2a2e371486c03082",
            "messageTitle": "deleteconsultcommandparser test",
            "messageBody": "",
            "insertions": 50,
            "deletions": 0
          },
          {
            "hash": "d9a122bbc4331a302762afc73ed5b9372516fc70",
            "messageTitle": "checkstyles",
            "messageBody": "",
            "insertions": 7,
            "deletions": 4
          }
        ]
      },
      {
        "insertions": 136,
        "deletions": 0,
        "date": "2020-04-05",
        "commitResults": [
          {
            "hash": "bbdcc7979c36b1ad65ed5bcc5b4929a5a468d36b",
            "messageTitle": "unique consult list test",
            "messageBody": "",
            "insertions": 136,
            "deletions": 0
          }
        ]
      }
    ],
    "shunde97": [
      {
        "insertions": 152,
        "deletions": 19,
        "date": "2020-03-03",
        "commitResults": [
          {
            "hash": "653c9f3be6adbb1d24e541491aa45fe00718ed05",
            "messageTitle": "Created Student class",
            "messageBody": "",
            "insertions": 109,
            "deletions": 0
          },
          {
            "hash": "814cdde53c7f1e6600315ccbdf07dc272884bb86",
            "messageTitle": "Created Student class",
            "messageBody": "",
            "insertions": 23,
            "deletions": 10
          },
          {
            "hash": "dbbfb6fef50ac5562a26f0c3cb3dbd0d26c3270e",
            "messageTitle": "Created Student class",
            "messageBody": "",
            "insertions": 13,
            "deletions": 0
          },
          {
            "hash": "08b4dc8d512068b807307e8880a32df67b534139",
            "messageTitle": "Created Student class",
            "messageBody": "",
            "insertions": 7,
            "deletions": 9
          }
        ]
      },
      {
        "insertions": 1882,
        "deletions": 2155,
        "date": "2020-03-16",
        "commitResults": [
          {
            "hash": "140804d7b39be5aa7dbacd7d8de41653e77a5972",
            "messageTitle": "mid refactoring",
            "messageBody": "",
            "insertions": 1084,
            "deletions": 1257
          },
          {
            "hash": "4e5584cddfa0a4e6c76de4c3e6fa92d0788e8edf",
            "messageTitle": "finished refactoring all \"person\" to student",
            "messageBody": "",
            "insertions": 509,
            "deletions": 600
          },
          {
            "hash": "388ec9c280af6dba55da156494bbc86ce9130eb9",
            "messageTitle": "refactored persons to students",
            "messageBody": "",
            "insertions": 289,
            "deletions": 298
          }
        ]
      },
      {
        "insertions": 668,
        "deletions": 540,
        "date": "2020-03-17",
        "commitResults": [
          {
            "hash": "d6c9e5f47abbec3f193ccce0386bb8abec33cac3",
            "messageTitle": "refactored person to student and proper import checkstyle",
            "messageBody": "",
            "insertions": 176,
            "deletions": 198
          },
          {
            "hash": "e97334d454d418392643133dde1af84d425237bf",
            "messageTitle": "refactored person to student and proper import checkstyle",
            "messageBody": "",
            "insertions": 171,
            "deletions": 31
          },
          {
            "hash": "2ba6b8600df6e6ef71a432dff2eeae816847296b",
            "messageTitle": "refactored person to student and proper import checkstyle",
            "messageBody": "",
            "insertions": 10,
            "deletions": 8
          },
          {
            "hash": "29b29548885da73dd2ff7de69b3231daeb22e736",
            "messageTitle": "refactored person into student and passed checkstyle test",
            "messageBody": "",
            "insertions": 311,
            "deletions": 303
          }
        ]
      },
      {
        "insertions": 383,
        "deletions": 349,
        "date": "2020-03-19",
        "commitResults": [
          {
            "hash": "96d5c8a94c3848ef613a8d5f3141b1d89a668fc7",
            "messageTitle": "refactored Person into MatricNumber",
            "messageBody": "",
            "insertions": 329,
            "deletions": 308
          },
          {
            "hash": "f517895063d181031912ef151c85d155f4dff2d1",
            "messageTitle": "edited regex for MatricNum and refactored all tests",
            "messageBody": "",
            "insertions": 54,
            "deletions": 41
          }
        ]
      },
      {
        "insertions": 226,
        "deletions": 203,
        "date": "2020-03-24",
        "commitResults": [
          {
            "hash": "f31803fe270c21f8b7effb0e432b2b160c3026b1",
            "messageTitle": "refactored basic add/del/find functions to more specific xxxStudent functions",
            "messageBody": "",
            "insertions": 222,
            "deletions": 199
          },
          {
            "hash": "d0a51adb388bd0a34566761d4f83aa963947935c",
            "messageTitle": "refactored basic add/del/find functions to more specific xxxStudent functions",
            "messageBody": "",
            "insertions": 4,
            "deletions": 4
          }
        ]
      },
      {
        "insertions": 11,
        "deletions": 0,
        "date": "2020-03-30",
        "commitResults": [
          {
            "hash": "7b74139fedb85ac6496c0ea2ecc25b8a78534122",
            "messageTitle": "fixed deleteStudent to reflect in tutorial",
            "messageBody": "",
            "insertions": 11,
            "deletions": 0
          }
        ]
      },
      {
        "insertions": 86,
        "deletions": 4,
        "date": "2020-03-31",
        "commitResults": [
          {
            "hash": "c2a79418c3d0dd15fc01c5abcf0f4f73c6a3c64c",
            "messageTitle": "edited to change identifier to matric number",
            "messageBody": "",
            "insertions": 86,
            "deletions": 4
          }
        ]
      },
      {
        "insertions": 175,
        "deletions": 311,
        "date": "2020-04-02",
        "commitResults": [
          {
            "hash": "599202a94848d4a29a9520cd7699483e0f6c29eb",
            "messageTitle": "removed remark feature",
            "messageBody": "",
            "insertions": 30,
            "deletions": 303
          },
          {
            "hash": "0878024a8cac01ff9e7340f3162be3fb52a94747",
            "messageTitle": "added findStudentMatricNumber",
            "messageBody": "",
            "insertions": 127,
            "deletions": 0
          },
          {
            "hash": "1fd7b71a35e9d7f35261877bad19410aad4edc2c",
            "messageTitle": "edited UG and fixed findStudentMatricNumber",
            "messageBody": "",
            "insertions": 18,
            "deletions": 8
          }
        ]
      },
      {
        "insertions": 19,
        "deletions": 14,
        "date": "2020-04-03",
        "commitResults": [
          {
            "hash": "9e115ec8621f2c452a005c852fb4b9172406af7d",
            "messageTitle": "fixed bug with deleteStudent",
            "messageBody": "",
            "insertions": 2,
            "deletions": 1
          },
          {
            "hash": "04db31325bfdf0d87e25f7b3fed897c0d820fabf",
            "messageTitle": "edited clear to clearStudent",
            "messageBody": "",
            "insertions": 17,
            "deletions": 13
          }
        ]
      },
      {
        "insertions": 43,
        "deletions": 7,
        "date": "2020-04-04",
        "commitResults": [
          {
            "hash": "55a5b821062e151385aaf3e6287e7d31b5cd8d41",
            "messageTitle": "fixed wrapping of student name",
            "messageBody": "",
            "insertions": 1,
            "deletions": 1
          },
          {
            "hash": "664a11d49f41b5fd141de64bec1267b6c097cafe",
            "messageTitle": "added autoconverter to student\u0027s name",
            "messageBody": "",
            "insertions": 20,
            "deletions": 1
          },
          {
            "hash": "ac2ed476b10c4019bc31c87163dbf9b91105debc",
            "messageTitle": "added character limit to name",
            "messageBody": "",
            "insertions": 6,
            "deletions": 3
          },
          {
            "hash": "ee40be4734ccb99ad424c11565c43e9789b92d52",
            "messageTitle": "fixed deleteStudent to delete consults",
            "messageBody": "",
            "insertions": 16,
            "deletions": 2
          }
        ]
      },
      {
        "insertions": 6,
        "deletions": 6,
        "date": "2020-04-05",
        "commitResults": [
          {
            "hash": "398ad3677482d8471455bedd3ac9efde9caba805",
            "messageTitle": "edited error messages",
            "messageBody": "",
            "insertions": 6,
            "deletions": 6
          }
        ]
      }
    ],
    "suwoons": [
      {
        "insertions": 2243,
        "deletions": 1128,
        "date": "2020-03-07",
        "commitResults": [
          {
            "hash": "5349ef1d88e1de422f0b626eb01c9723f16f384c",
            "messageTitle": "Remove EventName",
            "messageBody": "",
            "insertions": 0,
            "deletions": 76
          },
          {
            "hash": "9fe276537320582bf57bc850c1c89fa69e5fb309",
            "messageTitle": "Implement Tutorial class and AddTutorial command",
            "messageBody": "Implemented Tutorial class, and included AddTutorial command - without students. Updated relevant UG and DG documentation.\n",
            "insertions": 1222,
            "deletions": 90
          },
          {
            "hash": "d1efb8a5ea7b2f369bdbe2ff96aab35ecac80f1f",
            "messageTitle": "Fix line separator checkstyle",
            "messageBody": "",
            "insertions": 891,
            "deletions": 893
          },
          {
            "hash": "844f53879613d41c06ea56ee183afcfafeedd1ed",
            "messageTitle": "Fix checkstyle",
            "messageBody": "",
            "insertions": 45,
            "deletions": 42
          },
          {
            "hash": "27d6387976d666a8b6e32f4db073e5de9a6e3826",
            "messageTitle": "Resolve test issues",
            "messageBody": "",
            "insertions": 85,
            "deletions": 27
          }
        ]
      },
      {
        "insertions": 137,
        "deletions": 11,
        "date": "2020-03-09",
        "commitResults": [
          {
            "hash": "2c7c2c3380d1b782f31746beac68db80a9adaaad",
            "messageTitle": "Add deleteTutorial command and update UG",
            "messageBody": "",
            "insertions": 102,
            "deletions": 6
          },
          {
            "hash": "54ff8437d8fc0456bd8265d5db980e468f39ae7a",
            "messageTitle": "Add listTutorial command",
            "messageBody": "",
            "insertions": 34,
            "deletions": 4
          },
          {
            "hash": "7db693741031bf70c2b2534af75ffae214ffa477",
            "messageTitle": "Update listTutorial success msg",
            "messageBody": "",
            "insertions": 1,
            "deletions": 1
          }
        ]
      },
      {
        "insertions": 28,
        "deletions": 6,
        "date": "2020-03-16",
        "commitResults": [
          {
            "hash": "4fa5c3803f07eb21d6e39976c2d2750bfdea16e3",
            "messageTitle": "Add tutorial storage function",
            "messageBody": "",
            "insertions": 22,
            "deletions": 6
          },
          {
            "hash": "4cccadb52e2d6ba5f49d65a5efbc2d104d2ad0dd",
            "messageTitle": "Fix compileTestJava error",
            "messageBody": "",
            "insertions": 6,
            "deletions": 0
          }
        ]
      },
      {
        "insertions": 113,
        "deletions": 22,
        "date": "2020-03-17",
        "commitResults": [
          {
            "hash": "9a1f788c874e1d85509a72a0a9f2d75c255cb81a",
            "messageTitle": "Added time checking for tutorial",
            "messageBody": "",
            "insertions": 113,
            "deletions": 22
          }
        ]
      },
      {
        "insertions": 68,
        "deletions": 1,
        "date": "2020-03-18",
        "commitResults": [
          {
            "hash": "7f7046ba640991f839234a8b23873b45ab570b6a",
            "messageTitle": "Update UG",
            "messageBody": "",
            "insertions": 68,
            "deletions": 1
          }
        ]
      },
      {
        "insertions": 895,
        "deletions": 99,
        "date": "2020-03-20",
        "commitResults": [
          {
            "hash": "84bacda66c23f2bf8e263f2257ee811129047660",
            "messageTitle": "AddTutorialCommand test",
            "messageBody": "",
            "insertions": 531,
            "deletions": 71
          },
          {
            "hash": "03157d886ed527caace542a26cebba7d0b88bbb0",
            "messageTitle": "Implement AddTutorialStudentCommand (w/o storage)",
            "messageBody": "In midst of implementing AddTutorialStudentCommand. Have not updated JSON storage for Tutorial to include enrolled students or the attendance sheet yet.\nAlso updated UG and the GUI icon.\n",
            "insertions": 287,
            "deletions": 15
          },
          {
            "hash": "a2433bb17c3abdf0552586fa44594b4ebb2ce01d",
            "messageTitle": "Fix checkstyle and tests",
            "messageBody": "",
            "insertions": 64,
            "deletions": 12
          },
          {
            "hash": "5c42eec219971841735bcf7239f0451699e66cf3",
            "messageTitle": "Add tutorial exceptions",
            "messageBody": "",
            "insertions": 13,
            "deletions": 1
          }
        ]
      },
      {
        "insertions": 477,
        "deletions": 104,
        "date": "2020-03-22",
        "commitResults": [
          {
            "hash": "9229440b5185633be274c9b17c3e0f9d7883e81e",
            "messageTitle": "Add storage for students and attendance in Tutorial",
            "messageBody": "",
            "insertions": 146,
            "deletions": 29
          },
          {
            "hash": "29cf443ef0b07bb008c0794e5512441f6ba076ec",
            "messageTitle": "Implement DeleteTutorialStudent for tutorials",
            "messageBody": "",
            "insertions": 211,
            "deletions": 28
          },
          {
            "hash": "9d3b7d79984a42ef35274000d580e3de3f040696",
            "messageTitle": "Update TutorialBuilder",
            "messageBody": "",
            "insertions": 85,
            "deletions": 2
          },
          {
            "hash": "b43f456c574e8479068c37c28708b5f397037f84",
            "messageTitle": "Update storage",
            "messageBody": "",
            "insertions": 35,
            "deletions": 45
          }
        ]
      },
      {
        "insertions": 493,
        "deletions": 48,
        "date": "2020-03-23",
        "commitResults": [
          {
            "hash": "8e81c5fac17fb481524b3b38692e829bc385136e",
            "messageTitle": "Update DG Tutorial",
            "messageBody": "",
            "insertions": 3,
            "deletions": 2
          },
          {
            "hash": "09cec4bac16ffb66e793ed053db6da724665e09d",
            "messageTitle": "Update AddTutorial tests",
            "messageBody": "",
            "insertions": 18,
            "deletions": 8
          },
          {
            "hash": "acdded573d95eff4b070548d46466e1b3ab0dd2a",
            "messageTitle": "Fix checkstyle",
            "messageBody": "",
            "insertions": 2,
            "deletions": 1
          },
          {
            "hash": "b67d41a04bda2b2b0d7908380caadbd62abae0e6",
            "messageTitle": "Implement attendance features in tutorial",
            "messageBody": "",
            "insertions": 470,
            "deletions": 2
          },
          {
            "hash": "5eae2a53782f0b42808441e34f6d8f02a636405c",
            "messageTitle": "Remove ListAttendance",
            "messageBody": "",
            "insertions": 0,
            "deletions": 35
          }
        ]
      },
      {
        "insertions": 353,
        "deletions": 3,
        "date": "2020-03-24",
        "commitResults": [
          {
            "hash": "73e3aa6f4ddabfc52673048c71fb0529831caa83",
            "messageTitle": "Tried to add Attendance JavaFX",
            "messageBody": "",
            "insertions": 353,
            "deletions": 3
          }
        ]
      },
      {
        "insertions": 128,
        "deletions": 75,
        "date": "2020-03-25",
        "commitResults": [
          {
            "hash": "688a31e7a88611811b893150f3c798f9b35456c7",
            "messageTitle": "Update with functional Attendance GUI",
            "messageBody": "",
            "insertions": 66,
            "deletions": 50
          },
          {
            "hash": "490e87e2f6ff1418d0f76f00dbe0791968f2f553",
            "messageTitle": "Update Attendance GUI with colours",
            "messageBody": "",
            "insertions": 43,
            "deletions": 10
          },
          {
            "hash": "fdcdb731ab603df47eef83ebc8f5768cbe251f15",
            "messageTitle": "Fix checkstyle",
            "messageBody": "",
            "insertions": 10,
            "deletions": 11
          },
          {
            "hash": "e3611f10a50b7552e7d27d11f99e3f7cfee8c88c",
            "messageTitle": "Include attendance in SampleDataUtil",
            "messageBody": "",
            "insertions": 9,
            "deletions": 4
          }
        ]
      },
      {
        "insertions": 4,
        "deletions": 12,
        "date": "2020-03-29",
        "commitResults": [
          {
            "hash": "3757c96f03fc6b48f3725d428c7eb2ad6cf548ab",
            "messageTitle": "Update DG and Attendance GUI",
            "messageBody": "",
            "insertions": 2,
            "deletions": 9
          },
          {
            "hash": "2da8567e422f71b995f0d4e03dade8eddea1cd0a",
            "messageTitle": "Update DG seq diagrams",
            "messageBody": "",
            "insertions": 0,
            "deletions": 1
          },
          {
            "hash": "340ddeed06aec5327af42047419e024f72b3ed98",
            "messageTitle": "Change addressbook filepath to TAble.json",
            "messageBody": "",
            "insertions": 1,
            "deletions": 1
          },
          {
            "hash": "62f513e0d18e010a08bc95149156df26a0374af2",
            "messageTitle": "Update Ui.png",
            "messageBody": "",
            "insertions": 1,
            "deletions": 1
          }
        ]
      },
      {
        "insertions": 11,
        "deletions": 8,
        "date": "2020-03-30",
        "commitResults": [
          {
            "hash": "20dfe64219dc9a33df5e80c4e617c59a7ec1cfd3",
            "messageTitle": "Updated success messages",
            "messageBody": "",
            "insertions": 11,
            "deletions": 8
          }
        ]
      },
      {
        "insertions": 129,
        "deletions": 1,
        "date": "2020-03-31",
        "commitResults": [
          {
            "hash": "2eb595accd678870ad6006bdbbe371be29c0f68c",
            "messageTitle": "Implement CopyTutorialEmails command",
            "messageBody": "",
            "insertions": 129,
            "deletions": 1
          }
        ]
      },
      {
        "insertions": 36,
        "deletions": 16,
        "date": "2020-04-01",
        "commitResults": [
          {
            "hash": "208794b1dd3b4341d690f898cf146c8b2495bed0",
            "messageTitle": "Add Attendance tab header",
            "messageBody": "",
            "insertions": 32,
            "deletions": 10
          },
          {
            "hash": "dc8974a01e13066189cbb13dad314dc2c5ed76ff",
            "messageTitle": "Update calendar command to viewCalendar",
            "messageBody": "",
            "insertions": 1,
            "deletions": 1
          },
          {
            "hash": "e72a321081499e4f67523dd0bed96857cadcd676",
            "messageTitle": "Fix checkstyle",
            "messageBody": "",
            "insertions": 0,
            "deletions": 2
          },
          {
            "hash": "1cda1af637443954c6a29af16d2d96f617f04333",
            "messageTitle": "Fix checkstyle",
            "messageBody": "",
            "insertions": 1,
            "deletions": 1
          },
          {
            "hash": "322a38cff3f34c17b8970559ab3fb729b2197de7",
            "messageTitle": "Update TutorialUtilTest.java",
            "messageBody": "",
            "insertions": 2,
            "deletions": 2
          }
        ]
      },
      {
        "insertions": 2,
        "deletions": 2,
        "date": "2020-04-02",
        "commitResults": [
          {
            "hash": "951362d3aedb3e19efb629debcd00948c6d088d1",
            "messageTitle": "Update website",
            "messageBody": "",
            "insertions": 2,
            "deletions": 2
          }
        ]
      },
      {
        "insertions": 46,
        "deletions": 23,
        "date": "2020-04-03",
        "commitResults": [
          {
            "hash": "a0134639eccd4d689fedd53dc750c0b6bab148bf",
            "messageTitle": "Add border for attendance GUI cards",
            "messageBody": "",
            "insertions": 2,
            "deletions": 2
          },
          {
            "hash": "7f205b01556593c2f5d971650bd4ec1206a11b72",
            "messageTitle": "Allow wrapText for attendance card",
            "messageBody": "",
            "insertions": 1,
            "deletions": 1
          },
          {
            "hash": "9ef4c9185c08f74181f4aca12aa04e07f5269284",
            "messageTitle": "Fix UG typo",
            "messageBody": "",
            "insertions": 2,
            "deletions": 1
          },
          {
            "hash": "a9358938cf4f8c977b58d66df900b7e4d8bc1537",
            "messageTitle": "Handle invalid day value error",
            "messageBody": "",
            "insertions": 12,
            "deletions": 5
          },
          {
            "hash": "2b44a8b0dcfb9c0ff81c9dfe71dd3b97fbf64423",
            "messageTitle": "Update duplicate tutorial msg and UG",
            "messageBody": "",
            "insertions": 6,
            "deletions": 4
          },
          {
            "hash": "b73f46d90024e4aae1a8a36fad75b296dc2d383c",
            "messageTitle": "Update tutorial error msgs",
            "messageBody": "",
            "insertions": 13,
            "deletions": 3
          },
          {
            "hash": "2974d95edc3106eb5eefceee8dbc2722532233b2",
            "messageTitle": "Fix checkstyle",
            "messageBody": "",
            "insertions": 10,
            "deletions": 7
          }
        ]
      },
      {
        "insertions": 396,
        "deletions": 86,
        "date": "2020-04-05",
        "commitResults": [
          {
            "hash": "ab7dab04b8b15f81e4d827e2ad5aa31429e623be",
            "messageTitle": "Fix tutorial time clash",
            "messageBody": "",
            "insertions": 12,
            "deletions": 7
          },
          {
            "hash": "09fc57d4439d7485b1cae1689c1d68adb260d418",
            "messageTitle": "Throw error for repeated prefixes",
            "messageBody": "",
            "insertions": 26,
            "deletions": 7
          },
          {
            "hash": "02e884e010fa8fbe9dcf5159b22cb29909f12825",
            "messageTitle": "Add unique prefix condiiton to all parsers",
            "messageBody": "",
            "insertions": 336,
            "deletions": 9
          },
          {
            "hash": "c6b1250b7381ddae24667dee36f1e010850cb166",
            "messageTitle": "Fix tests and checkstyle",
            "messageBody": "",
            "insertions": 20,
            "deletions": 19
          },
          {
            "hash": "7945b17c7d2e795d410f2a273de4decb1b46f489",
            "messageTitle": "Remove tests which allow repeated prefixes",
            "messageBody": "",
            "insertions": 1,
            "deletions": 41
          },
          {
            "hash": "a50ec5db0fd430e99f88ddeb72baeceaa468ca7c",
            "messageTitle": "Pls pass travis",
            "messageBody": "",
            "insertions": 1,
            "deletions": 3
          }
        ]
      }
    ]
  },
  "authorFinalContributionMap": {
    "CranstonYeo": 3529,
    "nigelnnk": 4164,
    "hanchingyong": 4064,
    "shunde97": 2066,
    "suwoons": 4025
  },
  "authorFileTypeContributionMap": {
    "CranstonYeo": {
      "docs": 0,
      "functional-code": 2548,
      "test-code": 981
    },
    "nigelnnk": {
      "docs": 0,
      "functional-code": 3168,
      "test-code": 991,
      "other": 5
    },
    "hanchingyong": {
      "docs": 0,
      "functional-code": 2762,
      "test-code": 1302
    },
    "shunde97": {
      "docs": 0,
      "functional-code": 998,
      "test-code": 1068
    },
    "suwoons": {
      "docs": 0,
      "functional-code": 3308,
      "test-code": 715,
      "other": 2
    }
  },
  "authorContributionVariance": {
    "CranstonYeo": 69266.55,
    "nigelnnk": 48260.918,
    "hanchingyong": 59578.984,
    "shunde97": 329223.8,
    "suwoons": 231336.5
  },
  "authorDisplayNameMap": {
    "CranstonYeo": "CS2103-W15-3 CRAN..IJIE",
    "nigelnnk": "CS2103-W15-3 NEO ..IGEL",
    "hanchingyong": "CS2103-W15-3 YONG..HING",
    "shunde97": "CS2103-W15-3 CHIA..N DE",
    "suwoons": "CS2103-W15-3 LIM ..ARAH"
  }
}
