{
  "authorDailyContributionsMap": {
    "teikjun": [
      {
        "insertions": 2,
        "deletions": 2,
        "date": "2020-03-04",
        "commitResults": [
          {
            "hash": "7423c599f4fed0206c163cdf4792d7f86022bc65",
            "messageTitle": "change repoURL",
            "messageBody": "",
            "insertions": 2,
            "deletions": 2
          }
        ]
      },
      {
        "insertions": 1,
        "deletions": 1,
        "date": "2020-03-11",
        "commitResults": [
          {
            "hash": "9dcb86b7f161e56ecfcb9a2ed75b2837c70b2746",
            "messageTitle": "rename AddTaskParser",
            "messageBody": "",
            "insertions": 1,
            "deletions": 1
          }
        ]
      },
      {
        "insertions": 154,
        "deletions": 67,
        "date": "2020-03-16",
        "commitResults": [
          {
            "hash": "3121936df255b81d91061b4c9c3c624b8dfe4b0f",
            "messageTitle": "add help command",
            "messageBody": "",
            "insertions": 61,
            "deletions": 3
          },
          {
            "hash": "91dcbd59e36c18760223b46d8b6675b2d9575cd8",
            "messageTitle": "fix line separator issue",
            "messageBody": "",
            "insertions": 2,
            "deletions": 2
          },
          {
            "hash": "c6fd3a68c7dddc131975867f5c210c4f9b17c028",
            "messageTitle": "fix line endings",
            "messageBody": "",
            "insertions": 59,
            "deletions": 53
          },
          {
            "hash": "d54806a14ff75cee4a2543c60d9e62c64d183e8b",
            "messageTitle": "document empty methods",
            "messageBody": "",
            "insertions": 3,
            "deletions": 0
          },
          {
            "hash": "548694d1bdcbdb6cbfd58369c12ee4193b740013",
            "messageTitle": "add tests for HelpCommand",
            "messageBody": "",
            "insertions": 15,
            "deletions": 1
          },
          {
            "hash": "a147845f97ac1a72da3c807091f6346617daa872",
            "messageTitle": "fix checkstyle",
            "messageBody": "",
            "insertions": 3,
            "deletions": 3
          },
          {
            "hash": "12b1f20d4ca20e77f75847dbf3b289bb940a95e3",
            "messageTitle": "improve code style",
            "messageBody": "",
            "insertions": 10,
            "deletions": 3
          },
          {
            "hash": "07d1aea10fb8f561daa4b010ef758be19a9b194c",
            "messageTitle": "add newline at end of file",
            "messageBody": "",
            "insertions": 1,
            "deletions": 0
          },
          {
            "hash": "4df0144b41d6945666de8ccf53158488b431e61c",
            "messageTitle": "remove unused import",
            "messageBody": "",
            "insertions": 0,
            "deletions": 2
          }
        ]
      },
      {
        "insertions": 235,
        "deletions": 41,
        "date": "2020-03-18",
        "commitResults": [
          {
            "hash": "74acf0bd4aacb849d815aebdac18784c6b6ece65",
            "messageTitle": "add find functionality",
            "messageBody": "",
            "insertions": 171,
            "deletions": 7
          },
          {
            "hash": "6896772e16b26fb7c9cc1135a1e3cb61e25db9fd",
            "messageTitle": "add test",
            "messageBody": "",
            "insertions": 10,
            "deletions": 13
          },
          {
            "hash": "80d83945258d13c20e31d65026fe2a80ac776f5b",
            "messageTitle": "fix tests",
            "messageBody": "",
            "insertions": 54,
            "deletions": 20
          },
          {
            "hash": "ed9d51f196e795801d8bdb16cf09847607bcecfb",
            "messageTitle": "fix more tests",
            "messageBody": "",
            "insertions": 0,
            "deletions": 1
          }
        ]
      },
      {
        "insertions": 491,
        "deletions": 371,
        "date": "2020-03-19",
        "commitResults": [
          {
            "hash": "626874980eb0fee98c97179571613fefef1c1817",
            "messageTitle": "add more tests and improve code quality",
            "messageBody": "",
            "insertions": 84,
            "deletions": 32
          },
          {
            "hash": "59bcb358dc66b7c21ebc5692823170c72001253f",
            "messageTitle": "improve code style",
            "messageBody": "",
            "insertions": 3,
            "deletions": 3
          },
          {
            "hash": "aeeb6768d6a57fc7fefb6fde74746e6d2b21638a",
            "messageTitle": "format code",
            "messageBody": "",
            "insertions": 247,
            "deletions": 209
          },
          {
            "hash": "81deb5cde0ba3d5cbd01d489d1d0b1d7b5fd59b7",
            "messageTitle": "add list functionality",
            "messageBody": "",
            "insertions": 91,
            "deletions": 61
          },
          {
            "hash": "fe8430d65ec1d8ab40f553e0cc4111cfdb633467",
            "messageTitle": "fix line endings",
            "messageBody": "",
            "insertions": 4,
            "deletions": 0
          },
          {
            "hash": "fcea9ead5d3945ea6813a6946889d129199662ff",
            "messageTitle": "remove unused methods",
            "messageBody": "",
            "insertions": 0,
            "deletions": 4
          },
          {
            "hash": "a92b782f39d15db2e1574cd7b49e7c5003601239",
            "messageTitle": "fix line endings",
            "messageBody": "",
            "insertions": 38,
            "deletions": 38
          },
          {
            "hash": "78ef395f35c74cff2185910dac1015072f160919",
            "messageTitle": "fix more line endings",
            "messageBody": "",
            "insertions": 24,
            "deletions": 24
          }
        ]
      },
      {
        "insertions": 920,
        "deletions": 360,
        "date": "2020-03-24",
        "commitResults": [
          {
            "hash": "104de2635fd49919c186f47dc2e20e0bba3edf92",
            "messageTitle": "add taskField and EditTaskInteractivePrompt",
            "messageBody": "",
            "insertions": 179,
            "deletions": 4
          },
          {
            "hash": "f95717c9ce052984ab9debcca85beeab0f08d6c0",
            "messageTitle": "fix merge conflicts",
            "messageBody": "",
            "insertions": 2,
            "deletions": 2
          },
          {
            "hash": "55d7b5b6252a4ec4ec24bf686d92d83d4d6ed2ac",
            "messageTitle": "allow edit for task name and task type",
            "messageBody": "",
            "insertions": 232,
            "deletions": 4
          },
          {
            "hash": "e27337b3251c80ccf595c8c325ee592a18752e3c",
            "messageTitle": "make edit work",
            "messageBody": "",
            "insertions": 38,
            "deletions": 24
          },
          {
            "hash": "c6d3e595fc37285cde6e501aed7405071a272c30",
            "messageTitle": "fix some bugs",
            "messageBody": "",
            "insertions": 354,
            "deletions": 308
          },
          {
            "hash": "8c130a94e3a57b401d1d49856a7d950ba92341f6",
            "messageTitle": "refresh list",
            "messageBody": "",
            "insertions": 6,
            "deletions": 0
          },
          {
            "hash": "c6c88bc077c64ff0b2f9922e0f4263f598308ec3",
            "messageTitle": "squash some bugs",
            "messageBody": "",
            "insertions": 89,
            "deletions": 11
          },
          {
            "hash": "dfb0ad6fe0bba53e401d1384cae340369eb9a963",
            "messageTitle": "more exception handling",
            "messageBody": "",
            "insertions": 16,
            "deletions": 2
          },
          {
            "hash": "167c0a9cd91e593be84dcdef57b60e2b96a9b246",
            "messageTitle": "add docs for logic",
            "messageBody": "",
            "insertions": 2,
            "deletions": 3
          },
          {
            "hash": "bfbb35c365d976df8ed4e4cf7375ad34a82c81bf",
            "messageTitle": "change release version",
            "messageBody": "",
            "tags": [
              "v1.2.1"
            ],
            "insertions": 1,
            "deletions": 1
          },
          {
            "hash": "ba2561b8addeb6192651013748a11664d0688cd4",
            "messageTitle": "change jar name to studybuddy",
            "messageBody": "",
            "insertions": 1,
            "deletions": 1
          }
        ]
      },
      {
        "insertions": 300,
        "deletions": 300,
        "date": "2020-03-25",
        "commitResults": [
          {
            "hash": "b8d3eb6afa56eb5466d88e9c869124a12299afb6",
            "messageTitle": "Revert \"Added UI for modules\"",
            "messageBody": "",
            "insertions": 52,
            "deletions": 248
          },
          {
            "hash": "6955ad85bf405eb7d141e87a48ef4c41661cee07",
            "messageTitle": "Revert \"Revert \"Added UI for modules\"\"",
            "messageBody": "",
            "insertions": 248,
            "deletions": 52
          }
        ]
      }
    ],
    "souwmyaa": [
      {
        "insertions": 268,
        "deletions": 16,
        "date": "2020-03-09",
        "commitResults": [
          {
            "hash": "89b7fddec2d37ecf77c319bbfc68cc78063e82ff",
            "messageTitle": "Added Delete function",
            "messageBody": "",
            "insertions": 268,
            "deletions": 16
          }
        ]
      },
      {
        "insertions": 212,
        "deletions": 2,
        "date": "2020-03-15",
        "commitResults": [
          {
            "hash": "c6fa1292443860cd23a3d74fcbee08ca0cb6b9b4",
            "messageTitle": "Changes",
            "messageBody": "",
            "insertions": 1,
            "deletions": 1
          },
          {
            "hash": "2d80545eaf2ec9b46e54e6c3a10443f60ec2bd18",
            "messageTitle": "Delete Duplicates",
            "messageBody": "",
            "insertions": 211,
            "deletions": 1
          }
        ]
      },
      {
        "insertions": 129,
        "deletions": 4,
        "date": "2020-03-16",
        "commitResults": [
          {
            "hash": "afcc53583503e7d3aae92ba92327a49f80539f30",
            "messageTitle": "Quit Command",
            "messageBody": "",
            "insertions": 127,
            "deletions": 2
          },
          {
            "hash": "9168d1a088b7a7fdf77e03435b43855f5eacab99",
            "messageTitle": "Changed command to bye",
            "messageBody": "",
            "insertions": 2,
            "deletions": 2
          }
        ]
      },
      {
        "insertions": 61,
        "deletions": 5,
        "date": "2020-03-17",
        "commitResults": [
          {
            "hash": "7c5a7f034782a73448c4990fe39e328b45b593fb",
            "messageTitle": "Add temp changes",
            "messageBody": "",
            "insertions": 61,
            "deletions": 5
          }
        ]
      },
      {
        "insertions": 461,
        "deletions": 77,
        "date": "2020-03-18",
        "commitResults": [
          {
            "hash": "fab16d7eeb2567519c178b5858259b937aa5fc69",
            "messageTitle": "Added due soon refresh",
            "messageBody": "",
            "insertions": 441,
            "deletions": 64
          },
          {
            "hash": "cb04f21d1a061be3817691ea75217cd4bd75acb8",
            "messageTitle": "Fix error",
            "messageBody": "",
            "insertions": 20,
            "deletions": 13
          }
        ]
      },
      {
        "insertions": 266,
        "deletions": 190,
        "date": "2020-03-21",
        "commitResults": [
          {
            "hash": "3c1ec9ea3e1a52fd95eb10e4c6f691e19236228e",
            "messageTitle": "Due Soon bug fix",
            "messageBody": "",
            "insertions": 139,
            "deletions": 108
          },
          {
            "hash": "9e4b28519559e9cbdcd5cb967d27450812381cba",
            "messageTitle": "Checkstyle bugs fixed",
            "messageBody": "",
            "insertions": 40,
            "deletions": 26
          },
          {
            "hash": "00ccaa54cffd4437ccff954b19cdb023c5d697f1",
            "messageTitle": "Choice to add duplicates implemented",
            "messageBody": "",
            "insertions": 71,
            "deletions": 48
          },
          {
            "hash": "f69571a1eb826abcbcdbf64532e2384083c5bc31",
            "messageTitle": "Fix exit bug",
            "messageBody": "",
            "insertions": 16,
            "deletions": 7
          },
          {
            "hash": "92174b02b5d08c0b9bd0960585e0030a4b0b3d7a",
            "messageTitle": "Checkstyle fix",
            "messageBody": "",
            "insertions": 0,
            "deletions": 1
          }
        ]
      },
      {
        "insertions": 196,
        "deletions": 37,
        "date": "2020-03-24",
        "commitResults": [
          {
            "hash": "1e5136a7a59b2927ffe018221d2faaff2bfc3143",
            "messageTitle": "Add sort in address book",
            "messageBody": "",
            "insertions": 7,
            "deletions": 0
          },
          {
            "hash": "69f91a4e023047c3e32180b0d67b8abded964029",
            "messageTitle": "Sort feature",
            "messageBody": "",
            "insertions": 16,
            "deletions": 1
          },
          {
            "hash": "bda5ca1bdcce920c09ba2da62615d467561474b9",
            "messageTitle": "Clear command",
            "messageBody": "",
            "insertions": 131,
            "deletions": 15
          },
          {
            "hash": "9a6279d0040535b214d54b47ef5c1fb7887ca186",
            "messageTitle": "Added test",
            "messageBody": "",
            "insertions": 32,
            "deletions": 0
          },
          {
            "hash": "4259755c09df2da918c506ef6dcce88b2ac1c1d0",
            "messageTitle": "Fix bug- auto delete from due soon list",
            "messageBody": "",
            "insertions": 10,
            "deletions": 17
          },
          {
            "hash": "0cf8b924aaeb8d38c0fcf598d4c389e1a21479d2",
            "messageTitle": "Fix Bug",
            "messageBody": "",
            "insertions": 0,
            "deletions": 3
          },
          {
            "hash": "90b495d0d828cd6650d6541e20256be96b647318",
            "messageTitle": "Fix Bug",
            "messageBody": "",
            "insertions": 0,
            "deletions": 1
          }
        ]
      }
    ],
    "aegis-bot": [
      {
        "insertions": 11551,
        "deletions": 0,
        "date": "2020-03-08",
        "commitResults": [
          {
            "hash": "606c5fa616d7238dd9399e6f1d48cf806e007a27",
            "messageTitle": "Deleted addressbook and its references",
            "messageBody": "",
            "insertions": 11551,
            "deletions": 0
          }
        ]
      },
      {
        "insertions": 82,
        "deletions": 7,
        "date": "2020-03-09",
        "commitResults": [
          {
            "hash": "e1b015d02a1c1e6a54da1b363559088fb17753f5",
            "messageTitle": "Add CompleteTaskCommand class to logic/commands/main",
            "messageBody": "",
            "insertions": 27,
            "deletions": 0
          },
          {
            "hash": "ec49083117e35fdf5252ec9c6cdd862c3fe0c342",
            "messageTitle": "Added Message_task_overview to messages.java",
            "messageBody": "",
            "insertions": 2,
            "deletions": 0
          },
          {
            "hash": "26d4af304e814b2e9c26df9802e7a9ed23992b3e",
            "messageTitle": "added completion enum to Messages and completeTask to Model",
            "messageBody": "",
            "insertions": 7,
            "deletions": 1
          },
          {
            "hash": "a131ab8ec199974d8ed1f65da9286d47f49f5c20",
            "messageTitle": "added completeTask to ModelManager-\u003eAddressBook-\u003e UniqueTaskList. Modified UniquetaskList to complete Task.",
            "messageBody": "",
            "insertions": 24,
            "deletions": 0
          },
          {
            "hash": "ee4007e40bd2168466ef0931e6defb04da46e9c4",
            "messageTitle": "Minor edits on CompleteTaskCommand in logic/commands",
            "messageBody": "",
            "insertions": 22,
            "deletions": 6
          }
        ]
      },
      {
        "insertions": 15,
        "deletions": 6,
        "date": "2020-03-10",
        "commitResults": [
          {
            "hash": "a882214bd148d2933f132d52bdbc2bcba2a0ff49",
            "messageTitle": "modified AddCommandTest, added JavaDocs to uniqueTaskList \u0026 CompleteTaskCommand",
            "messageBody": "",
            "insertions": 15,
            "deletions": 5
          },
          {
            "hash": "ed87f8acfd7b8c5e4d69d4db4110e69fdd8edb26",
            "messageTitle": "no changes lol",
            "messageBody": "",
            "insertions": 0,
            "deletions": 1
          }
        ]
      },
      {
        "insertions": 151,
        "deletions": 7,
        "date": "2020-03-13",
        "commitResults": [
          {
            "hash": "ba2083a2d5a4cef391b2b70251f8ddc32464abe6",
            "messageTitle": "Handled nullPointerException in CommandBox as temporary bug fixing",
            "messageBody": "",
            "insertions": 3,
            "deletions": 1
          },
          {
            "hash": "35d0c625b58d4408239fd563935e90dfbf8bd7d4",
            "messageTitle": "modified PersonCard to display status pending/finished",
            "messageBody": "",
            "insertions": 11,
            "deletions": 1
          },
          {
            "hash": "37ce251e564bd41f626fada1841d4a0e6df7c6ec",
            "messageTitle": "added CompleteTaskCommandException",
            "messageBody": "",
            "insertions": 11,
            "deletions": 1
          },
          {
            "hash": "7042f668d81a3ff56ab66b52d812bd2037fafd13",
            "messageTitle": "modified TaskStatus to convert enum back into String",
            "messageBody": "",
            "insertions": 8,
            "deletions": 0
          },
          {
            "hash": "f0cf631ce6a5c4b28571408239f8101584aa0791",
            "messageTitle": "minor edits to CommandBox",
            "messageBody": "",
            "insertions": 8,
            "deletions": 1
          },
          {
            "hash": "24a1591957b2d39eb4b360d342e1198d56fe612d",
            "messageTitle": "modified AddTaskInteractivePrompt to setStatus(pending) by default",
            "messageBody": "",
            "insertions": 3,
            "deletions": 1
          },
          {
            "hash": "d346a104256ef279b6d7c955891d148972ef0b08",
            "messageTitle": "Created CompleteTaskInteractivePrompt class",
            "messageBody": "",
            "insertions": 107,
            "deletions": 2
          }
        ]
      },
      {
        "insertions": 433,
        "deletions": 101,
        "date": "2020-03-15",
        "commitResults": [
          {
            "hash": "ce0600f4127851445b526baa919db3cacb539b82",
            "messageTitle": "Added minor comments in task, added done to interactiveCommandType in CommandBox \u0026 added Placeholders to Task Attributes in AddTaskInteractivePrompt",
            "messageBody": "",
            "insertions": 23,
            "deletions": 7
          },
          {
            "hash": "05f18266a2ae1283bdcf4957f39e9f32e378dd0b",
            "messageTitle": "handled checkStyle",
            "messageBody": "",
            "insertions": 39,
            "deletions": 34
          },
          {
            "hash": "e1ad9a0acf061c5ae1b9726415c94bf7fc0d9cb3",
            "messageTitle": "removed redundant sys print for bugs \u0026 changed reply in addCommandPrompt",
            "messageBody": "",
            "insertions": 1,
            "deletions": 4
          },
          {
            "hash": "b56c1071a59849a411ff8bc5daac3d80e86ab093",
            "messageTitle": "Created Module in model package",
            "messageBody": "",
            "insertions": 280,
            "deletions": 0
          },
          {
            "hash": "c11d985ef8d82a63acf687ac00319bf4b1b464f9",
            "messageTitle": "added postfix to ModuleCode",
            "messageBody": "",
            "insertions": 33,
            "deletions": 5
          },
          {
            "hash": "a098cb4995ad22a0a2492f35d258036528db4148",
            "messageTitle": "Deleted old Module class. Storage need to be fixed",
            "messageBody": "",
            "insertions": 43,
            "deletions": 45
          },
          {
            "hash": "312c42a026e1b2f88310629f8a47f3ccd63e06b6",
            "messageTitle": "Created EmptyModule class to replace new Module(empty, empty)",
            "messageBody": "",
            "insertions": 14,
            "deletions": 6
          }
        ]
      },
      {
        "insertions": 201,
        "deletions": 87,
        "date": "2020-03-16",
        "commitResults": [
          {
            "hash": "a1061cdce8bd82e852bd2b7071726fcc23e84c48",
            "messageTitle": "debugged Module and removed cyclic dependencies. minor tweaks in Json, Personcard \u0026 AddInteractivePrompt",
            "messageBody": "",
            "insertions": 21,
            "deletions": 24
          },
          {
            "hash": "e3cbcaacbf3fe08d06670999d761b2a8255cf815",
            "messageTitle": "created storage for Module",
            "messageBody": "",
            "insertions": 62,
            "deletions": 4
          },
          {
            "hash": "506010e15c55b7d1e3b988b7d6fc48786e1f8a11",
            "messageTitle": "debugged Module package",
            "messageBody": "",
            "insertions": 66,
            "deletions": 15
          },
          {
            "hash": "6bd1fdfa6e3c7505ba9bcbb4098574e25dc4781b",
            "messageTitle": "repackaged interactiveprompts, create CreatModulePrompt as well as shifting attributes to the parent interactivePrompt",
            "messageBody": "",
            "insertions": 52,
            "deletions": 44
          }
        ]
      },
      {
        "insertions": 480,
        "deletions": 246,
        "date": "2020-03-17",
        "commitResults": [
          {
            "hash": "131d364889bf4051e9b9936e851448265213f82e",
            "messageTitle": "shifted old commands into legacy folder",
            "messageBody": "",
            "insertions": 25,
            "deletions": 7
          },
          {
            "hash": "f31b3c318fa27e8db50d17b92ac1a9e33f327bff",
            "messageTitle": "repackaged Command files",
            "messageBody": "",
            "insertions": 59,
            "deletions": 6
          },
          {
            "hash": "c0290c269979bb509dd69ff2d13ef4a7072bcdb6",
            "messageTitle": "tweaks in imports from repackaging",
            "messageBody": "",
            "insertions": 17,
            "deletions": 17
          },
          {
            "hash": "def54815c7de7e3690674a3f7203aa12be7216c7",
            "messageTitle": "moved common attributes to interactivePrompt. repackaged interactiveprompt children",
            "messageBody": "",
            "insertions": 54,
            "deletions": 12
          },
          {
            "hash": "ea8878d7fabe072f508a9916c4f9c704ff988ffd",
            "messageTitle": "Added create Module Fn \u0026 fixed storage issues",
            "messageBody": "",
            "insertions": 75,
            "deletions": 11
          },
          {
            "hash": "6053f99dcfbb0585c645004102a21963962f589c",
            "messageTitle": "collateral changes from repackaging",
            "messageBody": "",
            "insertions": 31,
            "deletions": 22
          },
          {
            "hash": "f12a8362b1390fe2444162531e55729b9297e631",
            "messageTitle": "checkstyle",
            "messageBody": "",
            "insertions": 198,
            "deletions": 153
          },
          {
            "hash": "439702d16e6fca181c7e9be6113862cfc8e6ddda",
            "messageTitle": "removed debugging prints \u0026 tweak name in EmptyMod",
            "messageBody": "",
            "insertions": 17,
            "deletions": 17
          },
          {
            "hash": "2ab968ccd5ef34f0ba6719b1092dea2f50206d7a",
            "messageTitle": "auto-archive in CompleteTaskCommand",
            "messageBody": "",
            "insertions": 4,
            "deletions": 1
          }
        ]
      },
      {
        "insertions": 68,
        "deletions": 18,
        "date": "2020-03-23",
        "commitResults": [
          {
            "hash": "f7419e8a7aacfc81f9cc9a663020d026d89da547",
            "messageTitle": "repackaging on logic \u0026 interactiveprompts, and added handleModule fn in mainWindow",
            "messageBody": "",
            "insertions": 68,
            "deletions": 18
          }
        ]
      },
      {
        "insertions": 187,
        "deletions": 49,
        "date": "2020-03-24",
        "commitResults": [
          {
            "hash": "ce9be3817cfb741f2675939ef865ffe6cebdf4b6",
            "messageTitle": "added UI for displaying modules",
            "messageBody": "",
            "insertions": 187,
            "deletions": 49
          }
        ]
      },
      {
        "insertions": 52,
        "deletions": 33,
        "date": "2020-03-25",
        "commitResults": [
          {
            "hash": "ca1766aadd471ea8750cbbb3a2bdabbc33cdf132",
            "messageTitle": "checkstyle",
            "messageBody": "",
            "insertions": 52,
            "deletions": 33
          }
        ]
      }
    ],
    "wyt-sonia": [
      {
        "insertions": 5,
        "deletions": 4,
        "date": "2020-03-03",
        "commitResults": [
          {
            "hash": "7c8316e7c2f6dd41112edd9459f3e896637895d4",
            "messageTitle": "javadoc fix",
            "messageBody": "",
            "insertions": 4,
            "deletions": 3
          },
          {
            "hash": "3beb86ed4acbc14143a6aeb6d7947f28d6ca6739",
            "messageTitle": "javadoc fix",
            "messageBody": "",
            "insertions": 1,
            "deletions": 1
          }
        ]
      },
      {
        "insertions": 2234,
        "deletions": 866,
        "date": "2020-03-08",
        "commitResults": [
          {
            "hash": "637d4aaba3ff860caf91469b086e64cc58608ef8",
            "messageTitle": "Interactive feature implemented with Add Task function Task module implemented Load existing Task from json partial Exception handled",
            "messageBody": "\u003d\u003d\u003d\u003d\u003d\u003d\u003d\u003d\u003d\u003d\u003d\u003d\u003d\u003d\u003d\u003d\u003d\u003d\u003d\u003d\u003d\u003d\u003d\u003d\nAs the video shows, by now can\n- able to load from json file to show existing tasks\n- add new task using interactive comments\n- partial validation implemented\n- invalid input (like time) won’t kill the whole add command and user are able to enter again\n\nPending:\n- the new task is not saved in json file\n- the coding style is ugly right now\n- doc files\n",
            "insertions": 2234,
            "deletions": 849
          },
          {
            "hash": "84b7d916f3d8584446acac695aeef5e79916bb8c",
            "messageTitle": "codestyle updated",
            "messageBody": "",
            "insertions": 0,
            "deletions": 17
          }
        ]
      },
      {
        "insertions": 380,
        "deletions": 87,
        "date": "2020-03-15",
        "commitResults": [
          {
            "hash": "e91e2f1082ed77f36bca522e58021d16beb1943d",
            "messageTitle": "- Bug fixed for Delete command     - wrong index format exception not handled     - Invalid index range -\u003e error msg shows but freeze the program - New functionalities:     - Quit from command         - Can quit from command in any stage using : “quit”     - Keep track of Task list         - Add class level var: current task list in Task.java         - The current task list will auto init as the app launching         - The current task list will update accordingly     - Allow key word with leading or tailing space (“delete   ”, “    add”) - code style improvement",
            "messageBody": "",
            "insertions": 81,
            "deletions": 44
          },
          {
            "hash": "bf7b1d1e88ead1ee4e92bed6565c0a339e02e357",
            "messageTitle": "Sort function implement",
            "messageBody": "",
            "insertions": 257,
            "deletions": 10
          },
          {
            "hash": "a2cced54862aff03bd2b7ff589078f0c93e26d20",
            "messageTitle": "codestyle fix",
            "messageBody": "",
            "insertions": 37,
            "deletions": 33
          },
          {
            "hash": "62bf702cc457636ca9ae5c26d95b4984d6de0522",
            "messageTitle": "test case fix",
            "messageBody": "",
            "insertions": 5,
            "deletions": 0
          }
        ]
      },
      {
        "insertions": 115,
        "deletions": 50,
        "date": "2020-03-16",
        "commitResults": [
          {
            "hash": "1c61b6fe3af029a885d44a586bf54367872b4e24",
            "messageTitle": "UI improve",
            "messageBody": "",
            "insertions": 6,
            "deletions": 4
          },
          {
            "hash": "fa111ed8d1eda8093ae053502241699dfc290188",
            "messageTitle": "no message",
            "messageBody": "",
            "insertions": 1,
            "deletions": 1
          },
          {
            "hash": "abe48e16a3d5d6f93b790a9519ae4f998abc7394",
            "messageTitle": "codestyle",
            "messageBody": "",
            "insertions": 1,
            "deletions": 1
          },
          {
            "hash": "41d3881f6626995e7348c172d1190fb0f8b9bc35",
            "messageTitle": "Bug fix for not handling invalid msg from user input",
            "messageBody": "",
            "insertions": 104,
            "deletions": 40
          },
          {
            "hash": "3fa21df5107ab559e018fe3cf07bfe305e957b19",
            "messageTitle": "codestyle and ui update",
            "messageBody": "",
            "insertions": 3,
            "deletions": 4
          }
        ]
      },
      {
        "insertions": 74,
        "deletions": 32,
        "date": "2020-03-18",
        "commitResults": [
          {
            "hash": "5de8936d1307b8f40b203477e2f5151223ae5411",
            "messageTitle": "UI improve: - Dashboard UI update - Custom Font embaded",
            "messageBody": "",
            "insertions": 69,
            "deletions": 29
          },
          {
            "hash": "41b08deee8e01a613b2370515c4d5dacfbc61906",
            "messageTitle": "UI update for list view",
            "messageBody": "",
            "insertions": 5,
            "deletions": 3
          }
        ]
      },
      {
        "insertions": 84,
        "deletions": 62,
        "date": "2020-03-21",
        "commitResults": [
          {
            "hash": "47e95f49751cfe21adb223d6697a742f842ffa9e",
            "messageTitle": "track creation dateTime: - ui updated - storage updated - sort function updated - add function updated - test case updated",
            "messageBody": "",
            "insertions": 82,
            "deletions": 60
          },
          {
            "hash": "c87636797eb8b938433ba391a181c6961f7c7823",
            "messageTitle": "codestyle improve",
            "messageBody": "",
            "insertions": 2,
            "deletions": 2
          }
        ]
      },
      {
        "insertions": 282,
        "deletions": 157,
        "date": "2020-03-22",
        "commitResults": [
          {
            "hash": "bf93aa48cc9f8f0f7f11a8fa44c6140a86da1bae",
            "messageTitle": "UI update and code refactor",
            "messageBody": "",
            "insertions": 72,
            "deletions": 61
          },
          {
            "hash": "cec6a11a50fe89574aeca1fb49b5f374dc2824bc",
            "messageTitle": "UI improvement and better tracking of task status:    - apply different css class to different task types and status    - update refresh function to fresh the status for each task    - the tasks\u0027 status will update when app launch/ when user call refresh command",
            "messageBody": "",
            "insertions": 210,
            "deletions": 96
          }
        ]
      },
      {
        "insertions": 221,
        "deletions": 87,
        "date": "2020-03-23",
        "commitResults": [
          {
            "hash": "adc7f8f2a3f5b7f8f0973d1451625755b216f082",
            "messageTitle": "Main Feature v1.0:   - implemented piechart statistics for task status and type   - implemented ui toggle for allTaskList anf taskSummary Some code refactor:   - changed some id/fileName from person.. to task..",
            "messageBody": "",
            "insertions": 219,
            "deletions": 85
          },
          {
            "hash": "6072c85694f30a89b3753f3201b01d46454f1e16",
            "messageTitle": "bug fix",
            "messageBody": "",
            "insertions": 2,
            "deletions": 2
          }
        ]
      },
      {
        "insertions": 327,
        "deletions": 52,
        "date": "2020-03-24",
        "commitResults": [
          {
            "hash": "4e5c9f4375fdb5894cd9fb0ca47e653f32a0a8c1",
            "messageTitle": "Main feature update:   - Basic Pie chart update   - Basic Line Chart   - Basic Area Chart   - Basic Bar Chart",
            "messageBody": "Task attribute update:\n  - Added new filed: finishDateTime\n  - Change EstimatedTimeCost dataType to double\n  - Related edit completed, such as load and store to Jason file\n",
            "insertions": 283,
            "deletions": 45
          },
          {
            "hash": "8307bd883f224c5eeeafa977471ec987c8e3341a",
            "messageTitle": "Bug fixed: Bug with task index #96",
            "messageBody": "",
            "insertions": 5,
            "deletions": 1
          },
          {
            "hash": "fc5a20ceb07bf48a22ed2e98ff5b24e354ffd009",
            "messageTitle": "code style",
            "messageBody": "",
            "insertions": 1,
            "deletions": 2
          },
          {
            "hash": "5bce2274bc18c0c345928f43180b8a92b3173e7d",
            "messageTitle": "bug fix for overdue check",
            "messageBody": "",
            "insertions": 2,
            "deletions": 2
          },
          {
            "hash": "24ae5b80feba06d7a817ddcd315e31bae7fe996d",
            "messageTitle": "main feature updated:   - charts will auto refresh when user add/delete/done the tasks",
            "messageBody": "",
            "insertions": 36,
            "deletions": 2
          }
        ]
      },
      {
        "insertions": 4,
        "deletions": 4,
        "date": "2020-03-25",
        "commitResults": [
          {
            "hash": "0976b5090202244400f003a659e85749af72c4e0",
            "messageTitle": "update DG and bug fix",
            "messageBody": "",
            "insertions": 4,
            "deletions": 4
          }
        ]
      }
    ],
    "gx-huang": [
      {
        "insertions": 23,
        "deletions": 9,
        "date": "2020-02-29",
        "commitResults": [
          {
            "hash": "dbcdb6f187bf0dc4d0764edb7385c4f4547d7e46",
            "messageTitle": "added new ArchiveCommand",
            "messageBody": "",
            "insertions": 23,
            "deletions": 9
          }
        ]
      },
      {
        "insertions": 97,
        "deletions": 10,
        "date": "2020-03-01",
        "commitResults": [
          {
            "hash": "42c0c108dfcca91b74b6c7e407f9428fe6eea68f",
            "messageTitle": "improvements to ArchiveCommand",
            "messageBody": "",
            "insertions": 97,
            "deletions": 10
          }
        ]
      },
      {
        "insertions": 65,
        "deletions": 19,
        "date": "2020-03-03",
        "commitResults": [
          {
            "hash": "2cb5f0a051250bcfee25b3289ea7faf82a6b305e",
            "messageTitle": "Improved ArchiveCommand",
            "messageBody": "",
            "insertions": 26,
            "deletions": 17
          },
          {
            "hash": "649967eeb479e3184809bff0d37ba7a3ee51cb3d",
            "messageTitle": "Completed ArchiveCommand backend",
            "messageBody": "",
            "insertions": 39,
            "deletions": 2
          }
        ]
      },
      {
        "insertions": 236,
        "deletions": 77,
        "date": "2020-03-11",
        "commitResults": [
          {
            "hash": "391099048ef3bdb2f0b55c25ae659a18e3bc05ec",
            "messageTitle": "Made archive interactive",
            "messageBody": "",
            "insertions": 236,
            "deletions": 77
          }
        ]
      },
      {
        "insertions": 0,
        "deletions": 55,
        "date": "2020-03-12",
        "commitResults": [
          {
            "hash": "211dd00a869946354885cd272b71b9914a1f2944",
            "messageTitle": "checkstyle test",
            "messageBody": "",
            "insertions": 0,
            "deletions": 55
          }
        ]
      },
      {
        "insertions": 624,
        "deletions": 36,
        "date": "2020-03-16",
        "commitResults": [
          {
            "hash": "06aefe518f9ed7b58ce72d70ceaed774a06e61ae",
            "messageTitle": "archived task list is now shown in dashboard",
            "messageBody": "",
            "insertions": 54,
            "deletions": 21
          },
          {
            "hash": "57668306c35d1208faafeb0a4b150aff049cda9a",
            "messageTitle": "added some tests",
            "messageBody": "",
            "insertions": 416,
            "deletions": 3
          },
          {
            "hash": "0f9bdb0fcb24e62c202d8cb8263f08b2b8fcefdc",
            "messageTitle": "added some more tests",
            "messageBody": "",
            "insertions": 154,
            "deletions": 12
          }
        ]
      },
      {
        "insertions": 439,
        "deletions": 73,
        "date": "2020-03-21",
        "commitResults": [
          {
            "hash": "cb1ca6049cb89dd8ce6f5bc528799c2a9ff82eda",
            "messageTitle": "Started on calendar",
            "messageBody": "",
            "insertions": 177,
            "deletions": 58
          },
          {
            "hash": "64db1ef4f3c31dc96842a423b6de03e8f63cefa2",
            "messageTitle": "Checkstyle",
            "messageBody": "",
            "insertions": 15,
            "deletions": 15
          },
          {
            "hash": "d8440753d2c412f1e10ea2e4f4bdee9b61544c94",
            "messageTitle": "More tests",
            "messageBody": "",
            "insertions": 247,
            "deletions": 0
          }
        ]
      },
      {
        "insertions": 39,
        "deletions": 21,
        "date": "2020-03-22",
        "commitResults": [
          {
            "hash": "b5c471ecbd3164a73792a6f6a3ece9970adf78f4",
            "messageTitle": "Made calendar responsive",
            "messageBody": "",
            "insertions": 39,
            "deletions": 21
          }
        ]
      },
      {
        "insertions": 15,
        "deletions": 19,
        "date": "2020-03-23",
        "commitResults": [
          {
            "hash": "0881e3e76df73aedee87d2ab927c04c276e7d4d1",
            "messageTitle": "Merge",
            "messageBody": "",
            "insertions": 10,
            "deletions": 4
          },
          {
            "hash": "9ec46c5916836bf89d31ecc5ebc3af9d08ab7568",
            "messageTitle": "Merge#2",
            "messageBody": "",
            "insertions": 4,
            "deletions": 13
          },
          {
            "hash": "627d3b8ac8fc503c3b190a1062eeb915721fb0d1",
            "messageTitle": "Checkstyle",
            "messageBody": "",
            "insertions": 0,
            "deletions": 1
          },
          {
            "hash": "f9fa6799f827988d5bec5d9d2b52a242909b7fc2",
            "messageTitle": "Fixed minor issue regarding toggleHolder",
            "messageBody": "",
            "insertions": 1,
            "deletions": 0
          },
          {
            "hash": "8269672bed4321c1c3a85360ed68726f087ae11b",
            "messageTitle": "Fixed CheckStyle violations",
            "messageBody": "",
            "insertions": 0,
            "deletions": 1
          }
        ]
      },
      {
        "insertions": 55,
        "deletions": 26,
        "date": "2020-03-24",
        "commitResults": [
          {
            "hash": "8cfe2d823d78d5cb4b0a3080718af97858268a05",
            "messageTitle": "Updated developers guide",
            "messageBody": "",
            "insertions": 55,
            "deletions": 26
          }
        ]
      }
    ]
  },
  "authorFinalContributionMap": {
    "teikjun": 1112,
    "souwmyaa": 1220,
    "aegis-bot": 1643,
    "wyt-sonia": 2418,
    "gx-huang": 1291
  },
  "authorFileTypeContributionMap": {
    "teikjun": {
      "java": 1013,
      "md": 0,
      "fxml": 96,
      "sh": 0,
      "bat": 0,
      "gradle": 3,
      "txt": 0
    },
    "souwmyaa": {
      "java": 1212,
      "md": 0,
      "fxml": 8,
      "sh": 0,
      "bat": 0,
      "gradle": 0,
      "txt": 0
    },
    "aegis-bot": {
      "java": 1643,
      "md": 0,
      "fxml": 0,
      "sh": 0,
      "bat": 0,
      "gradle": 0,
      "txt": 0
    },
    "wyt-sonia": {
      "java": 2200,
      "md": 0,
      "fxml": 218,
      "sh": 0,
      "bat": 0,
      "gradle": 0,
      "txt": 0
    },
    "gx-huang": {
      "java": 1220,
      "md": 0,
      "fxml": 71,
      "sh": 0,
      "bat": 0,
      "gradle": 0,
      "txt": 0
    }
  },
  "authorContributionVariance": {
    "teikjun": 63650.023,
    "souwmyaa": 14875.093,
    "aegis-bot": 3165781.0,
    "wyt-sonia": 236051.44,
    "gx-huang": 17999.465
  },
  "authorDisplayNameMap": {
    "teikjun": "CS2103T-W16-3 TAN .. JUN",
    "souwmyaa": "CS2103T-W16-3 SOUW..HANN",
    "aegis-bot": "CS2103T-W16-3 TIN .. WEN",
    "wyt-sonia": "CS2103T-W16-3 WANG..TING",
    "gx-huang": "CS2103T-W16-3 HUAN..IANG"
  }
}
