{
  "authorDailyContributionsMap": {
    "johannagwan": [
      {
        "insertions": 0,
        "deletions": 286,
        "date": "2020-03-10",
        "commitResults": [
          {
            "hash": "c131c8d2bbf89ce238e278a46d008eb4fe909a33",
            "messageTitle": "Remove FindCommand and its relevant usages/ references",
            "messageBody": "",
            "insertions": 0,
            "deletions": 205
          },
          {
            "hash": "63e9451d333fb5c015faf58c1856f05c20ebba20",
            "messageTitle": "Remove ListCommand and its relevant usages/ references",
            "messageBody": "",
            "insertions": 0,
            "deletions": 81
          }
        ]
      },
      {
        "insertions": 19,
        "deletions": 50,
        "date": "2020-03-11",
        "commitResults": [
          {
            "hash": "8ce9338e45b1f4cac176d85b290455dcac449c02",
            "messageTitle": "Update Message class references into custom string",
            "messageBody": "",
            "insertions": 19,
            "deletions": 50
          }
        ]
      },
      {
        "insertions": 8,
        "deletions": 8,
        "date": "2020-03-12",
        "commitResults": [
          {
            "hash": "812581bd699b1d6f421eab657c7924efde6ef7d7",
            "messageTitle": "Fix format bug",
            "messageBody": "",
            "insertions": 7,
            "deletions": 7
          },
          {
            "hash": "5aae720ed93fe0b84a3c450502cf00e26fbd8e0e",
            "messageTitle": "Update AddCommand.java",
            "messageBody": "",
            "insertions": 1,
            "deletions": 1
          }
        ]
      },
      {
        "insertions": 109,
        "deletions": 12,
        "date": "2020-03-14",
        "commitResults": [
          {
            "hash": "97f54a6d9cd3a03bc98412883c0ccb515fcca5ce",
            "messageTitle": "Add SuggestionEngine",
            "messageBody": "",
            "insertions": 14,
            "deletions": 0
          },
          {
            "hash": "5c540bd796cb11a4a0891c3519479114077f374d",
            "messageTitle": "Add SuggestionCommand interface",
            "messageBody": "",
            "insertions": 15,
            "deletions": 0
          },
          {
            "hash": "edb959279395fbbdd4024d7454e917a7dcb4fa4b",
            "messageTitle": "Add SuggestionModel interface",
            "messageBody": "",
            "insertions": 47,
            "deletions": 0
          },
          {
            "hash": "3578de5852d45214af601a930d0b0ecfd05cffe9",
            "messageTitle": "Add SuggestionItem interface",
            "messageBody": "",
            "insertions": 21,
            "deletions": 0
          },
          {
            "hash": "b9c488b0701c411919c428f34a237baafeed8745",
            "messageTitle": "Update SuggestionEngine.java",
            "messageBody": "",
            "insertions": 1,
            "deletions": 1
          },
          {
            "hash": "e203067184bcb0a3d06d57685bc5903fafbb9e6f",
            "messageTitle": "Add getCommandInputText method in SuggestionModel",
            "messageBody": "",
            "insertions": 3,
            "deletions": 1
          },
          {
            "hash": "5473ff023c8303441d487169ceccafd4a59b4c26",
            "messageTitle": "Rename methods",
            "messageBody": "",
            "insertions": 1,
            "deletions": 1
          },
          {
            "hash": "89149cf09ccea043cb666dc8e5fa0c4b8e059ffe",
            "messageTitle": "Fix JavaDoc",
            "messageBody": "",
            "insertions": 6,
            "deletions": 8
          },
          {
            "hash": "f3b0c8946a0696f4b19065099b3e4c3f374e26f7",
            "messageTitle": "Fix JavaDoc",
            "messageBody": "",
            "insertions": 1,
            "deletions": 1
          }
        ]
      },
      {
        "insertions": 23,
        "deletions": 0,
        "date": "2020-03-15",
        "commitResults": [
          {
            "hash": "4af1234c0df8f48faf2752d3ee509286761a9286",
            "messageTitle": "Add SuggestionItemImpl class",
            "messageBody": "",
            "insertions": 23,
            "deletions": 0
          }
        ]
      },
      {
        "insertions": 86,
        "deletions": 22,
        "date": "2020-03-16",
        "commitResults": [
          {
            "hash": "26cd7d2a6dc3f9a914b00d9783e6afe1b27cfd69",
            "messageTitle": "Update checkstyle",
            "messageBody": "",
            "insertions": 6,
            "deletions": 3
          },
          {
            "hash": "35c84ecc34706d4d32cfdd80ff278a8fb1a317f9",
            "messageTitle": "Edit SuggestionItemImpl constructor",
            "messageBody": "",
            "insertions": 3,
            "deletions": 5
          },
          {
            "hash": "c1379a63cc5e8ede44fac09b7800bcbeb1e16ed6",
            "messageTitle": "Update getAction method",
            "messageBody": "",
            "insertions": 2,
            "deletions": 2
          },
          {
            "hash": "5cce22d30f48a619cea5afb3eb837f47d41e4e11",
            "messageTitle": "Update accessibility of suggestions interfaces",
            "messageBody": "",
            "insertions": 4,
            "deletions": 4
          },
          {
            "hash": "1d5df32cd45a053f19b1a0f7fb3c60a0dd89175e",
            "messageTitle": "Add SuggestionModelManager class",
            "messageBody": "",
            "insertions": 49,
            "deletions": 0
          },
          {
            "hash": "1445be2ef195d5e044ae78abb3ebc2b0af0d306a",
            "messageTitle": "Update commandTextProperty method",
            "messageBody": "",
            "insertions": 17,
            "deletions": 3
          },
          {
            "hash": "466b8670307c05cd24da05a87e1bd5db6172499f",
            "messageTitle": "Change parameter name for setCommandInputText method",
            "messageBody": "",
            "insertions": 4,
            "deletions": 4
          },
          {
            "hash": "1d462ce86b371d8db86622473aea295417d24b7f",
            "messageTitle": "Rename SuggestionModelManager to SuggestionModelImpl",
            "messageBody": "",
            "insertions": 1,
            "deletions": 1
          }
        ]
      },
      {
        "insertions": 94,
        "deletions": 56,
        "date": "2020-03-17",
        "commitResults": [
          {
            "hash": "44f32ff0f0793c40866e560408610c60ac480e77",
            "messageTitle": "Rename commandTextProperty method to getCommandTextProperty",
            "messageBody": "",
            "insertions": 2,
            "deletions": 2
          },
          {
            "hash": "01d6f3ba53e89589eea054599854a6d2505b187a",
            "messageTitle": "Make Model extend SuggestionModel",
            "messageBody": "",
            "insertions": 2,
            "deletions": 1
          },
          {
            "hash": "a5ad1103eda4627a19f368c41add8f97cac02100",
            "messageTitle": "Update ModelManager class",
            "messageBody": "",
            "insertions": 50,
            "deletions": 3
          },
          {
            "hash": "a909ccbe232a8056f1b24eac6ee9d198981a2647",
            "messageTitle": "Rename commandTextProperty method to getCommandTextProperty in ModelManager class",
            "messageBody": "",
            "insertions": 2,
            "deletions": 2
          },
          {
            "hash": "e78e4c7928348723c035dfaf29b44e1da3dd7630",
            "messageTitle": "Revert \"Rename commandTextProperty method to getCommandTextProperty\"",
            "messageBody": "This reverts commit 44f32ff0f0793c40866e560408610c60ac480e77.\n",
            "insertions": 2,
            "deletions": 2
          },
          {
            "hash": "2cfc2b157a10ff2b4685a0dc0467168e952d115c",
            "messageTitle": "Change commandTextProperty to responseTextProperty",
            "messageBody": "",
            "insertions": 4,
            "deletions": 14
          },
          {
            "hash": "e7ebaea2a20cac174db6c83c42d41688d01881d3",
            "messageTitle": "Update setResponseTextProperty method",
            "messageBody": "",
            "insertions": 5,
            "deletions": 5
          },
          {
            "hash": "cd5637b361e276516b8aacf580e507a71cc69a71",
            "messageTitle": "delete getCommandInputText method",
            "messageBody": "",
            "insertions": 0,
            "deletions": 7
          },
          {
            "hash": "f5df08157c3db2247715176897c1eb3f3a226465",
            "messageTitle": "Update clearResponseText method",
            "messageBody": "",
            "insertions": 3,
            "deletions": 3
          },
          {
            "hash": "341097bd7f3ed38f83a759335400c0e474b7a306",
            "messageTitle": "Delete commandInputText",
            "messageBody": "",
            "insertions": 0,
            "deletions": 2
          },
          {
            "hash": "f1a581c6590c0a4702ea4dac40715c7ec06dd0fa",
            "messageTitle": "Rename clearResponseText method to clearResponseTextProperty",
            "messageBody": "",
            "insertions": 2,
            "deletions": 2
          },
          {
            "hash": "be543662f851a40294982b9a0cd9d55a51f1b770",
            "messageTitle": "Add SuggestionModelImpl constructor",
            "messageBody": "",
            "insertions": 6,
            "deletions": 0
          },
          {
            "hash": "56df482b786f2e232c307a4663354dbe3ed9a156",
            "messageTitle": "Update setSuggestions method",
            "messageBody": "",
            "insertions": 1,
            "deletions": 2
          },
          {
            "hash": "acfe3204733892023c0f2732e4ff97bc6083dc11",
            "messageTitle": "Update SuggestionModelImpl constructor",
            "messageBody": "",
            "insertions": 5,
            "deletions": 5
          },
          {
            "hash": "c58ca54c6d4f37cb5760ff92bc3b915d20be8773",
            "messageTitle": "Add nullity checks",
            "messageBody": "",
            "insertions": 4,
            "deletions": 1
          },
          {
            "hash": "4541329815fd35be4ecd40f6dbbe7aa31de23134",
            "messageTitle": "Update responseTextProperty initialization",
            "messageBody": "",
            "insertions": 2,
            "deletions": 1
          },
          {
            "hash": "992a158c6461e3eb2d5b2a3447cde2dc815c4de3",
            "messageTitle": "Rename methods",
            "messageBody": "",
            "insertions": 4,
            "deletions": 4
          }
        ]
      },
      {
        "insertions": 16,
        "deletions": 20,
        "date": "2020-03-18",
        "commitResults": [
          {
            "hash": "44a883f4330fbf3b4566ac7b6cc17d5d65844012",
            "messageTitle": "Update ModelManager class",
            "messageBody": "",
            "insertions": 15,
            "deletions": 18
          },
          {
            "hash": "e9ab5594fd00e01aebb49d3677a260f575aa7e86",
            "messageTitle": "Fix checkstyle in Model interface",
            "messageBody": "",
            "insertions": 1,
            "deletions": 2
          }
        ]
      }
    ],
    "HemanshuGandhi": [
      {
        "insertions": 92,
        "deletions": 92,
        "date": "2020-03-03",
        "commitResults": [
          {
            "hash": "1aa63f96ed359a64d1cb6f74b205e877f3f5bb81",
            "messageTitle": "Rename Ui to View",
            "messageBody": "",
            "insertions": 43,
            "deletions": 43
          },
          {
            "hash": "7bb966ad56423947c4b2304a7e867e9ce2ca10d9",
            "messageTitle": "Rename ...Ui in package view",
            "messageBody": "",
            "insertions": 44,
            "deletions": 44
          },
          {
            "hash": "53e721e54635c5268b3dfc38f7eb2888c03ddc04",
            "messageTitle": "Change ...Ui to ...View in view/ViewPart",
            "messageBody": "",
            "insertions": 1,
            "deletions": 1
          },
          {
            "hash": "7e61ad9c174e6687930939739d5b24dffd1628a2",
            "messageTitle": "Change ...Ui to ...View in test/.../view/viewPartTest",
            "messageBody": "",
            "insertions": 4,
            "deletions": 4
          }
        ]
      },
      {
        "insertions": 3,
        "deletions": 57,
        "date": "2020-03-06",
        "commitResults": [
          {
            "hash": "17ad5101f459cdcd5f2923a24d2d8fb6533cea9f",
            "messageTitle": "Remove ResultDisplay.fxml",
            "messageBody": "",
            "insertions": 0,
            "deletions": 9
          },
          {
            "hash": "f1ac1d0f5502193d08127254a90d43c7ebb5bced",
            "messageTitle": "Remove ResultDisplay markup tags from MainWindow.fxml",
            "messageBody": "",
            "insertions": 0,
            "deletions": 7
          },
          {
            "hash": "b9cd569daa507c323798c2e84061bcad66096c5b",
            "messageTitle": "Remove ResultDisplay.java",
            "messageBody": "",
            "insertions": 0,
            "deletions": 28
          },
          {
            "hash": "efb5e7efd1602a6941b3bf8124b5fb3dec105e21",
            "messageTitle": "Remove ResultDisplay dependency from view/MainWindow.java",
            "messageBody": "",
            "insertions": 0,
            "deletions": 6
          },
          {
            "hash": "e1b08bfb1c1e66b8a193ea2738d8d8d1aa52064b",
            "messageTitle": "Update JavaDoc descripton in MainWindow.java",
            "messageBody": "",
            "insertions": 3,
            "deletions": 7
          }
        ]
      },
      {
        "insertions": 2,
        "deletions": 2,
        "date": "2020-03-11",
        "commitResults": [
          {
            "hash": "2aa36376ba2358b05412c05dea5e96ac360e6f65",
            "messageTitle": "Update the AddressBook-Level3 hyperlink to read Notably",
            "messageBody": "",
            "insertions": 1,
            "deletions": 1
          },
          {
            "hash": "ab7d0854314271a5327c6646dee4536f7ca8324d",
            "messageTitle": "Update the View on github hyperlink to point to our repo",
            "messageBody": "",
            "insertions": 1,
            "deletions": 1
          }
        ]
      },
      {
        "insertions": 76,
        "deletions": 3,
        "date": "2020-03-15",
        "commitResults": [
          {
            "hash": "79123549e0e958e24fb40074300080727de9ba6b",
            "messageTitle": "Add CommandInputModel interface to model/commandInput package",
            "messageBody": "",
            "insertions": 30,
            "deletions": 0
          },
          {
            "hash": "8b45a05908a410fec215f6bc63e0888e1c90ec7c",
            "messageTitle": "Add CommandInputModelImpl class to model/commandInput package",
            "messageBody": "",
            "insertions": 44,
            "deletions": 1
          },
          {
            "hash": "6b5aec97dfe417e987a23f215dd554c73a09652b",
            "messageTitle": "Rename model/CommmandInput package to model/Commandinput",
            "messageBody": "",
            "insertions": 2,
            "deletions": 2
          }
        ]
      },
      {
        "insertions": 203,
        "deletions": 55,
        "date": "2020-03-17",
        "commitResults": [
          {
            "hash": "de07cba4b07e10f374306546f3602d04d73e2494",
            "messageTitle": "Change app title from Address App to Notably",
            "messageBody": "",
            "insertions": 1,
            "deletions": 1
          },
          {
            "hash": "8e01bf25c72f18832d43f2ec2a4440cb70264a4a",
            "messageTitle": "Change AB3 app logo to temporary Notably logo",
            "messageBody": "",
            "insertions": 5,
            "deletions": 6
          },
          {
            "hash": "6e114d4f6265f678b71dc1cfc45febf331c748a7",
            "messageTitle": "Update logging statements for Notably app",
            "messageBody": "",
            "insertions": 1,
            "deletions": 1
          },
          {
            "hash": "1ecec238b0afd59e397fea3f942e486ba42ffd4d",
            "messageTitle": "Add Notably UI Skeleton",
            "messageBody": "",
            "insertions": 116,
            "deletions": 9
          },
          {
            "hash": "273714b0df6a0f459efcb28e3733e87ec78d9b54",
            "messageTitle": "Update the UI to be more responsive",
            "messageBody": "",
            "insertions": 2,
            "deletions": 2
          },
          {
            "hash": "f4168a5358f84a342f0abfcf4df05bd30d1387a1",
            "messageTitle": "Fix Checkstyle violations temporarily",
            "messageBody": "",
            "insertions": 23,
            "deletions": 16
          },
          {
            "hash": "c690dcc58b53074ceae3de1f5a5e2804b7c3ff77",
            "messageTitle": "Fix Checkstyle issues in .fxml files",
            "messageBody": "",
            "insertions": 2,
            "deletions": 2
          },
          {
            "hash": "88c4f0f8d6e9e0b05f88b07ebacecb30bd26fa07",
            "messageTitle": "Make Model interface extend CommandInputModel interface",
            "messageBody": "",
            "insertions": 2,
            "deletions": 1
          },
          {
            "hash": "09aadf6b860d3a0fa5428ceeb219785fcd82bc50",
            "messageTitle": "Update ModelManager class",
            "messageBody": "",
            "insertions": 29,
            "deletions": 3
          },
          {
            "hash": "31c05260fe9f625901c907491154d7aba6106281",
            "messageTitle": "Fix import checkstyle violations in Model",
            "messageBody": "",
            "insertions": 2,
            "deletions": 2
          },
          {
            "hash": "2d5373c1c264c649b2be762b1dc90c07f13a7cac",
            "messageTitle": "Change StatusBarFooter to say Notably",
            "messageBody": "",
            "insertions": 8,
            "deletions": 0
          },
          {
            "hash": "934956b5847074ab75599247aac7ea1d93660e0d",
            "messageTitle": "Rename some classes with more meaningful names",
            "messageBody": "",
            "insertions": 12,
            "deletions": 12
          }
        ]
      }
    ],
    "kevinputera": [
      {
        "insertions": 894,
        "deletions": 846,
        "date": "2020-03-09",
        "commitResults": [
          {
            "hash": "7a09538aaa7418159db5399e071e7a91c65a9dc7",
            "messageTitle": "Rename package root from seedu.address to com.notably",
            "messageBody": "",
            "insertions": 744,
            "deletions": 741
          },
          {
            "hash": "afb95be0cb3dd9a5487884fd59cf1a4ac50a13b4",
            "messageTitle": "Fix import ordering",
            "messageBody": "",
            "insertions": 118,
            "deletions": 97
          },
          {
            "hash": "0975439ebd7c660f332209aaa98463e6cd923fc3",
            "messageTitle": "Resolve DeleteCommandTest merge conflict",
            "messageBody": "",
            "insertions": 0,
            "deletions": 8
          },
          {
            "hash": "4cf579528f28b22180684fb81bee5a6caaa0d792",
            "messageTitle": "Add correction-related interfaces",
            "messageBody": "",
            "insertions": 32,
            "deletions": 0
          }
        ]
      },
      {
        "insertions": 2,
        "deletions": 169,
        "date": "2020-03-12",
        "commitResults": [
          {
            "hash": "927b6ca334cfc62177e8e17d5807847f89c5afb6",
            "messageTitle": "Remove person list view",
            "messageBody": "",
            "insertions": 2,
            "deletions": 169
          }
        ]
      },
      {
        "insertions": 80,
        "deletions": 7,
        "date": "2020-03-14",
        "commitResults": [
          {
            "hash": "88a96d1632fdee74c217c623ec0766026d138def",
            "messageTitle": "Implement EditDistanceCalculator interface",
            "messageBody": "",
            "insertions": 9,
            "deletions": 0
          },
          {
            "hash": "385225c527960c0c6bfa775fbc0cb64d444c68e9",
            "messageTitle": "Update javadoc description of EditDistanceCalculator",
            "messageBody": "",
            "insertions": 1,
            "deletions": 1
          },
          {
            "hash": "fcffaabc2711e9c0381f72c0063500a0bd974993",
            "messageTitle": "Adjust code indentation of EditDistanceCalculator from 2 to 4 spaces",
            "messageBody": "",
            "insertions": 1,
            "deletions": 1
          },
          {
            "hash": "42fa5ed8112f84b3842b2a7411053a1337030396",
            "messageTitle": "Add javadoc to methods of EditDistanceCalculator",
            "messageBody": "",
            "insertions": 8,
            "deletions": 1
          },
          {
            "hash": "6c6c4603bb50646d7c0eecb2035abaca33cba18c",
            "messageTitle": "Create skeleton for LevenshteinDistanceCalculator class",
            "messageBody": "",
            "insertions": 9,
            "deletions": 0
          },
          {
            "hash": "e642de7f7ac32fd22668926ec092fe67e0fd6f82",
            "messageTitle": "Implement dynamic programming levenshtein distance solution",
            "messageBody": "",
            "insertions": 34,
            "deletions": 1
          },
          {
            "hash": "17eb0d9c7de58ddbd056c3c010a6570dcf704621",
            "messageTitle": "Add javadoc comments to LevenshteinDistanceCalculator",
            "messageBody": "",
            "insertions": 16,
            "deletions": 1
          },
          {
            "hash": "4b27370bbd86a2ebc5faf06c0c3162bd20a856e4",
            "messageTitle": "Remove trailing whitespaces from LevenshteinDistanceCalculator",
            "messageBody": "",
            "insertions": 2,
            "deletions": 2
          }
        ]
      },
      {
        "insertions": 402,
        "deletions": 75,
        "date": "2020-03-15",
        "commitResults": [
          {
            "hash": "0d6331410a28690d48aabbfe3cff840a665e9dad",
            "messageTitle": "Add non-null checks",
            "messageBody": "",
            "insertions": 5,
            "deletions": 0
          },
          {
            "hash": "12cc8d61cb1cc27cc7c6bc5f161f08d4d5770a48",
            "messageTitle": "Add a basic test case for LevenshteinDistanceCalculator",
            "messageBody": "",
            "insertions": 21,
            "deletions": 0
          },
          {
            "hash": "649e534888d19070416e4e469cfb265fd4d6688f",
            "messageTitle": "Fix styling errors",
            "messageBody": "",
            "insertions": 5,
            "deletions": 5
          },
          {
            "hash": "e0218bcd94117b87cf8e5f366e0f5ab61c8dd0d4",
            "messageTitle": "Remove Path class",
            "messageBody": "",
            "insertions": 0,
            "deletions": 33
          },
          {
            "hash": "f1f12996439458e8aabbf6f493b913870e578347",
            "messageTitle": "Add skeleton for Path",
            "messageBody": "",
            "insertions": 14,
            "deletions": 0
          },
          {
            "hash": "95d070aeb5e698e74ff2794a5287d9d9059d752b",
            "messageTitle": "Add skeleton for InvalidPathException",
            "messageBody": "",
            "insertions": 9,
            "deletions": 0
          },
          {
            "hash": "bf5a948df51e87a751e690c0ed5e752702bc6de2",
            "messageTitle": "Add skeleton for AbsolutePath",
            "messageBody": "",
            "insertions": 53,
            "deletions": 0
          },
          {
            "hash": "1ea93163296368d2b6110e35b4f88f86f73a35c8",
            "messageTitle": "Add skeleton for RelativePath",
            "messageBody": "",
            "insertions": 53,
            "deletions": 0
          },
          {
            "hash": "cfbfb7f522c4936ea9a97969cd74b8c01f718373",
            "messageTitle": "Revamp CorrectionEngine interface",
            "messageBody": "",
            "insertions": 4,
            "deletions": 6
          },
          {
            "hash": "aebf148d7edafbf011ba7cfdda7c7efcccff29ad",
            "messageTitle": "Revamp CorrectionResult interface",
            "messageBody": "",
            "insertions": 2,
            "deletions": 2
          },
          {
            "hash": "d801808e17721f402e3dde5c729622cf84656cd9",
            "messageTitle": "Add Javadoc to CorrectionResult",
            "messageBody": "",
            "insertions": 11,
            "deletions": 0
          },
          {
            "hash": "bc9642cec2a9f14c2ac6754003c6e82455a35b2a",
            "messageTitle": "Add Javadoc to CorrectionEngine",
            "messageBody": "",
            "insertions": 7,
            "deletions": 1
          },
          {
            "hash": "4338e85c845c49b9d1e372d555ea85a8bf06aeee",
            "messageTitle": "Fix styling issues",
            "messageBody": "",
            "insertions": 2,
            "deletions": 1
          },
          {
            "hash": "834f54d763897745e3311f90ab078eccc1a590f1",
            "messageTitle": "Make CorrectionResult concrete",
            "messageBody": "",
            "insertions": 28,
            "deletions": 6
          },
          {
            "hash": "9226c3c6820c59c4cfe90051e893306b08d783c6",
            "messageTitle": "Update Javadoc for CorrectionEngine",
            "messageBody": "",
            "insertions": 0,
            "deletions": 1
          },
          {
            "hash": "eb8d7be91d5ded322bb9e7f2576cd4f06691e98d",
            "messageTitle": "Add whitespace to CorrectionResult",
            "messageBody": "",
            "insertions": 1,
            "deletions": 0
          },
          {
            "hash": "db90eab124c72fb4046b4ce6c452c74a556378c4",
            "messageTitle": "Add equals() and hashCode() to CorrectionResult",
            "messageBody": "",
            "insertions": 17,
            "deletions": 0
          },
          {
            "hash": "81106e733e12bae6756abeb2b9fa00a9a7357339",
            "messageTitle": "Implement StringCorrectionEngine",
            "messageBody": "",
            "insertions": 71,
            "deletions": 0
          },
          {
            "hash": "6a37e7ad4fa9b9c0c73b275d03d605a5c031b7b0",
            "messageTitle": "Change Object.equal() to Objects.equals() to prevent null errors",
            "messageBody": "",
            "insertions": 5,
            "deletions": 7
          },
          {
            "hash": "fcb27dd6eb350822cbc57220044f9b44dbfe4bf7",
            "messageTitle": "Opt for not importing requireNonNull statically",
            "messageBody": "",
            "insertions": 7,
            "deletions": 8
          },
          {
            "hash": "e97093783cfd17e152f31874921158adf39435be",
            "messageTitle": "Fix styling issues",
            "messageBody": "",
            "insertions": 1,
            "deletions": 1
          },
          {
            "hash": "33b3c568b447404ca6c929cd006c5395944dcb58",
            "messageTitle": "Add test cases for StringCorrectionEngine",
            "messageBody": "",
            "insertions": 74,
            "deletions": 0
          },
          {
            "hash": "1f83ba94ce9447ad0b9b25fdea0ad117dd6c3a39",
            "messageTitle": "Introduce alternative constructor for CorrectionResult",
            "messageBody": "",
            "insertions": 11,
            "deletions": 3
          },
          {
            "hash": "32175cd3862f1fd52776491671eb6ed1f706adc9",
            "messageTitle": "Fix styling issues",
            "messageBody": "",
            "insertions": 1,
            "deletions": 1
          }
        ]
      },
      {
        "insertions": 3,
        "deletions": 3,
        "date": "2020-03-18",
        "commitResults": [
          {
            "hash": "57a8c4433f9a5a0bee214ddaf8bace89cc1d8058",
            "messageTitle": "Make CorrectionEngine public",
            "messageBody": "",
            "insertions": 1,
            "deletions": 1
          },
          {
            "hash": "e135bbc463382c7723da70c61d7471f02862afb2",
            "messageTitle": "Make CorrectionStatus public",
            "messageBody": "",
            "insertions": 1,
            "deletions": 1
          },
          {
            "hash": "7fa79018f0854810e859f8ed903ab711d0b46b07",
            "messageTitle": "Make getCorrectedItem public",
            "messageBody": "",
            "insertions": 1,
            "deletions": 1
          }
        ]
      },
      {
        "insertions": 25,
        "deletions": 11,
        "date": "2020-03-20",
        "commitResults": [
          {
            "hash": "e0829716ed33ffbb726c8f0d99b2cbf084b8e930",
            "messageTitle": "Add getStringRepresentation method",
            "messageBody": "",
            "insertions": 12,
            "deletions": 2
          },
          {
            "hash": "d7c92528ef64f757f59a8864219d52185ebe5a8f",
            "messageTitle": "Implement getStringRepresentation method",
            "messageBody": "",
            "insertions": 12,
            "deletions": 8
          },
          {
            "hash": "b14c0141f2d0a92d97a811b1372abef27e65fc3d",
            "messageTitle": "Rename fromComponent to fromComponents for consistency with RelativePath#fromComponents",
            "messageBody": "",
            "insertions": 1,
            "deletions": 1
          }
        ]
      },
      {
        "insertions": 182,
        "deletions": 101,
        "date": "2020-03-22",
        "commitResults": [
          {
            "hash": "2ae406fd3389f9f62191beeeb0002009b66fcf80",
            "messageTitle": "Implement ModelStubBase",
            "messageBody": "",
            "insertions": 182,
            "deletions": 0
          },
          {
            "hash": "24e7c85b6590c51cb957ff828c81cf77ea60ddcf",
            "messageTitle": "Remove unused test utils",
            "messageBody": "",
            "insertions": 0,
            "deletions": 101
          }
        ]
      }
    ],
    "firzanarmani": [
      {
        "insertions": 1,
        "deletions": 40,
        "date": "2020-03-10",
        "commitResults": [
          {
            "hash": "a6eae802544b23525325962f06eef9f031f56f0f",
            "messageTitle": "Remove JaCoCo code coverage report and Coveralls integration scripts",
            "messageBody": "",
            "insertions": 1,
            "deletions": 40
          }
        ]
      },
      {
        "insertions": 26,
        "deletions": 164,
        "date": "2020-03-12",
        "commitResults": [
          {
            "hash": "76191fac6af21e8c760f956bfcf788ae0f82579b",
            "messageTitle": "Remove CommandResult",
            "messageBody": "",
            "insertions": 20,
            "deletions": 109
          },
          {
            "hash": "58a9e74f919a5a498097c377215bd0faca27581c",
            "messageTitle": "Comment out tests that depend on CommandResult",
            "messageBody": "",
            "insertions": 4,
            "deletions": 55
          },
          {
            "hash": "650cb35a5f772805f952ecd5c063bc002ce95f60",
            "messageTitle": "Add TODOs for Exit and Help commands",
            "messageBody": "",
            "insertions": 2,
            "deletions": 0
          }
        ]
      },
      {
        "insertions": 336,
        "deletions": 38,
        "date": "2020-03-15",
        "commitResults": [
          {
            "hash": "720cf2abeb9da73ee111fbc28d43d79a7a48ab7f",
            "messageTitle": "Add BlockModel interface",
            "messageBody": "",
            "insertions": 61,
            "deletions": 0
          },
          {
            "hash": "23157a46df39598880732237b70d74cc6bf2fb2c",
            "messageTitle": "Change usage of Block to BlockModel",
            "messageBody": "",
            "insertions": 7,
            "deletions": 7
          },
          {
            "hash": "de687fb97d87853d2d984d567805ea8eb899aa69",
            "messageTitle": "Add Body and Title classes to pass builds",
            "messageBody": "",
            "insertions": 107,
            "deletions": 0
          },
          {
            "hash": "c1a9ea7a46497ccf86f6062bfcf5549c3a1a68fa",
            "messageTitle": "Fix typo in Javadoc comment and change param in setChild()",
            "messageBody": "",
            "insertions": 3,
            "deletions": 3
          },
          {
            "hash": "492bc7ba580aa5c4f347dfa3250368ef2e5f0912",
            "messageTitle": "Minor change in validation regex pattern",
            "messageBody": "",
            "insertions": 1,
            "deletions": 1
          },
          {
            "hash": "40a6d2e9ec88437d06893e4c9a0bebfa396021cf",
            "messageTitle": "Rename BlockModel interface to Block",
            "messageBody": "",
            "insertions": 9,
            "deletions": 9
          },
          {
            "hash": "fea4dc7f45b9a6c62c672afa064cb276e27ba94f",
            "messageTitle": "Add BlockImpl concrete class",
            "messageBody": "",
            "insertions": 123,
            "deletions": 0
          },
          {
            "hash": "e75a3795b2e8d0c768583b86aedd43d6c8961994",
            "messageTitle": "Fix styling violations",
            "messageBody": "",
            "insertions": 8,
            "deletions": 8
          },
          {
            "hash": "6b0f70e2d946a81f7003e58ff6e38a7be19a29e6",
            "messageTitle": "Fix nullable Optional and typo in removeChild()",
            "messageBody": "",
            "insertions": 2,
            "deletions": 4
          },
          {
            "hash": "81e4dd77ae1b1e54ffe970fb2608d36ecf76d57a",
            "messageTitle": "Add constructor for root block and update constructors",
            "messageBody": "",
            "insertions": 15,
            "deletions": 6
          }
        ]
      },
      {
        "insertions": 43,
        "deletions": 22,
        "date": "2020-03-16",
        "commitResults": [
          {
            "hash": "47b84478d2dbdd55586043634069a871006e792a",
            "messageTitle": "Check for argument nullity for important methods",
            "messageBody": "",
            "insertions": 6,
            "deletions": 0
          },
          {
            "hash": "595b21d4063802a4053bec068062919a0e81be81",
            "messageTitle": "Remove usages where this.children is set to null",
            "messageBody": "",
            "insertions": 0,
            "deletions": 6
          },
          {
            "hash": "be44c429f403451fb731233b02bb79166189f2a7",
            "messageTitle": "Change the default title value for root block",
            "messageBody": "",
            "insertions": 3,
            "deletions": 4
          },
          {
            "hash": "3555ef138c63413392fc06596e7c63ecb6f5115c",
            "messageTitle": "Add createRootBlock() static method",
            "messageBody": "",
            "insertions": 8,
            "deletions": 9
          },
          {
            "hash": "47f9ee333cdd97a2ae49c05ea804bb50f29010f3",
            "messageTitle": "Add exceptions for setChild() and addChild()",
            "messageBody": "",
            "insertions": 26,
            "deletions": 3
          }
        ]
      },
      {
        "insertions": 99,
        "deletions": 18,
        "date": "2020-03-19",
        "commitResults": [
          {
            "hash": "c8c6f9109210bcf5f4635c14fe4e072e95c22f69",
            "messageTitle": "Update body content validity condition",
            "messageBody": "",
            "insertions": 7,
            "deletions": 1
          },
          {
            "hash": "6f1a5cbc9cae9fcade119b38f0011575a88e34e1",
            "messageTitle": "Clean up Title class whiteline",
            "messageBody": "",
            "insertions": 0,
            "deletions": 1
          },
          {
            "hash": "2cec8989808f08547cb5bbe830ae921cbc9f86e4",
            "messageTitle": "Add test cases for Title and Body",
            "messageBody": "",
            "insertions": 75,
            "deletions": 0
          },
          {
            "hash": "dd51909f3d5dd9b4a86600e87598d6fae64a7af0",
            "messageTitle": "Fix checkstyle EOF newline violation",
            "messageBody": "",
            "insertions": 1,
            "deletions": 1
          },
          {
            "hash": "af5fd50232fcfa7350e4b9eff3625709f2a06555",
            "messageTitle": "Fix checkstyle violations",
            "messageBody": "",
            "insertions": 9,
            "deletions": 7
          },
          {
            "hash": "0b65d489fa4ab23802a618b36f27e4dffc13e5c6",
            "messageTitle": "Fix validity condition and improve test cases",
            "messageBody": "",
            "insertions": 7,
            "deletions": 8
          }
        ]
      },
      {
        "insertions": 177,
        "deletions": 156,
        "date": "2020-03-20",
        "commitResults": [
          {
            "hash": "eade10568ece8a15ad8f77805b370281143a402a",
            "messageTitle": "Add BlockTree and BlockTreeItem interfaces",
            "messageBody": "",
            "insertions": 108,
            "deletions": 0
          },
          {
            "hash": "06d3c4f0ce4770e407361a4a0b4fc803af200ef8",
            "messageTitle": "Fix checkstyle unused import",
            "messageBody": "",
            "insertions": 0,
            "deletions": 1
          },
          {
            "hash": "0edecbf3e7160580d51b24c607a9e9e6529fd1b4",
            "messageTitle": "Add setBlockChildren implementation",
            "messageBody": "",
            "insertions": 1,
            "deletions": 3
          },
          {
            "hash": "1ae67855f535ed9bac5e319737caac0966828c94",
            "messageTitle": "Update Block interface and implementation",
            "messageBody": "",
            "insertions": 7,
            "deletions": 144
          },
          {
            "hash": "854fafaa692f15dc7cef5cd560d5dee565a1db97",
            "messageTitle": "Change from Path to AbsolutePath usage",
            "messageBody": "",
            "insertions": 6,
            "deletions": 6
          },
          {
            "hash": "d6fb4110fa9e4aabbb888df4f2703d015dd7ea51",
            "messageTitle": "Add BlockModel interface",
            "messageBody": "",
            "insertions": 53,
            "deletions": 0
          },
          {
            "hash": "d53356b947fb1ac46000cbb8de938433e93e13ab",
            "messageTitle": "Update getBlockPath()",
            "messageBody": "",
            "insertions": 2,
            "deletions": 2
          }
        ]
      },
      {
        "insertions": 30,
        "deletions": 17,
        "date": "2020-03-21",
        "commitResults": [
          {
            "hash": "970db0429df00cc301003c0d2f7e6f9209b50810",
            "messageTitle": "Update methods",
            "messageBody": "",
            "insertions": 8,
            "deletions": 4
          },
          {
            "hash": "4e8bc2433d62b05624aed1e4983a85c6551ad255",
            "messageTitle": "Add and rename methods in interface",
            "messageBody": "",
            "insertions": 20,
            "deletions": 12
          },
          {
            "hash": "5574f44648c9ec95dd3a8f9de2bef133cdd03b86",
            "messageTitle": "Extend BlockModel to Observable",
            "messageBody": "",
            "insertions": 2,
            "deletions": 1
          }
        ]
      },
      {
        "insertions": 52,
        "deletions": 12,
        "date": "2020-03-22",
        "commitResults": [
          {
            "hash": "00cec6d203ed0e5e1774b96317b815eca6a8e9a7",
            "messageTitle": "Remove getCurrentlyOpenBlock() and Observable",
            "messageBody": "",
            "insertions": 1,
            "deletions": 8
          },
          {
            "hash": "153f90a0c752880e272b6bca4f2fc0f2760d57f7",
            "messageTitle": "Make Model extend BlockModel",
            "messageBody": "",
            "insertions": 51,
            "deletions": 3
          },
          {
            "hash": "4db327d42988beeda7f41dd867b73cc08b0bf329",
            "messageTitle": "Fix checkstyle",
            "messageBody": "",
            "insertions": 0,
            "deletions": 1
          }
        ]
      }
    ],
    "ljiazh3ng": [
      {
        "insertions": 470,
        "deletions": 470,
        "date": "2020-02-28",
        "commitResults": [
          {
            "hash": "439cf3ae59e6eadda2ece9189e7b8cdf8aaf47cd",
            "messageTitle": "Removed address class",
            "messageBody": "",
            "insertions": 92,
            "deletions": 378
          },
          {
            "hash": "c5d04cbd43ac9eb83245ad95bc6a67d0c46c84cd",
            "messageTitle": "Revert \"Merge branch \u0027tutorial-removing-field\u0027\"",
            "messageBody": "This reverts commit 4e987ef06f95974ba9d029133876a4e371f73f16, reversing\nchanges made to c76ff801f832baa2117047e44c96ca7f2bb50946.\n",
            "insertions": 378,
            "deletions": 92
          }
        ]
      },
      {
        "insertions": 0,
        "deletions": 484,
        "date": "2020-03-03",
        "commitResults": [
          {
            "hash": "0b3bf37135009b1f5429e6952a1b4ce11235680a",
            "messageTitle": "Remove unused Person model and its related model classes",
            "messageBody": "",
            "insertions": 0,
            "deletions": 484
          }
        ]
      },
      {
        "insertions": 233,
        "deletions": 1893,
        "date": "2020-03-10",
        "commitResults": [
          {
            "hash": "8bfe3497b4aeb5dcf1f5e61fb8f6ad0c75377c37",
            "messageTitle": "Remove dependecies related with deleting Person model",
            "messageBody": "",
            "insertions": 32,
            "deletions": 1258
          },
          {
            "hash": "129b4cdd86a073a355ecbf6929d08f2c76bc9f77",
            "messageTitle": "Corrected syntax error",
            "messageBody": "",
            "insertions": 1,
            "deletions": 1
          },
          {
            "hash": "263994cc6f7bdb65cbe096d76d7136756b71a096",
            "messageTitle": "remove more dependencies",
            "messageBody": "",
            "insertions": 116,
            "deletions": 292
          },
          {
            "hash": "4dba5dc6e6d676bd8a7b57fd36126ace10a34c39",
            "messageTitle": "checkstyle",
            "messageBody": "",
            "insertions": 0,
            "deletions": 2
          },
          {
            "hash": "0b6b5a646298ca2085d81e042a4a6a664007dd18",
            "messageTitle": "CheckStyle",
            "messageBody": "",
            "insertions": 81,
            "deletions": 60
          },
          {
            "hash": "940fe526054423c6c6f058506d47cf84537349aa",
            "messageTitle": "CheckStyle",
            "messageBody": "",
            "insertions": 3,
            "deletions": 204
          },
          {
            "hash": "7ee1961d116c7b50e2d0678623f0d52b8ee6f329",
            "messageTitle": "CheckStyle",
            "messageBody": "",
            "insertions": 0,
            "deletions": 76
          }
        ]
      },
      {
        "insertions": 657,
        "deletions": 1688,
        "date": "2020-03-11",
        "commitResults": [
          {
            "hash": "fbf33c9391642997e4d4b03b1219140d519ed37d",
            "messageTitle": "Test checkstyles",
            "messageBody": "",
            "insertions": 46,
            "deletions": 1085
          },
          {
            "hash": "e9dd760afacbbc58dabbc812a5193db2cfda5c37",
            "messageTitle": "Updated master from upstream",
            "messageBody": "",
            "insertions": 0,
            "deletions": 4
          },
          {
            "hash": "2257ba989512eb3ae47d261f6add3741d8ccdeda",
            "messageTitle": "Build succesful, commented out failing test cases",
            "messageBody": "",
            "insertions": 611,
            "deletions": 599
          }
        ]
      },
      {
        "insertions": 157,
        "deletions": 130,
        "date": "2020-03-14",
        "commitResults": [
          {
            "hash": "2a2cb810728e3f239bc5fa6a2f6df950947f1849",
            "messageTitle": "Path",
            "messageBody": "",
            "insertions": 30,
            "deletions": 0
          },
          {
            "hash": "33e9f9234cbc2375dd7beefde903c86e81c77d00",
            "messageTitle": "syntax and renamed Person to block",
            "messageBody": "",
            "insertions": 0,
            "deletions": 47
          },
          {
            "hash": "3339a87cd0103f366fa7572a5a2a56493e5eb0f7",
            "messageTitle": "Revert \"syntax and renamed Person to block\"",
            "messageBody": "This reverts commit 33e9f9234cbc2375dd7beefde903c86e81c77d00.\n",
            "insertions": 47,
            "deletions": 0
          },
          {
            "hash": "5f40a3138b62adbbd7ff83c1922ece75f158bdb8",
            "messageTitle": "update Path and syntax",
            "messageBody": "",
            "insertions": 59,
            "deletions": 0
          },
          {
            "hash": "dc23383b047eb58542beb1042ed1f41b6758bd03",
            "messageTitle": "Removed exceptions",
            "messageBody": "",
            "insertions": 0,
            "deletions": 64
          },
          {
            "hash": "7568521c268fdb1ed66b2e815e33dfcb36c01284",
            "messageTitle": "Delete CommandParser.java",
            "messageBody": "",
            "insertions": 0,
            "deletions": 13
          },
          {
            "hash": "cdeb454dec0fe12b3270f305e81325cbd3b8fc0a",
            "messageTitle": "change person exception to block exception",
            "messageBody": "",
            "insertions": 4,
            "deletions": 4
          },
          {
            "hash": "e9423aeeadc2eac66808f22c640d1ca2d7148913",
            "messageTitle": "Change person exception to block exception",
            "messageBody": "",
            "insertions": 11,
            "deletions": 0
          },
          {
            "hash": "63c00dfc0e45f3e3b586e64c9d715c10631951e0",
            "messageTitle": "check absolute in path",
            "messageBody": "",
            "insertions": 6,
            "deletions": 2
          }
        ]
      },
      {
        "insertions": 215,
        "deletions": 26,
        "date": "2020-03-15",
        "commitResults": [
          {
            "hash": "2205e46751797bc74aa74c06db8137fe0242245c",
            "messageTitle": "Absolute and Relative paths",
            "messageBody": "",
            "insertions": 214,
            "deletions": 25
          },
          {
            "hash": "bb1d1dab8f76cc292a96512932a8aa9a4bbc04a6",
            "messageTitle": "Insert line at EOF",
            "messageBody": "",
            "insertions": 1,
            "deletions": 1
          }
        ]
      },
      {
        "insertions": 151,
        "deletions": 65,
        "date": "2020-03-16",
        "commitResults": [
          {
            "hash": "01c46792b14d37e893d0b57347cdb2aa4721be2c",
            "messageTitle": "Checkstyle",
            "messageBody": "",
            "insertions": 4,
            "deletions": 2
          },
          {
            "hash": "92847d3f2267bbb1cb4ad0d7d10454685ef914a2",
            "messageTitle": "Code style + handle special relative path",
            "messageBody": "",
            "insertions": 142,
            "deletions": 57
          },
          {
            "hash": "26abea9a976b536e7f263b9ef6a5a78bd684f535",
            "messageTitle": "Checkstyle",
            "messageBody": "",
            "insertions": 5,
            "deletions": 6
          }
        ]
      },
      {
        "insertions": 148,
        "deletions": 135,
        "date": "2020-03-17",
        "commitResults": [
          {
            "hash": "be3a62c02ad5a83a30d8dacad3726e1761afe870",
            "messageTitle": "Modify test case and fix bugs",
            "messageBody": "",
            "insertions": 84,
            "deletions": 92
          },
          {
            "hash": "ac99a49228d822fb1257c68cfde2911e3a7b4690",
            "messageTitle": "Checkstyle",
            "messageBody": "",
            "insertions": 17,
            "deletions": 26
          },
          {
            "hash": "2e5e52409a5a42f506f9aecaf76e45b7777ebfe8",
            "messageTitle": "Removed redundant regex capturing group",
            "messageBody": "",
            "insertions": 1,
            "deletions": 1
          },
          {
            "hash": "21a76ccf8ab79e2c7563a1a3440b1b27f09a7086",
            "messageTitle": "change in definition of equals",
            "messageBody": "",
            "insertions": 33,
            "deletions": 3
          },
          {
            "hash": "2705e5eaab9208d13df0fccd3d26f2042566ded1",
            "messageTitle": "Javadoc",
            "messageBody": "",
            "insertions": 1,
            "deletions": 1
          },
          {
            "hash": "597e65e3cc54b73ab4e2a4705fb2b9e36eb33e68",
            "messageTitle": "Test method name",
            "messageBody": "",
            "insertions": 6,
            "deletions": 6
          },
          {
            "hash": "7335accc2311cb2ece715fa0b0c362db7bb17e9c",
            "messageTitle": "Test file method name",
            "messageBody": "",
            "insertions": 5,
            "deletions": 5
          },
          {
            "hash": "3835dd27118e75690057035cfc143866c3677864",
            "messageTitle": "Update RelativePath.java",
            "messageBody": "",
            "insertions": 1,
            "deletions": 1
          }
        ]
      },
      {
        "insertions": 12,
        "deletions": 3,
        "date": "2020-03-19",
        "commitResults": [
          {
            "hash": "797ceefeebc8743d7a58d8639a5f445f52e50c01",
            "messageTitle": "allow / absolute path",
            "messageBody": "",
            "insertions": 10,
            "deletions": 1
          },
          {
            "hash": "ea45581a36700b97e3ce6d8a730f03b80fe8728f",
            "messageTitle": "Change validation regex",
            "messageBody": "",
            "insertions": 2,
            "deletions": 2
          }
        ]
      }
    ]
  },
  "authorFinalContributionMap": {
    "johannagwan": 252,
    "HemanshuGandhi": 285,
    "kevinputera": 921,
    "firzanarmani": 504,
    "ljiazh3ng": 1057
  },
  "authorFileTypeContributionMap": {
    "johannagwan": {
      "java": 252,
      "md": 0,
      "fxml": 0,
      "sh": 0,
      "bat": 0,
      "gradle": 0,
      "txt": 0
    },
    "HemanshuGandhi": {
      "java": 260,
      "md": 0,
      "fxml": 21,
      "sh": 0,
      "bat": 0,
      "gradle": 2,
      "txt": 2
    },
    "kevinputera": {
      "java": 918,
      "md": 0,
      "fxml": 2,
      "sh": 0,
      "bat": 0,
      "gradle": 1,
      "txt": 0
    },
    "firzanarmani": {
      "java": 503,
      "md": 0,
      "fxml": 0,
      "sh": 0,
      "bat": 0,
      "gradle": 1,
      "txt": 0
    },
    "ljiazh3ng": {
      "java": 1057,
      "md": 0,
      "fxml": 0,
      "sh": 0,
      "bat": 0,
      "gradle": 0,
      "txt": 0
    }
  },
  "authorContributionVariance": {
    "johannagwan": 3163.6794,
    "HemanshuGandhi": 2665.028,
    "kevinputera": 83343.24,
    "firzanarmani": 7181.2393,
    "ljiazh3ng": 266784.4
  },
  "authorDisplayNameMap": {
    "johannagwan": "CS2103T-W17-2 JOHA..ANNA",
    "HemanshuGandhi": "CS2103T-W17-2 HEMA..NDHI",
    "kevinputera": "CS2103T-W17-2 KEVI..TERA",
    "firzanarmani": "CS2103T-W17-2 FIRZ..ZMAN",
    "ljiazh3ng": "CS2103T-W17-2 LUA ..HENG"
  }
}
