{
  "authorDailyContributionsMap": {
    "huixianc": [
      {
        "insertions": 11,
        "deletions": 6,
        "date": "2020-02-24",
        "commitResults": [
          {
            "hash": "dedc1c6adffd0ec487c86a25e0b4f244cd81a0e0",
            "messageTitle": "removed codacy badge",
            "messageBody": "",
            "insertions": 2,
            "deletions": 2
          },
          {
            "hash": "91a70c35041088be3a4593b4d1956047114b2bae",
            "messageTitle": "changed documentation back to original",
            "messageBody": "",
            "insertions": 2,
            "deletions": 2
          },
          {
            "hash": "00e9532b9a63f704e6779605a7b20f56d8fecf9c",
            "messageTitle": "changed documentation",
            "messageBody": "",
            "insertions": 2,
            "deletions": 2
          },
          {
            "hash": "590bd2dd60c48e1d86a29ddb170178d486416050",
            "messageTitle": "added annotations for tutorial 1",
            "messageBody": "",
            "insertions": 5,
            "deletions": 0
          }
        ]
      },
      {
        "insertions": 1,
        "deletions": 1,
        "date": "2020-03-04",
        "commitResults": [
          {
            "hash": "08a2d1025ec693a9d8b7d9e99ca1a213bf5eb49c",
            "messageTitle": "edited site url in build.gradle",
            "messageBody": "",
            "insertions": 1,
            "deletions": 1
          }
        ]
      },
      {
        "insertions": 252,
        "deletions": 6,
        "date": "2020-03-17",
        "commitResults": [
          {
            "hash": "79de0f0a3436317218bea8f4b0190acc61d96a19",
            "messageTitle": "added Event classes",
            "messageBody": "",
            "insertions": 145,
            "deletions": 0
          },
          {
            "hash": "1b2e2f0f3ff699af1f21a70c54d2b7063225891c",
            "messageTitle": "added meeting command and parser",
            "messageBody": "",
            "insertions": 65,
            "deletions": 3
          },
          {
            "hash": "b2136cb7a6b3df5e126574c273799475b8f9f8ec",
            "messageTitle": "updated event parsing",
            "messageBody": "",
            "insertions": 42,
            "deletions": 3
          }
        ]
      },
      {
        "insertions": 470,
        "deletions": 22,
        "date": "2020-03-18",
        "commitResults": [
          {
            "hash": "d6ef51aaedf031e12aad5ba1582a31d783859105",
            "messageTitle": "completed add meeting command",
            "messageBody": "",
            "insertions": 64,
            "deletions": 5
          },
          {
            "hash": "2bfda6680a9f0d887a03d66803d92d4b1c07709b",
            "messageTitle": "added the consultation command",
            "messageBody": "",
            "insertions": 117,
            "deletions": 4
          },
          {
            "hash": "1fc91ac31bb04e518a6d44f4ce8254d6d1a1de7c",
            "messageTitle": "added the study session command",
            "messageBody": "",
            "insertions": 114,
            "deletions": 0
          },
          {
            "hash": "e29fd27e8fa77a288381867f3de9f77daba1a72b",
            "messageTitle": "added the lesson command",
            "messageBody": "",
            "insertions": 127,
            "deletions": 2
          },
          {
            "hash": "ef91644c8b553e1c9d99d8426c6df02c16171e04",
            "messageTitle": "added addEvent and addLesson methods to ModelManager",
            "messageBody": "",
            "insertions": 32,
            "deletions": 8
          },
          {
            "hash": "74a4ce3bebac5595cde25c9956330c2409000a1d",
            "messageTitle": "fixed checkstyle",
            "messageBody": "",
            "insertions": 5,
            "deletions": 3
          },
          {
            "hash": "978f0158b42229714dce2d5f6aae3a7e16b8e620",
            "messageTitle": "fixed build fail caused by test",
            "messageBody": "",
            "insertions": 11,
            "deletions": 0
          }
        ]
      }
    ],
    "lohszeying": [
      {
        "insertions": 6176,
        "deletions": 6166,
        "date": "2020-03-11",
        "commitResults": [
          {
            "hash": "764e3d013e9e07e4b937eb73a72fac079cc3e956",
            "messageTitle": "Revert renaming of address book to NOVA",
            "messageBody": "",
            "insertions": 5322,
            "deletions": 572
          },
          {
            "hash": "c5a00c7e6089a0576b7bb68c61842fa3381cc0c4",
            "messageTitle": "test commit",
            "messageBody": "",
            "insertions": 573,
            "deletions": 5323
          },
          {
            "hash": "d2eedc876ba093c90c62dfc06027775f9716c620",
            "messageTitle": "Edited comment for AddCommand",
            "messageBody": "",
            "insertions": 1,
            "deletions": 1
          },
          {
            "hash": "f1705dfff8e70a2ad688901c8ef9d99da8aa5a09",
            "messageTitle": "refactored to add \"Ab\" to for command classes",
            "messageBody": "",
            "insertions": 229,
            "deletions": 244
          },
          {
            "hash": "bd3cb74829f9ceafac16666168979bba893ae1d3",
            "messageTitle": "Fixed checkstyle error",
            "messageBody": "",
            "insertions": 11,
            "deletions": 3
          },
          {
            "hash": "2822a53f4e4e248e43a8ec92f952366f054399e7",
            "messageTitle": "Checkstyle error fix",
            "messageBody": "",
            "insertions": 2,
            "deletions": 2
          },
          {
            "hash": "5118c0ddcda36d486763823d476774531505d469",
            "messageTitle": "Fixed checkstyle error for \"Wrong lexicographical order\"",
            "messageBody": "",
            "insertions": 2,
            "deletions": 2
          },
          {
            "hash": "eee56469fcec8aea42d0af9aba56bd2474777e05",
            "messageTitle": "More fixes to checkstyle error causing travis build to fail",
            "messageBody": "",
            "insertions": 28,
            "deletions": 12
          },
          {
            "hash": "151a7f294a345712a826644637bc35ac9b1b499c",
            "messageTitle": "More fixes to checkstyle error",
            "messageBody": "",
            "insertions": 7,
            "deletions": 6
          },
          {
            "hash": "76c593a3e66c39998a654b12259257c31d5fe224",
            "messageTitle": "Checkstyle error fix",
            "messageBody": "",
            "insertions": 1,
            "deletions": 1
          }
        ]
      },
      {
        "insertions": 163,
        "deletions": 441,
        "date": "2020-03-14",
        "commitResults": [
          {
            "hash": "aa37387cc3be79e5b1b875b990ec10e966421d7e",
            "messageTitle": "Edited syntax so address book feature accepts back slash to separate prefix, rather than forward slash",
            "messageBody": "",
            "insertions": 6,
            "deletions": 6
          },
          {
            "hash": "d6fff20d812b787238821592effe1e11119dcdb5",
            "messageTitle": "Removed address field from address book feature",
            "messageBody": "",
            "insertions": 12,
            "deletions": 245
          },
          {
            "hash": "442fc8039741a7896b277a5b882db23c4333386a",
            "messageTitle": "deleted more address field from test folder",
            "messageBody": "",
            "insertions": 43,
            "deletions": 67
          },
          {
            "hash": "5b5201374fa44d494a6f3b6d9de984285381620e",
            "messageTitle": "fixing checkstyle error for removing address field (AB feature)",
            "messageBody": "",
            "insertions": 15,
            "deletions": 37
          },
          {
            "hash": "95b1489734caaf7d863aecf43170370d0f518b12",
            "messageTitle": "Removed more address field to fix checkstyle error",
            "messageBody": "",
            "insertions": 1,
            "deletions": 1
          },
          {
            "hash": "2b193f3a275a2fbbeb15652e7ac86340e2777ced",
            "messageTitle": "removed address test cases causing travis build to fail",
            "messageBody": "",
            "insertions": 0,
            "deletions": 8
          },
          {
            "hash": "b03c769cf292421ac79f750d4bce15a82b3cc017",
            "messageTitle": "Refactored the acciddental \"AbAb\" name to \"Ab\"",
            "messageBody": "",
            "insertions": 2,
            "deletions": 2
          },
          {
            "hash": "3f7f89d06e7ec4b109f25976bcdce3f7894ee5d9",
            "messageTitle": "AB feature: Auto reformat name, eg. from \"aLiCE    yeOH\" to \"Alice Yeoh\"",
            "messageBody": "",
            "insertions": 7,
            "deletions": 1
          },
          {
            "hash": "7f0d6a2fcdc426e5d7b8b3ae97eaa3430948dcc2",
            "messageTitle": "Edited tag so that it only accepts either classmate or teammate as tag (to be refactored as category)",
            "messageBody": "",
            "insertions": 31,
            "deletions": 5
          },
          {
            "hash": "a47652fb74a72eee9c3e976d45a44ad17a4f1974",
            "messageTitle": "Fixing test error after editing tag",
            "messageBody": "",
            "insertions": 34,
            "deletions": 49
          },
          {
            "hash": "af955ba6d7a98b9b9418f15af1e227d3a08dd207",
            "messageTitle": "main checkstyle error fix for tag",
            "messageBody": "",
            "insertions": 9,
            "deletions": 6
          },
          {
            "hash": "339f5432401638c050b9fcd08f551e392d89b6cd",
            "messageTitle": "test checkstyle error fix for tag",
            "messageBody": "",
            "insertions": 1,
            "deletions": 12
          },
          {
            "hash": "7b17e6c7c03792cd117495ed8cac06fc62578e4a",
            "messageTitle": "Edited tag to automatically convert to lower case (category)",
            "messageBody": "",
            "insertions": 2,
            "deletions": 2
          }
        ]
      },
      {
        "insertions": 15,
        "deletions": 3,
        "date": "2020-03-16",
        "commitResults": [
          {
            "hash": "292acc9dd536aecf79b40e99b4ae3d1e2d481e2a",
            "messageTitle": "Replaced the display message to result display window for list and find command (AB feature)",
            "messageBody": "",
            "insertions": 15,
            "deletions": 3
          }
        ]
      },
      {
        "insertions": 306,
        "deletions": 189,
        "date": "2020-03-17",
        "commitResults": [
          {
            "hash": "ed888f1d8d4bace0e21e5500092b790534bcb889",
            "messageTitle": "Added list category specific (eg. list classmate / list teammate), and will display remarks according to category",
            "messageBody": "",
            "insertions": 148,
            "deletions": 34
          },
          {
            "hash": "a2a26e4d844289136d1c057d832c3444cc147985",
            "messageTitle": "Refactored tags into categories and tag into category (Address Book feature)",
            "messageBody": "",
            "insertions": 158,
            "deletions": 155
          }
        ]
      },
      {
        "insertions": 173,
        "deletions": 380,
        "date": "2020-03-18",
        "commitResults": [
          {
            "hash": "36157f5ce94160683a67044d41f4cd7f821a8e24",
            "messageTitle": "Removed Exit command in AB feature, and edited list command (including list teammate/list classmate), and find command",
            "messageBody": "",
            "insertions": 133,
            "deletions": 35
          },
          {
            "hash": "854dd4e09b2b97717c7f50abb910dc120a6955f4",
            "messageTitle": "Refactored HelpCommand to AbHelpCommand",
            "messageBody": "",
            "insertions": 14,
            "deletions": 14
          },
          {
            "hash": "0f689265db40a09ca3d4d485b9e5633d2d1ed99f",
            "messageTitle": "Removed \"AbAb\"",
            "messageBody": "",
            "insertions": 0,
            "deletions": 309
          },
          {
            "hash": "6dede19473bce23559407d6e0c892d236f5cd2fc",
            "messageTitle": "Avoid reusing code for AddressBookParser, and edited find command\u0027s MESSAGE_USAGE",
            "messageBody": "",
            "insertions": 8,
            "deletions": 6
          },
          {
            "hash": "133b20d14105865fff24198e260114b1c6f863d8",
            "messageTitle": "Fix checkstyle error",
            "messageBody": "",
            "insertions": 16,
            "deletions": 14
          },
          {
            "hash": "d8154d6a94943e30dabf3d2dbe3bbd816602e803",
            "messageTitle": "removed trim() for arguments, and removed space",
            "messageBody": "",
            "insertions": 2,
            "deletions": 2
          }
        ]
      }
    ],
    "xCelestialPhoenix": [
      {
        "insertions": 295,
        "deletions": 28,
        "date": "2020-03-11",
        "commitResults": [
          {
            "hash": "6dc10f8152e5d8904671aaba427c886601b2ad09",
            "messageTitle": "Revert to e7d3dbe",
            "messageBody": "",
            "insertions": 295,
            "deletions": 28
          }
        ]
      },
      {
        "insertions": 4,
        "deletions": 4,
        "date": "2020-03-17",
        "commitResults": [
          {
            "hash": "634667b460594264cda6e38db370c5dc1e79f00a",
            "messageTitle": "Changed mode name from scheduler to schedule.",
            "messageBody": "",
            "insertions": 4,
            "deletions": 4
          }
        ]
      },
      {
        "insertions": 845,
        "deletions": 52,
        "date": "2020-03-18",
        "commitResults": [
          {
            "hash": "392e256dc6fd4bcde7f60e261dd789162ef4c50f",
            "messageTitle": "Created scheduler.",
            "messageBody": "",
            "insertions": 802,
            "deletions": 29
          },
          {
            "hash": "55bef0adb1e23cc2b19f37bdd3b046413dcdc22f",
            "messageTitle": "Removed println",
            "messageBody": "",
            "insertions": 0,
            "deletions": 2
          },
          {
            "hash": "4fb3fa0ad3d026eceebedb68d511b7d0907314f0",
            "messageTitle": "Completed view d/[date] command without tests",
            "messageBody": "",
            "insertions": 2,
            "deletions": 13
          },
          {
            "hash": "38329b320d783780943c66210fe3ea495672e9cf",
            "messageTitle": "Fixed checkstyle",
            "messageBody": "",
            "insertions": 41,
            "deletions": 8
          }
        ]
      }
    ],
    "mightyrabbit99": [
      {
        "insertions": 1194,
        "deletions": 992,
        "date": "2020-03-11",
        "commitResults": [
          {
            "hash": "66f395631351b2f5c7ae1ab27be42285f3773958",
            "messageTitle": "moved addressbook to subfolder",
            "messageBody": "",
            "insertions": 784,
            "deletions": 779
          },
          {
            "hash": "18bf62ce448c4d57f0a3686d425e69c1b8cdfc78",
            "messageTitle": "added event class",
            "messageBody": "",
            "insertions": 410,
            "deletions": 213
          }
        ]
      },
      {
        "insertions": 588,
        "deletions": 2001,
        "date": "2020-03-13",
        "commitResults": [
          {
            "hash": "6c3fa0666f1c4fda9c13fb1a23e1e00badcafdaa",
            "messageTitle": "deleted prototype event class",
            "messageBody": "",
            "insertions": 0,
            "deletions": 95
          },
          {
            "hash": "ed8029bd08bf0644c9f7a6b8ee8e64707b8c7c7a",
            "messageTitle": "Revert \"deleted prototype event class\"",
            "messageBody": "This reverts commit 6c3fa0666f1c4fda9c13fb1a23e1e00badcafdaa.\n",
            "insertions": 95,
            "deletions": 0
          },
          {
            "hash": "d46bed9437918df416275835609fd8adf2bc9959",
            "messageTitle": "changed name to nova",
            "messageBody": "",
            "insertions": 305,
            "deletions": 305
          },
          {
            "hash": "559e90eeb3bd9c002925aba94a2c37697532b2d0",
            "messageTitle": "renamed addressbook to NovaAddressBook",
            "messageBody": "",
            "insertions": 6,
            "deletions": 6
          },
          {
            "hash": "73890ee97473e2a8a1fa044e40da5c89edc30d96",
            "messageTitle": "fixed line ending",
            "messageBody": "",
            "insertions": 11,
            "deletions": 106
          },
          {
            "hash": "de1e66ee207d578045e7f404820ae5b14cee07d0",
            "messageTitle": "dos2unix1",
            "messageBody": "",
            "insertions": 92,
            "deletions": 92
          },
          {
            "hash": "71f800b54019ca6c199c63a3cfe518961304b06b",
            "messageTitle": "dos2unix2",
            "messageBody": "",
            "insertions": 8,
            "deletions": 8
          },
          {
            "hash": "c3d4275470298b9d34c4043fa8f0d78c8e41b47a",
            "messageTitle": "fucking checkstyleMain",
            "messageBody": "",
            "insertions": 50,
            "deletions": 8
          },
          {
            "hash": "a8315962c4f9eba742ac391bdac80d44cc0f878b",
            "messageTitle": "fucking test",
            "messageBody": "",
            "insertions": 4,
            "deletions": 60
          },
          {
            "hash": "88525acff84c8cfbe5f4f201e83f44ec846cb8e9",
            "messageTitle": "fucking compileTestJava",
            "messageBody": "",
            "insertions": 9,
            "deletions": 1312
          },
          {
            "hash": "e7ca1b9addb1eda0dd2bb9e3e34bc05c99ab8c8b",
            "messageTitle": "fucking checkstyleMain again",
            "messageBody": "",
            "insertions": 8,
            "deletions": 9
          }
        ]
      }
    ],
    "BryanYap972": [
      {
        "insertions": 4,
        "deletions": 4,
        "date": "2020-02-20",
        "commitResults": [
          {
            "hash": "10b1c9f1b5998a374dd904ecd818bd006036966c",
            "messageTitle": "initial commit",
            "messageBody": "",
            "insertions": 1,
            "deletions": 1
          },
          {
            "hash": "092ea8546f20d2e15cd8774ec9a42d2d5e75e22b",
            "messageTitle": "initial commit",
            "messageBody": "",
            "insertions": 1,
            "deletions": 1
          },
          {
            "hash": "c2ba92b120421ae53981e02003ea048acee422e4",
            "messageTitle": "Revert \"Travis\"",
            "messageBody": "",
            "insertions": 2,
            "deletions": 2
          }
        ]
      },
      {
        "insertions": 284,
        "deletions": 27,
        "date": "2020-02-26",
        "commitResults": [
          {
            "hash": "069c06c3b46f03466de549fdf43ff035be59cc43",
            "messageTitle": "Testing",
            "messageBody": "",
            "insertions": 1,
            "deletions": 1
          },
          {
            "hash": "aaae9ce844060fd604548d7ba89d4014b4b9e723",
            "messageTitle": "Added remark command.",
            "messageBody": "",
            "insertions": 216,
            "deletions": 24
          },
          {
            "hash": "5da4faaa75070793210698b35353661f0fea0b8a",
            "messageTitle": "Added remark command test.",
            "messageBody": "",
            "insertions": 67,
            "deletions": 2
          }
        ]
      },
      {
        "insertions": 8,
        "deletions": 5,
        "date": "2020-02-27",
        "commitResults": [
          {
            "hash": "a0064e2a865d20b97ab951d014746351886009bd",
            "messageTitle": "Fixed checkstyle",
            "messageBody": "",
            "insertions": 8,
            "deletions": 5
          }
        ]
      },
      {
        "insertions": 311,
        "deletions": 311,
        "date": "2020-03-05",
        "commitResults": [
          {
            "hash": "a2de94bb333ca8c8bfff4ea175ddc8ce5a2b5a9b",
            "messageTitle": "Revert \"Merge to master\"",
            "messageBody": "",
            "insertions": 24,
            "deletions": 284
          },
          {
            "hash": "6ec9e0629ebc44c8e4f7b7f77ccd40b1eb4a1f0b",
            "messageTitle": "Revert \"Revert \"Merge to master\"\"",
            "messageBody": "",
            "insertions": 284,
            "deletions": 24
          },
          {
            "hash": "14d422461ccf04e1c811e3e04fb45abcd7a31e3f",
            "messageTitle": "Reverting changes",
            "messageBody": "",
            "insertions": 1,
            "deletions": 1
          },
          {
            "hash": "b80fdc3198803543074a2a94ea51466bbc82fd48",
            "messageTitle": "Reverting changes",
            "messageBody": "",
            "insertions": 1,
            "deletions": 1
          },
          {
            "hash": "a1eb3da449b439898d1e77a8c78b31d092b1d26e",
            "messageTitle": "Reverting changes",
            "messageBody": "",
            "insertions": 1,
            "deletions": 1
          }
        ]
      },
      {
        "insertions": 2,
        "deletions": 0,
        "date": "2020-03-06",
        "commitResults": [
          {
            "hash": "9e8d9fed81a023e01f5b5300f356ab63eba17672",
            "messageTitle": "Attempt to fix travis build error.",
            "messageBody": "",
            "insertions": 2,
            "deletions": 0
          }
        ]
      },
      {
        "insertions": 1329,
        "deletions": 1051,
        "date": "2020-03-14",
        "commitResults": [
          {
            "hash": "887894d17dc88558dfe8da2b3754d92b2224357a",
            "messageTitle": "Revert \"Model folder structure\"",
            "messageBody": "",
            "insertions": 1236,
            "deletions": 926
          },
          {
            "hash": "bc56b97cfd0f5f17ec812c3cf30da0689a2cc857",
            "messageTitle": "Changed GUI",
            "messageBody": "",
            "insertions": 93,
            "deletions": 125
          }
        ]
      },
      {
        "insertions": 141,
        "deletions": 16,
        "date": "2020-03-16",
        "commitResults": [
          {
            "hash": "c3ad1d4679c16e2a733aa37df9aec4b183071656",
            "messageTitle": "Added modes",
            "messageBody": "",
            "insertions": 141,
            "deletions": 16
          }
        ]
      },
      {
        "insertions": 204,
        "deletions": 64,
        "date": "2020-03-17",
        "commitResults": [
          {
            "hash": "ee71c8c3765d33cfce0c89a3c5bb0d49b1d77e76",
            "messageTitle": "Finished up changing mode command.",
            "messageBody": "",
            "insertions": 195,
            "deletions": 64
          },
          {
            "hash": "ba1b6707fe485b7146095ad526233faaf05a11a8",
            "messageTitle": "Finished up changing mode command.",
            "messageBody": "",
            "insertions": 6,
            "deletions": 0
          },
          {
            "hash": "e3d236d1ecc706533708170e00da35539dcafd1c",
            "messageTitle": "Made exit command a common command regardless of mode.",
            "messageBody": "",
            "insertions": 3,
            "deletions": 0
          }
        ]
      },
      {
        "insertions": 2025,
        "deletions": 1962,
        "date": "2020-03-18",
        "commitResults": [
          {
            "hash": "626b80207bb87c9f2419d1298053f006b54644ca",
            "messageTitle": "Changed package and directory from seedu.address to seedu.NOVA",
            "messageBody": "",
            "insertions": 989,
            "deletions": 969
          },
          {
            "hash": "3949fd065fea8c37da5c3d5378bc58baa52498ed",
            "messageTitle": "Changed package and directory from seedu.address to seedu.NOVA",
            "messageBody": "",
            "insertions": 1,
            "deletions": 1
          },
          {
            "hash": "cc03beae62842605a260f0bbdf1dc3efe910e90b",
            "messageTitle": "Made minor changes",
            "messageBody": "",
            "insertions": 97,
            "deletions": 72
          },
          {
            "hash": "f89bddbb686e3b77bf3d3d43d2dcdbc533fcf777",
            "messageTitle": "Fixed checkstyle",
            "messageBody": "",
            "insertions": 5,
            "deletions": 5
          },
          {
            "hash": "2b28dcb6958081a77e7d266bc031e01035afc4fe",
            "messageTitle": "Changed seedu.NOVA to seedu.nova. Changed command format error handling.",
            "messageBody": "",
            "insertions": 933,
            "deletions": 915
          }
        ]
      },
      {
        "insertions": 481,
        "deletions": 50,
        "date": "2020-03-19",
        "commitResults": [
          {
            "hash": "0a67862041db95af25b027e50eea275b080b6de7",
            "messageTitle": "Added PT list command.",
            "messageBody": "",
            "insertions": 465,
            "deletions": 39
          },
          {
            "hash": "563a7e49b18074d5d27e237ee091f0c3da1c802f",
            "messageTitle": "Fixed test unit issues.",
            "messageBody": "",
            "insertions": 6,
            "deletions": 0
          },
          {
            "hash": "77efc08c9bfbf55811565bb7820f619a9a83851f",
            "messageTitle": "Update ParserUtil.java",
            "messageBody": "",
            "insertions": 2,
            "deletions": 1
          },
          {
            "hash": "2a65334bedfcce878ce46fbc0eb9886ce3fff22b",
            "messageTitle": "Update ParserUtil.java",
            "messageBody": "",
            "insertions": 0,
            "deletions": 1
          },
          {
            "hash": "27eb3a1dfe72c23dc41c4bdb33559bbfa583344b",
            "messageTitle": "Update ParserUtil.java",
            "messageBody": "",
            "insertions": 1,
            "deletions": 1
          },
          {
            "hash": "f6b658ab2b0f59d7f96c1af51a14911ef8b66dcb",
            "messageTitle": "Update ParserUtil.java",
            "messageBody": "",
            "insertions": 0,
            "deletions": 4
          },
          {
            "hash": "2c697738d0eeeb57b945f980ca7c66a76c83b0be",
            "messageTitle": "Update Model.java",
            "messageBody": "",
            "insertions": 2,
            "deletions": 0
          },
          {
            "hash": "f0b113f6c5e98b76bee30832d91b141f5e969ae4",
            "messageTitle": "Update ModelManager.java",
            "messageBody": "",
            "insertions": 3,
            "deletions": 1
          },
          {
            "hash": "a58c85ab77ac27a7f719416ddddd2f1583556b14",
            "messageTitle": "Update ModelManager.java",
            "messageBody": "",
            "insertions": 1,
            "deletions": 1
          },
          {
            "hash": "da164d6b5a10f8a6f5080c8f64397f4657a9702a",
            "messageTitle": "Update ModelManager.java",
            "messageBody": "",
            "insertions": 1,
            "deletions": 1
          },
          {
            "hash": "c7cb9ba00eac8e18d0f7db3ce799c552a2cedae1",
            "messageTitle": "Update ParserUtil.java",
            "messageBody": "",
            "insertions": 0,
            "deletions": 1
          }
        ]
      }
    ]
  },
  "authorFinalContributionMap": {
    "huixianc": 723,
    "lohszeying": 1356,
    "xCelestialPhoenix": 764,
    "mightyrabbit99": 0,
    "BryanYap972": 1883
  },
  "authorFileTypeContributionMap": {
    "huixianc": {
      "java": 722,
      "md": 0,
      "fxml": 0,
      "sh": 0,
      "bat": 0,
      "gradle": 1,
      "txt": 0
    },
    "lohszeying": {
      "java": 1355,
      "md": 0,
      "fxml": 1,
      "sh": 0,
      "bat": 0,
      "gradle": 0,
      "txt": 0
    },
    "xCelestialPhoenix": {
      "java": 764,
      "md": 0,
      "fxml": 0,
      "sh": 0,
      "bat": 0,
      "gradle": 0,
      "txt": 0
    },
    "mightyrabbit99": {
      "java": 0,
      "md": 0,
      "fxml": 0,
      "sh": 0,
      "bat": 0,
      "gradle": 0,
      "txt": 0
    },
    "BryanYap972": {
      "java": 1841,
      "md": 0,
      "fxml": 39,
      "sh": 0,
      "bat": 0,
      "gradle": 3,
      "txt": 0
    }
  },
  "authorContributionVariance": {
    "huixianc": 8343.57,
    "lohszeying": 4218038.5,
    "xCelestialPhoenix": 24740.479,
    "mightyrabbit99": 309430.66,
    "BryanYap972": 584700.2
  },
  "authorDisplayNameMap": {
    "huixianc": "CS2103T-F10-3 CHUA..XIAN",
    "lohszeying": "CS2103T-F10-3 LOH ..YING",
    "xCelestialPhoenix": "CS2103T-F10-3 NG J..ENCE",
    "mightyrabbit99": "CS2103T-F10-3 TAN .. KEN",
    "BryanYap972": "CS2103T-F10-3 YAP ..RYAN"
  }
}
