{
  "authorDailyContributionsMap": {
    "huixianc": [
      {
        "insertions": 3,
        "deletions": 3,
        "date": "2020-02-20",
        "commitResults": [
          {
            "hash": "fdf67fdd087c6ef2869d732ad694c7f654ecf92c",
            "messageTitle": "Replace the URL in the attribute repoURL",
            "messageBody": "",
            "insertions": 2,
            "deletions": 2
          },
          {
            "hash": "1002ab2ed8a1a25e4cf6180c33e2e52fcef5029a",
            "messageTitle": "Update the link to the \u0027build status\u0027 badge at top of the README",
            "messageBody": "",
            "insertions": 1,
            "deletions": 1
          }
        ]
      },
      {
        "insertions": 12,
        "deletions": 7,
        "date": "2020-02-24",
        "commitResults": [
          {
            "hash": "dedc1c6adffd0ec487c86a25e0b4f244cd81a0e0",
            "messageTitle": "removed codacy badge",
            "messageBody": "",
            "insertions": 2,
            "deletions": 3
          },
          {
            "hash": "91a70c35041088be3a4593b4d1956047114b2bae",
            "messageTitle": "changed documentation back to original",
            "messageBody": "",
            "insertions": 2,
            "deletions": 2
          },
          {
            "hash": "a6f7c07516793eb714093221d1856ff044b1d762",
            "messageTitle": "added codacy badge back",
            "messageBody": "",
            "insertions": 1,
            "deletions": 0
          },
          {
            "hash": "00e9532b9a63f704e6779605a7b20f56d8fecf9c",
            "messageTitle": "changed documentation",
            "messageBody": "",
            "insertions": 2,
            "deletions": 2
          },
          {
            "hash": "590bd2dd60c48e1d86a29ddb170178d486416050",
            "messageTitle": "added annotations for tutorial 1",
            "messageBody": "",
            "insertions": 5,
            "deletions": 0
          }
        ]
      },
      {
        "insertions": 2,
        "deletions": 3,
        "date": "2020-03-02",
        "commitResults": [
          {
            "hash": "260cc06d5123f67ef5d2e9301fa0d4ecfc46a1f5",
            "messageTitle": "removed codacy badge",
            "messageBody": "",
            "insertions": 0,
            "deletions": 1
          },
          {
            "hash": "f981424c53fb756d6fb32a000153746f9fe2b541",
            "messageTitle": "Updated Contact Us Page",
            "messageBody": "",
            "insertions": 2,
            "deletions": 2
          }
        ]
      },
      {
        "insertions": 79,
        "deletions": 102,
        "date": "2020-03-03",
        "commitResults": [
          {
            "hash": "e8de929e0ecc8e9780b069e6a6e0d424e63e37d6",
            "messageTitle": "changed site-githuburl",
            "messageBody": "",
            "insertions": 1,
            "deletions": 1
          },
          {
            "hash": "0d8d69ebf1803c8906b4c737734b65d488bf5611",
            "messageTitle": "added manage event commands to UG",
            "messageBody": "",
            "insertions": 78,
            "deletions": 101
          }
        ]
      },
      {
        "insertions": 97,
        "deletions": 41,
        "date": "2020-03-04",
        "commitResults": [
          {
            "hash": "8bf3288684a1a293ffe68f8f6c5057f01b5d9950",
            "messageTitle": "edited manage plans section in UG",
            "messageBody": "",
            "insertions": 62,
            "deletions": 10
          },
          {
            "hash": "2f1493a441312b82f8de08c0fe946fcf0e3c07fa",
            "messageTitle": "updated DG",
            "messageBody": "",
            "insertions": 32,
            "deletions": 30
          },
          {
            "hash": "09185b2b96b937b5c393bb874db2f13a0c2921fa",
            "messageTitle": "added user story to DG",
            "messageBody": "",
            "insertions": 2,
            "deletions": 0
          },
          {
            "hash": "08a2d1025ec693a9d8b7d9e99ca1a213bf5eb49c",
            "messageTitle": "edited site url in build.gradle",
            "messageBody": "",
            "insertions": 1,
            "deletions": 1
          }
        ]
      }
    ],
    "lohszeying": [
      {
        "insertions": 16131,
        "deletions": 0,
        "date": "2020-03-01",
        "commitResults": [
          {
            "hash": "2f824dbf613b4d1bc393a2f13a494c68cb3d9cb2",
            "messageTitle": "First commit",
            "messageBody": "",
            "insertions": 16131,
            "deletions": 0
          }
        ]
      },
      {
        "insertions": 360,
        "deletions": 158,
        "date": "2020-03-03",
        "commitResults": [
          {
            "hash": "162a9a2c24e49317c35298af3b9ac8eebe49d28f",
            "messageTitle": "Edited about us page",
            "messageBody": "",
            "insertions": 193,
            "deletions": 23
          },
          {
            "hash": "a0a85c43686913445201c3c271e53574bdcb1565",
            "messageTitle": "Fixed checkstyle EOF error",
            "messageBody": "",
            "insertions": 5,
            "deletions": 5
          },
          {
            "hash": "3ba7146ff8737bf37eaa608c714671be1e730c70",
            "messageTitle": "Renamed png images to fit Week 7\u0027s project criteria",
            "messageBody": "",
            "insertions": 3,
            "deletions": 3
          },
          {
            "hash": "0f85139d2c938eda65b26be93ee2d303ec953240",
            "messageTitle": "Edited Address Book part of user guide, introduction and quickstart. Note: quickstart image is still using default address book png.",
            "messageBody": "",
            "insertions": 109,
            "deletions": 99
          },
          {
            "hash": "c82bb055e4777d764cf5959ad3cdadb91a18a877",
            "messageTitle": "Edited target user profile, value proposition, user stories (for address book), use cases (for address book)",
            "messageBody": "",
            "insertions": 22,
            "deletions": 21
          },
          {
            "hash": "f66833706a3b6aee8f0c54203e38e8e11b96166d",
            "messageTitle": "Edited NFR up till 3 March 9pm (from Draft DG google drive doc), added 1 more use case.",
            "messageBody": "",
            "insertions": 24,
            "deletions": 7
          },
          {
            "hash": "e5efa34fdeb29d70115de736f70a12c0c06e5a12",
            "messageTitle": "Added 2 more user stories regarding Address Book feature",
            "messageBody": "",
            "insertions": 4,
            "deletions": 0
          }
        ]
      },
      {
        "insertions": 6,
        "deletions": 6,
        "date": "2020-03-05",
        "commitResults": [
          {
            "hash": "8ac7280a2430dd8547b2ee6dd4ecea063bbcec57",
            "messageTitle": "Renamed team documents to match github username, and added remaining team member\u0027s image",
            "messageBody": "",
            "insertions": 5,
            "deletions": 5
          },
          {
            "hash": "258d4ae1dfad571da1306c6556a6a254c0aa5d97",
            "messageTitle": "Fixed a typo for portfolio linking",
            "messageBody": "",
            "insertions": 1,
            "deletions": 1
          }
        ]
      },
      {
        "insertions": 61,
        "deletions": 3,
        "date": "2020-03-06",
        "commitResults": [
          {
            "hash": "1aa28d301242009b033f6de453e08d938a3c0125",
            "messageTitle": "Updated User Guide (Address Book feature)",
            "messageBody": "Added examples",
            "insertions": 61,
            "deletions": 3
          }
        ]
      }
    ],
    "xCelestialPhoenix": [
      {
        "insertions": 100,
        "deletions": 1,
        "date": "2020-03-05",
        "commitResults": [
          {
            "hash": "fa2f28947e8d4150d5fdad43a10ed46e6801801d",
            "messageTitle": "Updated \u0027Using Schedule\u0027 section of UG",
            "messageBody": "",
            "insertions": 68,
            "deletions": 0
          },
          {
            "hash": "68cdbe8df96f1baf8293175601d40de8ff54fecf",
            "messageTitle": "Updated DG",
            "messageBody": "",
            "insertions": 32,
            "deletions": 1
          }
        ]
      }
    ],
    "mightyrabbit99": [],
    "BryanYap972": [
      {
        "insertions": 4,
        "deletions": 4,
        "date": "2020-02-20",
        "commitResults": [
          {
            "hash": "10b1c9f1b5998a374dd904ecd818bd006036966c",
            "messageTitle": "initial commit",
            "messageBody": "",
            "insertions": 1,
            "deletions": 1
          },
          {
            "hash": "092ea8546f20d2e15cd8774ec9a42d2d5e75e22b",
            "messageTitle": "initial commit",
            "messageBody": "",
            "insertions": 1,
            "deletions": 1
          },
          {
            "hash": "c2ba92b120421ae53981e02003ea048acee422e4",
            "messageTitle": "Revert \"Travis\"",
            "messageBody": "",
            "insertions": 2,
            "deletions": 2
          }
        ]
      },
      {
        "insertions": 303,
        "deletions": 37,
        "date": "2020-02-26",
        "commitResults": [
          {
            "hash": "069c06c3b46f03466de549fdf43ff035be59cc43",
            "messageTitle": "Testing",
            "messageBody": "",
            "insertions": 2,
            "deletions": 1
          },
          {
            "hash": "7eb04a04b42267b4fd4c83feda8dd61fdc03e33d",
            "messageTitle": "Testing",
            "messageBody": "",
            "insertions": 0,
            "deletions": 1
          },
          {
            "hash": "aaae9ce844060fd604548d7ba89d4014b4b9e723",
            "messageTitle": "Added remark command.",
            "messageBody": "",
            "insertions": 234,
            "deletions": 33
          },
          {
            "hash": "5da4faaa75070793210698b35353661f0fea0b8a",
            "messageTitle": "Added remark command test.",
            "messageBody": "",
            "insertions": 67,
            "deletions": 2
          }
        ]
      },
      {
        "insertions": 8,
        "deletions": 5,
        "date": "2020-02-27",
        "commitResults": [
          {
            "hash": "a0064e2a865d20b97ab951d014746351886009bd",
            "messageTitle": "Fixed checkstyle",
            "messageBody": "",
            "insertions": 8,
            "deletions": 5
          }
        ]
      },
      {
        "insertions": 0,
        "deletions": 1,
        "date": "2020-03-03",
        "commitResults": [
          {
            "hash": "2b009808f4d911dfe8d4afcdfd8cb733ca5199c0",
            "messageTitle": "Removed codacy badge from README.adoc.",
            "messageBody": "",
            "insertions": 0,
            "deletions": 1
          }
        ]
      },
      {
        "insertions": 1070,
        "deletions": 959,
        "date": "2020-03-05",
        "commitResults": [
          {
            "hash": "266d6d56a17fcfdc31cbaef52fbad339a9022847",
            "messageTitle": "Fixed Title case.",
            "messageBody": "",
            "insertions": 114,
            "deletions": 101
          },
          {
            "hash": "b46c86596b417c37ddbdd08989435a74f034e826",
            "messageTitle": "Added UG for progress tracker.",
            "messageBody": "",
            "insertions": 137,
            "deletions": 105
          },
          {
            "hash": "c697141f00382a6f9315bc641474efd3638c0187",
            "messageTitle": "Added UG for progress tracker.",
            "messageBody": "",
            "insertions": 36,
            "deletions": 1
          },
          {
            "hash": "005634ea558938b76c81a0b765f34a4922134833",
            "messageTitle": "Changed to title case.",
            "messageBody": "",
            "insertions": 6,
            "deletions": 6
          },
          {
            "hash": "73e7c5c097e216c8f1b7c0a767ae46b0e19cab14",
            "messageTitle": "Added user stories and use cases for progress tracker.",
            "messageBody": "",
            "insertions": 42,
            "deletions": 17
          },
          {
            "hash": "8526ebd8eb8490634ce5997d1dea62511bbf995f",
            "messageTitle": "Updated README.adoc",
            "messageBody": "",
            "insertions": 6,
            "deletions": 14
          },
          {
            "hash": "34971e74b4c5cff93dee40d6b72ac0d7c296b34f",
            "messageTitle": "Updated README.adoc",
            "messageBody": "",
            "insertions": 2,
            "deletions": 2
          },
          {
            "hash": "8af8eb66c4c7d93f671eae3df66d9621186c11c5",
            "messageTitle": "Updated README.adoc",
            "messageBody": "",
            "insertions": 1,
            "deletions": 1
          },
          {
            "hash": "29aa65a6c2e27784c360e14d53f442b2649bc902",
            "messageTitle": "Updated README.adoc",
            "messageBody": "",
            "insertions": 1,
            "deletions": 1
          },
          {
            "hash": "2ce921981a5ffda349ff88d63c01c9447fa52a98",
            "messageTitle": "Updated UG",
            "messageBody": "",
            "insertions": 18,
            "deletions": 6
          },
          {
            "hash": "951b09490673bd4912fc36233b5f27b89b381f4d",
            "messageTitle": "Update DeveloperGuide.adoc",
            "messageBody": "",
            "insertions": 2,
            "deletions": 0
          },
          {
            "hash": "bd6df4c5b8119ba52e2ff2d612cdb8674c2c7f59",
            "messageTitle": "Updated UG",
            "messageBody": "",
            "insertions": 6,
            "deletions": 6
          },
          {
            "hash": "a2de94bb333ca8c8bfff4ea175ddc8ce5a2b5a9b",
            "messageTitle": "Revert \"Merge to master\"",
            "messageBody": "",
            "insertions": 52,
            "deletions": 580
          },
          {
            "hash": "6ec9e0629ebc44c8e4f7b7f77ccd40b1eb4a1f0b",
            "messageTitle": "Revert \"Revert \"Merge to master\"\"",
            "messageBody": "",
            "insertions": 580,
            "deletions": 52
          },
          {
            "hash": "6505d44ae02e408142aca9b7f73e46323641cdec",
            "messageTitle": "Removed Sedu header from website.",
            "messageBody": "",
            "insertions": 0,
            "deletions": 21
          },
          {
            "hash": "d9acf15baf732966063c72038749ca0d3ad78098",
            "messageTitle": "Revert changes to header",
            "messageBody": "",
            "insertions": 21,
            "deletions": 0
          },
          {
            "hash": "91dd2d90409abceb33ce5e36182168b4b0708420",
            "messageTitle": "Removed header from website",
            "messageBody": "",
            "insertions": 0,
            "deletions": 22
          },
          {
            "hash": "e3050330fb81000b50b155a382bf611535ea80cd",
            "messageTitle": "Update _header.html.slim",
            "messageBody": "",
            "insertions": 21,
            "deletions": 0
          },
          {
            "hash": "b3c1fc8d4615465b9413f1a5ccaa5f0b828f30c6",
            "messageTitle": "Update _header.html.slim",
            "messageBody": "",
            "insertions": 0,
            "deletions": 21
          },
          {
            "hash": "76d689614cb09939702a9c5179d6f8b58d4807f5",
            "messageTitle": "Reverting changes",
            "messageBody": "",
            "insertions": 22,
            "deletions": 0
          },
          {
            "hash": "14d422461ccf04e1c811e3e04fb45abcd7a31e3f",
            "messageTitle": "Reverting changes",
            "messageBody": "",
            "insertions": 1,
            "deletions": 1
          },
          {
            "hash": "b80fdc3198803543074a2a94ea51466bbc82fd48",
            "messageTitle": "Reverting changes",
            "messageBody": "",
            "insertions": 1,
            "deletions": 1
          },
          {
            "hash": "a1eb3da449b439898d1e77a8c78b31d092b1d26e",
            "messageTitle": "Reverting changes",
            "messageBody": "",
            "insertions": 1,
            "deletions": 1
          }
        ]
      },
      {
        "insertions": 895,
        "deletions": 914,
        "date": "2020-03-06",
        "commitResults": [
          {
            "hash": "f6dcbda3af4bf1d97cfe15e3c3ea14eb48f31e41",
            "messageTitle": "Attempt to fix travis build error.",
            "messageBody": "",
            "insertions": 18,
            "deletions": 30
          },
          {
            "hash": "f16b3d9d72e265e2a2ca4a76c0c55dd621c12b41",
            "messageTitle": "Attempt to fix travis build error.",
            "messageBody": "",
            "insertions": 0,
            "deletions": 792
          },
          {
            "hash": "b052c8f07c52df0b2246b883a2974573759aaf34",
            "messageTitle": "Attempt to fix travis build error.",
            "messageBody": "",
            "insertions": 0,
            "deletions": 68
          },
          {
            "hash": "60816cefaf108fe1e057b90cc57e05cf4890ecef",
            "messageTitle": "Attempt to fix travis build error.",
            "messageBody": "",
            "insertions": 2,
            "deletions": 1
          },
          {
            "hash": "cc9eee406649453b5bae9ca9e33be22b6b0d6efb",
            "messageTitle": "Attempt to fix travis build error.",
            "messageBody": "",
            "insertions": 1,
            "deletions": 1
          },
          {
            "hash": "fbf821fbdddd11281b35dae18db1fef30114de47",
            "messageTitle": "Update _header.html.slim",
            "messageBody": "",
            "insertions": 0,
            "deletions": 22
          },
          {
            "hash": "9e8d9fed81a023e01f5b5300f356ab63eba17672",
            "messageTitle": "Attempt to fix travis build error.",
            "messageBody": "",
            "insertions": 2,
            "deletions": 0
          },
          {
            "hash": "12987cdfdc2f8a4b9c9570500bfee7c1eb6a4fe2",
            "messageTitle": "Added tutorials back.",
            "messageBody": "",
            "insertions": 872,
            "deletions": 0
          }
        ]
      }
    ]
  },
  "authorFinalContributionMap": {
    "huixianc": 38,
    "lohszeying": 308,
    "xCelestialPhoenix": 25,
    "mightyrabbit99": 0,
    "BryanYap972": 677
  },
  "authorFileTypeContributionMap": {
    "huixianc": {
      "gradle": 2,
      "adoc": 2,
      "adoc": 29,
      "java": 5
    },
    "lohszeying": {
      "adoc": 24,
      "adoc": 57,
      "adoc": 57,
      "adoc": 34,
      "adoc": 34,
      "adoc": 34,
      "adoc": 34,
      "adoc": 34
    },
    "xCelestialPhoenix": {
      "adoc": 25
    },
    "mightyrabbit99": {},
    "BryanYap972": {
      "adoc": 6,
      "adoc": 46,
      "adoc": 318,
      "adoc": 1,
      "java": 1,
      "java": 1,
      "java": 4,
      "java": 91,
      "java": 2,
      "java": 3,
      "java": 4,
      "java": 1,
      "java": 39,
      "java": 10,
      "java": 33,
      "java": 10,
      "java": 13,
      "java": 5,
      "java": 1,
      "fxml": 1,
      "json": 4,
      "json": 14,
      "java": 37,
      "java": 14,
      "java": 16,
      "java": 2
    }
  },
  "authorContributionVariance": {
    "huixianc": 1656.1023,
    "lohszeying": 8649517.0,
    "xCelestialPhoenix": 339.62903,
    "mightyrabbit99": 0.0,
    "BryanYap972": 237823.44
  },
  "authorDisplayNameMap": {
    "huixianc": "CS2103T-F10-3 CHUA..XIAN",
    "lohszeying": "CS2103T-F10-3 LOH ..YING",
    "xCelestialPhoenix": "CS2103T-F10-3 NG J..ENCE",
    "mightyrabbit99": "CS2103T-F10-3 TAN .. KEN",
    "BryanYap972": "CS2103T-F10-3 YAP ..RYAN"
  }
}
