{
  "authorDailyContributionsMap": {
    "umaikaze": [
      {
        "insertions": 735,
        "deletions": 12,
        "date": "2020-03-07",
        "commitResults": [
          {
            "hash": "acfcb121ecea9c1e6100b4d1866dd431b88ef169",
            "messageTitle": "Refactor test cases for pet model. Add test cases for Food class",
            "messageBody": "",
            "insertions": 735,
            "deletions": 12
          }
        ]
      },
      {
        "insertions": 8,
        "deletions": 9,
        "date": "2020-03-08",
        "commitResults": [
          {
            "hash": "9f37fb378a13ab9f30cdad32013ace42d94009a7",
            "messageTitle": "Checkstyle fix",
            "messageBody": "",
            "insertions": 8,
            "deletions": 9
          }
        ]
      },
      {
        "insertions": 79,
        "deletions": 71,
        "date": "2020-03-09",
        "commitResults": [
          {
            "hash": "7724ac9624cd687f3da9bc66bf8c3701f1d91bc1",
            "messageTitle": "Checkstyle fix",
            "messageBody": "",
            "insertions": 72,
            "deletions": 64
          },
          {
            "hash": "27f9ee73662f45ec0788075ab71e2ff2fe315407",
            "messageTitle": "Test case account for different criteria between Pet and Person",
            "messageBody": "",
            "insertions": 7,
            "deletions": 7
          }
        ]
      },
      {
        "insertions": 788,
        "deletions": 43,
        "date": "2020-03-12",
        "commitResults": [
          {
            "hash": "033b1f39d8564f767c10d32d9aaf2eae19152e7d",
            "messageTitle": "Add commands for managing slots",
            "messageBody": "",
            "insertions": 381,
            "deletions": 0
          },
          {
            "hash": "26dc2b5df1bbf46a8fe263a7183c65e1154dc56c",
            "messageTitle": "Add constant message fields for slots commands in PshMessages",
            "messageBody": "",
            "insertions": 10,
            "deletions": 5
          },
          {
            "hash": "321eb59b605d756d9bd0d319b66c80d9ee33e651",
            "messageTitle": "Use PshCommand for slot commands to use the correct Model",
            "messageBody": "",
            "insertions": 34,
            "deletions": 17
          },
          {
            "hash": "675cd609e4c7d80f76e0e42a4693777e5b76cb31",
            "messageTitle": "Add Parsers classes for slots. TBD: Figure out how to find pet with name without violating SOLID.",
            "messageBody": "",
            "insertions": 347,
            "deletions": 0
          },
          {
            "hash": "05a39aeb72ab96fe26228094c585226f17e6ea6f",
            "messageTitle": "CommandResult imported from general.CommandResult",
            "messageBody": "",
            "insertions": 0,
            "deletions": 0
          },
          {
            "hash": "3a734b76132e8001301d653b1593e777a49ff333",
            "messageTitle": "CommandResult imported from general package",
            "messageBody": "",
            "insertions": 13,
            "deletions": 18
          },
          {
            "hash": "66e0648bc7dfed5fc11768400fe7dd083d857ad4",
            "messageTitle": "CommandException imported from general package",
            "messageBody": "",
            "insertions": 3,
            "deletions": 3
          }
        ]
      },
      {
        "insertions": 129,
        "deletions": 52,
        "date": "2020-03-13",
        "commitResults": [
          {
            "hash": "986272ce142b4eacfdb34cc3899e2afd538c5d99",
            "messageTitle": "Update classes to be consistent with Slot skeleton",
            "messageBody": "",
            "insertions": 129,
            "deletions": 52
          }
        ]
      },
      {
        "insertions": 133,
        "deletions": 106,
        "date": "2020-03-14",
        "commitResults": [
          {
            "hash": "c4a85e727ca214429f6b69f120be428b99670e13",
            "messageTitle": "Refactored some leftovers from AB3 for scheduling",
            "messageBody": "",
            "insertions": 0,
            "deletions": 25
          },
          {
            "hash": "12d37a53803596a29d02ba0679f5dc2dac382c46",
            "messageTitle": "Refactor leftovers",
            "messageBody": "",
            "insertions": 13,
            "deletions": 19
          },
          {
            "hash": "a4ecbde831513f0ae0c826392c5dfc2a7a6e11cf",
            "messageTitle": "Improve SlotParserUtil class",
            "messageBody": "",
            "insertions": 7,
            "deletions": 4
          },
          {
            "hash": "1c38c78f08090337041b3dd30ff294dbf5d6666c",
            "messageTitle": "Update FindSlotCommand and its parser to be consistent with user guide.",
            "messageBody": "",
            "insertions": 77,
            "deletions": 48
          },
          {
            "hash": "dbf764ae99df9d89093cf4180db793caf5f0bb42",
            "messageTitle": "Corrected FindSlotCommand logic",
            "messageBody": "",
            "insertions": 36,
            "deletions": 10
          }
        ]
      },
      {
        "insertions": 44,
        "deletions": 48,
        "date": "2020-03-16",
        "commitResults": [
          {
            "hash": "14f6bf867114d8e0c7bc1062cceb8b51d079d502",
            "messageTitle": "Improve predicate usage in FindSlotCommand",
            "messageBody": "",
            "insertions": 44,
            "deletions": 48
          }
        ]
      },
      {
        "insertions": 227,
        "deletions": 441,
        "date": "2020-03-17",
        "commitResults": [
          {
            "hash": "016083767c2f96089e3ae7a9a1d419cec8e7431a",
            "messageTitle": "New files for merge",
            "messageBody": "",
            "insertions": 165,
            "deletions": 0
          },
          {
            "hash": "a4fa62664a9a0392f41f2ffe393c390623910923",
            "messageTitle": "Resolve local merge conflicts",
            "messageBody": "",
            "insertions": 7,
            "deletions": 204
          },
          {
            "hash": "39805f920f4ca27abc203dea6f40ffe260a20060",
            "messageTitle": "Remove Psh commons",
            "messageBody": "",
            "insertions": 40,
            "deletions": 211
          },
          {
            "hash": "8d0103b74314e1c65159a902d3d9914793b75edf",
            "messageTitle": "Remove PshMessages",
            "messageBody": "",
            "insertions": 8,
            "deletions": 19
          },
          {
            "hash": "768447bcd0156dfff2620eedfd02c61227331cfc",
            "messageTitle": "Checkstyle fix",
            "messageBody": "",
            "insertions": 7,
            "deletions": 7
          }
        ]
      },
      {
        "insertions": 442,
        "deletions": 103,
        "date": "2020-03-20",
        "commitResults": [
          {
            "hash": "afa389f7f6c543b24d912208c933cf151734c55f",
            "messageTitle": "Add SlotParserUtil unit test",
            "messageBody": "",
            "insertions": 154,
            "deletions": 2
          },
          {
            "hash": "1c836047d15417ff6abc16637e9cc3c7b9a97bf4",
            "messageTitle": "Combined two CliSyntax classes",
            "messageBody": "",
            "insertions": 0,
            "deletions": 34
          },
          {
            "hash": "9f25a67c969e7941ae6bbec85b1b7aae8e8c269f",
            "messageTitle": "Stage combine two CliSyntax class",
            "messageBody": "",
            "insertions": 72,
            "deletions": 54
          },
          {
            "hash": "62cbecd45dc6fa9f0932a868fa7d6aa33113ae8a",
            "messageTitle": "Create some test utility class",
            "messageBody": "",
            "insertions": 95,
            "deletions": 11
          },
          {
            "hash": "03f6d026e468c8167cc45487a2f23c72e1a33798",
            "messageTitle": "AddSlotParserTest",
            "messageBody": "",
            "insertions": 121,
            "deletions": 2
          }
        ]
      },
      {
        "insertions": 790,
        "deletions": 429,
        "date": "2020-03-21",
        "commitResults": [
          {
            "hash": "f454799fce7d08e3f4b266bd2494bf78fa65a5fc",
            "messageTitle": "Finalize resolve merge conflicts",
            "messageBody": "",
            "insertions": 13,
            "deletions": 13
          },
          {
            "hash": "badea2edfaf01b8b98b20b80f83531ae82c17462",
            "messageTitle": "DeleteSlotParserTest",
            "messageBody": "",
            "insertions": 299,
            "deletions": 92
          },
          {
            "hash": "b9e831c2c162978effd185ae5c58f00e2f9b1163",
            "messageTitle": "Merge the two CommandTestUtil classes",
            "messageBody": "",
            "insertions": 205,
            "deletions": 222
          },
          {
            "hash": "188c3f5710645cb616466fd7148e07633d18d608",
            "messageTitle": "Add incomplete EditPetCommandParserTest",
            "messageBody": "",
            "insertions": 50,
            "deletions": 39
          },
          {
            "hash": "9b151eb726ee316347ec111d1f7517abd64f2921",
            "messageTitle": "Checkstyle violations",
            "messageBody": "",
            "insertions": 13,
            "deletions": 15
          },
          {
            "hash": "a58fcc6ef1ca37a953b67b00b544b55ed2678987",
            "messageTitle": "Incomplete parser tests",
            "messageBody": "",
            "insertions": 190,
            "deletions": 9
          },
          {
            "hash": "c076c867018016b4b9162a6d49c67b7e9cd8f325",
            "messageTitle": "Remove unnessary SlotPredicate interface",
            "messageBody": "",
            "insertions": 20,
            "deletions": 39
          }
        ]
      },
      {
        "insertions": 295,
        "deletions": 82,
        "date": "2020-03-23",
        "commitResults": [
          {
            "hash": "515b34d26762bd15f745225dc754dff20bb5710f",
            "messageTitle": "Complete SlotParserUtilTest",
            "messageBody": "",
            "insertions": 8,
            "deletions": 5
          },
          {
            "hash": "c2842bdfd6fc767ff3637e76d740047ce48c7af8",
            "messageTitle": "More unfinished tests. Restructuring recommended to make it easier for sample slots to initialize at runtime.",
            "messageBody": "",
            "insertions": 224,
            "deletions": 7
          },
          {
            "hash": "bafea2ebb39baf8b4540cea6ef39fd70226398b0",
            "messageTitle": "Bug fix where n/PETNAME is not recognized for EditSlotParser",
            "messageBody": "",
            "insertions": 47,
            "deletions": 24
          },
          {
            "hash": "b555e409019b409b51407b89508612564a2403ca",
            "messageTitle": "Gave up on Findslots tests with multiple predicates",
            "messageBody": "",
            "insertions": 7,
            "deletions": 4
          },
          {
            "hash": "c2fb83956812aef8e646c3b56927b8168aba5439",
            "messageTitle": "Checkstyle violations",
            "messageBody": "",
            "insertions": 9,
            "deletions": 42
          }
        ]
      },
      {
        "insertions": 526,
        "deletions": 34,
        "date": "2020-03-24",
        "commitResults": [
          {
            "hash": "c4fb60505a757e6ec5b0c446cdbe0aec76195edb",
            "messageTitle": "AddSlotCommandTest",
            "messageBody": "",
            "insertions": 229,
            "deletions": 0
          },
          {
            "hash": "1bc3cb86ff880020f194d1fa90cc7e3eec213e52",
            "messageTitle": "DeleteSlotCommandTest, bug fix wrong message in DeleteSlotCommand",
            "messageBody": "",
            "insertions": 100,
            "deletions": 3
          },
          {
            "hash": "a8d656532a899dd0c1d44275043a48c3cf985b7f",
            "messageTitle": "EditSlotDescriptorTest",
            "messageBody": "",
            "insertions": 149,
            "deletions": 22
          },
          {
            "hash": "6a94305adaac3e0a783ed37fc19f4add64ab783c",
            "messageTitle": "AddSlotCommandIntegrationTest",
            "messageBody": "",
            "insertions": 38,
            "deletions": 0
          },
          {
            "hash": "10c62d99fae4f042d7e468187969e961969ff174",
            "messageTitle": "Fix checkstyle violations in Main",
            "messageBody": "",
            "insertions": 1,
            "deletions": 1
          },
          {
            "hash": "03095640b939ad6cb6e8e4bcfd3c5fef582a983e",
            "messageTitle": "Adjusted some conflicting tests that will fail unexpectedly",
            "messageBody": "",
            "insertions": 9,
            "deletions": 8
          }
        ]
      },
      {
        "insertions": 0,
        "deletions": 144,
        "date": "2020-03-26",
        "commitResults": [
          {
            "hash": "3867e7c9be23ab3d49ebad7a019cbb3b2d2ad4a4",
            "messageTitle": "Remove unnessary ScheduleParser class",
            "messageBody": "",
            "insertions": 0,
            "deletions": 144
          }
        ]
      },
      {
        "insertions": 98,
        "deletions": 0,
        "date": "2020-03-27",
        "commitResults": [
          {
            "hash": "6463b221a4036f6c79caa5e1a75140927596dbe2",
            "messageTitle": "New MultiSlotEditCommand for editing mutiple slots at once.",
            "messageBody": "",
            "insertions": 98,
            "deletions": 0
          }
        ]
      },
      {
        "insertions": 129,
        "deletions": 60,
        "date": "2020-03-28",
        "commitResults": [
          {
            "hash": "9405764c37f40c1b53f3396c25408ec6cb158853",
            "messageTitle": "Reconsidering solutions",
            "messageBody": "",
            "insertions": 20,
            "deletions": 12
          },
          {
            "hash": "3e6addb18bfee43591c3f5e62a95f20919f8ae30",
            "messageTitle": "Remove listener class since it cannot be used to get useful info",
            "messageBody": "",
            "insertions": 0,
            "deletions": 12
          },
          {
            "hash": "b43eaef02da6c70b0bca32e0ca043d6e9e454f32",
            "messageTitle": "Revert \"Remove listener class since it cannot be used to get useful info\"",
            "messageBody": "This reverts commit 3e6addb18bfee43591c3f5e62a95f20919f8ae30.\n",
            "insertions": 12,
            "deletions": 0
          },
          {
            "hash": "a8c5d0d5575bbacad32206c5a8c2f92907342962",
            "messageTitle": "Skeleton code for updating slots upon petList edit",
            "messageBody": "",
            "insertions": 31,
            "deletions": 12
          },
          {
            "hash": "73470fd0b9e59dcfc833ffbdf894f80583850dce",
            "messageTitle": "Formatting",
            "messageBody": "",
            "insertions": 1,
            "deletions": 3
          },
          {
            "hash": "8a3bc038f09e9c63ab8b2ff04deac5633faea189",
            "messageTitle": "Initial commit",
            "messageBody": "",
            "insertions": 45,
            "deletions": 12
          },
          {
            "hash": "b517c2b53aaa91b0731a363b9cd306d603d59fb8",
            "messageTitle": "Skeleton for using listener in UniquePetList",
            "messageBody": "",
            "insertions": 20,
            "deletions": 9
          }
        ]
      },
      {
        "insertions": 43,
        "deletions": 101,
        "date": "2020-03-29",
        "commitResults": [
          {
            "hash": "65127c74fb8a89897ff680e2006fabb1e5821937",
            "messageTitle": "Working version",
            "messageBody": "",
            "insertions": 43,
            "deletions": 101
          }
        ]
      },
      {
        "insertions": 40,
        "deletions": 27,
        "date": "2020-03-30",
        "commitResults": [
          {
            "hash": "b58c32a8ed1733c239fb1de5ee58e5a1c0649b05",
            "messageTitle": "MainWindow color scheme",
            "messageBody": "",
            "insertions": 2,
            "deletions": 2
          },
          {
            "hash": "8931ae6e9439843733386de2326e8be7a27bcf92",
            "messageTitle": "New color for cards (TODO: make font more visible)",
            "messageBody": "",
            "insertions": 21,
            "deletions": 8
          },
          {
            "hash": "e3a8be5c39ef22398708c8e19507ab9d58f6e649",
            "messageTitle": "Checkstyle correction",
            "messageBody": "",
            "insertions": 1,
            "deletions": 1
          },
          {
            "hash": "0f0f49a5a47e357d01c4e0881f27eea5473fafc4",
            "messageTitle": "Trying to round off corners",
            "messageBody": "",
            "insertions": 10,
            "deletions": 12
          },
          {
            "hash": "f088721d5e198b54b4654e11025289d0e0e59f20",
            "messageTitle": "Test compactibility fix",
            "messageBody": "",
            "insertions": 6,
            "deletions": 4
          }
        ]
      },
      {
        "insertions": 3,
        "deletions": 4,
        "date": "2020-03-31",
        "commitResults": [
          {
            "hash": "d2c0b897f013506d26ef96b24455d9f104a83337",
            "messageTitle": "Remove some unnecessary lines",
            "messageBody": "",
            "insertions": 3,
            "deletions": 4
          }
        ]
      },
      {
        "insertions": 15,
        "deletions": 19,
        "date": "2020-04-01",
        "commitResults": [
          {
            "hash": "147de4ad81e8467a836a08098b8d4d549da9df45",
            "messageTitle": "Gave up on making it cute and taking the more professional route",
            "messageBody": "",
            "insertions": 15,
            "deletions": 19
          }
        ]
      },
      {
        "insertions": 328,
        "deletions": 31,
        "date": "2020-04-02",
        "commitResults": [
          {
            "hash": "920984b28c56be17057ec1fc53ce3bf1a282d475",
            "messageTitle": "Invisible borders and rounded corners",
            "messageBody": "",
            "insertions": 11,
            "deletions": 5
          },
          {
            "hash": "09c68c189f8012080010f8f3aa03e96df84dcb1d",
            "messageTitle": "Finalized look",
            "messageBody": "",
            "insertions": 10,
            "deletions": 10
          },
          {
            "hash": "03e680c1b4c966f0e207cd412c1efeed99c0b312",
            "messageTitle": "Brought back resizing, original credit: Alexander.Berg, Evgenii Kanivets, Zachary Perales",
            "messageBody": "",
            "insertions": 243,
            "deletions": 0
          },
          {
            "hash": "a18f1c0ca2cb05a940d30d2f833b0d93d2b9308c",
            "messageTitle": "Checkstyle fix, as expected of a stackoverflow solution",
            "messageBody": "",
            "insertions": 64,
            "deletions": 16
          }
        ]
      },
      {
        "insertions": 25,
        "deletions": 43,
        "date": "2020-04-03",
        "commitResults": [
          {
            "hash": "482d876484b985e468a8c36b309e3a91a6cbb2bf",
            "messageTitle": "Fix for a bug where the slots occupied by pets with multiple words as names will not be updated upon edit pet",
            "messageBody": "",
            "insertions": 4,
            "deletions": 5
          },
          {
            "hash": "7f0947e2bf40286a49a6937acc96e01c0a7267a6",
            "messageTitle": "More lenient on resize border definition",
            "messageBody": "",
            "insertions": 6,
            "deletions": 5
          },
          {
            "hash": "05d5ca64fd4b814e4300bdb78b0804757d95a7b4",
            "messageTitle": "Hotfix mutiple word pet name edit",
            "messageBody": "Fix for a bug where the slots occupied by pets with multiple words as names will not be updated upon edit pet.",
            "insertions": 2,
            "deletions": 2
          },
          {
            "hash": "99acb14ececed118278454c03a5b40c5d874e127",
            "messageTitle": "Remove obsolete code",
            "messageBody": "",
            "insertions": 1,
            "deletions": 1
          },
          {
            "hash": "b0116e46e7f8a23afc18207b9d3d97b0035828eb",
            "messageTitle": "Calender polish",
            "messageBody": "",
            "insertions": 9,
            "deletions": 27
          },
          {
            "hash": "b7ed2f74d76bf895078f6974986668c268b845d3",
            "messageTitle": "Ui polishing",
            "messageBody": "",
            "insertions": 3,
            "deletions": 3
          }
        ]
      }
    ],
    "limdylan": [
      {
        "insertions": 101,
        "deletions": 101,
        "date": "2020-03-10",
        "commitResults": [
          {
            "hash": "2c85df6b9481b57a6b9dd15dd5594a39a02291e9",
            "messageTitle": "Restructure packages in the Logic component",
            "messageBody": "Rearranged the file structure to avoid packages having names longer than a single word.\n",
            "insertions": 101,
            "deletions": 101
          }
        ]
      },
      {
        "insertions": 35,
        "deletions": 27,
        "date": "2020-03-11",
        "commitResults": [
          {
            "hash": "4a13b560fde79576785e8e36a58a78b776a870b8",
            "messageTitle": "Change unique identifier of a Pet to be its Name",
            "messageBody": "Modified the isSamePet method of Pet such that the check now depends\nsolely on the names of the pets, instead of using names, species, and\ndates of birth or genders. This is to allow a pet to be uniquely\nidentified by its name, and also enforces a one-to-one relation between\na name and a pet because UniquePetList does not allow duplicates.\n",
            "insertions": 35,
            "deletions": 27
          }
        ]
      },
      {
        "insertions": 185,
        "deletions": 21,
        "date": "2020-03-12",
        "commitResults": [
          {
            "hash": "984fe3b0d3533d9a34d108ac0507bf616cf764fa",
            "messageTitle": "Remove trailing whitespace",
            "messageBody": "",
            "insertions": 1,
            "deletions": 1
          },
          {
            "hash": "6757b924066a3eab752e188ee31e7a2e268b387a",
            "messageTitle": "Add methods for schedule slots in Model interface",
            "messageBody": "Only definitions are present so far; methods are not implemented yet.\n",
            "insertions": 184,
            "deletions": 20
          }
        ]
      },
      {
        "insertions": 25,
        "deletions": 0,
        "date": "2020-03-13",
        "commitResults": [
          {
            "hash": "2ec1ba4278b09c6b500b2af6cbec49e58a3950a9",
            "messageTitle": "Add more methods for Slot",
            "messageBody": "",
            "insertions": 25,
            "deletions": 0
          }
        ]
      },
      {
        "insertions": 262,
        "deletions": 42,
        "date": "2020-03-14",
        "commitResults": [
          {
            "hash": "aeffa6bdd0d63670f987c4f7ba06a11a48daaa6a",
            "messageTitle": "Implement methods for schedule in Model interface",
            "messageBody": "Except for those related to conflicts, all methods in the Model\ninterface have been implemented.\n",
            "insertions": 262,
            "deletions": 42
          }
        ]
      },
      {
        "insertions": 84,
        "deletions": 348,
        "date": "2020-03-18",
        "commitResults": [
          {
            "hash": "a912cef80f880ca6c076460a7ea3a362951b2d15",
            "messageTitle": "Resolve local conflicts",
            "messageBody": "",
            "insertions": 12,
            "deletions": 213
          },
          {
            "hash": "205c51ed8cecbcf82f51c217ee50eeff011b4a03",
            "messageTitle": "Remove unused attribute in EditSlotParser",
            "messageBody": "",
            "insertions": 1,
            "deletions": 8
          },
          {
            "hash": "26a43b6d3594a1d014efc7658a7e0f7a618953d7",
            "messageTitle": "Edit asObservableList test method in PetTest",
            "messageBody": "Modified the test method to try removing a tag from the list of tags,\ninstead of removing an integer.\n",
            "insertions": 2,
            "deletions": 1
          },
          {
            "hash": "9c387b850cf7350ee8d9d43499c9eda8fc13668a",
            "messageTitle": "Modify classes to use a common datetime format",
            "messageBody": "",
            "insertions": 30,
            "deletions": 11
          },
          {
            "hash": "1f72438132467878c43b63894a36d153525bf1d9",
            "messageTitle": "Fix checkstyle violations",
            "messageBody": "",
            "insertions": 10,
            "deletions": 10
          },
          {
            "hash": "6d6fae0f1ef51b348d559aba316e7a2e3cb4876b",
            "messageTitle": "Modify test cases to accommodate change in format",
            "messageBody": "",
            "insertions": 29,
            "deletions": 105
          }
        ]
      },
      {
        "insertions": 512,
        "deletions": 68,
        "date": "2020-03-19",
        "commitResults": [
          {
            "hash": "b769f3863081382aa8b837c7eec75a61d3c29f1c",
            "messageTitle": "Remove local static variables\u0027 qualifying class name",
            "messageBody": "",
            "insertions": 2,
            "deletions": 2
          },
          {
            "hash": "5c0389bb9caef30e1029b6c491ca8ae09b3e6f63",
            "messageTitle": "Add display command",
            "messageBody": "Added a command that allows the list shown in the display board to be\nchanged. This new command effectively replaces any `list` command.\nCurrently can only switch between the pet tracker system and the\nscheduling system.\n",
            "insertions": 490,
            "deletions": 66
          },
          {
            "hash": "4f92ae171f4a1de2c73f1aeb2d869d99586be340",
            "messageTitle": "Populate schedule with dummy slots",
            "messageBody": "",
            "insertions": 20,
            "deletions": 0
          }
        ]
      },
      {
        "insertions": 127,
        "deletions": 130,
        "date": "2020-03-20",
        "commitResults": [
          {
            "hash": "1832a55624ae6bebd83a0f3a4d0864c123070b3b",
            "messageTitle": "Refactor the various \"display\" related classes",
            "messageBody": "",
            "insertions": 115,
            "deletions": 80
          },
          {
            "hash": "ddd0de4ae1d96c1328eec2c5049b82b79b061b89",
            "messageTitle": "Remove list command",
            "messageBody": "",
            "insertions": 12,
            "deletions": 30
          },
          {
            "hash": "5a4831e92ab57db3f159cdbba4de7bd25eba4b75",
            "messageTitle": "Remove dummy schedule slots to comply with tests",
            "messageBody": "",
            "insertions": 0,
            "deletions": 20
          }
        ]
      },
      {
        "insertions": 65,
        "deletions": 47,
        "date": "2020-03-21",
        "commitResults": [
          {
            "hash": "1b8ec3ba0b63f883ab59fe9d83d6a3d18c5ef116",
            "messageTitle": "Move parsing of system type to ParserUtil",
            "messageBody": "",
            "insertions": 27,
            "deletions": 10
          },
          {
            "hash": "80dd92dedcabbef483e2a8c0c4ac69cd00fa4364",
            "messageTitle": "Remove mutual dependencies",
            "messageBody": "Removed dependencies between Pet and PetCard, as well as between Slot\nand SlotCard.\n",
            "insertions": 25,
            "deletions": 36
          },
          {
            "hash": "aeb89be81ea7c929b3ed3c82fe386ef4b19b7a8a",
            "messageTitle": "Add definition for new methods in test Model stubs",
            "messageBody": "",
            "insertions": 13,
            "deletions": 1
          }
        ]
      },
      {
        "insertions": 206,
        "deletions": 51,
        "date": "2020-03-22",
        "commitResults": [
          {
            "hash": "c1724e04310f06fbfa373f5db26f1c255ddcef34",
            "messageTitle": "Update test Model methods",
            "messageBody": "",
            "insertions": 2,
            "deletions": 18
          },
          {
            "hash": "9f3b8d0486b3eadc997ce959cfa84fa49c4a4d4f",
            "messageTitle": "Make the program parse schedule commands",
            "messageBody": "",
            "insertions": 54,
            "deletions": 10
          },
          {
            "hash": "f85357ea6c034c8f5e09a3b31d4150d59bee7ed8",
            "messageTitle": "Rectify usage message for editslot",
            "messageBody": "Removed all references to name of pet since the command does not support\nediting the pet occupying the slot, or the name of that pet.\n",
            "insertions": 0,
            "deletions": 3
          },
          {
            "hash": "a1c0e4aac97e0d174bcdc84c5d37feea01225353",
            "messageTitle": "Fix command word and error message for findslots",
            "messageBody": "",
            "insertions": 4,
            "deletions": 3
          },
          {
            "hash": "af9c6ae281ff3e4d0e216a504e542968459d882f",
            "messageTitle": "Fix findslots only accepting datetimes, not dates",
            "messageBody": "",
            "insertions": 32,
            "deletions": 8
          },
          {
            "hash": "700abdb47eaddb58b982d212c9dbfa709419d595",
            "messageTitle": "Fix case insensitive name matching in findslots",
            "messageBody": "",
            "insertions": 1,
            "deletions": 1
          },
          {
            "hash": "aa2a3a9a2b1f1b5118d10e41ac179d49df38bd54",
            "messageTitle": "Sort list of slots automatically upon changes",
            "messageBody": "",
            "insertions": 13,
            "deletions": 0
          },
          {
            "hash": "cf9e5d59069c85633cfdbd3406cd90d7f3ecdcac",
            "messageTitle": "Add conflicts command",
            "messageBody": "",
            "insertions": 97,
            "deletions": 8
          },
          {
            "hash": "d3de8a2c8c900da4df0d4c130994970d238ccc34",
            "messageTitle": "Ensure duration of slot is positive and non-zero",
            "messageBody": "",
            "insertions": 3,
            "deletions": 0
          }
        ]
      },
      {
        "insertions": 10,
        "deletions": 0,
        "date": "2020-03-23",
        "commitResults": [
          {
            "hash": "00c3be4a5528ff26887cd027349ce05025daee3b",
            "messageTitle": "Ensure slots start and end on the same date",
            "messageBody": "",
            "insertions": 10,
            "deletions": 0
          }
        ]
      },
      {
        "insertions": 2,
        "deletions": 1,
        "date": "2020-03-25",
        "commitResults": [
          {
            "hash": "a5e0c041f5f35ff37ba77853ecd11b23e44fd78a",
            "messageTitle": "Change SlotConflictPredicate to implement Predicate",
            "messageBody": "",
            "insertions": 2,
            "deletions": 1
          }
        ]
      },
      {
        "insertions": 594,
        "deletions": 90,
        "date": "2020-03-31",
        "commitResults": [
          {
            "hash": "7724b29df91b6f501eb2f00a38d63740f7ed5e93",
            "messageTitle": "Rename ResultDisplay to FeedbackDisplay",
            "messageBody": "",
            "insertions": 13,
            "deletions": 13
          },
          {
            "hash": "9cfd80a67d2bddd944f1c7d74c6bf3993efd961b",
            "messageTitle": "Add feature to display slots as calendar",
            "messageBody": "",
            "insertions": 161,
            "deletions": 46
          },
          {
            "hash": "ee21d1d07805322c44ce48373bd729f2dcfddfca",
            "messageTitle": "Add more helper methods for Slot",
            "messageBody": "",
            "insertions": 17,
            "deletions": 2
          },
          {
            "hash": "77e18ee72b90eadd3574afdf4c6155eed5facbad",
            "messageTitle": "Render display of calendar",
            "messageBody": "",
            "insertions": 359,
            "deletions": 14
          },
          {
            "hash": "6b45e09e45e94cf96cb47f7242b396d69725c542",
            "messageTitle": "Fix checkstyle violations",
            "messageBody": "",
            "insertions": 44,
            "deletions": 15
          }
        ]
      },
      {
        "insertions": 359,
        "deletions": 201,
        "date": "2020-04-01",
        "commitResults": [
          {
            "hash": "59b0466a80411e70dac7f7cf550ba172ae757a84",
            "messageTitle": "Improve visuals for calendar",
            "messageBody": "",
            "insertions": 157,
            "deletions": 92
          },
          {
            "hash": "892967c074d12d7c8a2ed9c4680c672301636bcf",
            "messageTitle": "Standardise format of dates displayed",
            "messageBody": "",
            "insertions": 27,
            "deletions": 22
          },
          {
            "hash": "b0907270f6a7240653afc7144b7249827b4dd82a",
            "messageTitle": "Display date at start of each row in calendar",
            "messageBody": "",
            "insertions": 125,
            "deletions": 32
          },
          {
            "hash": "d0bd65e287f1bd87fb21085737ca3538cbea58c8",
            "messageTitle": "Reorganise package structure of UI related classes",
            "messageBody": "",
            "insertions": 50,
            "deletions": 55
          }
        ]
      },
      {
        "insertions": 43,
        "deletions": 60,
        "date": "2020-04-02",
        "commitResults": [
          {
            "hash": "312b3b095f7f058cac68a7ca98bbb2dcdf0a3445",
            "messageTitle": "Change conflicts command to display list of slots upon execution",
            "messageBody": "",
            "insertions": 3,
            "deletions": 1
          },
          {
            "hash": "1912774c3f8d69fbbd28d55126035c242c0657ec",
            "messageTitle": "Fix bug where calendar crashes with only one slot",
            "messageBody": "",
            "insertions": 4,
            "deletions": 4
          },
          {
            "hash": "ddebee2583ec8d3f26acb7f5f0ff75e9df71bdd2",
            "messageTitle": "Fix calendar crashing when interval between slots is small",
            "messageBody": "",
            "insertions": 3,
            "deletions": 12
          },
          {
            "hash": "c2dde0d2058e1866e2a022bb9cc7a8ed4365b3f3",
            "messageTitle": "Refactor methods in CalendarPanel",
            "messageBody": "",
            "insertions": 33,
            "deletions": 43
          }
        ]
      },
      {
        "insertions": 4,
        "deletions": 10,
        "date": "2020-04-03",
        "commitResults": [
          {
            "hash": "661ba7b3f3cc32e0997c9dcdbb6deb318405e722",
            "messageTitle": "Fix wrong index number referenced in calendar view",
            "messageBody": "",
            "insertions": 4,
            "deletions": 10
          }
        ]
      }
    ],
    "tianqi77": [
      {
        "insertions": 2513,
        "deletions": 524,
        "date": "2020-03-09",
        "commitResults": [
          {
            "hash": "087adecec54d46812663990db82b31e01702ae12",
            "messageTitle": "add general commands \u0026 command exceptions",
            "messageBody": "",
            "insertions": 142,
            "deletions": 0
          },
          {
            "hash": "e0db8ba98e169a573f35cd5a1564e03965906e33",
            "messageTitle": "update message",
            "messageBody": "",
            "insertions": 8,
            "deletions": 0
          },
          {
            "hash": "ad7bea3a90279a863b83a5a1d584f1b8dc10cdd0",
            "messageTitle": "add general parser \u0026 parser exception",
            "messageBody": "",
            "insertions": 246,
            "deletions": 0
          },
          {
            "hash": "067913f5381c55c77d4098e8767121b2a42acd57",
            "messageTitle": "add pet system commands",
            "messageBody": "",
            "insertions": 432,
            "deletions": 0
          },
          {
            "hash": "bab08a3043be651f522f4dc5c4bf8155065fb606",
            "messageTitle": "add pet system parser",
            "messageBody": "",
            "insertions": 397,
            "deletions": 0
          },
          {
            "hash": "9c49f1b274dabd63e774d54002887138e090d10a",
            "messageTitle": "change model to general model (to fit into both pet and schedule model)",
            "messageBody": "",
            "insertions": 95,
            "deletions": 0
          },
          {
            "hash": "80090a8076ccc7f6eebd600fa4ace207fecfd2b4",
            "messageTitle": "update user preference to fit pet store helper",
            "messageBody": "",
            "insertions": 120,
            "deletions": 0
          },
          {
            "hash": "7038e9a12d5f3fcbbc754aa4e3023164dc4d204d",
            "messageTitle": "some updates in Food and Gender",
            "messageBody": "",
            "insertions": 10,
            "deletions": 0
          },
          {
            "hash": "ff5456a07c9ee3ba1c9c7f0a21f5612c28e616be",
            "messageTitle": "create files for scheduling system, no useful codes yet",
            "messageBody": "",
            "insertions": 73,
            "deletions": 0
          },
          {
            "hash": "a72d754c83b2066ee275157c1e5d4c86ada73436",
            "messageTitle": "reorganize files and delete schedule part",
            "messageBody": "",
            "insertions": 5,
            "deletions": 293
          },
          {
            "hash": "9ce1eb58dc34be500b5e2b3669d07d695cf709e4",
            "messageTitle": "Modified model and adjusted command \u0026 parser accordingly",
            "messageBody": "",
            "insertions": 737,
            "deletions": 83
          },
          {
            "hash": "c1d445d613a66d5c9bec4536394df5b09ab15eca",
            "messageTitle": "fix checkstyle",
            "messageBody": "",
            "insertions": 248,
            "deletions": 148
          }
        ]
      },
      {
        "insertions": 49,
        "deletions": 41,
        "date": "2020-03-17",
        "commitResults": [
          {
            "hash": "cda6283a035bd3219031db73d9e5402c38ad3575",
            "messageTitle": "change comments in logic",
            "messageBody": "",
            "insertions": 27,
            "deletions": 25
          },
          {
            "hash": "cbb47487898cd81e89bc4f5284bced141a695e88",
            "messageTitle": "fix bugs in parsing food",
            "messageBody": "",
            "insertions": 22,
            "deletions": 16
          }
        ]
      },
      {
        "insertions": 535,
        "deletions": 35,
        "date": "2020-03-19",
        "commitResults": [
          {
            "hash": "6b6541769f6a7386358410eeab7cce21f56706e0",
            "messageTitle": "changed command word for find pet according to UG",
            "messageBody": "",
            "insertions": 1,
            "deletions": 1
          },
          {
            "hash": "d846154e6de6230e6a181be5f8b01917a746b8ef",
            "messageTitle": "update error message in add pet command",
            "messageBody": "",
            "insertions": 1,
            "deletions": 1
          },
          {
            "hash": "6a2ed76379643d64ae2a80dfe993d8a984d071d6",
            "messageTitle": "update error message in add pet command",
            "messageBody": "",
            "insertions": 2,
            "deletions": 1
          },
          {
            "hash": "22098263aebca8a42f9b30144743457988e011ee",
            "messageTitle": "Previously there is a bug where foodlist can be entirely deleted by entering \"editpet INDEX f/\". Now change to throw exception. And modify editpet parser such that it only select f/ and t/ entries with some content.",
            "messageBody": "",
            "insertions": 8,
            "deletions": 2
          },
          {
            "hash": "2547c5f51b903e24f1e89beed6fe81999a16cf75",
            "messageTitle": "fix checkstyle",
            "messageBody": "",
            "insertions": 3,
            "deletions": 3
          },
          {
            "hash": "99c5b88f5f8a86f408e8367e31b9e1ead53e5cc0",
            "messageTitle": "bug in foodlist \u0026 tag",
            "messageBody": "",
            "insertions": 19,
            "deletions": 20
          },
          {
            "hash": "6c5d5489fc33ddba85b55c49c29a0cb7028f406e",
            "messageTitle": "tests for storage (#28)",
            "messageBody": "* tests for storage\r\n\r\n* fix checkstyle\r\n\r\n* no message\r\n\r\n* update tests and add in related json files\r\n\r\n* checkstyle\r\n\r\n* add in foodlist\r\n\r\n* update foodlist in json files and typical pets\r\n\r\n* fix bug\r\n\r\n* change date format in PetTest\r\n\r\n* .\r\n\r\n* change date format in json files",
            "insertions": 501,
            "deletions": 7
          }
        ]
      },
      {
        "insertions": 1,
        "deletions": 1,
        "date": "2020-03-20",
        "commitResults": [
          {
            "hash": "f49f5f2c391d151eb498efcab11bd8e25d12676a",
            "messageTitle": "change editpet f/ behaviour",
            "messageBody": "",
            "insertions": 1,
            "deletions": 1
          }
        ]
      },
      {
        "insertions": 383,
        "deletions": 24,
        "date": "2020-03-22",
        "commitResults": [
          {
            "hash": "40e042607e88222d448963fd3097f174e54bcbb6",
            "messageTitle": "add stats command",
            "messageBody": "",
            "insertions": 183,
            "deletions": 5
          },
          {
            "hash": "5fd2eda43e57417c26bbe5ebe4acc7d5922eb849",
            "messageTitle": "fix problem of switching between lists and stats.",
            "messageBody": "",
            "insertions": 2,
            "deletions": 0
          },
          {
            "hash": "6fcc23aee6245c4bfcf4fa33961cfd9b7f5bcac6",
            "messageTitle": "Finish stats for pets and food",
            "messageBody": "",
            "insertions": 15,
            "deletions": 6
          },
          {
            "hash": "17c1e6e81829a41e5eac2aabdef5181e10b5efd4",
            "messageTitle": "add stats for schedule",
            "messageBody": "",
            "insertions": 183,
            "deletions": 13
          }
        ]
      },
      {
        "insertions": 133,
        "deletions": 109,
        "date": "2020-03-23",
        "commitResults": [
          {
            "hash": "302d597ac228359f1456313d9af0746dded6ed8d",
            "messageTitle": "adjusted to use food collection",
            "messageBody": "",
            "insertions": 27,
            "deletions": 18
          },
          {
            "hash": "c19b3b7dd41a1fe4ddb77e9a2d99217bbea5b626",
            "messageTitle": "fix resize problem",
            "messageBody": "",
            "insertions": 106,
            "deletions": 91
          }
        ]
      },
      {
        "insertions": 92,
        "deletions": 71,
        "date": "2020-03-24",
        "commitResults": [
          {
            "hash": "df82dc5c85305cc3491508132e547c2a9ffe2cc3",
            "messageTitle": "fix sizing problem of schedule",
            "messageBody": "",
            "insertions": 47,
            "deletions": 51
          },
          {
            "hash": "8f15b002461cd79849df4a9bf9a2e0a7ae1dd781",
            "messageTitle": "checkstyle",
            "messageBody": "",
            "insertions": 4,
            "deletions": 4
          },
          {
            "hash": "8334e63334401b894b64963654534d155d5d7e52",
            "messageTitle": "no message",
            "messageBody": "",
            "insertions": 1,
            "deletions": 1
          },
          {
            "hash": "3dd0d6175ba6a5af515391d1626014a9ad8f565b",
            "messageTitle": "switch to older implementation of food stats",
            "messageBody": "",
            "insertions": 40,
            "deletions": 15
          }
        ]
      },
      {
        "insertions": 111,
        "deletions": 87,
        "date": "2020-03-25",
        "commitResults": [
          {
            "hash": "b627540ef4466b7f70cdcc89335c3eadeb85337c",
            "messageTitle": "Fix schedule  stats bugs and finalize everything",
            "messageBody": "",
            "insertions": 68,
            "deletions": 70
          },
          {
            "hash": "11029df36ef7cc5bda8924532ab1a64ec2563417",
            "messageTitle": "checkstyle",
            "messageBody": "",
            "insertions": 18,
            "deletions": 16
          },
          {
            "hash": "c3d722cc2d4f596804b715687bf42a5caf73f6ab",
            "messageTitle": "minor bug",
            "messageBody": "",
            "insertions": 13,
            "deletions": 0
          },
          {
            "hash": "40a489443d365b86d813bc2a737f2c3cf698f600",
            "messageTitle": "no message",
            "messageBody": "",
            "insertions": 11,
            "deletions": 0
          },
          {
            "hash": "c6a95984af99e67c1a9b9bf73abb73b185a665f4",
            "messageTitle": "no message",
            "messageBody": "",
            "insertions": 1,
            "deletions": 1
          }
        ]
      },
      {
        "insertions": 129,
        "deletions": 72,
        "date": "2020-03-26",
        "commitResults": [
          {
            "hash": "86c51474928f85483b3a2f5fcac7f557d0950142",
            "messageTitle": "Change pet name, species, food name to start with uppcase.",
            "messageBody": "",
            "insertions": 48,
            "deletions": 3
          },
          {
            "hash": "97b2115bfcf5d476222e8b8d29d2d412c0cc9e87",
            "messageTitle": "checkstyle",
            "messageBody": "",
            "insertions": 4,
            "deletions": 4
          },
          {
            "hash": "a39a928b8e9c4c636b4bb6478a8f8f9f00042067",
            "messageTitle": "enable findslots to find matched slots regardless of letter case",
            "messageBody": "",
            "insertions": 3,
            "deletions": 1
          },
          {
            "hash": "6061d6b8bd4c3013f15e30e57f6b88f77c4e6044",
            "messageTitle": "enable g/ field to be any letter case",
            "messageBody": "",
            "insertions": 1,
            "deletions": 1
          },
          {
            "hash": "0b8ce78bf3a82d88f6feccf4a4fd0e220b472e7a",
            "messageTitle": "format gender and tag",
            "messageBody": "",
            "insertions": 2,
            "deletions": 2
          },
          {
            "hash": "b5c6ae4ac5464eaa737c1c0afb1f1ec176cbcb90",
            "messageTitle": "gender error message",
            "messageBody": "",
            "insertions": 1,
            "deletions": 1
          },
          {
            "hash": "3324f901d44cb824e8b23617b12334d61877e3bb",
            "messageTitle": "Change display system when findslots/findpets",
            "messageBody": "",
            "insertions": 26,
            "deletions": 3
          },
          {
            "hash": "af488afc1276f7a09c070c21dc6cc5b34d553d64",
            "messageTitle": "changes in test due to changes in gender",
            "messageBody": "",
            "insertions": 22,
            "deletions": 23
          },
          {
            "hash": "39613f92abd3689a1021867324341ad434033404",
            "messageTitle": "checkstyle",
            "messageBody": "",
            "insertions": 0,
            "deletions": 4
          },
          {
            "hash": "3b7c91ddfee7d7a1f6d74580c96be1c2c52e86c2",
            "messageTitle": "fix test",
            "messageBody": "",
            "insertions": 1,
            "deletions": 1
          },
          {
            "hash": "b430b8c0245fbdf9ea41b79b1cf7408e790d36b0",
            "messageTitle": "no message",
            "messageBody": "",
            "insertions": 18,
            "deletions": 0
          },
          {
            "hash": "45e786923a4961d1b8bbfa350ef803da240e29bf",
            "messageTitle": "adjusted how find commands work",
            "messageBody": "",
            "insertions": 2,
            "deletions": 28
          },
          {
            "hash": "369837be4bc0c5487dc9f9ea8fb92eedeeafbc6c",
            "messageTitle": "change jar name",
            "messageBody": "",
            "insertions": 1,
            "deletions": 1
          }
        ]
      },
      {
        "insertions": 31,
        "deletions": 13,
        "date": "2020-03-27",
        "commitResults": [
          {
            "hash": "9f60b921bb1c94a6f471e0ac41046e451f3a5d42",
            "messageTitle": "changes to find commands tests",
            "messageBody": "",
            "insertions": 9,
            "deletions": 3
          },
          {
            "hash": "1690256471cacf675e8a04202ec95c1463d589d3",
            "messageTitle": "no message",
            "messageBody": "",
            "insertions": 2,
            "deletions": 2
          },
          {
            "hash": "2368b1e00d6ef76bb0c6be0f20591ab4f25ff86f",
            "messageTitle": "no message",
            "messageBody": "",
            "insertions": 1,
            "deletions": 1
          },
          {
            "hash": "512df5562a1ae200fef83d0403c62f08d3129d7c",
            "messageTitle": "checkstyle Test",
            "messageBody": "",
            "insertions": 5,
            "deletions": 0
          },
          {
            "hash": "6abb1b27491b76e2c7e08d060c5a4c839fe3d27c",
            "messageTitle": "enable findslots to get pets where part of the name match keyword",
            "messageBody": "",
            "insertions": 10,
            "deletions": 4
          },
          {
            "hash": "c2d4791aee96dc1224892df1fd11ada8bfb709d9",
            "messageTitle": "fix test",
            "messageBody": "",
            "insertions": 4,
            "deletions": 3
          }
        ]
      },
      {
        "insertions": 225,
        "deletions": 67,
        "date": "2020-03-29",
        "commitResults": [
          {
            "hash": "d68861ff1fa4fdc07594ee2cd035ebde81a3f49f",
            "messageTitle": "test",
            "messageBody": "",
            "insertions": 15,
            "deletions": 10
          },
          {
            "hash": "affa992a07d8e44985f0b34c563b1f9fdfc26ee1",
            "messageTitle": "no message",
            "messageBody": "",
            "insertions": 1,
            "deletions": 1
          },
          {
            "hash": "f4ab7bb56aa2376c0dcdecc8c6c7913ceda27583",
            "messageTitle": "no message",
            "messageBody": "",
            "insertions": 6,
            "deletions": 3
          },
          {
            "hash": "c7d86c333c70ce28362054312381496f020de59a",
            "messageTitle": "no message",
            "messageBody": "",
            "insertions": 0,
            "deletions": 1
          },
          {
            "hash": "9eac35d47ed2d3f75cf6b3ae6309d03ab5c9d3b5",
            "messageTitle": "no message",
            "messageBody": "",
            "insertions": 0,
            "deletions": 1
          },
          {
            "hash": "21af53d1c7346204f57bdc5c1684ca2e6ad3bdc3",
            "messageTitle": "fix error message of findslots t/INVALID_FORMAT",
            "messageBody": "",
            "insertions": 1,
            "deletions": 1
          },
          {
            "hash": "6af0e28be0aedfb603619ed19adb0fe1606907ab",
            "messageTitle": "enable multiple entry for findslots t/ field",
            "messageBody": "",
            "insertions": 29,
            "deletions": 11
          },
          {
            "hash": "ab7fd880bad6bb1b684b41ef041364fc4c1cce2a",
            "messageTitle": "minor change",
            "messageBody": "",
            "insertions": 2,
            "deletions": 2
          },
          {
            "hash": "8371a99765356e30c8ec10074ed08ed2a3274e61",
            "messageTitle": "add warning message",
            "messageBody": "",
            "insertions": 146,
            "deletions": 17
          },
          {
            "hash": "b7a95bcf3f5c0d3be440d90e88eb4bb3d0d88580",
            "messageTitle": "adjusted comparator",
            "messageBody": "",
            "insertions": 10,
            "deletions": 5
          },
          {
            "hash": "ab46b016465cceff34a17eba9e8301583f695c6c",
            "messageTitle": "checkstyle\\",
            "messageBody": "",
            "insertions": 12,
            "deletions": 12
          },
          {
            "hash": "e6805e8dd304e3961dff558f13cbef24b1a463a8",
            "messageTitle": "fix comments",
            "messageBody": "",
            "insertions": 3,
            "deletions": 3
          }
        ]
      },
      {
        "insertions": 105,
        "deletions": 125,
        "date": "2020-03-30",
        "commitResults": [
          {
            "hash": "accab15880b0b21c90f6072b9c16320a4d626bbe",
            "messageTitle": "fix test",
            "messageBody": "",
            "insertions": 4,
            "deletions": 6
          },
          {
            "hash": "4f2eb8f705bb3d2067189aa1273f6067f75a3f0a",
            "messageTitle": "test",
            "messageBody": "",
            "insertions": 36,
            "deletions": 17
          },
          {
            "hash": "9fab4407c74363fb8edf2b1ee56eeb384b6fca10",
            "messageTitle": "checkstyle",
            "messageBody": "",
            "insertions": 1,
            "deletions": 1
          },
          {
            "hash": "cd00f1a9fc5a5fe43b4e26a067ddd5d49aac7f14",
            "messageTitle": "change test according to new command constructors",
            "messageBody": "",
            "insertions": 53,
            "deletions": 53
          },
          {
            "hash": "74af0da3baf90e55e2b7a78361fb0d3861e31444",
            "messageTitle": "clean up command constructors",
            "messageBody": "",
            "insertions": 5,
            "deletions": 42
          },
          {
            "hash": "27bf1d6fbe74b27b7194c19c4c2591800e495b99",
            "messageTitle": "minor changes",
            "messageBody": "",
            "insertions": 6,
            "deletions": 6
          }
        ]
      },
      {
        "insertions": 29,
        "deletions": 32,
        "date": "2020-03-31",
        "commitResults": [
          {
            "hash": "053388160049c7cd288918fc1b4b86f3c333279c",
            "messageTitle": "make sure edit/delet commands refer to the whole list",
            "messageBody": "",
            "insertions": 17,
            "deletions": 22
          },
          {
            "hash": "fa18a803cadd389ca2c4751f81be2fca829aa794",
            "messageTitle": "minor change",
            "messageBody": "",
            "insertions": 3,
            "deletions": 1
          },
          {
            "hash": "adbddbf2c27d1255c20023aecee299ae6d8b17e1",
            "messageTitle": "dg for stats command",
            "messageBody": "",
            "insertions": 3,
            "deletions": 3
          },
          {
            "hash": "44a5cc87f6aeca82788a547657ec17bca8a626c5",
            "messageTitle": "minor change to warning message",
            "messageBody": "",
            "insertions": 6,
            "deletions": 6
          }
        ]
      }
    ],
    "Zhu-Ruicong": [
      {
        "insertions": 597,
        "deletions": 1,
        "date": "2020-03-05",
        "commitResults": [
          {
            "hash": "bd8fc4f830a88d5b4d5347e526d035e73bba8c01",
            "messageTitle": "refactor all classes in model and tag directories",
            "messageBody": "",
            "insertions": 597,
            "deletions": 1
          }
        ]
      },
      {
        "insertions": 33,
        "deletions": 17,
        "date": "2020-03-06",
        "commitResults": [
          {
            "hash": "33a68b5469261c85f48bcd5862e735ae9a58a5dd",
            "messageTitle": "bug fix",
            "messageBody": "",
            "insertions": 30,
            "deletions": 14
          },
          {
            "hash": "a0a71f29259896393580f2e5185b30393550c6ab",
            "messageTitle": "no message",
            "messageBody": "",
            "insertions": 1,
            "deletions": 1
          },
          {
            "hash": "231a4aedbef80ef353ff04875f65f61ee69af71b",
            "messageTitle": "no message",
            "messageBody": "",
            "insertions": 2,
            "deletions": 2
          }
        ]
      },
      {
        "insertions": 1076,
        "deletions": 3,
        "date": "2020-03-12",
        "commitResults": [
          {
            "hash": "7560609c9cfa15432c121ca8c4fd6518fb95c70e",
            "messageTitle": "refactor pet-ui and pet fxml",
            "messageBody": "",
            "insertions": 914,
            "deletions": 1
          },
          {
            "hash": "0c9e41cf8934b3d2bb8faf3b1bd61436400d1714",
            "messageTitle": "refactor ui test",
            "messageBody": "",
            "insertions": 160,
            "deletions": 0
          },
          {
            "hash": "fddeb6a7d8b8daf64a43d87fce68d0aed8c92450",
            "messageTitle": "no message",
            "messageBody": "",
            "insertions": 2,
            "deletions": 2
          }
        ]
      },
      {
        "insertions": 28,
        "deletions": 33,
        "date": "2020-03-13",
        "commitResults": [
          {
            "hash": "b3363d9a4587a9bcbddfc76a5575572c309f8bb7",
            "messageTitle": "fix checkstyle",
            "messageBody": "",
            "insertions": 14,
            "deletions": 13
          },
          {
            "hash": "b5f0ddd4c2bf92678c538c0723ed347072319d02",
            "messageTitle": "no message",
            "messageBody": "",
            "insertions": 8,
            "deletions": 8
          },
          {
            "hash": "ef7f779da0db5abbf048efcf5e4ca7439ad3f47f",
            "messageTitle": "no message",
            "messageBody": "",
            "insertions": 1,
            "deletions": 1
          },
          {
            "hash": "ae576517e6f48b9258167a6e5420a6b7da9d2264",
            "messageTitle": "no message",
            "messageBody": "",
            "insertions": 1,
            "deletions": 1
          },
          {
            "hash": "08edea33e114c82e4942b3689a42b37944fa60eb",
            "messageTitle": "no message",
            "messageBody": "",
            "insertions": 4,
            "deletions": 10
          }
        ]
      },
      {
        "insertions": 7,
        "deletions": 22,
        "date": "2020-03-14",
        "commitResults": [
          {
            "hash": "9db5a3fc0fb09ec37a16880642195e346d48baf0",
            "messageTitle": "no message",
            "messageBody": "",
            "insertions": 5,
            "deletions": 0
          },
          {
            "hash": "6f017057fa4fea10a35c6f55bfc714edabfd6127",
            "messageTitle": "no message",
            "messageBody": "",
            "insertions": 1,
            "deletions": 1
          },
          {
            "hash": "20cfa52ce01a040e4eff94a139545d0fd454b87d",
            "messageTitle": "no message",
            "messageBody": "",
            "insertions": 1,
            "deletions": 2
          },
          {
            "hash": "eab7794793afd7906cf832022c8722bf30258652",
            "messageTitle": "no message",
            "messageBody": "",
            "insertions": 0,
            "deletions": 19
          }
        ]
      },
      {
        "insertions": 405,
        "deletions": 7968,
        "date": "2020-03-16",
        "commitResults": [
          {
            "hash": "9fac8739208c0c0288f2eb4eefcdeff31eb5b29d",
            "messageTitle": "remove all address book content",
            "messageBody": "",
            "insertions": 375,
            "deletions": 7089
          },
          {
            "hash": "e70c177624f211ec766ac5ff90e4969e1854f67c",
            "messageTitle": "major bug fix",
            "messageBody": "",
            "insertions": 30,
            "deletions": 879
          }
        ]
      },
      {
        "insertions": 462,
        "deletions": 32,
        "date": "2020-03-23",
        "commitResults": [
          {
            "hash": "83f6e58dfe2388ba9b5d00323e8fdeb48ff72ecd",
            "messageTitle": "add-display-inventory",
            "messageBody": "",
            "insertions": 392,
            "deletions": 6
          },
          {
            "hash": "ea3dff1bdb982d3c89e1564268e28917502e27d9",
            "messageTitle": "checkstyle fix",
            "messageBody": "",
            "insertions": 68,
            "deletions": 25
          },
          {
            "hash": "cd3b36ffa0479da92891b3455a72155ccc3170e0",
            "messageTitle": "minor change in ui",
            "messageBody": "",
            "insertions": 2,
            "deletions": 1
          }
        ]
      },
      {
        "insertions": 54,
        "deletions": 78,
        "date": "2020-03-24",
        "commitResults": [
          {
            "hash": "7198f93ffa3a36a8f5baeba3ec6cac319da4b592",
            "messageTitle": "bug fix",
            "messageBody": "",
            "insertions": 54,
            "deletions": 67
          },
          {
            "hash": "c61c62553c27fad98adab6359c6deed9ee11222e",
            "messageTitle": "fix bug in test",
            "messageBody": "",
            "insertions": 0,
            "deletions": 11
          }
        ]
      },
      {
        "insertions": 1,
        "deletions": 0,
        "date": "2020-03-25",
        "commitResults": [
          {
            "hash": "01a8b33dee6a9e80da2337611d8afb7e879b3c3d",
            "messageTitle": "no message",
            "messageBody": "",
            "insertions": 1,
            "deletions": 0
          }
        ]
      },
      {
        "insertions": 232,
        "deletions": 42,
        "date": "2020-03-27",
        "commitResults": [
          {
            "hash": "2ca5f42305f95048f38641190d8022209dc493dd",
            "messageTitle": "refractor FoodCollection",
            "messageBody": "",
            "insertions": 221,
            "deletions": 33
          },
          {
            "hash": "efa27d2aa2093c170381d2ebf388e611253d6da7",
            "messageTitle": "no message",
            "messageBody": "",
            "insertions": 11,
            "deletions": 9
          }
        ]
      },
      {
        "insertions": 264,
        "deletions": 150,
        "date": "2020-03-28",
        "commitResults": [
          {
            "hash": "c8e8c9a0ab932c4f4e4544f2fdf466316c6091f8",
            "messageTitle": "complete refractor of inventory and minor improvements on ui",
            "messageBody": "",
            "insertions": 180,
            "deletions": 100
          },
          {
            "hash": "13f8feef2ed66a2d5f1b129e013d5b9ea1df8fe8",
            "messageTitle": "check style and pass Class diagrams",
            "messageBody": "",
            "insertions": 84,
            "deletions": 50
          }
        ]
      },
      {
        "insertions": 22,
        "deletions": 2,
        "date": "2020-03-30",
        "commitResults": [
          {
            "hash": "288b42d986eeed3e14ce332ad67dbd2756ca6011",
            "messageTitle": "Update inventory section in developer guide  and modified display message.",
            "messageBody": "",
            "insertions": 12,
            "deletions": 2
          },
          {
            "hash": "e91f48d9285ce2fd8debad2aa6df727239a89cd6",
            "messageTitle": "resolve merge conflict",
            "messageBody": "",
            "insertions": 10,
            "deletions": 0
          }
        ]
      },
      {
        "insertions": 9,
        "deletions": 9,
        "date": "2020-03-31",
        "commitResults": [
          {
            "hash": "94aed981368cd036a89c800981c9d151ae04fe57",
            "messageTitle": "update User Guide general sections. Also fixed some minor inconsistencies in the name of the app in the project files",
            "messageBody": "",
            "insertions": 9,
            "deletions": 9
          }
        ]
      },
      {
        "insertions": 239,
        "deletions": 13,
        "date": "2020-04-02",
        "commitResults": [
          {
            "hash": "ec441d416a288bbc7c58f1a199d0d8da28fa1660",
            "messageTitle": "fix bug found when adding/editing food",
            "messageBody": "",
            "insertions": 29,
            "deletions": 7
          },
          {
            "hash": "6a4611a1c57e471bfa11946231a743c1ae6d8032",
            "messageTitle": "fix checkstyle",
            "messageBody": "",
            "insertions": 5,
            "deletions": 0
          },
          {
            "hash": "9f82c417deff0b5cff197e8db26bd59ff5ad4662",
            "messageTitle": "add test for Pet",
            "messageBody": "",
            "insertions": 18,
            "deletions": 1
          },
          {
            "hash": "638a688626054194ecea1bdda82e466817bdf7a8",
            "messageTitle": "add tests to Inventory classes in model.",
            "messageBody": "",
            "insertions": 187,
            "deletions": 5
          }
        ]
      },
      {
        "insertions": 14,
        "deletions": 7,
        "date": "2020-04-03",
        "commitResults": [
          {
            "hash": "68fbf13a554afd8769ba0f4a6da2f245419ac739",
            "messageTitle": "minor refractoring",
            "messageBody": "",
            "insertions": 14,
            "deletions": 7
          }
        ]
      }
    ],
    "shenghaoc": [
      {
        "insertions": 2,
        "deletions": 3,
        "date": "2020-02-26",
        "commitResults": [
          {
            "hash": "d665d1cc6b508dec04fbb933c0deb01cd6845381",
            "messageTitle": "Set up project",
            "messageBody": "",
            "insertions": 2,
            "deletions": 3
          }
        ]
      },
      {
        "insertions": 714,
        "deletions": 16,
        "date": "2020-03-12",
        "commitResults": [
          {
            "hash": "969624ef525febbd3f55081b898fce4bfce6c0dd",
            "messageTitle": "Add PetTrackerStorage",
            "messageBody": "",
            "insertions": 45,
            "deletions": 0
          },
          {
            "hash": "f16d85e2f343f59a2d0da9350ebd16e78950606d",
            "messageTitle": "Add PshStorage",
            "messageBody": "",
            "insertions": 32,
            "deletions": 0
          },
          {
            "hash": "762a7f0b1417b847a40875e036e2c552a3d95d60",
            "messageTitle": "Add PshStorageManager",
            "messageBody": "",
            "insertions": 77,
            "deletions": 0
          },
          {
            "hash": "40b20a02717f6434fa7d7a17c37146783106d5dc",
            "messageTitle": "Remove reference to address book",
            "messageBody": "",
            "insertions": 1,
            "deletions": 1
          },
          {
            "hash": "fd0f94c12d9d3977552c67aa116ef959799db738",
            "messageTitle": "Add JsonAdaptedFood",
            "messageBody": "",
            "insertions": 67,
            "deletions": 0
          },
          {
            "hash": "303df19604bc1e6aa77f2d3d49edb8864b589e60",
            "messageTitle": "Add JsonSerializablePetTracker",
            "messageBody": "",
            "insertions": 57,
            "deletions": 1
          },
          {
            "hash": "cabb2702db98e6a5b7d81dd54a37a138e5768d57",
            "messageTitle": "Add JsonPetTrackerStorage",
            "messageBody": "",
            "insertions": 80,
            "deletions": 0
          },
          {
            "hash": "a46d11e61ef615bc302752b689787183e6cd84fc",
            "messageTitle": "Add JsonAdaptedPet",
            "messageBody": "",
            "insertions": 121,
            "deletions": 1
          },
          {
            "hash": "7ac699437e4475a86af82eba1943ab4d4b921eb8",
            "messageTitle": "Change Gender from enum to class",
            "messageBody": "",
            "insertions": 2,
            "deletions": 4
          },
          {
            "hash": "27aacddf3bd1ac2be13ff353e0fdd630c8fec803",
            "messageTitle": "Add AddPetCommandTest",
            "messageBody": "",
            "insertions": 196,
            "deletions": 0
          },
          {
            "hash": "b8102e15880627f9de7a91c11fde1573179bf2c4",
            "messageTitle": "Rename MESSAGE_DUPLICATE_PERSON to MESSAGE_DUPLICATE_PET",
            "messageBody": "",
            "insertions": 6,
            "deletions": 2
          },
          {
            "hash": "97393c03b39c6e58a1f95adb6875cb4699d20d98",
            "messageTitle": "Remove remaining MESSAGE_DUPLICATE_PERSON",
            "messageBody": "",
            "insertions": 9,
            "deletions": 1
          },
          {
            "hash": "e1f45433075ca0907d5f14760b7e4c5f838671f5",
            "messageTitle": "Modify TypicalIndexes",
            "messageBody": "",
            "insertions": 21,
            "deletions": 6
          }
        ]
      },
      {
        "insertions": 9,
        "deletions": 6,
        "date": "2020-03-13",
        "commitResults": [
          {
            "hash": "a69048c3af3d404d6685b48d8eb9003725b8553f",
            "messageTitle": "Revert Gender to enum",
            "messageBody": "",
            "insertions": 6,
            "deletions": 4
          },
          {
            "hash": "537175f40c8a05f35731c0ba743921b2823e488e",
            "messageTitle": "Add newline",
            "messageBody": "",
            "insertions": 1,
            "deletions": 1
          },
          {
            "hash": "38626d4f24eaebe53dad1741a4bee2e4db3f3553",
            "messageTitle": "Break line 104",
            "messageBody": "",
            "insertions": 2,
            "deletions": 1
          }
        ]
      },
      {
        "insertions": 40,
        "deletions": 0,
        "date": "2020-03-14",
        "commitResults": [
          {
            "hash": "d2de485fe3b974c00925f03d4ce09b25e2140c8d",
            "messageTitle": "Add PetCommandParserTestUtil",
            "messageBody": "",
            "insertions": 40,
            "deletions": 0
          }
        ]
      },
      {
        "insertions": 1230,
        "deletions": 226,
        "date": "2020-03-15",
        "commitResults": [
          {
            "hash": "b2698f1d284ec691df6be2b7e336f4bf26fd787f",
            "messageTitle": "Add PshParserUtilTest",
            "messageBody": "",
            "insertions": 4,
            "deletions": 212
          },
          {
            "hash": "f8b6abff96aad4112419262659575302d6e3822b",
            "messageTitle": "Refactor TypicalIndexes for PSH",
            "messageBody": "",
            "insertions": 207,
            "deletions": 5
          },
          {
            "hash": "80f3bfa1a6c7eb27a41ce58258e6e74e28bcdf6f",
            "messageTitle": "Rename PetCommandParserTestUtil",
            "messageBody": "",
            "insertions": 1,
            "deletions": 5
          },
          {
            "hash": "7d17c156db50d04ec29b3f43d698812f185f2a78",
            "messageTitle": "Add EditPersonDescriptorBuilder and PetUtil",
            "messageBody": "",
            "insertions": 8,
            "deletions": 0
          },
          {
            "hash": "29715cd2d887205ccdce7a6b98678691ad0e90ab",
            "messageTitle": "Add PetTrackerParserTest",
            "messageBody": "",
            "insertions": 73,
            "deletions": 0
          },
          {
            "hash": "c372691af3fbe5b333b718a188a51205d1b41097",
            "messageTitle": "Add PshCommandTestUtil",
            "messageBody": "",
            "insertions": 281,
            "deletions": 4
          },
          {
            "hash": "0f19b5f745c35108b57e3953a5daef7a84154bc4",
            "messageTitle": "Add PshCommandResultTest",
            "messageBody": "",
            "insertions": 56,
            "deletions": 0
          },
          {
            "hash": "6944b691c80ff923c16e8bfe597bb5c375e8f4ff",
            "messageTitle": "Add LitCommandTest",
            "messageBody": "",
            "insertions": 39,
            "deletions": 0
          },
          {
            "hash": "71118e9627e47362158265899f91ecd4473cca26",
            "messageTitle": "Add DeletePetCommandTest",
            "messageBody": "",
            "insertions": 109,
            "deletions": 0
          },
          {
            "hash": "1ea187041bbabc21d070d1338c2c1d37fff87ceb",
            "messageTitle": "Add FindPetCommandTest",
            "messageBody": "",
            "insertions": 199,
            "deletions": 0
          },
          {
            "hash": "4074394d38871b3e56f192176011c263b4f1ad44",
            "messageTitle": "Track FindPetCommandTest",
            "messageBody": "",
            "insertions": 83,
            "deletions": 0
          },
          {
            "hash": "915cd70db10ddfccade6e77d19ab48ebed63fbd1",
            "messageTitle": "Add EditPetCommandTest",
            "messageBody": "",
            "insertions": 170,
            "deletions": 0
          }
        ]
      },
      {
        "insertions": 576,
        "deletions": 76,
        "date": "2020-03-16",
        "commitResults": [
          {
            "hash": "a32c373f725b7eb6dd4a9df151c9766e2e8d3fea",
            "messageTitle": "Add AddPetCommandParserTest",
            "messageBody": "",
            "insertions": 141,
            "deletions": 0
          },
          {
            "hash": "409d3b4dbba785601b051fc38a33a1c93177651b",
            "messageTitle": "Add DeletePetCommandParserTest and mofidy DeletePetParser to implement Parser",
            "messageBody": "",
            "insertions": 35,
            "deletions": 1
          },
          {
            "hash": "12865c0f3a557ed4ac9e5eac156b8e06584b1f55",
            "messageTitle": "Add FindPetCommandParserTest",
            "messageBody": "",
            "insertions": 30,
            "deletions": 0
          },
          {
            "hash": "37297e04aba567887cffaefe05f2bb0e9c8fc5b4",
            "messageTitle": "Add EditPetCommandParserTest",
            "messageBody": "",
            "insertions": 207,
            "deletions": 0
          },
          {
            "hash": "459e874c7f60d763372df393bfbf4b9f63c6f450",
            "messageTitle": "Fix Checkstyle violations",
            "messageBody": "",
            "insertions": 67,
            "deletions": 60
          },
          {
            "hash": "7227ac3f08bee0f1536c7a153ba2ba35c13040aa",
            "messageTitle": "Fix unused import in DeletePetParser",
            "messageBody": "",
            "insertions": 0,
            "deletions": 2
          },
          {
            "hash": "aee8423ea7e2ba39b6b0c4cb22ec018957d0b221",
            "messageTitle": "Correct getFoodAmount()",
            "messageBody": "",
            "insertions": 1,
            "deletions": 1
          },
          {
            "hash": "783c2a7a44d375093e034ad53d7efa87aff3853e",
            "messageTitle": "Refactor UserPrefs-related classes",
            "messageBody": "",
            "insertions": 95,
            "deletions": 12
          }
        ]
      },
      {
        "insertions": 5,
        "deletions": 203,
        "date": "2020-03-17",
        "commitResults": [
          {
            "hash": "8b657615881a9226ba4e78b7a74c4b764d263392",
            "messageTitle": "Delete Psh classes in storage",
            "messageBody": "",
            "insertions": 0,
            "deletions": 192
          },
          {
            "hash": "019755fe5c2fe1b1f72a3bc9ef2324d4b90dce77",
            "messageTitle": "Remove extra JsonValue in JsonAdaptedFood",
            "messageBody": "",
            "insertions": 2,
            "deletions": 7
          },
          {
            "hash": "bc84d39574f620cdef349367195d47cd57bde84f",
            "messageTitle": "Remove stub for foodList in AddPetParser",
            "messageBody": "",
            "insertions": 2,
            "deletions": 2
          },
          {
            "hash": "ec86f9ea85e0f2e3f4f8a6cbd4356248d5fdb12d",
            "messageTitle": "Resolve check style violation",
            "messageBody": "",
            "insertions": 1,
            "deletions": 2
          }
        ]
      },
      {
        "insertions": 8,
        "deletions": 10,
        "date": "2020-03-18",
        "commitResults": [
          {
            "hash": "ac2d8adcd78d3a92e3af8a7d68205f301129804d",
            "messageTitle": "Resolve reading from JSON issue",
            "messageBody": "",
            "insertions": 4,
            "deletions": 6
          },
          {
            "hash": "e664b015394fc1dc47d5ea2e3b5d7a98dd13b7cb",
            "messageTitle": "Resolve check style violation",
            "messageBody": "",
            "insertions": 4,
            "deletions": 4
          }
        ]
      },
      {
        "insertions": 311,
        "deletions": 400,
        "date": "2020-03-19",
        "commitResults": [
          {
            "hash": "9df361afeb7d07428084828ff8bd9b20eb833358",
            "messageTitle": "Resolve checkstyle violations and merge conflicts",
            "messageBody": "",
            "insertions": 218,
            "deletions": 330
          },
          {
            "hash": "f6654e3646a81407f7cf1474743a9071040f4280",
            "messageTitle": "Add checkpoint for test conflict resolution",
            "messageBody": "",
            "insertions": 86,
            "deletions": 61
          },
          {
            "hash": "70e42a4f735f0d9b873a884763c00849cb6ca2dd",
            "messageTitle": "Resolve all tests",
            "messageBody": "",
            "insertions": 7,
            "deletions": 9
          }
        ]
      },
      {
        "insertions": 259,
        "deletions": 341,
        "date": "2020-03-20",
        "commitResults": [
          {
            "hash": "9ff26e8f355f3d8e2257982a07a1de0dc04c80e1",
            "messageTitle": "Pass all checks",
            "messageBody": "",
            "insertions": 107,
            "deletions": 90
          },
          {
            "hash": "b969d3b38b7abd1022a04a0e73514459056ae4d7",
            "messageTitle": "Standardize pet names",
            "messageBody": "",
            "insertions": 22,
            "deletions": 28
          },
          {
            "hash": "b22622c43499102d8b35e0df818031fca511ee38",
            "messageTitle": "Correct pet names",
            "messageBody": "",
            "insertions": 10,
            "deletions": 12
          },
          {
            "hash": "6569b764b48e30b36ac9c684882d5ff2dc490f80",
            "messageTitle": "Correct pet info",
            "messageBody": "",
            "insertions": 2,
            "deletions": 2
          },
          {
            "hash": "975a83d7c461ddd03b625a0efb991df0e0a3d8d4",
            "messageTitle": "Clear up",
            "messageBody": "",
            "insertions": 118,
            "deletions": 133
          },
          {
            "hash": "2aef8fd72edcf6ee42d980ce418579325a1bf8e8",
            "messageTitle": "Remove ListCommand",
            "messageBody": "",
            "insertions": 0,
            "deletions": 75
          },
          {
            "hash": "2c2925827b02a6602ff0564e66bac5fb3a57d5f3",
            "messageTitle": "Resolve checkstyle violation",
            "messageBody": "",
            "insertions": 0,
            "deletions": 1
          }
        ]
      },
      {
        "insertions": 426,
        "deletions": 12,
        "date": "2020-03-21",
        "commitResults": [
          {
            "hash": "8765dc8b566a9398efbd6e71baa498d736ca95d6",
            "messageTitle": "Update food-related methods",
            "messageBody": "",
            "insertions": 3,
            "deletions": 11
          },
          {
            "hash": "ea4c9595011d1799e0287204c336e48c8cd76bb5",
            "messageTitle": "Restore tests deleted in major bug fix",
            "messageBody": "",
            "insertions": 377,
            "deletions": 0
          },
          {
            "hash": "21c61f8b21e195209f2e238468c83286bc1fba02",
            "messageTitle": "Add JsonUtilTest",
            "messageBody": "",
            "insertions": 45,
            "deletions": 0
          },
          {
            "hash": "b0c6d369a45f147912b4da7bbe530b004c812394",
            "messageTitle": "Add EOF to JsonUtilTest",
            "messageBody": "",
            "insertions": 1,
            "deletions": 1
          }
        ]
      },
      {
        "insertions": 4,
        "deletions": 4,
        "date": "2020-03-25",
        "commitResults": [
          {
            "hash": "7a1090410b34ab9d917d94cbd7dc0bdb532a6c38",
            "messageTitle": "Update version number",
            "messageBody": "",
            "insertions": 1,
            "deletions": 1
          },
          {
            "hash": "e4b7e65545d951c25408399fae91b601846e62b9",
            "messageTitle": "Attempt to resolve Travis issue",
            "messageBody": "",
            "insertions": 1,
            "deletions": 1
          },
          {
            "hash": "17490ed363fd469376e9b61e7c2ca9e0b3ac1193",
            "messageTitle": "Attempt to resolve Travis issue",
            "messageBody": "",
            "insertions": 1,
            "deletions": 1
          },
          {
            "hash": "2024cc4e163cbdd45720605b09d7eaaa499c1c17",
            "messageTitle": "Revert previous commit, Travis issue resolved",
            "messageBody": "",
            "insertions": 1,
            "deletions": 1
          }
        ]
      },
      {
        "insertions": 139,
        "deletions": 54,
        "date": "2020-03-30",
        "commitResults": [
          {
            "hash": "fa24d6bf66a0cd49f94825edacd59615a5c92e91",
            "messageTitle": "Add JsonAdaptedSlot",
            "messageBody": "",
            "insertions": 53,
            "deletions": 0
          },
          {
            "hash": "e6b35bc22f0b33e9b74d53c7152c4aff77c84d91",
            "messageTitle": "Add save schedule functionality",
            "messageBody": "",
            "insertions": 14,
            "deletions": 6
          },
          {
            "hash": "168e2219714c64f4a9ecd0ceac6cf851c5a74988",
            "messageTitle": "Update to next version number",
            "messageBody": "",
            "insertions": 1,
            "deletions": 1
          },
          {
            "hash": "53ccef4a6805bb84da4a020df9743079caebb8f4",
            "messageTitle": "Fix checkstyle",
            "messageBody": "",
            "insertions": 4,
            "deletions": 9
          },
          {
            "hash": "59680eff17cb1dd66c05fe694987bff71f89c3a1",
            "messageTitle": "Modify JsonAdaptedSlot to store only name",
            "messageBody": "",
            "insertions": 10,
            "deletions": 6
          },
          {
            "hash": "e3e518ae08c075daef5bd4dbba1687920d47f515",
            "messageTitle": "Add checks and convert to full String-based representation",
            "messageBody": "",
            "insertions": 44,
            "deletions": 12
          },
          {
            "hash": "23e2523cac95edf776f5d02ed25627d8346bea23",
            "messageTitle": "Clean up JsonAdaptedSlot",
            "messageBody": "",
            "insertions": 4,
            "deletions": 4
          },
          {
            "hash": "a23596cb7f47416350aae9ecd8d2d3ec260cf1ea",
            "messageTitle": "Convert JsonAdaptedFood to full String representation",
            "messageBody": "",
            "insertions": 6,
            "deletions": 5
          },
          {
            "hash": "68572262e95b98b71b4c2b96aa613dc4f63f2379",
            "messageTitle": "Remove remaining Psh prefix",
            "messageBody": "",
            "insertions": 1,
            "deletions": 1
          },
          {
            "hash": "ef0efce24484709601b9532c2105e1287b1a71ab",
            "messageTitle": "Remove outdated comments",
            "messageBody": "",
            "insertions": 1,
            "deletions": 9
          },
          {
            "hash": "617c917753ff034b69f91230bfdd6aa673a21d8c",
            "messageTitle": "Correct date format in prompt",
            "messageBody": "",
            "insertions": 1,
            "deletions": 1
          }
        ]
      },
      {
        "insertions": 331,
        "deletions": 212,
        "date": "2020-03-31",
        "commitResults": [
          {
            "hash": "3ce774eba8228ebe6e2620eef525a0f5991b6e77",
            "messageTitle": "Update JsonAdaptedSlot to handle missing pet",
            "messageBody": "",
            "insertions": 17,
            "deletions": 5
          },
          {
            "hash": "73181c8ec05a01ef14dbbb542d8aec9699c595a2",
            "messageTitle": "Fix checkstyle",
            "messageBody": "",
            "insertions": 8,
            "deletions": 3
          },
          {
            "hash": "6aa2c74ae7f008aa7a88fbdc9f4d9a001403b6fd",
            "messageTitle": "Refactor typical slots and add JsonAdaptedSlotTest",
            "messageBody": "",
            "insertions": 159,
            "deletions": 74
          },
          {
            "hash": "00a7a16f3faf9327539fcd38bc210e645b300323",
            "messageTitle": "Resolve checkstyleTest",
            "messageBody": "",
            "insertions": 23,
            "deletions": 33
          },
          {
            "hash": "b6e10ff537bb5a49db8e0ed65af927379982a690",
            "messageTitle": "Refactor slot descriptor",
            "messageBody": "",
            "insertions": 39,
            "deletions": 43
          },
          {
            "hash": "03c7457f9a93a43a63a328d7ccd1465757e29089",
            "messageTitle": "Correct error in EditCommandTest",
            "messageBody": "",
            "insertions": 2,
            "deletions": 8
          },
          {
            "hash": "83fa9c557a29fff3cace97644641ab51de60eb54",
            "messageTitle": "Clean up",
            "messageBody": "",
            "insertions": 18,
            "deletions": 17
          },
          {
            "hash": "e922de412208a0d38490a8a08ed6cc6ff8dcce87",
            "messageTitle": "Add tests in JsonSerializablePetTrackerTest",
            "messageBody": "",
            "insertions": 19,
            "deletions": 1
          },
          {
            "hash": "bcadf5c460a6b9fcebf4cabdc3cb6a860cc2c946",
            "messageTitle": "Add sample slots",
            "messageBody": "",
            "insertions": 31,
            "deletions": 16
          },
          {
            "hash": "54c697b4ce83da14fe47534f5791d52db2ac26f5",
            "messageTitle": "Fix checkstyleMain",
            "messageBody": "",
            "insertions": 12,
            "deletions": 9
          },
          {
            "hash": "bf1a2e5c7631ac97a8cb7bd675d2baf61eb172ef",
            "messageTitle": "Update SampleDataUtil.java",
            "messageBody": "",
            "insertions": 3,
            "deletions": 3
          }
        ]
      },
      {
        "insertions": 259,
        "deletions": 45,
        "date": "2020-04-02",
        "commitResults": [
          {
            "hash": "c22223a622cb5b47065a1f7ef265c6dd02bfd216",
            "messageTitle": "Set up back up command",
            "messageBody": "",
            "insertions": 65,
            "deletions": 7
          },
          {
            "hash": "dc0c775fcfc2f1c78952d7b6eba37ae902c031a5",
            "messageTitle": "Refactor time stamp  pattern",
            "messageBody": "",
            "insertions": 10,
            "deletions": 2
          },
          {
            "hash": "6743f61284958a15b13b7cdabe051768b044fda6",
            "messageTitle": "Update time stamp again",
            "messageBody": "",
            "insertions": 5,
            "deletions": 3
          },
          {
            "hash": "da29e0cdb17031d7ebed98925a5f0d0a71cd7170",
            "messageTitle": "Comply with checkstyle",
            "messageBody": "",
            "insertions": 9,
            "deletions": 11
          },
          {
            "hash": "2faa1d405712288f70fd08b48587f3d7a26a6685",
            "messageTitle": "Resolve merge conflict",
            "messageBody": "",
            "insertions": 1,
            "deletions": 1
          },
          {
            "hash": "3fa1d4be1ddbcadd653c43192e8a3387934316b8",
            "messageTitle": "Resolve merge conflict in test",
            "messageBody": "",
            "insertions": 1,
            "deletions": 1
          },
          {
            "hash": "6cc661ddd64bde3c4085e2d8fd5b18b1a624d191",
            "messageTitle": "Restore test for command that requires no arguments",
            "messageBody": "",
            "insertions": 22,
            "deletions": 6
          },
          {
            "hash": "232da3b58dda1120ef98b5f90fc1ed9c0a925e8a",
            "messageTitle": "Get load to work",
            "messageBody": "",
            "insertions": 146,
            "deletions": 14
          }
        ]
      },
      {
        "insertions": 145,
        "deletions": 122,
        "date": "2020-04-03",
        "commitResults": [
          {
            "hash": "bc283b9898853a82d39fa2bde49ffb53d632c4ee",
            "messageTitle": "Shift execution of back up out of LogicManager",
            "messageBody": "",
            "insertions": 17,
            "deletions": 5
          },
          {
            "hash": "07695f77a6d291673b1213846f2aa32e5004cb9c",
            "messageTitle": "Restore CommandResult",
            "messageBody": "",
            "insertions": 14,
            "deletions": 46
          },
          {
            "hash": "b06d1f70d70a1e44ca084d4c50b60d2ae35b3a32",
            "messageTitle": "Tidy up",
            "messageBody": "",
            "insertions": 33,
            "deletions": 31
          },
          {
            "hash": "cef1ef6bbdfe1cb529e36791bbf7cba6846ee335",
            "messageTitle": "Finalize code in main",
            "messageBody": "",
            "insertions": 3,
            "deletions": 2
          },
          {
            "hash": "9662d23fd27220d567e1917875e9402bc6fbc8b7",
            "messageTitle": "Fix checkstyle",
            "messageBody": "",
            "insertions": 4,
            "deletions": 2
          },
          {
            "hash": "a3a7d55dc81965963006386ac3ea44042a73269d",
            "messageTitle": "Change to command whose message independent of input",
            "messageBody": "",
            "insertions": 38,
            "deletions": 5
          },
          {
            "hash": "12e16fd0fb9bd68a17ec4feebdacdc5eb3f5f399",
            "messageTitle": "Resolve test issues with ab4 code",
            "messageBody": "",
            "insertions": 25,
            "deletions": 18
          },
          {
            "hash": "4749bdce12ba929155c4fcfe5d7e316d3ad49584",
            "messageTitle": "Fix checkstyle",
            "messageBody": "",
            "insertions": 0,
            "deletions": 6
          },
          {
            "hash": "86496651b31f75dd3fd21efffe8039be0ddc195f",
            "messageTitle": "Resolve display update issue",
            "messageBody": "",
            "insertions": 1,
            "deletions": 1
          },
          {
            "hash": "3fa018f1dd5c6bd501ebd1f55c4a11ae6a397eca",
            "messageTitle": "Fix checkstyle",
            "messageBody": "",
            "insertions": 0,
            "deletions": 1
          },
          {
            "hash": "4c3b0e85ebfdad5edb956327baed8531c27f5d88",
            "messageTitle": "Update display using same way as edit commands",
            "messageBody": "",
            "insertions": 7,
            "deletions": 2
          },
          {
            "hash": "4609c69c0ab372533307eefa36245873c3c626d0",
            "messageTitle": "Update version number",
            "messageBody": "",
            "insertions": 1,
            "deletions": 1
          },
          {
            "hash": "4947414f94abc6672e4e35681e7bd5f1117f2f5e",
            "messageTitle": "Update version number again",
            "messageBody": "",
            "insertions": 1,
            "deletions": 1
          },
          {
            "hash": "b23eacc51ecf708618a18725b5ac7b610e224aef",
            "messageTitle": "Change jar file name to lower case",
            "messageBody": "",
            "tags": [
              "v1.3.3"
            ],
            "insertions": 1,
            "deletions": 1
          }
        ]
      }
    ]
  },
  "authorFinalContributionMap": {
    "umaikaze": 3095,
    "limdylan": 1850,
    "tianqi77": 2004,
    "Zhu-Ruicong": 1846,
    "shenghaoc": 2041
  },
  "authorFileTypeContributionMap": {
    "umaikaze": {
      "java": 3043,
      "md": 0,
      "fxml": 52,
      "sh": 0,
      "bat": 0,
      "gradle": 0,
      "txt": 0
    },
    "limdylan": {
      "java": 1789,
      "md": 0,
      "fxml": 57,
      "sh": 0,
      "bat": 0,
      "gradle": 4,
      "txt": 0
    },
    "tianqi77": {
      "java": 1920,
      "md": 0,
      "fxml": 84,
      "sh": 0,
      "bat": 0,
      "gradle": 0,
      "txt": 0
    },
    "Zhu-Ruicong": {
      "java": 1720,
      "md": 0,
      "fxml": 126,
      "sh": 0,
      "bat": 0,
      "gradle": 0,
      "txt": 0
    },
    "shenghaoc": {
      "java": 2038,
      "md": 0,
      "fxml": 0,
      "sh": 0,
      "bat": 0,
      "gradle": 3,
      "txt": 0
    }
  },
  "authorContributionVariance": {
    "umaikaze": 67463.32,
    "limdylan": 26993.738,
    "tianqi77": 188348.16,
    "Zhu-Ruicong": 1388292.0,
    "shenghaoc": 78215.664
  },
  "authorDisplayNameMap": {
    "umaikaze": "CS2103-W15-4 ZHAO..JIAN",
    "limdylan": "CS2103-W15-4 LIM ..YLAN",
    "tianqi77": "CS2103-W15-4 ZHAO..ANQI",
    "Zhu-Ruicong": "CS2103-W15-4 ZHU ..CONG",
    "shenghaoc": "CS2103-W15-4 CHEN..GHAO"
  }
}
