{
  "authorDailyContributionsMap": {
    "umaikaze": [],
    "limdylan": [],
    "tianqi77": [],
    "Zhu-Ruicong": [],
    "shenghaoc": [
      {
        "insertions": 2,
        "deletions": 3,
        "date": "2020-02-26",
        "commitResults": [
          {
            "hash": "d665d1cc6b508dec04fbb933c0deb01cd6845381",
            "messageTitle": "Set up project",
            "messageBody": "",
            "insertions": 2,
            "deletions": 3
          }
        ]
      }
    ]
  },
  "authorFinalContributionMap": {
    "umaikaze": 0,
    "limdylan": 0,
    "tianqi77": 0,
    "Zhu-Ruicong": 0,
    "shenghaoc": 2
  },
  "authorFileTypeContributionMap": {
    "umaikaze": {
      "java": 0,
      "md": 0,
      "fxml": 0,
      "sh": 0,
      "bat": 0,
      "gradle": 0,
      "txt": 0
    },
    "limdylan": {
      "java": 0,
      "md": 0,
      "fxml": 0,
      "sh": 0,
      "bat": 0,
      "gradle": 0,
      "txt": 0
    },
    "tianqi77": {
      "java": 0,
      "md": 0,
      "fxml": 0,
      "sh": 0,
      "bat": 0,
      "gradle": 0,
      "txt": 0
    },
    "Zhu-Ruicong": {
      "java": 0,
      "md": 0,
      "fxml": 0,
      "sh": 0,
      "bat": 0,
      "gradle": 0,
      "txt": 0
    },
    "shenghaoc": {
      "java": 0,
      "md": 0,
      "fxml": 0,
      "sh": 0,
      "bat": 0,
      "gradle": 2,
      "txt": 0
    }
  },
  "authorContributionVariance": {
    "umaikaze": 0.0,
    "limdylan": 0.0,
    "tianqi77": 0.0,
    "Zhu-Ruicong": 0.0,
    "shenghaoc": 1.7751479
  },
  "authorDisplayNameMap": {
    "umaikaze": "CS2103-W15-4 ZHAO..JIAN",
    "limdylan": "CS2103-W15-4 LIM ..YLAN",
    "tianqi77": "CS2103-W15-4 ZHAO..ANQI",
    "Zhu-Ruicong": "CS2103-W15-4 ZHU ..CONG",
    "shenghaoc": "CS2103-W15-4 CHEN..GHAO"
  }
}
