{
  "authorDailyContributionsMap": {
    "mpang45456": [
      {
        "insertions": 470,
        "deletions": 0,
        "date": "2020-03-16",
        "commitResults": [
          {
            "hash": "a5700e5cf9e32176554d0b585ccfb7782fd4abee",
            "messageTitle": "Max Commit for Module Search (just backbone version)",
            "messageBody": "",
            "insertions": 234,
            "deletions": 0
          },
          {
            "hash": "3bb1ebcfcc2a009cfa481061b4c05c811b7ed4e0",
            "messageTitle": "Module Search Function implementation by Max",
            "messageBody": "",
            "insertions": 236,
            "deletions": 0
          }
        ]
      },
      {
        "insertions": 148,
        "deletions": 58,
        "date": "2020-03-17",
        "commitResults": [
          {
            "hash": "e55b0275c4ada2f4cf101c2ad0f0dc3487de3cde",
            "messageTitle": "Module Search Function implementation by Max",
            "messageBody": "",
            "insertions": 68,
            "deletions": 46
          },
          {
            "hash": "1adc1ca2b375d4745c28350033a868371ed41054",
            "messageTitle": "Module Search Function implementation by Max",
            "messageBody": "",
            "insertions": 80,
            "deletions": 12
          }
        ]
      },
      {
        "insertions": 42,
        "deletions": 45,
        "date": "2020-03-24",
        "commitResults": [
          {
            "hash": "e9ca03cd2c25982fdbbc14f469532ff760345643",
            "messageTitle": "Module Search Function implementation by Max",
            "messageBody": "",
            "insertions": 42,
            "deletions": 45
          }
        ]
      },
      {
        "insertions": 8,
        "deletions": 5,
        "date": "2020-03-25",
        "commitResults": [
          {
            "hash": "0bdf22a6ee7732e7ea6d5e955ccd10e4f40d12b8",
            "messageTitle": "Module Search Function implementation by Max",
            "messageBody": "",
            "insertions": 8,
            "deletions": 5
          }
        ]
      },
      {
        "insertions": 85,
        "deletions": 10,
        "date": "2020-03-30",
        "commitResults": [
          {
            "hash": "ee87a1ab07645f9360531c1953920c9c06602e83",
            "messageTitle": "Module Search Function implementation by Max",
            "messageBody": "",
            "insertions": 29,
            "deletions": 8
          },
          {
            "hash": "510b7c7df8b712b1ef30a68a4626a803908992ef",
            "messageTitle": "Cache function added",
            "messageBody": "",
            "insertions": 1,
            "deletions": 0
          },
          {
            "hash": "ad02875fa605eaebc70534d22f5b9359cf18ade1",
            "messageTitle": "added some gets",
            "messageBody": "",
            "insertions": 24,
            "deletions": 0
          },
          {
            "hash": "77cc8d4a4225b1b35d5f846cd8760ca2e73d446a",
            "messageTitle": "added some gets",
            "messageBody": "",
            "insertions": 4,
            "deletions": 0
          },
          {
            "hash": "0deb1c842a6691bda04a945d0b8ff9521bced0ad",
            "messageTitle": "added some gets",
            "messageBody": "",
            "insertions": 10,
            "deletions": 0
          },
          {
            "hash": "b1fb3ed984b3e0917703f2a515ba0c53860bdfa2",
            "messageTitle": "added some gets",
            "messageBody": "",
            "insertions": 4,
            "deletions": 0
          },
          {
            "hash": "8fa85d2123f4fa2bf118237877f3d00331de4d99",
            "messageTitle": "added some gets",
            "messageBody": "",
            "insertions": 0,
            "deletions": 1
          },
          {
            "hash": "9bd545326769d33539d1bf171abb9cb272d6bb7b",
            "messageTitle": "fixed checkstyle",
            "messageBody": "",
            "insertions": 13,
            "deletions": 1
          }
        ]
      },
      {
        "insertions": 114,
        "deletions": 25,
        "date": "2020-04-02",
        "commitResults": [
          {
            "hash": "84171937cc49d06c636fe6713f7cb45815946262",
            "messageTitle": "Added some support",
            "messageBody": "",
            "insertions": 114,
            "deletions": 25
          }
        ]
      },
      {
        "insertions": 23,
        "deletions": 3,
        "date": "2020-04-04",
        "commitResults": [
          {
            "hash": "3170b9156a4210c1724c32bbcde6b392d8feaa79",
            "messageTitle": "Added some support",
            "messageBody": "",
            "insertions": 22,
            "deletions": 0
          },
          {
            "hash": "95022f80c096ad7aaf1a8f70f336d86c30ced313",
            "messageTitle": "Added some support",
            "messageBody": "",
            "insertions": 1,
            "deletions": 3
          }
        ]
      },
      {
        "insertions": 136,
        "deletions": 12,
        "date": "2020-04-05",
        "commitResults": [
          {
            "hash": "1a53c28fffb2c48974ae0569940e36b014320f1c",
            "messageTitle": "Added some support",
            "messageBody": "",
            "insertions": 26,
            "deletions": 0
          },
          {
            "hash": "ad8fbc3f43e706411307fc28e69acf8283c560a5",
            "messageTitle": "Added some support",
            "messageBody": "",
            "insertions": 5,
            "deletions": 5
          },
          {
            "hash": "529eb27f39148da265520b2d30b6c7461b706ade",
            "messageTitle": "Added some support",
            "messageBody": "",
            "insertions": 48,
            "deletions": 0
          },
          {
            "hash": "a81c5895923a9ffa7b08b71a6364e981e24e54a1",
            "messageTitle": "Added check if core mod function (Only for SOC rn)",
            "messageBody": "",
            "insertions": 57,
            "deletions": 7
          }
        ]
      }
    ],
    "Kangwkk": [
      {
        "insertions": 1,
        "deletions": 0,
        "date": "2020-02-18",
        "commitResults": [
          {
            "hash": "911c2751ea8ed5f24b7dd722e74180bd180bf4f4",
            "messageTitle": "test travis",
            "messageBody": "",
            "insertions": 1,
            "deletions": 0
          }
        ]
      },
      {
        "insertions": 57,
        "deletions": 301,
        "date": "2020-03-02",
        "commitResults": [
          {
            "hash": "10eb3a5c3fde612d5a8c3b4982b82b3177578215",
            "messageTitle": "remove address",
            "messageBody": "",
            "insertions": 57,
            "deletions": 301
          }
        ]
      },
      {
        "insertions": 98,
        "deletions": 3,
        "date": "2020-03-10",
        "commitResults": [
          {
            "hash": "38a894e720b865b0f4b6f8d35bcfcf1e393ef882",
            "messageTitle": "implement Module related classes",
            "messageBody": "",
            "insertions": 86,
            "deletions": 0
          },
          {
            "hash": "90292aecf6051425f62b8094cdca30784ea2fd9e",
            "messageTitle": "add checkstyle for module related files",
            "messageBody": "",
            "insertions": 12,
            "deletions": 3
          }
        ]
      },
      {
        "insertions": 55,
        "deletions": 2,
        "date": "2020-03-11",
        "commitResults": [
          {
            "hash": "0694bb8749f618d5ea0172991f2f7873c79901cc",
            "messageTitle": "added \u0027Capulator\u0027 class to calculate current CAP",
            "messageBody": "",
            "insertions": 55,
            "deletions": 2
          }
        ]
      },
      {
        "insertions": 43,
        "deletions": 55,
        "date": "2020-03-13",
        "commitResults": [
          {
            "hash": "9e139e844a76ff3e41f28186bb67fe2e104f4ba1",
            "messageTitle": "remove all address-related codes",
            "messageBody": "",
            "insertions": 28,
            "deletions": 47
          },
          {
            "hash": "3efe16b8829c5b8e20ad4009f98e2db374b42365",
            "messageTitle": "updates checkstyle for module related classes",
            "messageBody": "",
            "insertions": 15,
            "deletions": 8
          }
        ]
      },
      {
        "insertions": 365,
        "deletions": 23,
        "date": "2020-03-17",
        "commitResults": [
          {
            "hash": "8d6849d85db0d2f4ca980ffb97b5600a9d6fdd93",
            "messageTitle": "add in test cases for Grade class",
            "messageBody": "",
            "insertions": 62,
            "deletions": 2
          },
          {
            "hash": "a9011667a8c69e85b8cfb7ca81414457496e0787",
            "messageTitle": "add in test cases for class NusModule",
            "messageBody": "",
            "insertions": 7,
            "deletions": 1
          },
          {
            "hash": "087098b207ad231ec03ace53e59086398bbf3d18",
            "messageTitle": "add in test cases for class Capulator and update codes to pass all test cases",
            "messageBody": "",
            "insertions": 28,
            "deletions": 7
          },
          {
            "hash": "4b298af2e4c39abeb08ad55754921837778e87e5",
            "messageTitle": "add in add module command and related parser",
            "messageBody": "",
            "insertions": 209,
            "deletions": 1
          },
          {
            "hash": "f8ec69045d979972a02f1f85aae798d52a5271b0",
            "messageTitle": "add in cap command to calculate current CAP and integrate into our app",
            "messageBody": "",
            "insertions": 59,
            "deletions": 12
          }
        ]
      },
      {
        "insertions": 50,
        "deletions": 15,
        "date": "2020-03-18",
        "commitResults": [
          {
            "hash": "3ae26920daa90097557050b998bc9436fd53266c",
            "messageTitle": "update on checkstyle for commands classes and its parser classes",
            "messageBody": "",
            "insertions": 34,
            "deletions": 10
          },
          {
            "hash": "93045d5abe201d0bda96ca78761286c8abb232f7",
            "messageTitle": "add in checks for user argument for valid grade and module code",
            "messageBody": "",
            "insertions": 16,
            "deletions": 5
          }
        ]
      },
      {
        "insertions": 212,
        "deletions": 40,
        "date": "2020-03-23",
        "commitResults": [
          {
            "hash": "9872ee7133e3f775f3eaa76ea5b60cc8c4ab692d",
            "messageTitle": "Update on moduleAdd command: user does not need to enter module credit (fetch online)",
            "messageBody": "",
            "insertions": 6,
            "deletions": 8
          },
          {
            "hash": "70e73396dde4e860d07c63ce0743a04a4b99c7a8",
            "messageTitle": "add in delete module command and its parser",
            "messageBody": "",
            "insertions": 106,
            "deletions": 6
          },
          {
            "hash": "d13502b429594732480bdd7bbf0c91b3953dfc09",
            "messageTitle": "replace list of modules with new class ModuleBook",
            "messageBody": "",
            "insertions": 54,
            "deletions": 19
          },
          {
            "hash": "da205791ec963d80a243f147b7f5aeab2cf43e5a",
            "messageTitle": "update on addCommandTest to pass build",
            "messageBody": "",
            "insertions": 23,
            "deletions": 1
          },
          {
            "hash": "f681f9ea8c8fc916df39ad4ffd3ec78f0ca8ac1d",
            "messageTitle": "add in checkstyle to pass the test",
            "messageBody": "",
            "insertions": 23,
            "deletions": 6
          }
        ]
      },
      {
        "insertions": 600,
        "deletions": 600,
        "date": "2020-03-24",
        "commitResults": [
          {
            "hash": "536be9c118d050d1ca9c01e86dac9b79ceca8fd3",
            "messageTitle": "change /r/n to /n",
            "messageBody": "",
            "insertions": 1,
            "deletions": 253
          },
          {
            "hash": "40e84d6187f6e944b8318ce07bbc95813b2090a0",
            "messageTitle": "change line separator of all files into /n",
            "messageBody": "",
            "insertions": 599,
            "deletions": 347
          }
        ]
      },
      {
        "insertions": 190,
        "deletions": 22,
        "date": "2020-03-30",
        "commitResults": [
          {
            "hash": "c39d15e6485a7726192bc644f2881d132383e724",
            "messageTitle": "users now allow to add module without specifying the grade and module codes are no more case-sensitive",
            "messageBody": "",
            "insertions": 32,
            "deletions": 13
          },
          {
            "hash": "000db40464d49f811ee3b0bbbee8eb3ae77e809d",
            "messageTitle": "add in Grade command which allows users to update the grades of their module at any time",
            "messageBody": "",
            "insertions": 133,
            "deletions": 0
          },
          {
            "hash": "260348d4d6b873fe975afc406d7909ef608b3b59",
            "messageTitle": "grade is not case sensitive any more",
            "messageBody": "",
            "insertions": 7,
            "deletions": 7
          },
          {
            "hash": "cfecda215b309650bce9f54c047d75802c4da79e",
            "messageTitle": "fixed checkstyle",
            "messageBody": "",
            "insertions": 18,
            "deletions": 2
          }
        ]
      },
      {
        "insertions": 0,
        "deletions": 18,
        "date": "2020-03-31",
        "commitResults": [
          {
            "hash": "81f9253e4f5c75fa6c1ef6b43f51c6ca9d8c6038",
            "messageTitle": "update model class diagram",
            "messageBody": "",
            "insertions": 0,
            "deletions": 18
          }
        ]
      },
      {
        "insertions": 262,
        "deletions": 23,
        "date": "2020-04-03",
        "commitResults": [
          {
            "hash": "5b3d82313fb71e1173d9382810929f88c112e800",
            "messageTitle": "add in the functionality to add tasks to any module",
            "messageBody": "",
            "insertions": 251,
            "deletions": 20
          },
          {
            "hash": "41d941b4ed471f674b24fad85a9f1565eed8c932",
            "messageTitle": "add in module info when add in modules",
            "messageBody": "",
            "insertions": 11,
            "deletions": 3
          }
        ]
      },
      {
        "insertions": 699,
        "deletions": 105,
        "date": "2020-04-04",
        "commitResults": [
          {
            "hash": "feb54f4608848c8c4e61e84899703c784151feee",
            "messageTitle": "update toString methods for new classes",
            "messageBody": "",
            "insertions": 26,
            "deletions": 2
          },
          {
            "hash": "76a214c96888ec8216b387db923d3d9b9aece637",
            "messageTitle": "add in Major Command for user to state their major enrolled in",
            "messageBody": "",
            "insertions": 175,
            "deletions": 0
          },
          {
            "hash": "68b4ff2ac9a09b7b31c3fdcb7414092b50821727",
            "messageTitle": "update test cases to pass the build",
            "messageBody": "",
            "insertions": 17,
            "deletions": 8
          },
          {
            "hash": "5b666ba7ec2726ade21b0bc2d546be9d3339055e",
            "messageTitle": "fix checkstyle",
            "messageBody": "",
            "insertions": 39,
            "deletions": 19
          },
          {
            "hash": "9c3f786e2ff4828e91cec5260c6382c5ea1aa95b",
            "messageTitle": "minor change",
            "messageBody": "",
            "insertions": 1,
            "deletions": 1
          },
          {
            "hash": "8583d359a174776e2d6af331c8341aa3ddd58de6",
            "messageTitle": "change the original deadlineDelete command into a general taskDelete command and add in the functionality to delete tasks of certain module",
            "messageBody": "",
            "insertions": 187,
            "deletions": 56
          },
          {
            "hash": "9f3bda1449f07700661e2e018fdc9b9007d104a6",
            "messageTitle": "update testcases to pass the build",
            "messageBody": "",
            "insertions": 17,
            "deletions": 0
          },
          {
            "hash": "2a775443c6fdc8fbeeda3962b3962170b39aa19c",
            "messageTitle": "fix checkstyle",
            "messageBody": "",
            "insertions": 10,
            "deletions": 1
          },
          {
            "hash": "7016dbb16a5dc03528e3f6b22a59cbc2d4a6b4bf",
            "messageTitle": "add in done command to mark tasks as done",
            "messageBody": "",
            "insertions": 210,
            "deletions": 6
          },
          {
            "hash": "d892e003bc722c792fde6fa1f5db85bc3cd35424",
            "messageTitle": "fix checkstyle for done command related classes",
            "messageBody": "",
            "insertions": 17,
            "deletions": 12
          }
        ]
      },
      {
        "insertions": 424,
        "deletions": 44,
        "date": "2020-04-06",
        "commitResults": [
          {
            "hash": "2bcb5cc911c49c0033399a87ed212ee979d13900",
            "messageTitle": "add in find tasks commands (by module code/date/category)",
            "messageBody": "",
            "insertions": 274,
            "deletions": 0
          },
          {
            "hash": "621260686203fe0d458348fa0406df46a73aac9f",
            "messageTitle": "add in task sort command to sort tasks by date or priority",
            "messageBody": "",
            "insertions": 150,
            "deletions": 44
          }
        ]
      },
      {
        "insertions": 623,
        "deletions": 612,
        "date": "2020-04-08",
        "commitResults": [
          {
            "hash": "e611481b28f1d365b50984a8f1dd22c0fe5590d0",
            "messageTitle": "fix checkstyle",
            "messageBody": "",
            "insertions": 50,
            "deletions": 39
          },
          {
            "hash": "a7dffc6f4b7b45d4c5bedde753050e22e47f23fe",
            "messageTitle": "change line separator to \u0027\\n\u0027",
            "messageBody": "",
            "insertions": 573,
            "deletions": 573
          }
        ]
      }
    ],
    "xuanxinng": [
      {
        "insertions": 107,
        "deletions": 2,
        "date": "2020-03-17",
        "commitResults": [
          {
            "hash": "23990015f24ef7260bd004a3d28c9ac368522ef3",
            "messageTitle": "ToDoList #1",
            "messageBody": "",
            "insertions": 62,
            "deletions": 0
          },
          {
            "hash": "46026f14daf28725d02dd9685bcf0a91eddc46d7",
            "messageTitle": "ToDoList #1.1",
            "messageBody": "",
            "insertions": 12,
            "deletions": 0
          },
          {
            "hash": "67dfb7b81a34c3e38a1e4c4cc3e5a63a63b5fa10",
            "messageTitle": "ToDoList #1.1",
            "messageBody": "",
            "insertions": 4,
            "deletions": 1
          },
          {
            "hash": "a498d1d26fbf3b0c8ea4f9b14cd58889439846ed",
            "messageTitle": "ToDoList #1.1",
            "messageBody": "",
            "insertions": 3,
            "deletions": 1
          },
          {
            "hash": "a30d565f15b9908df90d3d1c7de5e87585c56c3d",
            "messageTitle": "ToDoList #1.2",
            "messageBody": "",
            "insertions": 26,
            "deletions": 0
          }
        ]
      },
      {
        "insertions": 61,
        "deletions": 1,
        "date": "2020-03-24",
        "commitResults": [
          {
            "hash": "520845d1a9ca0bc04bf458887b5cdc8ea2c32f34",
            "messageTitle": "Added Deadline Command",
            "messageBody": "",
            "insertions": 60,
            "deletions": 0
          },
          {
            "hash": "168ace536329e0b53216fd031eda7c58775b600a",
            "messageTitle": "Added Deadline Command",
            "messageBody": "",
            "insertions": 1,
            "deletions": 1
          }
        ]
      },
      {
        "insertions": 161,
        "deletions": 36,
        "date": "2020-03-31",
        "commitResults": [
          {
            "hash": "a7dc5f462b1c517a0842f7092cd0f09ccfa6be75",
            "messageTitle": "Added ToDo command \u0026 modified Deadline command",
            "messageBody": "",
            "insertions": 102,
            "deletions": 0
          },
          {
            "hash": "012ee0b103dba6d71fbf46099cdb390eeac2a968",
            "messageTitle": "fix checkstyle",
            "messageBody": "",
            "insertions": 31,
            "deletions": 31
          },
          {
            "hash": "7bda737b2bcae8f6fce833d61f0d058b9e0729de",
            "messageTitle": "fix checkstyle",
            "messageBody": "",
            "insertions": 4,
            "deletions": 4
          },
          {
            "hash": "9c2a1272d34fd8703cd6dbb892c1a6a15364a34e",
            "messageTitle": "fix checkstyle",
            "messageBody": "",
            "insertions": 2,
            "deletions": 1
          },
          {
            "hash": "860b5e1463d5bc1d108f282734920992002366bc",
            "messageTitle": "minor changes to AddCommandTest",
            "messageBody": "",
            "insertions": 22,
            "deletions": 0
          }
        ]
      }
    ],
    "watsheldon": [
      {
        "insertions": 1,
        "deletions": 1,
        "date": "2020-03-10",
        "commitResults": [
          {
            "hash": "1fe6f58aa3490bf17cd7a0bf51c3335accc3b75a",
            "messageTitle": "update site name",
            "messageBody": "",
            "insertions": 1,
            "deletions": 1
          }
        ]
      },
      {
        "insertions": 329,
        "deletions": 16,
        "date": "2020-03-18",
        "commitResults": [
          {
            "hash": "055d7f2e2d1515bbae0b355423fc4b90dd88d872",
            "messageTitle": "create diary package with relevant classes",
            "messageBody": "",
            "insertions": 126,
            "deletions": 0
          },
          {
            "hash": "dabfa82a22d28d3e30de409712689ba356c85ca0",
            "messageTitle": "fix minor bugs",
            "messageBody": "",
            "insertions": 9,
            "deletions": 2
          },
          {
            "hash": "b6cd6102723990bec3e904bc00fa43563e863500",
            "messageTitle": "add DiaryBook",
            "messageBody": "",
            "insertions": 37,
            "deletions": 9
          },
          {
            "hash": "daa76bace5ca9ebcd7d2426b359373eefe5e65cf",
            "messageTitle": "implment diaryAdd command and integrate",
            "messageBody": "",
            "insertions": 121,
            "deletions": 2
          },
          {
            "hash": "8bbf2d6eadffc8fdfa12d9610da1b6384805e45f",
            "messageTitle": "implement diaryLog command and integrate",
            "messageBody": "",
            "insertions": 36,
            "deletions": 3
          }
        ]
      },
      {
        "insertions": 147,
        "deletions": 14,
        "date": "2020-04-05",
        "commitResults": [
          {
            "hash": "6a7bca5ee371467d2b4453e68184a70fffc2a9e2",
            "messageTitle": "create diarycommand package",
            "messageBody": "",
            "insertions": 14,
            "deletions": 5
          },
          {
            "hash": "263f68ca42366dd6d42403e89f75657b7cc98aa9",
            "messageTitle": "add diaryDelete command",
            "messageBody": "",
            "insertions": 51,
            "deletions": 2
          },
          {
            "hash": "fd2f041651cd553adbf28e0831fec3a6da42a96f",
            "messageTitle": "add parser for diaryDelete command",
            "messageBody": "",
            "insertions": 53,
            "deletions": 2
          },
          {
            "hash": "f0650380cfd13964e93be9806d1abbbfe89715cd",
            "messageTitle": "integrate diary delete command into app",
            "messageBody": "",
            "insertions": 29,
            "deletions": 5
          }
        ]
      },
      {
        "insertions": 546,
        "deletions": 5,
        "date": "2020-04-06",
        "commitResults": [
          {
            "hash": "e8382170020afc5099a8bfb7190a18d4c9dc2331",
            "messageTitle": "implement tagging a diary entry with a weather feature",
            "messageBody": "",
            "insertions": 164,
            "deletions": 4
          },
          {
            "hash": "c37af9afdff96e7d32747fd4b57daa2610b01c0a",
            "messageTitle": "fix minor issue",
            "messageBody": "",
            "insertions": 0,
            "deletions": 1
          },
          {
            "hash": "c142f61693dc80468ec95b7c85327fcb790b6a7e",
            "messageTitle": "implement recording mood feature for diary",
            "messageBody": "",
            "insertions": 162,
            "deletions": 0
          },
          {
            "hash": "43797ace9f7a0e622688b23778feac66dd99960d",
            "messageTitle": "implement diary show feature",
            "messageBody": "",
            "insertions": 220,
            "deletions": 0
          }
        ]
      }
    ],
    "zhouxinwei97": [
      {
        "insertions": 262,
        "deletions": 278,
        "date": "2020-02-28",
        "commitResults": [
          {
            "hash": "f53a8ee598b815890478635dd8a54d0695046345",
            "messageTitle": "tutorial-removing-field",
            "messageBody": "",
            "insertions": 21,
            "deletions": 245
          },
          {
            "hash": "703ac3bf7ec1db9c681fd167ba727f3c55bc5ebf",
            "messageTitle": "tutorial-adding-command",
            "messageBody": "",
            "insertions": 241,
            "deletions": 33
          }
        ]
      },
      {
        "insertions": 53,
        "deletions": 280,
        "date": "2020-03-03",
        "commitResults": [
          {
            "hash": "6c7dad043b15d8792a68a2aca76d5000bb07b730",
            "messageTitle": "roll back",
            "messageBody": "",
            "insertions": 39,
            "deletions": 36
          },
          {
            "hash": "ef163f4c5421825da6f2a5a2ca02f350de902d61",
            "messageTitle": "Fixed issues with building",
            "messageBody": "",
            "insertions": 0,
            "deletions": 162
          },
          {
            "hash": "9609b24c191f91b594306263c3e06234207b382a",
            "messageTitle": "Fixed issues with building",
            "messageBody": "",
            "insertions": 14,
            "deletions": 82
          }
        ]
      },
      {
        "insertions": 37,
        "deletions": 20,
        "date": "2020-03-11",
        "commitResults": [
          {
            "hash": "3e13d9d7a2aca4ff833d57ef2b8bedd46bb40c48",
            "messageTitle": "UI Updates to include tabs for different segments",
            "messageBody": "",
            "insertions": 37,
            "deletions": 20
          }
        ]
      },
      {
        "insertions": 1,
        "deletions": 2,
        "date": "2020-03-12",
        "commitResults": [
          {
            "hash": "3a6929f5c60ffaa9430ff26a19fb11959d1ad015",
            "messageTitle": "fixed checkstyle",
            "messageBody": "",
            "insertions": 1,
            "deletions": 2
          }
        ]
      },
      {
        "insertions": 251,
        "deletions": 24,
        "date": "2020-03-13",
        "commitResults": [
          {
            "hash": "c747fbbc040150a11bd2d3c5ddf62c8f55161d1c",
            "messageTitle": "Revert \"fixed checkstyle\"",
            "messageBody": "This reverts commit 3a6929f5c60ffaa9430ff26a19fb11959d1ad015.\n",
            "insertions": 2,
            "deletions": 1
          },
          {
            "hash": "c145dc5ca100db45b95811921a1847d33eb8d8e1",
            "messageTitle": "Revert \"removed Address field\"",
            "messageBody": "This reverts commit a22dab492430eca944f097ecad67390d73f06c9b, reversing\nchanges made to 586cb1ce3dfe71148e7aba719f4f1e2d9db13eed.\n",
            "insertions": 248,
            "deletions": 22
          },
          {
            "hash": "6174853c3da185f31ed813181598e679cd7c77e1",
            "messageTitle": "fixed address test",
            "messageBody": "",
            "insertions": 1,
            "deletions": 1
          }
        ]
      },
      {
        "insertions": 67,
        "deletions": 237,
        "date": "2020-03-16",
        "commitResults": [
          {
            "hash": "d8b6be8b3df95356860120c513c3b8b435b15f2b",
            "messageTitle": "Added NotesCommand to open microsoft word notes from command line",
            "messageBody": "",
            "insertions": 52,
            "deletions": 0
          },
          {
            "hash": "f8a745eb30fbe7ebd048ffe0fda747e05b1fcf0b",
            "messageTitle": "removed AppVeyor since only AppVeyor/Travis is needed as both is CI and fixed checkstyle",
            "messageBody": "",
            "insertions": 15,
            "deletions": 3
          },
          {
            "hash": "d1b24f67acb8a15be2d108bab74049d5cbc8d4f9",
            "messageTitle": "Revert \"Max Commit for Module Search (just backbone version)\"",
            "messageBody": "This reverts commit a5700e5cf9e32176554d0b585ccfb7782fd4abee.\n",
            "insertions": 0,
            "deletions": 234
          }
        ]
      },
      {
        "insertions": 216,
        "deletions": 36,
        "date": "2020-03-17",
        "commitResults": [
          {
            "hash": "02d0db2f437bf033d0815a927fb384a601d2f780",
            "messageTitle": "Added Creating and Adding features for the notes",
            "messageBody": "",
            "insertions": 179,
            "deletions": 20
          },
          {
            "hash": "b1d22abbfb3f248d4f92e00bb7a3b5a512fbd8b0",
            "messageTitle": "added feature to create directory from notes module",
            "messageBody": "",
            "insertions": 37,
            "deletions": 16
          }
        ]
      },
      {
        "insertions": 334,
        "deletions": 18,
        "date": "2020-03-18",
        "commitResults": [
          {
            "hash": "fba3ba5d780f1d693f7647882c903bdf53c79b2e",
            "messageTitle": "Added in functionality to list and display on notes tab of NUSProductivity, if there is any changes, the panel will automatically update itself as well",
            "messageBody": "",
            "insertions": 321,
            "deletions": 6
          },
          {
            "hash": "c48a98b0a2827807aa83b626b5be1a5f8e4933ae",
            "messageTitle": "fixing travis test cases",
            "messageBody": "",
            "insertions": 1,
            "deletions": 1
          },
          {
            "hash": "98c4ab40ce75b2882579cccbca67e16b13fc3048",
            "messageTitle": "changed pathseparator",
            "messageBody": "",
            "insertions": 2,
            "deletions": 1
          },
          {
            "hash": "caf8fb85898ab6b2dd1c13a537cb7f5991f7820f",
            "messageTitle": "fixing test cases failing due to pathing",
            "messageBody": "",
            "insertions": 2,
            "deletions": 2
          },
          {
            "hash": "8961fc5831f106397f3f4116c4dcb3bd7172357f",
            "messageTitle": "fixing test cases failing due to pathing",
            "messageBody": "",
            "insertions": 0,
            "deletions": 1
          },
          {
            "hash": "c8488d7541565141772d587cc511e52412bbd2aa",
            "messageTitle": "fixing test cases failing due to pathing",
            "messageBody": "",
            "insertions": 4,
            "deletions": 3
          },
          {
            "hash": "3f63923ea086839d25a05abbfb3f2c293875386d",
            "messageTitle": "fixed build issue with checkstyle",
            "messageBody": "",
            "insertions": 4,
            "deletions": 4
          }
        ]
      },
      {
        "insertions": 518,
        "deletions": 39,
        "date": "2020-03-23",
        "commitResults": [
          {
            "hash": "514eead9ba0fa3c97e899cbd1b218dedf7861bb6",
            "messageTitle": "Updated User Guide",
            "messageBody": "",
            "insertions": 13,
            "deletions": 16
          },
          {
            "hash": "40e830c1d75d27f9f3c95ea1361aaddeead989af",
            "messageTitle": "Added a stub diary storage in addressbook.json, integrated it to display it in UI",
            "messageBody": "",
            "insertions": 505,
            "deletions": 23
          }
        ]
      },
      {
        "insertions": 297,
        "deletions": 14,
        "date": "2020-03-30",
        "commitResults": [
          {
            "hash": "6ff035c1ede5ab7913865e92f5c301dba3f3572a",
            "messageTitle": "skeleton backbone for calender UI",
            "messageBody": "",
            "insertions": 188,
            "deletions": 9
          },
          {
            "hash": "9bea540f8231a097554d3a48019328f71ea9c24e",
            "messageTitle": "Added dates to the calender",
            "messageBody": "",
            "insertions": 109,
            "deletions": 5
          }
        ]
      },
      {
        "insertions": 547,
        "deletions": 37,
        "date": "2020-03-31",
        "commitResults": [
          {
            "hash": "28cbc85f969dac348504eb977acf842995b1fb86",
            "messageTitle": "Added Deadline feature to calender UI",
            "messageBody": "",
            "insertions": 547,
            "deletions": 37
          }
        ]
      },
      {
        "insertions": 575,
        "deletions": 38,
        "date": "2020-04-01",
        "commitResults": [
          {
            "hash": "dbc626f9210cbf3adf924460c8b82a9364836f6d",
            "messageTitle": "Added UI for calender to add task",
            "messageBody": "",
            "insertions": 300,
            "deletions": 32
          },
          {
            "hash": "f5e1e6686d709d70d9bf74d5a2387440b2346313",
            "messageTitle": "Fixed build",
            "messageBody": "",
            "insertions": 0,
            "deletions": 1
          },
          {
            "hash": "941cffd47ef83ccfb3f48cb5f0bff616cb857f22",
            "messageTitle": "fixed travis buil",
            "messageBody": "",
            "insertions": 4,
            "deletions": 1
          },
          {
            "hash": "ebbd0a5485cedc134a007793c084148197be6a55",
            "messageTitle": "Added ModuleAdd functionality to profile Tab UI",
            "messageBody": "",
            "insertions": 271,
            "deletions": 4
          }
        ]
      },
      {
        "insertions": 11,
        "deletions": 7,
        "date": "2020-04-02",
        "commitResults": [
          {
            "hash": "8c54a1f442da4dbe91e73a4c3c80d90e27af721a",
            "messageTitle": "Updated UserGuide and fixed bugs",
            "messageBody": "",
            "insertions": 11,
            "deletions": 7
          }
        ]
      },
      {
        "insertions": 1271,
        "deletions": 369,
        "date": "2020-04-05",
        "commitResults": [
          {
            "hash": "161ae51483ec90106bf228c3086b2418621f6cd8",
            "messageTitle": "Fixed Adding/Deleteing deadlines to the calender, will show dot when there is a deadline and remove the dot once the deadline is over",
            "messageBody": "",
            "insertions": 140,
            "deletions": 90
          },
          {
            "hash": "12894c93fa12acfa029abd782c8dbe3fbe8d6e8b",
            "messageTitle": "removed debugging line for calenderpanel",
            "messageBody": "",
            "insertions": 1,
            "deletions": 2
          },
          {
            "hash": "0864d9f5e8555e2bf1fe851072c8f48d91379bfd",
            "messageTitle": "Changed Date format for moduleTask",
            "messageBody": "",
            "insertions": 53,
            "deletions": 8
          },
          {
            "hash": "f8d4c32d09b110aa0fa9fe7655b9b4a21db9552c",
            "messageTitle": "Refractor commands for notes into different classes",
            "messageBody": "",
            "insertions": 1000,
            "deletions": 253
          },
          {
            "hash": "50682cc16d520366d0ef6f4b6e0b8480adfda50d",
            "messageTitle": "Added priority colouring for calender",
            "messageBody": "",
            "insertions": 45,
            "deletions": 8
          },
          {
            "hash": "1fdc100c010434ffb65b463f221876dab5c5d074",
            "messageTitle": "Added some styles",
            "messageBody": "",
            "insertions": 15,
            "deletions": 2
          },
          {
            "hash": "76a93fd78eb6d1a4eec116b99d4d02f95022615f",
            "messageTitle": "updated user guide",
            "messageBody": "",
            "insertions": 15,
            "deletions": 6
          },
          {
            "hash": "aa19c8a8b5ca7876ab9eca4fa83c559c22465e5a",
            "messageTitle": "updates on UIs",
            "messageBody": "",
            "insertions": 2,
            "deletions": 0
          }
        ]
      },
      {
        "insertions": 286,
        "deletions": 32,
        "date": "2020-04-06",
        "commitResults": [
          {
            "hash": "9f2b71d2c5f471ecd7cebbd16a635836401f75ba",
            "messageTitle": "Changed colours, added in Done function to moduleTasks and deadline tasks",
            "messageBody": "",
            "insertions": 286,
            "deletions": 32
          }
        ]
      },
      {
        "insertions": 850,
        "deletions": 321,
        "date": "2020-04-08",
        "commitResults": [
          {
            "hash": "d616aba351978ebe25463c38ee10cbdaf0266bb4",
            "messageTitle": "Fixed checkstyles",
            "messageBody": "",
            "insertions": 593,
            "deletions": 220
          },
          {
            "hash": "1e21e2fd4eca317c0a3d28d1f9ddbc101affe820",
            "messageTitle": "Fixed checkstyles",
            "messageBody": "",
            "insertions": 10,
            "deletions": 8
          },
          {
            "hash": "24f9536d5e301d3222a9ee9aac91eb204ca7efa7",
            "messageTitle": "Fixed starting app issue",
            "messageBody": "",
            "insertions": 7,
            "deletions": 0
          },
          {
            "hash": "d5899464db56db85cae443b34b16b08e59301332",
            "messageTitle": "Added ParserUtil tests for Notes module",
            "messageBody": "",
            "insertions": 146,
            "deletions": 17
          },
          {
            "hash": "9938e6c1cc2912837ac1d65905ea4d8952723406",
            "messageTitle": "Added new line to fix build for search module",
            "messageBody": "",
            "insertions": 1,
            "deletions": 23
          },
          {
            "hash": "2a622ccafa945757cc571c568484f11ebe5bd806",
            "messageTitle": "fixed all checkstyle issues",
            "messageBody": "",
            "insertions": 93,
            "deletions": 53
          }
        ]
      }
    ]
  },
  "authorFinalContributionMap": {
    "mpang45456": 637,
    "Kangwkk": 2243,
    "xuanxinng": 237,
    "watsheldon": 926,
    "zhouxinwei97": 4138
  },
  "authorFileTypeContributionMap": {
    "mpang45456": {
      "docs": 0,
      "functional-code": 637,
      "test-code": 0
    },
    "Kangwkk": {
      "docs": 0,
      "functional-code": 1990,
      "test-code": 253
    },
    "xuanxinng": {
      "docs": 0,
      "functional-code": 221,
      "test-code": 16
    },
    "watsheldon": {
      "docs": 0,
      "functional-code": 925,
      "test-code": 0,
      "other": 1
    },
    "zhouxinwei97": {
      "docs": 0,
      "functional-code": 3953,
      "test-code": 185
    }
  },
  "authorContributionVariance": {
    "mpang45456": 5391.1226,
    "Kangwkk": 68513.04,
    "xuanxinng": 946.7593,
    "watsheldon": 7784.7354,
    "zhouxinwei97": 92198.61
  },
  "authorDisplayNameMap": {
    "mpang45456": "CS2103T-W16-4 MAX .. WEE",
    "Kangwkk": "CS2103T-W16-4 KANG..GKAI",
    "xuanxinng": "CS2103T-W16-4 NG X.. XIN",
    "watsheldon": "CS2103T-W16-4 CHEN..GWEI",
    "zhouxinwei97": "CS2103T-W16-4 ZHOU..NWEI"
  }
}
