{
  "authorDailyContributionsMap": {
    "mpang45456": [],
    "Kangwkk": [
      {
        "insertions": 26,
        "deletions": 23,
        "date": "2020-02-18",
        "commitResults": [
          {
            "hash": "911c2751ea8ed5f24b7dd722e74180bd180bf4f4",
            "messageTitle": "test travis",
            "messageBody": "",
            "insertions": 24,
            "deletions": 0
          },
          {
            "hash": "748b9ae1aac1c0c4a75db58ddd07e0c9cc5b894a",
            "messageTitle": "test travis",
            "messageBody": "",
            "insertions": 2,
            "deletions": 0
          },
          {
            "hash": "fa1b623de903ed3e0c6c1b300f9342baf8605d16",
            "messageTitle": "Delete main.iml",
            "messageBody": "",
            "insertions": 0,
            "deletions": 11
          },
          {
            "hash": "db4717c32f105a4c224f003ccc4149eecbe11318",
            "messageTitle": "Delete test.iml",
            "messageBody": "",
            "insertions": 0,
            "deletions": 12
          }
        ]
      },
      {
        "insertions": 0,
        "deletions": 2,
        "date": "2020-03-02",
        "commitResults": [
          {
            "hash": "d7a78164b18f9d18037a33648a88083a5cb2adef",
            "messageTitle": "remove codacy badge",
            "messageBody": "",
            "insertions": 0,
            "deletions": 2
          }
        ]
      }
    ],
    "xuanxinng": [
      {
        "insertions": 53,
        "deletions": 3,
        "date": "2020-03-03",
        "commitResults": [
          {
            "hash": "b0dd5563aa21bcac23ed3424d61e9edfbe3625b4",
            "messageTitle": "Update DeveloperGuide.adoc",
            "messageBody": "",
            "insertions": 48,
            "deletions": 1
          },
          {
            "hash": "5a1871a44bb4e7fd7a1b423ee457e70074b32625",
            "messageTitle": "Updated DeveloperGuide.adoc #2",
            "messageBody": "",
            "insertions": 5,
            "deletions": 2
          }
        ]
      }
    ],
    "watsheldon": [],
    "zhouxinwei97": [
      {
        "insertions": 257,
        "deletions": 52,
        "date": "2020-02-28",
        "commitResults": [
          {
            "hash": "a64e35858da724d8ea27556e498f7f1ad1bbc43c",
            "messageTitle": "Removed JSON field",
            "messageBody": "",
            "insertions": 5,
            "deletions": 18
          },
          {
            "hash": "703ac3bf7ec1db9c681fd167ba727f3c55bc5ebf",
            "messageTitle": "tutorial-adding-command",
            "messageBody": "",
            "insertions": 252,
            "deletions": 34
          }
        ]
      },
      {
        "insertions": 310,
        "deletions": 735,
        "date": "2020-03-03",
        "commitResults": [
          {
            "hash": "6c7dad043b15d8792a68a2aca76d5000bb07b730",
            "messageTitle": "roll back",
            "messageBody": "",
            "insertions": 39,
            "deletions": 36
          },
          {
            "hash": "ab2b7cfc15efa199715704d92abb96194b6f8b0e",
            "messageTitle": "Edited README.adoc, AboutUs.adoc, ContactUs.adoc and added UI.png",
            "messageBody": "",
            "insertions": 28,
            "deletions": 249
          },
          {
            "hash": "ac3fb152a7e27c323fc90c00c8e8f8970c8ca6cf",
            "messageTitle": "marked to be implemented badges for README",
            "messageBody": "",
            "insertions": 3,
            "deletions": 3
          },
          {
            "hash": "6e173ec38c3b387dfc889ce7dd1df3a706e0916c",
            "messageTitle": "Updated User Guide",
            "messageBody": "",
            "insertions": 152,
            "deletions": 105
          },
          {
            "hash": "ef163f4c5421825da6f2a5a2ca02f350de902d61",
            "messageTitle": "Fixed issues with building",
            "messageBody": "",
            "insertions": 0,
            "deletions": 162
          },
          {
            "hash": "9609b24c191f91b594306263c3e06234207b382a",
            "messageTitle": "Fixed issues with building",
            "messageBody": "",
            "insertions": 23,
            "deletions": 111
          },
          {
            "hash": "434fdef45a3eeea13f1aec149268338781a67fc0",
            "messageTitle": "Fixed trailing white spaces",
            "messageBody": "",
            "insertions": 64,
            "deletions": 68
          },
          {
            "hash": "b99e7a5adf9d4b73129377b88aa01fd3822c16db",
            "messageTitle": "Fixed trailing white spaces",
            "messageBody": "",
            "insertions": 1,
            "deletions": 1
          }
        ]
      },
      {
        "insertions": 7,
        "deletions": 7,
        "date": "2020-03-05",
        "commitResults": [
          {
            "hash": "7b9000587a2fbc5efe3ebf10ca40d346c7834d5c",
            "messageTitle": "updated .png files and pushed v1.1 tagging",
            "messageBody": "",
            "insertions": 0,
            "deletions": 0
          },
          {
            "hash": "e13e768074ade1b91518f183226172ff1f3f58c6",
            "messageTitle": "Minor Update to AboutUs.adoc",
            "messageBody": "change .jpg extension to .png",
            "insertions": 5,
            "deletions": 5
          },
          {
            "hash": "7d4d878a068faa2c7ebb3f8b8d859a3156e8f3e0",
            "messageTitle": "added Coveralls and AppVeyor badges",
            "messageBody": "",
            "insertions": 2,
            "deletions": 2
          }
        ]
      }
    ]
  },
  "authorFinalContributionMap": {
    "mpang45456": 0,
    "Kangwkk": 3,
    "xuanxinng": 51,
    "watsheldon": 0,
    "zhouxinwei97": 160
  },
  "authorFileTypeContributionMap": {
    "mpang45456": {},
    "Kangwkk": {
      "gitignore": 2,
      "java": 1
    },
    "xuanxinng": {
      "adoc": 51
    },
    "watsheldon": {},
    "zhouxinwei97": {
      "adoc": 7,
      "adoc": 22,
      "adoc": 2,
      "adoc": 118,
      "java": 1,
      "java": 2,
      "java": 2,
      "fxml": 1,
      "json": 2,
      "json": 1,
      "json": 1,
      "java": 1
    }
  },
  "authorContributionVariance": {
    "mpang45456": 0.0,
    "Kangwkk": 82.575264,
    "xuanxinng": 108.0,
    "watsheldon": 0.0,
    "zhouxinwei97": 40030.906
  },
  "authorDisplayNameMap": {
    "mpang45456": "CS2103T-W16-4 MAX .. WEE",
    "Kangwkk": "CS2103T-W16-4 KANG..GKAI",
    "xuanxinng": "CS2103T-W16-4 NG X.. XIN",
    "watsheldon": "CS2103T-W16-4 CHEN..GWEI",
    "zhouxinwei97": "CS2103T-W16-4 ZHOU..NWEI"
  }
}
