{
  "authorDailyContributionsMap": {
    "mpang45456": [],
    "Kangwkk": [
      {
        "insertions": 1,
        "deletions": 0,
        "date": "2020-02-18",
        "commitResults": [
          {
            "hash": "911c2751ea8ed5f24b7dd722e74180bd180bf4f4",
            "messageTitle": "test travis",
            "messageBody": "",
            "insertions": 1,
            "deletions": 0
          }
        ]
      }
    ],
    "xuanxinng": [],
    "watsheldon": [],
    "zhouxinwei97": [
      {
        "insertions": 241,
        "deletions": 33,
        "date": "2020-02-28",
        "commitResults": [
          {
            "hash": "703ac3bf7ec1db9c681fd167ba727f3c55bc5ebf",
            "messageTitle": "tutorial-adding-command",
            "messageBody": "",
            "insertions": 241,
            "deletions": 33
          }
        ]
      },
      {
        "insertions": 53,
        "deletions": 280,
        "date": "2020-03-03",
        "commitResults": [
          {
            "hash": "6c7dad043b15d8792a68a2aca76d5000bb07b730",
            "messageTitle": "roll back",
            "messageBody": "",
            "insertions": 39,
            "deletions": 36
          },
          {
            "hash": "ef163f4c5421825da6f2a5a2ca02f350de902d61",
            "messageTitle": "Fixed issues with building",
            "messageBody": "",
            "insertions": 0,
            "deletions": 162
          },
          {
            "hash": "9609b24c191f91b594306263c3e06234207b382a",
            "messageTitle": "Fixed issues with building",
            "messageBody": "",
            "insertions": 14,
            "deletions": 82
          }
        ]
      }
    ]
  },
  "authorFinalContributionMap": {
    "mpang45456": 0,
    "Kangwkk": 1,
    "xuanxinng": 0,
    "watsheldon": 0,
    "zhouxinwei97": 7
  },
  "authorFileTypeContributionMap": {
    "mpang45456": {
      "java": 0,
      "md": 0,
      "fxml": 0,
      "sh": 0,
      "bat": 0,
      "gradle": 0,
      "txt": 0
    },
    "Kangwkk": {
      "java": 1,
      "md": 0,
      "fxml": 0,
      "sh": 0,
      "bat": 0,
      "gradle": 0,
      "txt": 0
    },
    "xuanxinng": {
      "java": 0,
      "md": 0,
      "fxml": 0,
      "sh": 0,
      "bat": 0,
      "gradle": 0,
      "txt": 0
    },
    "watsheldon": {
      "java": 0,
      "md": 0,
      "fxml": 0,
      "sh": 0,
      "bat": 0,
      "gradle": 0,
      "txt": 0
    },
    "zhouxinwei97": {
      "java": 6,
      "md": 0,
      "fxml": 1,
      "sh": 0,
      "bat": 0,
      "gradle": 0,
      "txt": 0
    }
  },
  "authorContributionVariance": {
    "mpang45456": 0.0,
    "Kangwkk": 0.049861483,
    "xuanxinng": 0.0,
    "watsheldon": 0.0,
    "zhouxinwei97": 8766.997
  },
  "authorDisplayNameMap": {
    "mpang45456": "CS2103T-W16-4 MAX .. WEE",
    "Kangwkk": "CS2103T-W16-4 KANG..GKAI",
    "xuanxinng": "CS2103T-W16-4 NG X.. XIN",
    "watsheldon": "CS2103T-W16-4 CHEN..GWEI",
    "zhouxinwei97": "CS2103T-W16-4 ZHOU..NWEI"
  }
}
