{
  "authorDailyContributionsMap": {
    "sigmund-c": [
      {
        "insertions": 110,
        "deletions": 0,
        "date": "2020-03-05",
        "commitResults": [
          {
            "hash": "526f1020e772e9dfb7a584524e067f95d6da55fa",
            "messageTitle": "add flashcards",
            "messageBody": "",
            "insertions": 110,
            "deletions": 0
          }
        ]
      },
      {
        "insertions": 165,
        "deletions": 22,
        "date": "2020-03-07",
        "commitResults": [
          {
            "hash": "3e0e9568a6cd2d9288220ff9d04e1547d87cf22a",
            "messageTitle": "add different types of answer classes",
            "messageBody": "",
            "insertions": 141,
            "deletions": 21
          },
          {
            "hash": "d41496f3b5265ac855f67a703cc8958a1f6bc14b",
            "messageTitle": "add thrown IllegalArgumentException if answer is not valid",
            "messageBody": "",
            "insertions": 24,
            "deletions": 1
          }
        ]
      },
      {
        "insertions": 4,
        "deletions": 0,
        "date": "2020-03-16",
        "commitResults": [
          {
            "hash": "64dde7b35bf7ae639c605c6e9bc828aeb6d6873f",
            "messageTitle": "add cli functionality",
            "messageBody": "",
            "insertions": 4,
            "deletions": 0
          }
        ]
      },
      {
        "insertions": 34,
        "deletions": 40,
        "date": "2020-03-22",
        "commitResults": [
          {
            "hash": "75d81ddff4e0faa3c2215ab170a02c53e2c6027e",
            "messageTitle": "edit Answer classes to fit with the rest of the code",
            "messageBody": "",
            "insertions": 34,
            "deletions": 36
          },
          {
            "hash": "b231ec57acf6b7f6f76f190d2b13aa6e36076ad8",
            "messageTitle": "deleted unused CliUiManager",
            "messageBody": "",
            "insertions": 0,
            "deletions": 4
          }
        ]
      },
      {
        "insertions": 0,
        "deletions": 2,
        "date": "2020-03-24",
        "commitResults": [
          {
            "hash": "6a67eb5f93c13df451a222b4a06fe3ed63d231d1",
            "messageTitle": "travis compliance",
            "messageBody": "",
            "insertions": 0,
            "deletions": 2
          }
        ]
      },
      {
        "insertions": 383,
        "deletions": 0,
        "date": "2020-03-31",
        "commitResults": [
          {
            "hash": "45b19585b3e47da57c494e73f5c08deb28407f74",
            "messageTitle": "add Statistics base structures",
            "messageBody": "",
            "insertions": 383,
            "deletions": 0
          }
        ]
      },
      {
        "insertions": 23,
        "deletions": 19,
        "date": "2020-04-01",
        "commitResults": [
          {
            "hash": "785c9506db89ff4f1e81bdc9f901c250d8f8f96d",
            "messageTitle": "compliance with Travis",
            "messageBody": "",
            "insertions": 23,
            "deletions": 19
          }
        ]
      },
      {
        "insertions": 257,
        "deletions": 115,
        "date": "2020-04-02",
        "commitResults": [
          {
            "hash": "04a0db1caf9fec1c460aadf3184b75f67f0fc0a0",
            "messageTitle": "add full statistics functionality",
            "messageBody": "",
            "insertions": 257,
            "deletions": 112
          },
          {
            "hash": "bd0bbd54e40b0d826290b4811d61b4247201cb94",
            "messageTitle": "compliance with Travis",
            "messageBody": "",
            "insertions": 0,
            "deletions": 3
          }
        ]
      }
    ],
    "airshhlay": [
      {
        "insertions": 66,
        "deletions": 0,
        "date": "2020-03-07",
        "commitResults": [
          {
            "hash": "15f0d71553af9660354de308a9111987e3983a39",
            "messageTitle": "add class files for test sessions",
            "messageBody": "",
            "insertions": 66,
            "deletions": 0
          }
        ]
      },
      {
        "insertions": 166,
        "deletions": 99,
        "date": "2020-03-08",
        "commitResults": [
          {
            "hash": "30b11711f94c330a5f0bbf1719bf9093c1a98ab3",
            "messageTitle": "add class files for creating test sessions",
            "messageBody": "",
            "insertions": 119,
            "deletions": 61
          },
          {
            "hash": "5beb52dd116255a5d760940fcf59947983f28791",
            "messageTitle": "modify classes for test session: basic implementation",
            "messageBody": "",
            "insertions": 47,
            "deletions": 38
          }
        ]
      },
      {
        "insertions": 13,
        "deletions": 0,
        "date": "2020-03-13",
        "commitResults": [
          {
            "hash": "aa94dabaa2c2378cfe07e5640718872e4be07b3e",
            "messageTitle": "create TestCommand and TestCommandParser",
            "messageBody": "",
            "insertions": 13,
            "deletions": 0
          }
        ]
      },
      {
        "insertions": 132,
        "deletions": 47,
        "date": "2020-03-16",
        "commitResults": [
          {
            "hash": "1d392ff8b65795328e38958697dc5805455ec0b7",
            "messageTitle": "edit CLI Syntax with additional prefixes",
            "messageBody": "",
            "insertions": 2,
            "deletions": 1
          },
          {
            "hash": "d434bdae837a346a896ffa18d2590bc41d05ba9c",
            "messageTitle": "edit test command and test session",
            "messageBody": "",
            "insertions": 5,
            "deletions": 5
          },
          {
            "hash": "8520b459a59166284781b5ad56cd523a347b96c3",
            "messageTitle": "edited tiny mistakes",
            "messageBody": "",
            "insertions": 3,
            "deletions": 10
          },
          {
            "hash": "1561990e4aa48eaa9131702faf3e90579618ea2e",
            "messageTitle": "added in a semicolon",
            "messageBody": "",
            "insertions": 1,
            "deletions": 1
          },
          {
            "hash": "43cff4948b7554ba7ff673e10dc6242210288c4b",
            "messageTitle": "modify imports for add command",
            "messageBody": "",
            "insertions": 5,
            "deletions": 4
          },
          {
            "hash": "2768c5d11f9a9ace5cf16e3c9cd8595cc9735cbc",
            "messageTitle": "small change to tab to comply with checkstyle",
            "messageBody": "",
            "insertions": 2,
            "deletions": 2
          },
          {
            "hash": "28e524ee58d5dd040c513df31c1679a1604c90c9",
            "messageTitle": "add JsonAdaptedDeck, modify other files in Storage",
            "messageBody": "",
            "insertions": 114,
            "deletions": 24
          }
        ]
      },
      {
        "insertions": 196,
        "deletions": 62,
        "date": "2020-03-17",
        "commitResults": [
          {
            "hash": "d6558949fadd06fca8490b52ab1f21475ad5887b",
            "messageTitle": "comply with checkstyle",
            "messageBody": "",
            "insertions": 56,
            "deletions": 52
          },
          {
            "hash": "6c733573df35a4f211f9802aa674c9023951a002",
            "messageTitle": "add prioritising ability and better javadoc comments for TestSession",
            "messageBody": "",
            "insertions": 25,
            "deletions": 2
          },
          {
            "hash": "f24b89bfb06ea97862858869a73df2791e003c3a",
            "messageTitle": "add variable in TestResult to keep track of number of tries for that flashcard",
            "messageBody": "",
            "insertions": 30,
            "deletions": 2
          },
          {
            "hash": "7c2c8303d02c397dd6dd979fb0706a85e559fa92",
            "messageTitle": "add ability to parse test command",
            "messageBody": "",
            "insertions": 72,
            "deletions": 6
          },
          {
            "hash": "aa01f39b386f5f119c2382bb754a4bd07e4477a9",
            "messageTitle": "edit the model to include testDeck() method",
            "messageBody": "",
            "insertions": 13,
            "deletions": 0
          }
        ]
      },
      {
        "insertions": 162,
        "deletions": 1,
        "date": "2020-03-18",
        "commitResults": [
          {
            "hash": "97ee7d12b2c4c3e91a1035f7866b796af6372993",
            "messageTitle": "add FlashcardCard and FlashcardListCard as well as their respective FXML files in resources/view",
            "messageBody": "",
            "insertions": 162,
            "deletions": 1
          }
        ]
      },
      {
        "insertions": 2,
        "deletions": 2,
        "date": "2020-03-19",
        "commitResults": [
          {
            "hash": "e5d461e86de7d45fc0609c01a5833396572832e4",
            "messageTitle": "minor changes",
            "messageBody": "",
            "insertions": 2,
            "deletions": 2
          }
        ]
      },
      {
        "insertions": 13,
        "deletions": 3,
        "date": "2020-03-26",
        "commitResults": [
          {
            "hash": "db67651102ce392c81497fd6cc7b2b0eea8e758a",
            "messageTitle": "minor changes to LogicManager",
            "messageBody": "",
            "insertions": 9,
            "deletions": 3
          },
          {
            "hash": "ec9a367a65f8429a6bdbdddf5c1a2d316059f967",
            "messageTitle": "added getFilteredFlashcardList() method in Logic interface",
            "messageBody": "",
            "insertions": 4,
            "deletions": 0
          }
        ]
      },
      {
        "insertions": 277,
        "deletions": 59,
        "date": "2020-03-30",
        "commitResults": [
          {
            "hash": "771cac972e1181185a608ddf712e4aa36026ba83",
            "messageTitle": "make minor changes",
            "messageBody": "",
            "insertions": 150,
            "deletions": 7
          },
          {
            "hash": "98099b431a231cc3e3174ead8e12758a4478b50a",
            "messageTitle": "add FXML files for test card",
            "messageBody": "",
            "insertions": 127,
            "deletions": 52
          }
        ]
      },
      {
        "insertions": 881,
        "deletions": 262,
        "date": "2020-03-31",
        "commitResults": [
          {
            "hash": "0676b77d5f38524e02a5ac5bdae9c6c94f1b0695",
            "messageTitle": "make TestSession visible in Ui",
            "messageBody": "",
            "insertions": 362,
            "deletions": 79
          },
          {
            "hash": "9a907238abdd1473a45d1337493cabfb1e10ef61",
            "messageTitle": "add quit command",
            "messageBody": "",
            "insertions": 115,
            "deletions": 11
          },
          {
            "hash": "4794ef35e1f6583e8b3b38db26d33860e879f6e1",
            "messageTitle": "add force correct functionality",
            "messageBody": "",
            "insertions": 45,
            "deletions": 41
          },
          {
            "hash": "38f2c620e6ee2c171c2db654da0a9175dd4b672b",
            "messageTitle": "include more exceptions handling",
            "messageBody": "",
            "insertions": 133,
            "deletions": 31
          },
          {
            "hash": "6f1ec0668fa01c781ee333508c30413412df9954",
            "messageTitle": "add fxml files for test session",
            "messageBody": "",
            "insertions": 104,
            "deletions": 0
          },
          {
            "hash": "65745df07ecae411eb015c43e703c97fdf78ace6",
            "messageTitle": "comply with checkstyle",
            "messageBody": "",
            "insertions": 114,
            "deletions": 94
          },
          {
            "hash": "e9b98d3fa33112d98fe2e19f19af2d8d2d4b3ec8",
            "messageTitle": "add better user messages",
            "messageBody": "",
            "insertions": 8,
            "deletions": 5
          },
          {
            "hash": "bc0462ed7cf346c129e181251ee2f87927c53c7b",
            "messageTitle": "remove unnecessary Prefix created",
            "messageBody": "",
            "insertions": 0,
            "deletions": 1
          }
        ]
      },
      {
        "insertions": 39,
        "deletions": 4,
        "date": "2020-04-01",
        "commitResults": [
          {
            "hash": "45d3e1f53ac4f17fb259c8e609e3945270db49dc",
            "messageTitle": "change the help display for the user during test session",
            "messageBody": "",
            "insertions": 1,
            "deletions": 1
          },
          {
            "hash": "0522e86d65364bfa3620190c78e1ff916df22459",
            "messageTitle": "add skip command",
            "messageBody": "",
            "insertions": 38,
            "deletions": 3
          }
        ]
      },
      {
        "insertions": 514,
        "deletions": 311,
        "date": "2020-04-03",
        "commitResults": [
          {
            "hash": "015fb6385f0020de4ecc1a8c1b93c255b9da8cea",
            "messageTitle": "add skip command",
            "messageBody": "",
            "insertions": 81,
            "deletions": 10
          },
          {
            "hash": "7025a1a319716a580321adcabbd23fc101a9bdfc",
            "messageTitle": "add ability to parse skip command",
            "messageBody": "",
            "insertions": 29,
            "deletions": 16
          },
          {
            "hash": "772e2a53a16f7336ee76f11630407fe78530caf1",
            "messageTitle": "add test countdown, and modify ResultCard slightly to include a newline",
            "messageBody": "",
            "insertions": 121,
            "deletions": 24
          },
          {
            "hash": "1b900a515474f869e173b327ba219a11421c14a8",
            "messageTitle": "comply with checkstyle and package exclusive testsession commands for code readability",
            "messageBody": "",
            "insertions": 278,
            "deletions": 260
          },
          {
            "hash": "505d0ba789f94bfbc39722dccaa56be05521eb0e",
            "messageTitle": "make a small change to the test status card",
            "messageBody": "",
            "insertions": 1,
            "deletions": 1
          },
          {
            "hash": "1272c9f34c45bbb0533573981074c6d48118fdf1",
            "messageTitle": "fix missing skip command in cardibuddyparser",
            "messageBody": "",
            "insertions": 4,
            "deletions": 0
          }
        ]
      }
    ],
    "haveaqiupill": [
      {
        "insertions": 1323,
        "deletions": 120,
        "date": "2020-03-05",
        "commitResults": [
          {
            "hash": "f26f581a17a583a7cfda888bf65f9b1ce5a93051",
            "messageTitle": "Refactored Code for CardiBuddy",
            "messageBody": "",
            "insertions": 272,
            "deletions": 0
          },
          {
            "hash": "d4466719701369a930312dd2566a6a8c5c216cc5",
            "messageTitle": "Refactored Code for CardiBuddy",
            "messageBody": "",
            "insertions": 968,
            "deletions": 119
          },
          {
            "hash": "1ec931f2df294e448e3da4439473c170c5961563",
            "messageTitle": "Refactored Code for CardiBuddy",
            "messageBody": "",
            "insertions": 36,
            "deletions": 0
          },
          {
            "hash": "cc39b7598d717c1297ba87260bbffee7f3f046ce",
            "messageTitle": "Added Deck Class",
            "messageBody": "",
            "insertions": 47,
            "deletions": 1
          }
        ]
      },
      {
        "insertions": 84,
        "deletions": 12,
        "date": "2020-03-06",
        "commitResults": [
          {
            "hash": "bbab994f878564e3f04a2b81ea5fc7699a448d07",
            "messageTitle": "Edited Deck, Title, Question, Answer and Flashcard classes",
            "messageBody": "",
            "insertions": 84,
            "deletions": 12
          }
        ]
      },
      {
        "insertions": 1503,
        "deletions": 7262,
        "date": "2020-03-09",
        "commitResults": [
          {
            "hash": "fd15b869f97159acab944873a43f76e5d30b0ab1",
            "messageTitle": "Morphed code base and edited dependencies",
            "messageBody": "",
            "insertions": 1503,
            "deletions": 7262
          }
        ]
      },
      {
        "insertions": 398,
        "deletions": 79,
        "date": "2020-03-15",
        "commitResults": [
          {
            "hash": "adce0460e81616d0a1c9f30195f2509fbd10b368",
            "messageTitle": "Made code compilable",
            "messageBody": "",
            "insertions": 315,
            "deletions": 55
          },
          {
            "hash": "57453d88908f19e299afb64e602982f524040410",
            "messageTitle": "Edited travis errors",
            "messageBody": "",
            "insertions": 1,
            "deletions": 1
          },
          {
            "hash": "2539cd78fa3d52dd4404dc20a9d1360b2c6f7c85",
            "messageTitle": "Edited SearchCommand",
            "messageBody": "",
            "insertions": 68,
            "deletions": 9
          },
          {
            "hash": "8c3f1a5118d1828a9871125bc0a5218acbd66d4a",
            "messageTitle": "Edited code according to comments",
            "messageBody": "",
            "insertions": 14,
            "deletions": 14
          }
        ]
      },
      {
        "insertions": 584,
        "deletions": 382,
        "date": "2020-03-16",
        "commitResults": [
          {
            "hash": "9a1e588ae35e334c2575f902aac865daea704b85",
            "messageTitle": "Edited to pass checkstyle cries",
            "messageBody": "",
            "insertions": 351,
            "deletions": 203
          },
          {
            "hash": "2baf1fe25d84c7569b305e61d5df43a9d5113203",
            "messageTitle": "Fixed minor compilation error",
            "messageBody": "",
            "insertions": 3,
            "deletions": 3
          },
          {
            "hash": "262145d86505b6cd29164610a722ec43ef9a46c2",
            "messageTitle": "Edited accordingly to CheckstyleTest and fixed NoEOFLine errors sobs",
            "messageBody": "",
            "insertions": 26,
            "deletions": 17
          },
          {
            "hash": "91cc2f2a4fc2663114afd973b75f9ed10e5e155a",
            "messageTitle": "Commented out failing tests",
            "messageBody": "",
            "insertions": 24,
            "deletions": 25
          },
          {
            "hash": "6cc198425a3be553428020b89b065ec3f71f450d",
            "messageTitle": "Filled in empty methods",
            "messageBody": "",
            "insertions": 3,
            "deletions": 3
          },
          {
            "hash": "810f94596daf13bdffe5328d79b0c19f9a8a6ef5",
            "messageTitle": "Made CLI work",
            "messageBody": "",
            "insertions": 138,
            "deletions": 97
          },
          {
            "hash": "30d45640e27f825559045355ce5e338b1471925c",
            "messageTitle": "Edited UI",
            "messageBody": "",
            "insertions": 39,
            "deletions": 34
          }
        ]
      },
      {
        "insertions": 11,
        "deletions": 10,
        "date": "2020-03-17",
        "commitResults": [
          {
            "hash": "89286d785efa202bfa421c3bd536c5a8fa6b4a12",
            "messageTitle": "Edited prefix of AddCommand to d/ instead of n/",
            "messageBody": "",
            "insertions": 11,
            "deletions": 10
          }
        ]
      },
      {
        "insertions": 348,
        "deletions": 96,
        "date": "2020-03-18",
        "commitResults": [
          {
            "hash": "899d8d657f5680f804fcac4c2038abefa8747447",
            "messageTitle": "Made decks visible in UI",
            "messageBody": "",
            "insertions": 221,
            "deletions": 68
          },
          {
            "hash": "04ec24c93b840071a6db7e30a431a6bc8432cd57",
            "messageTitle": "Edited checkstyle",
            "messageBody": "",
            "insertions": 21,
            "deletions": 24
          },
          {
            "hash": "09d0e80a3e7745160ac820f3693c37b0ce75e1f9",
            "messageTitle": "Edited DeleteDeckCommand",
            "messageBody": "",
            "insertions": 10,
            "deletions": 1
          },
          {
            "hash": "cb8b92d4815188347b42ccae9d70d52db24d6fa8",
            "messageTitle": "Edited SearchCommand to enable filtering according to Tags",
            "messageBody": "",
            "insertions": 18,
            "deletions": 1
          },
          {
            "hash": "6b66564f14c1e4ae97af20d424cd2b96c27faaf8",
            "messageTitle": "Implemented Advanced Search for Decks",
            "messageBody": "",
            "insertions": 73,
            "deletions": 2
          },
          {
            "hash": "b4ae8496190d125c5812d0a1eee369becc2d22a2",
            "messageTitle": "Edited UserGuide for Search",
            "messageBody": "",
            "insertions": 5,
            "deletions": 0
          }
        ]
      },
      {
        "insertions": 242,
        "deletions": 33,
        "date": "2020-03-23",
        "commitResults": [
          {
            "hash": "9eb3fcf43438e518cd4d002fd49f394205f7fbf3",
            "messageTitle": "Separated Search from Filter",
            "messageBody": "",
            "insertions": 242,
            "deletions": 33
          }
        ]
      },
      {
        "insertions": 2,
        "deletions": 2,
        "date": "2020-03-25",
        "commitResults": [
          {
            "hash": "c8327b55eceffcaaaa6dfdf285c6be7cbc837ba5",
            "messageTitle": "Edited Javadocs",
            "messageBody": "",
            "insertions": 2,
            "deletions": 2
          }
        ]
      },
      {
        "insertions": 1,
        "deletions": 1,
        "date": "2020-03-26",
        "commitResults": [
          {
            "hash": "7af283bdab3296bbdeede00bf23f583a6b71c21e",
            "messageTitle": "Edited SearchFilterDiagram",
            "messageBody": "",
            "insertions": 1,
            "deletions": 1
          }
        ]
      },
      {
        "insertions": 185,
        "deletions": 56,
        "date": "2020-03-28",
        "commitResults": [
          {
            "hash": "046bb3c7f49fb0723f523ecdcb006bc07e636ef6",
            "messageTitle": "Made Flashcards Visible",
            "messageBody": "",
            "insertions": 136,
            "deletions": 23
          },
          {
            "hash": "007fcfde1facd68a3cd770a41146d1170035a935",
            "messageTitle": "Update flashcard panel when new card is added",
            "messageBody": "",
            "insertions": 22,
            "deletions": 6
          },
          {
            "hash": "5f73aca16a4ea6c969619fd09c605630ff6904a9",
            "messageTitle": "Checkstyle compliance",
            "messageBody": "",
            "insertions": 27,
            "deletions": 27
          }
        ]
      },
      {
        "insertions": 143,
        "deletions": 70,
        "date": "2020-03-29",
        "commitResults": [
          {
            "hash": "6a17a25c4b55d01243dae0bbc3ff00ea87aee26f",
            "messageTitle": "Resolved adding cards in unopened deck issue",
            "messageBody": "",
            "insertions": 43,
            "deletions": 11
          },
          {
            "hash": "4eb205c19eff94c403c9029a45e7292730e116c0",
            "messageTitle": "Refactored AddCommandParser code to reduce length of parse method",
            "messageBody": "",
            "insertions": 33,
            "deletions": 25
          },
          {
            "hash": "46f31e870f68d9a916b9cb627c4b456ffebe9a80",
            "messageTitle": "Refactored AddCommandParser code to reduce length of parse method",
            "messageBody": "",
            "insertions": 39,
            "deletions": 29
          },
          {
            "hash": "b1ea958df11b134e6f79450f3acbd9bff693351b",
            "messageTitle": "Added Javadocs to new methods",
            "messageBody": "",
            "insertions": 17,
            "deletions": 0
          },
          {
            "hash": "c24df39bc043fc42c12ca15369353f0b0cf8bbdd",
            "messageTitle": "Added tags in flashcard",
            "messageBody": "",
            "insertions": 11,
            "deletions": 5
          }
        ]
      },
      {
        "insertions": 257,
        "deletions": 28,
        "date": "2020-03-30",
        "commitResults": [
          {
            "hash": "e7c45ee7ba0212d672154490ec621b2778a5104e",
            "messageTitle": "Checkstyle compliance",
            "messageBody": "",
            "insertions": 257,
            "deletions": 28
          }
        ]
      },
      {
        "insertions": 34,
        "deletions": 10,
        "date": "2020-03-31",
        "commitResults": [
          {
            "hash": "94be863a83c6f5243569be0e1cd44def0bdaca8f",
            "messageTitle": "Edited search command",
            "messageBody": "",
            "insertions": 30,
            "deletions": 9
          },
          {
            "hash": "40a5eaa1c616261ad6c0239e33e9274ab1bff9ab",
            "messageTitle": "Added curly brace",
            "messageBody": "",
            "insertions": 1,
            "deletions": 0
          },
          {
            "hash": "10c9201b4c8617893fd1567875c3b8861b0741c2",
            "messageTitle": "Checkstyle Compliance",
            "messageBody": "",
            "insertions": 3,
            "deletions": 1
          }
        ]
      },
      {
        "insertions": 148,
        "deletions": 67,
        "date": "2020-04-01",
        "commitResults": [
          {
            "hash": "a11767b79b8fa7b3929f1c30631fae9d5a8ed3f8",
            "messageTitle": "Edited SearchCardCommand and DeleteCommand",
            "messageBody": "",
            "insertions": 52,
            "deletions": 4
          },
          {
            "hash": "9bfca5f4f624f11b2ef023f3db07bf64db82db5b",
            "messageTitle": "Checkstyle and Javadocs compliance",
            "messageBody": "",
            "insertions": 12,
            "deletions": 1
          },
          {
            "hash": "3ca6cf3d0c3febd0aaa458e57a179b1fdeec0321",
            "messageTitle": "Edited UI command box",
            "messageBody": "",
            "insertions": 2,
            "deletions": 3
          },
          {
            "hash": "34f624af4e4ea84f443e080e8045a82bc8bdc9c7",
            "messageTitle": "Edited UI",
            "messageBody": "",
            "insertions": 57,
            "deletions": 32
          },
          {
            "hash": "b952b9267e19f384b5c1db864759678a21257feb",
            "messageTitle": "Edited UI",
            "messageBody": "",
            "insertions": 18,
            "deletions": 22
          },
          {
            "hash": "e7da5833176efd8bc7bdd2f965eb5718ba39e5a0",
            "messageTitle": "Removed trailing whitespace in MainWindow.fxml",
            "messageBody": "",
            "insertions": 3,
            "deletions": 5
          },
          {
            "hash": "245cd50379cfa97286837e9744b98d4b49d0111c",
            "messageTitle": "Update LogicToUiManager.java",
            "messageBody": "",
            "insertions": 1,
            "deletions": 0
          },
          {
            "hash": "efa34bfea9ffa950419b8e6f77de311a318b9c42",
            "messageTitle": "Update MainWindow.java",
            "messageBody": "",
            "insertions": 1,
            "deletions": 0
          },
          {
            "hash": "568775f603063732efbdab9f64b485509c5820d6",
            "messageTitle": "Update MainWindow.java",
            "messageBody": "",
            "insertions": 2,
            "deletions": 0
          }
        ]
      },
      {
        "insertions": 593,
        "deletions": 330,
        "date": "2020-04-03",
        "commitResults": [
          {
            "hash": "4feaf29a217dac39bc0dc02e3d5b46dd118e33c4",
            "messageTitle": "Edited SampleDataUtil",
            "messageBody": "",
            "insertions": 157,
            "deletions": 25
          },
          {
            "hash": "208c274f7b157fdb132ddac686485797ce059d4e",
            "messageTitle": "Checkstyle Compliance",
            "messageBody": "",
            "insertions": 3,
            "deletions": 120
          },
          {
            "hash": "fdc669d58fe6a68ff19afe28dfb16d27c95dd688",
            "messageTitle": "Added DeleteCardCommand",
            "messageBody": "",
            "insertions": 149,
            "deletions": 52
          },
          {
            "hash": "90229af8f47b442a96f48656c528040ecad8e56c",
            "messageTitle": "Handled exceptions for Search and Delete Commands",
            "messageBody": "",
            "insertions": 82,
            "deletions": 26
          },
          {
            "hash": "e78da9297817d9d8a50d890d7cadccbbd0345927",
            "messageTitle": "Edited UI",
            "messageBody": "",
            "insertions": 83,
            "deletions": 26
          },
          {
            "hash": "54fcb77a0c7677e4d161d77c4151fbc62bab7a1c",
            "messageTitle": "Edited UG",
            "messageBody": "",
            "insertions": 51,
            "deletions": 37
          },
          {
            "hash": "27878301102dbbf0520120b5c8487e86bb47bf85",
            "messageTitle": "Updated UG",
            "messageBody": "",
            "insertions": 5,
            "deletions": 11
          },
          {
            "hash": "c655162efb675d5a1fe193d2dcb9c68751b4672e",
            "messageTitle": "Edited EditCommand to allow editing of titles",
            "messageBody": "",
            "insertions": 29,
            "deletions": 5
          },
          {
            "hash": "34e744fc7736659c7bf50f1d0794014da25eeacb",
            "messageTitle": "Edited UG",
            "messageBody": "",
            "insertions": 7,
            "deletions": 1
          },
          {
            "hash": "9319bb244e6e1b864f7a74b0504f7dc062d7f68b",
            "messageTitle": "Resolved Merge Conflicts",
            "messageBody": "",
            "insertions": 4,
            "deletions": 4
          },
          {
            "hash": "dd1b7127acaaed9cf8938bde45cb6afb0812e9cd",
            "messageTitle": "Fixed Compilation Errors",
            "messageBody": "",
            "insertions": 7,
            "deletions": 7
          },
          {
            "hash": "b502334091c14a27d11cf2c59a9ba987fb889318",
            "messageTitle": "Edited UI",
            "messageBody": "",
            "insertions": 12,
            "deletions": 12
          },
          {
            "hash": "c33362951ad54fda0e04743e6be6feee4acee773",
            "messageTitle": "Checkstyle Compliance",
            "messageBody": "",
            "insertions": 4,
            "deletions": 4
          }
        ]
      }
    ],
    "phaebaez": [
      {
        "insertions": 442,
        "deletions": 0,
        "date": "2020-03-05",
        "commitResults": [
          {
            "hash": "59c3d74f50f5243ba050c99e136aaf52580d3901",
            "messageTitle": "added commands class to cardibuddy",
            "messageBody": "",
            "insertions": 442,
            "deletions": 0
          }
        ]
      },
      {
        "insertions": 318,
        "deletions": 239,
        "date": "2020-03-07",
        "commitResults": [
          {
            "hash": "5b9443f54ba8652c159e5f942089b1277c1163b9",
            "messageTitle": "edited commands class",
            "messageBody": "",
            "insertions": 214,
            "deletions": 219
          },
          {
            "hash": "d196cddf65d16a8884df522e77bcb8fd7bd39eab",
            "messageTitle": "changed DeleteCommand to DeleteDeckCommand in DeleteDeckCommand class",
            "messageBody": "",
            "insertions": 1,
            "deletions": 1
          },
          {
            "hash": "62665a5134817073c783a649984fc9236ea3acd7",
            "messageTitle": "added Model class",
            "messageBody": "",
            "insertions": 5,
            "deletions": 0
          },
          {
            "hash": "b4e153f863d17d577458c7158d0afaabd39fb0be",
            "messageTitle": "added pseudo Model class",
            "messageBody": "",
            "insertions": 95,
            "deletions": 16
          },
          {
            "hash": "436cf0f35604d701e54dc43c15e3fcd8ed6ebe8c",
            "messageTitle": "fixed some travis build error",
            "messageBody": "",
            "insertions": 3,
            "deletions": 3
          }
        ]
      },
      {
        "insertions": 49,
        "deletions": 6,
        "date": "2020-03-12",
        "commitResults": [
          {
            "hash": "05a36972f4329cbf2015f49e09f68b60054df79f",
            "messageTitle": "edited AddCommand",
            "messageBody": "",
            "insertions": 49,
            "deletions": 6
          }
        ]
      },
      {
        "insertions": 56,
        "deletions": 139,
        "date": "2020-03-14",
        "commitResults": [
          {
            "hash": "1ac9f6aacdfafff90eb3e3c566390d8c0f1d2e11",
            "messageTitle": "Changed AddCommand",
            "messageBody": "",
            "insertions": 4,
            "deletions": 5
          },
          {
            "hash": "22fc1518ac83df2684b4152e9256583b26bc1f5d",
            "messageTitle": "Deleted AddDeckCommand",
            "messageBody": "",
            "insertions": 0,
            "deletions": 59
          },
          {
            "hash": "e7979dc5bfa202e27d1aa38a62a8c61bb10420e6",
            "messageTitle": "created AddCommand branch",
            "messageBody": "",
            "insertions": 48,
            "deletions": 65
          },
          {
            "hash": "694b5e1c589698a265cc539bb7d081717d70f3ff",
            "messageTitle": "changed CliSyntax import in AddCommand",
            "messageBody": "",
            "insertions": 3,
            "deletions": 1
          },
          {
            "hash": "0c74989e35fb2718e80261226fab232abbf1efd4",
            "messageTitle": "Edited message in AddCommand",
            "messageBody": "",
            "insertions": 1,
            "deletions": 1
          },
          {
            "hash": "aa85ebf6c477ee88f95dafcf656a418ff5b7a32b",
            "messageTitle": "Fixed merge conflict",
            "messageBody": "",
            "insertions": 0,
            "deletions": 8
          }
        ]
      },
      {
        "insertions": 122,
        "deletions": 314,
        "date": "2020-03-16",
        "commitResults": [
          {
            "hash": "9816ee7f6787982e72bbf93b630569d461fe9971",
            "messageTitle": "Edited DeleteCommand",
            "messageBody": "",
            "insertions": 41,
            "deletions": 1
          },
          {
            "hash": "61288eac2d49b60375b2a4c5920e78a3f9a75c80",
            "messageTitle": "Edited DeleteCommand and fixed mistakes in other classes",
            "messageBody": "",
            "insertions": 13,
            "deletions": 68
          },
          {
            "hash": "2d6f04ab23b21a12b0b8c4130f5fc8464287f567",
            "messageTitle": "Edited ListCommand",
            "messageBody": "",
            "insertions": 13,
            "deletions": 2
          },
          {
            "hash": "009622abe002c4fa6704c14b7774cf02e5016f3f",
            "messageTitle": " Removed unnecessary import in DeleteCommand",
            "messageBody": "",
            "insertions": 1,
            "deletions": 3
          },
          {
            "hash": "2a07dae8daf00f0bd42c69253234d1a5488d6f98",
            "messageTitle": "Deleted Flashcard Package in Commands",
            "messageBody": "",
            "insertions": 0,
            "deletions": 142
          },
          {
            "hash": "1b4aed780e0c0749948690b5e4cfd6352a710cb8",
            "messageTitle": "Added back PREFIX_TITLE",
            "messageBody": "",
            "insertions": 1,
            "deletions": 1
          },
          {
            "hash": "ec46bcf053ed537865fb0c78bf536862e2c03daf",
            "messageTitle": "Deleted repeated method in Model",
            "messageBody": "",
            "insertions": 0,
            "deletions": 2
          },
          {
            "hash": "d07bab4ffa44c0be6da8e8e93be3702ba45394a0",
            "messageTitle": "fixed checkstyle errors",
            "messageBody": "",
            "insertions": 6,
            "deletions": 5
          },
          {
            "hash": "18339a6f66db6497bd9db99a5b25fef141e759a4",
            "messageTitle": "fixed checkstyle errors",
            "messageBody": "",
            "insertions": 2,
            "deletions": 3
          },
          {
            "hash": "d1b859c74345d3622eb67e006c03284a82399d05",
            "messageTitle": "fixed checkstyle errors",
            "messageBody": "",
            "insertions": 2,
            "deletions": 1
          },
          {
            "hash": "8e98dba42b427948f553f53d0b4cffc0a55f19a6",
            "messageTitle": "minor edits to ListCommand",
            "messageBody": "",
            "insertions": 0,
            "deletions": 29
          },
          {
            "hash": "65347b53bc700e158822c4bbb4d51fc69401e3f2",
            "messageTitle": "removed unnecessary line in ListCommand",
            "messageBody": "",
            "insertions": 0,
            "deletions": 1
          },
          {
            "hash": "fda37a831ac317cbfe9d904bb81e7a832f20b3a5",
            "messageTitle": "fixed styling errors",
            "messageBody": "",
            "insertions": 11,
            "deletions": 11
          },
          {
            "hash": "a590eaa12b65db58b8186b7b82c50ba6c84ca039",
            "messageTitle": "fixed styling errors",
            "messageBody": "",
            "insertions": 12,
            "deletions": 13
          },
          {
            "hash": "0de59e6e13c661342720692533e266014b2ee689",
            "messageTitle": "fixed merge conflict",
            "messageBody": "",
            "insertions": 2,
            "deletions": 18
          },
          {
            "hash": "e7fd753b693a9a35a010c56eca30d225b4f31cf6",
            "messageTitle": "edited ListCommand",
            "messageBody": "",
            "insertions": 4,
            "deletions": 2
          },
          {
            "hash": "2d9a1ce887066e0880ba1d275efc494fd67a00ce",
            "messageTitle": "changed build.gradle file",
            "messageBody": "",
            "insertions": 3,
            "deletions": 3
          },
          {
            "hash": "0ea478ace0e408cab95b1b467496f7bb57f149ed",
            "messageTitle": "fixed styling errors",
            "messageBody": "",
            "insertions": 9,
            "deletions": 7
          },
          {
            "hash": "91ea7a3bd81fecbd80af43575ea26abc9ba8dfa8",
            "messageTitle": "fixed styling errors",
            "messageBody": "",
            "insertions": 1,
            "deletions": 1
          },
          {
            "hash": "4780b7251f0d19d73b80a94a23ebf09968ff5a63",
            "messageTitle": "changed build.gradle",
            "messageBody": "",
            "insertions": 1,
            "deletions": 1
          }
        ]
      },
      {
        "insertions": 301,
        "deletions": 82,
        "date": "2020-03-17",
        "commitResults": [
          {
            "hash": "71b1fac718aabef33b78306c372211ad49b5f494",
            "messageTitle": "Can add flashcard to storage",
            "messageBody": "",
            "insertions": 256,
            "deletions": 59
          },
          {
            "hash": "e510a1c2c5f24cd5f89a18630d3e623d4a41c7d1",
            "messageTitle": "Fixed styling errors",
            "messageBody": "",
            "insertions": 1,
            "deletions": 1
          },
          {
            "hash": "9116c8d9afcc0f48fe359b0eea91f5fd20cf4bd6",
            "messageTitle": "Fixed styling errors",
            "messageBody": "",
            "insertions": 43,
            "deletions": 21
          },
          {
            "hash": "98e033db2dcd4d919b2d5121b91a7b2430218725",
            "messageTitle": "Fixed styling errors",
            "messageBody": "",
            "insertions": 1,
            "deletions": 1
          }
        ]
      },
      {
        "insertions": 470,
        "deletions": 221,
        "date": "2020-03-18",
        "commitResults": [
          {
            "hash": "7c57e1b0dea49600c622cbc0d5b650ae6f501308",
            "messageTitle": "Fixed styling errors",
            "messageBody": "",
            "insertions": 12,
            "deletions": 13
          },
          {
            "hash": "a6527918a9ad9ca6854663ad018233c125a14c50",
            "messageTitle": "Fixed styling errors",
            "messageBody": "",
            "insertions": 1,
            "deletions": 3
          },
          {
            "hash": "61a9dae545470182be3364a3bedb315c6c728ca9",
            "messageTitle": "Fixed styling errors",
            "messageBody": "",
            "insertions": 1,
            "deletions": 1
          },
          {
            "hash": "95b0162e15192d33078c03f8b2ab5752a5b0307c",
            "messageTitle": "Fixed styling errors",
            "messageBody": "",
            "insertions": 2,
            "deletions": 2
          },
          {
            "hash": "f5f058e72a4a0e72782c6f8bba60156fed049819",
            "messageTitle": "add deck functionality to AddDeck",
            "messageBody": "",
            "insertions": 25,
            "deletions": 10
          },
          {
            "hash": "d25cb40f3451cfdf83593845eb770ff00484f7ae",
            "messageTitle": "temporarily changed the JSON classes",
            "messageBody": "",
            "insertions": 35,
            "deletions": 11
          },
          {
            "hash": "a613df29a574b676532dfc769807849edf17f01b",
            "messageTitle": "temporarily changed the JSON classes",
            "messageBody": "",
            "insertions": 19,
            "deletions": 20
          },
          {
            "hash": "e2d205ced639eca24323d75c799e77ef8d2620c6",
            "messageTitle": "temporarily changed the JSON classes",
            "messageBody": "",
            "insertions": 2,
            "deletions": 2
          },
          {
            "hash": "5512455ccd6a124272e6475714a744a7c13430e6",
            "messageTitle": "Fixed styling errors",
            "messageBody": "",
            "insertions": 11,
            "deletions": 11
          },
          {
            "hash": "1374c7c15eaba345c3b13fd36c6cbcc487012ba5",
            "messageTitle": "added exceptions",
            "messageBody": "",
            "insertions": 29,
            "deletions": 10
          },
          {
            "hash": "31bfe7f778307672884990c490529b95a95cd07d",
            "messageTitle": "Added exceptions. Add command is nearly complete except for adding card to deck",
            "messageBody": "",
            "insertions": 45,
            "deletions": 9
          },
          {
            "hash": "9f7ab75a456e343339b1c40feda6c3a2adabb97f",
            "messageTitle": "fixed styling errors",
            "messageBody": "",
            "insertions": 7,
            "deletions": 5
          },
          {
            "hash": "4d4113029be25010aab678d96b14517e7bae444e",
            "messageTitle": "fixed styling errors",
            "messageBody": "",
            "insertions": 2,
            "deletions": 2
          },
          {
            "hash": "beb7a449aa958d93d98cb4dfaf68f10bdb308125",
            "messageTitle": "uncommented deck methods in JSON Serializable class",
            "messageBody": "",
            "insertions": 15,
            "deletions": 34
          },
          {
            "hash": "1ba457ab3bb3e6a53ea2b3f83fbc19bcfe1032a0",
            "messageTitle": "removed unnecessary import",
            "messageBody": "",
            "insertions": 0,
            "deletions": 3
          },
          {
            "hash": "154708a593d9a104d2fffcd8925a848f2a194ddf",
            "messageTitle": "add OpenCommand",
            "messageBody": "",
            "insertions": 106,
            "deletions": 3
          },
          {
            "hash": "b40a5b850366b017868cfb06a86db12f33bb3602",
            "messageTitle": "Basic OpenCommand, not functioning",
            "messageBody": "",
            "insertions": 47,
            "deletions": 46
          },
          {
            "hash": "600eeeadcbebe667b41fb2b315fc83bd95dfa731",
            "messageTitle": "editing Open Command",
            "messageBody": "",
            "insertions": 1,
            "deletions": 1
          },
          {
            "hash": "c3dc720e6e648ebbeacfb87079aa6da0f8bd3918",
            "messageTitle": "editing OpenCommand",
            "messageBody": "",
            "insertions": 106,
            "deletions": 31
          },
          {
            "hash": "383b938dce86f4cf3671100685ad026dfa203d01",
            "messageTitle": "Working application",
            "messageBody": "",
            "insertions": 4,
            "deletions": 4
          }
        ]
      },
      {
        "insertions": 49,
        "deletions": 30,
        "date": "2020-03-19",
        "commitResults": [
          {
            "hash": "a293eda0348b801ce5eeb3a27dc9b48709f70f1d",
            "messageTitle": "fixed styling errors",
            "messageBody": "",
            "insertions": 36,
            "deletions": 18
          },
          {
            "hash": "9d878fc16e9435129172fcbaf6abfee0d1e8cd5d",
            "messageTitle": "fixed styling errors",
            "messageBody": "",
            "insertions": 13,
            "deletions": 12
          }
        ]
      },
      {
        "insertions": 204,
        "deletions": 169,
        "date": "2020-03-25",
        "commitResults": [
          {
            "hash": "0b02067e5863fd8f139743d976f71067b9d7e67b",
            "messageTitle": "kind of opens the file",
            "messageBody": "",
            "insertions": 1,
            "deletions": 47
          },
          {
            "hash": "ad33d88ffde238ffa7514682f0898f41b8862edd",
            "messageTitle": "some minor edits",
            "messageBody": "",
            "insertions": 5,
            "deletions": 6
          },
          {
            "hash": "046c935adac0aa4f9e12d404e9888e374be955ea",
            "messageTitle": "commented out non-functioning code",
            "messageBody": "",
            "insertions": 3,
            "deletions": 3
          },
          {
            "hash": "c12b993b2af401b54badf9bac80cef2bb27fbeb2",
            "messageTitle": "clear and edit methods are working",
            "messageBody": "",
            "insertions": 182,
            "deletions": 6
          },
          {
            "hash": "ac0610696f46d671bd0dd54355bc503260e6f950",
            "messageTitle": "removed OpenCommand from this branch",
            "messageBody": "",
            "insertions": 0,
            "deletions": 92
          },
          {
            "hash": "ab847a31245302e00f718ddf733792367cca80c0",
            "messageTitle": "fixed styling errors",
            "messageBody": "",
            "insertions": 8,
            "deletions": 9
          },
          {
            "hash": "d40cb2b5c2dd4812c674710b4481c180b3b409b0",
            "messageTitle": "fixed styling errors",
            "messageBody": "",
            "insertions": 4,
            "deletions": 5
          },
          {
            "hash": "1ef682d6c37e4b988263283dc3278ca92d3872d0",
            "messageTitle": "fixed styling errors",
            "messageBody": "",
            "insertions": 1,
            "deletions": 1
          }
        ]
      },
      {
        "insertions": 25,
        "deletions": 18,
        "date": "2020-03-27",
        "commitResults": [
          {
            "hash": "9e142b06c865ec83c561807b3e6046a8f535929f",
            "messageTitle": "Update AddCommandParser",
            "messageBody": "",
            "insertions": 13,
            "deletions": 6
          },
          {
            "hash": "5463c68b0c0e80ccb0a5e8de981e9de59e8c2e8d",
            "messageTitle": "Update CardiBuddyParser.java",
            "messageBody": "",
            "insertions": 1,
            "deletions": 1
          },
          {
            "hash": "814f32cc017bb7d93f611d6741c379093e586fbb",
            "messageTitle": "Update CardiBuddy.parser",
            "messageBody": "",
            "insertions": 1,
            "deletions": 1
          },
          {
            "hash": "2e59db815c558138d6dabbec683438ef8a1afea2",
            "messageTitle": "Update AddCommandParser.java",
            "messageBody": "",
            "insertions": 1,
            "deletions": 1
          },
          {
            "hash": "c8f74f691bd454d5b47372332ea28f1a2ddfdaba",
            "messageTitle": "Update AddCommandParser.java",
            "messageBody": "",
            "insertions": 2,
            "deletions": 1
          },
          {
            "hash": "0ab9cbb2c9ebb32508768c128324160748fe9f26",
            "messageTitle": "Update AddCommandParser",
            "messageBody": "",
            "insertions": 2,
            "deletions": 2
          },
          {
            "hash": "36c6ee0d685eca9992f12cf3d6628bf2769de162",
            "messageTitle": "Update AddCommandParser.java",
            "messageBody": "",
            "insertions": 2,
            "deletions": 2
          },
          {
            "hash": "b694b7b4eba70c894b7ede2bce69381e9663eb28",
            "messageTitle": "Update AddCommandParser.java",
            "messageBody": "",
            "insertions": 1,
            "deletions": 1
          },
          {
            "hash": "c2e09db78d1568e8ffb7b919a2f74805ae945422",
            "messageTitle": "Update AddCommandParser.java",
            "messageBody": "",
            "insertions": 2,
            "deletions": 3
          }
        ]
      },
      {
        "insertions": 36,
        "deletions": 12,
        "date": "2020-03-31",
        "commitResults": [
          {
            "hash": "ad1e8540aeb354e5fa7a2ced4a1840dcab603421",
            "messageTitle": "added UndoCommand",
            "messageBody": "",
            "insertions": 36,
            "deletions": 12
          }
        ]
      },
      {
        "insertions": 215,
        "deletions": 10,
        "date": "2020-04-01",
        "commitResults": [
          {
            "hash": "57beecbd277af3b26e99055772b40267c23ba901",
            "messageTitle": "edited UndoCommand",
            "messageBody": "",
            "insertions": 215,
            "deletions": 10
          }
        ]
      },
      {
        "insertions": 20,
        "deletions": 25,
        "date": "2020-04-02",
        "commitResults": [
          {
            "hash": "72719009b6a80f7bafb8d7b52894d2d5b3a4df3d",
            "messageTitle": "edited UndoCommand",
            "messageBody": "",
            "insertions": 20,
            "deletions": 25
          }
        ]
      },
      {
        "insertions": 415,
        "deletions": 211,
        "date": "2020-04-03",
        "commitResults": [
          {
            "hash": "bc0917ee700ed08c1a4dd52ee287981949049df6",
            "messageTitle": "Added History, Undo and Redo command",
            "messageBody": "",
            "insertions": 349,
            "deletions": 21
          },
          {
            "hash": "9c1d5a4991894e54647a8b9920357a9edcdc4eaf",
            "messageTitle": "fixed merge conflicts",
            "messageBody": "",
            "insertions": 5,
            "deletions": 106
          },
          {
            "hash": "b84bf520d98f14a534c3b5203a28d88a08cd8e5b",
            "messageTitle": "updated History, Redo and Undo Command files",
            "messageBody": "",
            "insertions": 8,
            "deletions": 23
          },
          {
            "hash": "7eedd65e30d1f30341f792f5fc46e8973efb7691",
            "messageTitle": "fixed styling error",
            "messageBody": "",
            "insertions": 6,
            "deletions": 6
          },
          {
            "hash": "505fcba3ecee32f43a64f4a3141b82e7774abdd0",
            "messageTitle": "updated History, Redo and Undo Command files",
            "messageBody": "",
            "insertions": 6,
            "deletions": 6
          },
          {
            "hash": "15aab20931e3a25cf522722dfa7c1d75182cd47b",
            "messageTitle": "updated History, Redo and Undo Command files",
            "messageBody": "",
            "insertions": 29,
            "deletions": 28
          },
          {
            "hash": "629ed73d53ffa00947b77cd42d452a2632304dea",
            "messageTitle": "updated History, Redo and Undo Command files",
            "messageBody": "",
            "insertions": 3,
            "deletions": 3
          },
          {
            "hash": "33af8e834f1d37f83abc7ca126025247c7f2a945",
            "messageTitle": "updated History, Redo and Undo Command files",
            "messageBody": "",
            "insertions": 1,
            "deletions": 8
          },
          {
            "hash": "f2203441cac6f68503de8be35833542eea21be35",
            "messageTitle": "fixed styling errors",
            "messageBody": "",
            "insertions": 0,
            "deletions": 5
          },
          {
            "hash": "071ea1c032e8cf7dcbff1003bef59bb249760e4d",
            "messageTitle": "fixed styling errors",
            "messageBody": "",
            "insertions": 8,
            "deletions": 5
          }
        ]
      }
    ]
  },
  "authorFinalContributionMap": {
    "sigmund-c": 758,
    "airshhlay": 1628,
    "haveaqiupill": 3333,
    "phaebaez": 1048
  },
  "authorFileTypeContributionMap": {
    "sigmund-c": {
      "java": 729,
      "md": 0,
      "fxml": 29,
      "sh": 0,
      "bat": 0,
      "gradle": 0,
      "txt": 0
    },
    "airshhlay": {
      "java": 1445,
      "md": 0,
      "fxml": 183,
      "sh": 0,
      "bat": 0,
      "gradle": 0,
      "txt": 0
    },
    "haveaqiupill": {
      "java": 3274,
      "md": 0,
      "fxml": 58,
      "sh": 0,
      "bat": 0,
      "gradle": 1,
      "txt": 0
    },
    "phaebaez": {
      "java": 1047,
      "md": 0,
      "fxml": 0,
      "sh": 0,
      "bat": 0,
      "gradle": 1,
      "txt": 0
    }
  },
  "authorContributionVariance": {
    "sigmund-c": 6236.7285,
    "airshhlay": 41655.215,
    "haveaqiupill": 1545601.5,
    "phaebaez": 32050.275
  },
  "authorDisplayNameMap": {
    "sigmund-c": "CS2103T-T10-2 SIGM..ASTA",
    "airshhlay": "CS2103T-T10-2 ASHL.. YAN",
    "haveaqiupill": "CS2103T-T10-2 QIU ..YING",
    "phaebaez": "CS2103T-T10-2 PHAE.. JOO"
  }
}
