{
  "authorDailyContributionsMap": {
    "waynewee": [
      {
        "insertions": 300,
        "deletions": 105,
        "date": "2020-02-19",
        "commitResults": [
          {
            "hash": "2538c1cb29ae8a2f92982a9e0d2059696760b828",
            "messageTitle": "removed address field",
            "messageBody": "",
            "insertions": 34,
            "deletions": 45
          },
          {
            "hash": "b1d6f1c99facf34faa5774ce9d116e29bc79457b",
            "messageTitle": "tutorial adding commad",
            "messageBody": "",
            "insertions": 266,
            "deletions": 60
          }
        ]
      },
      {
        "insertions": 534,
        "deletions": 0,
        "date": "2020-03-02",
        "commitResults": [
          {
            "hash": "c7b4c7a42b78993daf636dab9c37f79f9e6b3f5f",
            "messageTitle": "moved README.adoc to UserGuide.adoc",
            "messageBody": "",
            "insertions": 534,
            "deletions": 0
          }
        ]
      },
      {
        "insertions": 1423,
        "deletions": 1364,
        "date": "2020-03-08",
        "commitResults": [
          {
            "hash": "8d650c0b69abdad9be68f55e1f78b66f106f3462",
            "messageTitle": "convert module properties from ab3 into iGrad (semester, module title, module code, memo)",
            "messageBody": "",
            "insertions": 1423,
            "deletions": 1364
          }
        ]
      },
      {
        "insertions": 2218,
        "deletions": 1876,
        "date": "2020-03-10",
        "commitResults": [
          {
            "hash": "cd5719b9b939607512c1c07290421ae64372fcfe",
            "messageTitle": "added nus mods integration",
            "messageBody": "",
            "insertions": 686,
            "deletions": 108
          },
          {
            "hash": "96b84643f123f81a0ee47a2d10792d21e282fffc",
            "messageTitle": "deleted ReadMe.md",
            "messageBody": "",
            "insertions": 0,
            "deletions": 534
          },
          {
            "hash": "cb17fc57cb8e81866c9cf9563bf39e4e544c5bb3",
            "messageTitle": "fixed 60+ checkstyle violations",
            "messageBody": "",
            "insertions": 1243,
            "deletions": 1163
          },
          {
            "hash": "850583f5ae241dc219782ac1fcd70b8883de25b9",
            "messageTitle": "fixed checkstyle in test",
            "messageBody": "",
            "insertions": 51,
            "deletions": 47
          },
          {
            "hash": "e2abb884dc25beb0db108004d0821dc386c1adac",
            "messageTitle": "fixed checkstyle in test",
            "messageBody": "",
            "insertions": 31,
            "deletions": 9
          },
          {
            "hash": "1f3b525cac96ebdde8d561f8f267e4814d9120f1",
            "messageTitle": "fixed checkstyle in test",
            "messageBody": "",
            "insertions": 1,
            "deletions": 1
          },
          {
            "hash": "515e21eab4cb4a99eae196212f657f0125c1a699",
            "messageTitle": "fixed checkstyle in test",
            "messageBody": "",
            "insertions": 2,
            "deletions": 1
          },
          {
            "hash": "cf31c81b4833e39848d8a6f677d258ca91962f63",
            "messageTitle": "fixed checkstyle in test",
            "messageBody": "",
            "insertions": 158,
            "deletions": 13
          },
          {
            "hash": "880740e1f20d97b5f4310275a799b3cc664065a4",
            "messageTitle": "fixed checkstyle in test",
            "messageBody": "",
            "insertions": 40,
            "deletions": 0
          },
          {
            "hash": "4630f9071f93881cd75227141ae462de3a060f5f",
            "messageTitle": "fixed checkstyle in test",
            "messageBody": "",
            "insertions": 3,
            "deletions": 0
          },
          {
            "hash": "24a8aabfd249e5bde6c3e95964029737018c9941",
            "messageTitle": "fixed checkstyle in test",
            "messageBody": "",
            "insertions": 3,
            "deletions": 0
          }
        ]
      },
      {
        "insertions": 10,
        "deletions": 23,
        "date": "2020-03-11",
        "commitResults": [
          {
            "hash": "42cca4f97180081d8fb6fd8b69b47cc65610fef0",
            "messageTitle": "fix bug where isValidSemester was checking on credits",
            "messageBody": "",
            "insertions": 9,
            "deletions": 22
          },
          {
            "hash": "984f929c7211ed2534f3d85d6a0c433c6d9f8bf4",
            "messageTitle": "fix module code regex module code can be 2 or 3 chars",
            "messageBody": "",
            "insertions": 1,
            "deletions": 1
          }
        ]
      },
      {
        "insertions": 788,
        "deletions": 471,
        "date": "2020-03-13",
        "commitResults": [
          {
            "hash": "9cf1a72bce9cfcaaee3fa586fd15faf8bf1a2d8d",
            "messageTitle": "added avatar selection first commit",
            "messageBody": "",
            "insertions": 455,
            "deletions": 171
          },
          {
            "hash": "53f9d2c9914e9d6590561c2ee3c5ff84f7b620e7",
            "messageTitle": "added avatar selection",
            "messageBody": "",
            "insertions": 239,
            "deletions": 249
          },
          {
            "hash": "4d4783ed201cb95dd7dadb1fda9f6cf340de0da9",
            "messageTitle": "store avatar name in txt file",
            "messageBody": "",
            "insertions": 92,
            "deletions": 51
          },
          {
            "hash": "34d08c1ad776bcca4b48fadcafcc98da7b71a3e0",
            "messageTitle": "fixed container height",
            "messageBody": "",
            "insertions": 2,
            "deletions": 0
          }
        ]
      },
      {
        "insertions": 71,
        "deletions": 32,
        "date": "2020-03-14",
        "commitResults": [
          {
            "hash": "8fc21a448574b2c9ec0b7ed749d03c9ebee3fb19",
            "messageTitle": "abstracted storage class",
            "messageBody": "",
            "insertions": 66,
            "deletions": 30
          },
          {
            "hash": "b83a875ef49abc1bfd52984103385e5a2e6c00a2",
            "messageTitle": "hotfix for unresponsive avatar display",
            "messageBody": "",
            "insertions": 5,
            "deletions": 2
          }
        ]
      },
      {
        "insertions": 382,
        "deletions": 14,
        "date": "2020-03-19",
        "commitResults": [
          {
            "hash": "92dcd4583477664088b91509b5ceb32a9e75cb06",
            "messageTitle": "add export to csv function",
            "messageBody": "",
            "insertions": 162,
            "deletions": 1
          },
          {
            "hash": "e5b061c727ebd2b84d636fc93410938739811cc9",
            "messageTitle": "add exceptions for export csv",
            "messageBody": "",
            "insertions": 37,
            "deletions": 5
          },
          {
            "hash": "af7ca19f391d2ab059271aa0f6d621f0176a8aad",
            "messageTitle": "add undo command",
            "messageBody": "",
            "insertions": 145,
            "deletions": 3
          },
          {
            "hash": "e5a2427260d564dfcd0d72699aca34b54e2b6b26",
            "messageTitle": "add override constructor for jsoncoursebookstorage",
            "messageBody": "",
            "insertions": 4,
            "deletions": 2
          },
          {
            "hash": "6fce9a615225a152c127ed5db178fe33984a467c",
            "messageTitle": "fixed checkstyle error",
            "messageBody": "",
            "insertions": 2,
            "deletions": 0
          },
          {
            "hash": "1babbcc89485ad372f2497e19ec37144b7a27d67",
            "messageTitle": "fixed implementation error of modelstub",
            "messageBody": "",
            "insertions": 5,
            "deletions": 0
          },
          {
            "hash": "e468295671a9ddbfd51dfa1298b178422cf21a04",
            "messageTitle": "added loading state for avatar",
            "messageBody": "",
            "insertions": 27,
            "deletions": 3
          }
        ]
      },
      {
        "insertions": 333,
        "deletions": 312,
        "date": "2020-03-23",
        "commitResults": [
          {
            "hash": "ecc69ac9a784ea37ee39566f301fc42f68c27048",
            "messageTitle": "fix no sample sad that was causing avatar selection bug",
            "messageBody": "",
            "insertions": 0,
            "deletions": 3
          },
          {
            "hash": "307922804dbac53b38a8331c81971f7499297eb0",
            "messageTitle": "add requirement gui first draft",
            "messageBody": "",
            "insertions": 333,
            "deletions": 309
          }
        ]
      },
      {
        "insertions": 155,
        "deletions": 109,
        "date": "2020-03-24",
        "commitResults": [
          {
            "hash": "659d25b37625694a3d16386208f1a3dc32fabadc",
            "messageTitle": "fixed edit and delete commands to id by moduelCode fixed response messages to not display null reduce timeout on NUSMods to 1000ms replace null value with Optional.empty() in addautocommandparser",
            "messageBody": "",
            "insertions": 155,
            "deletions": 109
          }
        ]
      },
      {
        "insertions": 49,
        "deletions": 23,
        "date": "2020-03-27",
        "commitResults": [
          {
            "hash": "18b717decb8fa3e81c335e7eefc5b1aa828c7e0b",
            "messageTitle": "added ui for requirement mods",
            "messageBody": "",
            "insertions": 46,
            "deletions": 23
          },
          {
            "hash": "0729d51a12d4d016f2c6575001d58f2accb281b5",
            "messageTitle": "fix fuzzy edges requirement panel",
            "messageBody": "",
            "insertions": 3,
            "deletions": 0
          }
        ]
      },
      {
        "insertions": 506,
        "deletions": 358,
        "date": "2020-03-28",
        "commitResults": [
          {
            "hash": "39fc29c6a3b55f0740ecd65061481ccb065633ca",
            "messageTitle": "made multiple changes to ui",
            "messageBody": "",
            "insertions": 185,
            "deletions": 114
          },
          {
            "hash": "1c995cf89c0df0c9b0d496938602198d83d10da9",
            "messageTitle": "refactored Name in requirement to Title changed requirement commands to work on requirementCode added requirementCode",
            "messageBody": "",
            "insertions": 321,
            "deletions": 244
          }
        ]
      },
      {
        "insertions": 129,
        "deletions": 73,
        "date": "2020-03-30",
        "commitResults": [
          {
            "hash": "b5c64608fa645631ab7dfc000691e708bc397fa0",
            "messageTitle": "update ui with grade on done",
            "messageBody": "",
            "insertions": 5,
            "deletions": 7
          },
          {
            "hash": "5bea350e96c446a55b5f32c839521491a6b4c144",
            "messageTitle": "update req credits fulfilled on done",
            "messageBody": "",
            "insertions": 83,
            "deletions": 34
          },
          {
            "hash": "aeef385d54fefc45423ae399040d99f3be63dc33",
            "messageTitle": "update requirement list on delete module update on assign modules",
            "messageBody": "",
            "insertions": 29,
            "deletions": 5
          },
          {
            "hash": "a93fe0ff4572d5beddac926d808ea2d7b30c8e28",
            "messageTitle": "fix credits required typo;",
            "messageBody": "",
            "insertions": 5,
            "deletions": 5
          },
          {
            "hash": "10194b13f2c9f3ec84134873349efcc6e9fbb4c8",
            "messageTitle": "fix credits required",
            "messageBody": "",
            "insertions": 7,
            "deletions": 22
          }
        ]
      },
      {
        "insertions": 208,
        "deletions": 299,
        "date": "2020-04-01",
        "commitResults": [
          {
            "hash": "9d3c49c914a584e2d4922441812a98a160ec4660",
            "messageTitle": "change mainwindow logic for avatar selection;",
            "messageBody": "",
            "insertions": 67,
            "deletions": 248
          },
          {
            "hash": "23ee99df585028f5c0bccd96166e75f317670bb1",
            "messageTitle": "remove status bar changed display of progress panel",
            "messageBody": "",
            "insertions": 140,
            "deletions": 49
          },
          {
            "hash": "8019dd0b968c271d3409308725b54d6708694be7",
            "messageTitle": "shrink mod panel",
            "messageBody": "",
            "insertions": 1,
            "deletions": 2
          }
        ]
      },
      {
        "insertions": 18,
        "deletions": 0,
        "date": "2020-04-02",
        "commitResults": [
          {
            "hash": "3ae5ab9c310094cbb2d3c810e6097ea387df563a",
            "messageTitle": "hardcode cap and semesters left",
            "messageBody": "",
            "insertions": 18,
            "deletions": 0
          }
        ]
      },
      {
        "insertions": 51,
        "deletions": 64,
        "date": "2020-04-03",
        "commitResults": [
          {
            "hash": "337a2240d5e2b28e2d6cd843de271ab9433374eb",
            "messageTitle": "shrank everything",
            "messageBody": "",
            "insertions": 51,
            "deletions": 64
          }
        ]
      }
    ],
    "dargohzy": [
      {
        "insertions": 1,
        "deletions": 0,
        "date": "2020-02-19",
        "commitResults": [
          {
            "hash": "13a41918d76434e79a762fcea18529e2187b9b87",
            "messageTitle": "Create testCI.txt",
            "messageBody": "To test Travis CI",
            "insertions": 1,
            "deletions": 0
          }
        ]
      },
      {
        "insertions": 37,
        "deletions": 28,
        "date": "2020-03-09",
        "commitResults": [
          {
            "hash": "ea20824c1ac26259c6902b65462620322da9b38a",
            "messageTitle": "Changed minor CSS details Added new App Icon",
            "messageBody": "",
            "insertions": 37,
            "deletions": 28
          }
        ]
      },
      {
        "insertions": 168,
        "deletions": 35,
        "date": "2020-03-10",
        "commitResults": [
          {
            "hash": "9069b96c27cd3adeef7487b05e1da419489187f4",
            "messageTitle": "- Placed GUI images into a directory - Made minor changes to GUI",
            "messageBody": "",
            "insertions": 168,
            "deletions": 35
          }
        ]
      },
      {
        "insertions": 94,
        "deletions": 151,
        "date": "2020-03-11",
        "commitResults": [
          {
            "hash": "075107b236d7e7f8f495a38ebe4cc141ec3beadc",
            "messageTitle": "- Changed fxml files for CommandBox, MainWindow, ModuleListCard, ResultDisplay - Added StatusBar - Added ModularCredits Side Panel",
            "messageBody": "",
            "insertions": 94,
            "deletions": 151
          }
        ]
      },
      {
        "insertions": 16,
        "deletions": 22,
        "date": "2020-03-12",
        "commitResults": [
          {
            "hash": "948af4de7b52b489fdb01487b5ee2d66709ce36f",
            "messageTitle": "- Modified ModuleCard panel UI - Modified DarkTheme css file - Modified fxml files for MainWindow, ModuleListCard, ModuleListPanel",
            "messageBody": "",
            "insertions": 13,
            "deletions": 9
          },
          {
            "hash": "17d5e5ad2682ccf3e9eee97db638b986e08b682c",
            "messageTitle": "- Removed MenuBar - Removed StatusBarFooter (Displays name of .json file)",
            "messageBody": "",
            "insertions": 3,
            "deletions": 13
          }
        ]
      },
      {
        "insertions": 7,
        "deletions": 1,
        "date": "2020-03-14",
        "commitResults": [
          {
            "hash": "9b9b86449defa10f67491a7f4ca901a364afc840",
            "messageTitle": "- Made changes to module card",
            "messageBody": "",
            "insertions": 7,
            "deletions": 1
          }
        ]
      },
      {
        "insertions": 340,
        "deletions": 66,
        "date": "2020-03-15",
        "commitResults": [
          {
            "hash": "c181c01550490f871bd8bbc51a156b48022ed259",
            "messageTitle": "- Added label for names of avatars on startup - Updated icons for avatars",
            "messageBody": "",
            "insertions": 82,
            "deletions": 28
          },
          {
            "hash": "7f71e7f2c6c82d66556e7f2c46a4cc54399bfdff",
            "messageTitle": "- Fixed AvatarSelectionPanel checkstyle",
            "messageBody": "",
            "insertions": 0,
            "deletions": 1
          },
          {
            "hash": "73a58367606890490ee4d20be1d3d249e426c515",
            "messageTitle": "- Added skeleton for MC side panel \u0026 CAP side panel",
            "messageBody": "",
            "insertions": 231,
            "deletions": 33
          },
          {
            "hash": "2dedf6a448cf32f0d923422d189c619b7ce22674",
            "messageTitle": "- Course info in status bar updates when CourseAddCommand is used (From startup)",
            "messageBody": "",
            "insertions": 27,
            "deletions": 4
          }
        ]
      },
      {
        "insertions": 65,
        "deletions": 60,
        "date": "2020-03-16",
        "commitResults": [
          {
            "hash": "587dd6a24a90987052b54ece95e5efb43cb0ec91",
            "messageTitle": "- Enhanced ModuleCard UI",
            "messageBody": "",
            "insertions": 46,
            "deletions": 56
          },
          {
            "hash": "ded6b5b0e56dc1d92d7b962dae10cec9521d39a3",
            "messageTitle": "- StatusBar does not change if course is present - Module Card updated UI",
            "messageBody": "",
            "insertions": 19,
            "deletions": 4
          }
        ]
      },
      {
        "insertions": 142,
        "deletions": 127,
        "date": "2020-03-17",
        "commitResults": [
          {
            "hash": "23d9387f5b5ba956761b4c2f5bfcb2f903184990",
            "messageTitle": "- Added progress indicator ring for MCSidePanel",
            "messageBody": "",
            "insertions": 72,
            "deletions": 13
          },
          {
            "hash": "90f8fd498af066f7410a862b940e5b9071ad8a6a",
            "messageTitle": "- Minor bug fix to MainWindow (Smallest size can see commandbox)",
            "messageBody": "",
            "insertions": 2,
            "deletions": 2
          },
          {
            "hash": "294ca2da1f93c11f5d25ae0d993c34e2cd0adfe7",
            "messageTitle": "- Made progress indicator smaller - Made side panels smaller",
            "messageBody": "",
            "insertions": 16,
            "deletions": 16
          },
          {
            "hash": "59e865bf9b69bd8f9bba0e73fd12c307412742cf",
            "messageTitle": "- Enhanced skeleton for CapPanel",
            "messageBody": "",
            "insertions": 28,
            "deletions": 76
          },
          {
            "hash": "e56c409d2b7bbe7ceacbccf38c1ec4c8e9d31ff4",
            "messageTitle": "- Polished Side Panels",
            "messageBody": "",
            "insertions": 24,
            "deletions": 20
          }
        ]
      },
      {
        "insertions": 32,
        "deletions": 32,
        "date": "2020-03-18",
        "commitResults": [
          {
            "hash": "78f910acf958b2864cde257c742de7f229c4b02a",
            "messageTitle": "Sidepanel hotfix",
            "messageBody": "",
            "insertions": 6,
            "deletions": 7
          },
          {
            "hash": "e0d737e3f50daaa5cde89ee92e3467a991fad810",
            "messageTitle": "hotfix progressindicator",
            "messageBody": "",
            "insertions": 1,
            "deletions": 1
          },
          {
            "hash": "935bc977f1d72e3f8fb33ed2a7ad73a5eb0d1403",
            "messageTitle": "- Resolution hotfix",
            "messageBody": "",
            "insertions": 24,
            "deletions": 23
          },
          {
            "hash": "be117dbeb5850b544b14c1ab95af60689c423318",
            "messageTitle": "Module card resolution hotfix",
            "messageBody": "",
            "insertions": 1,
            "deletions": 1
          }
        ]
      },
      {
        "insertions": 184,
        "deletions": 83,
        "date": "2020-03-19",
        "commitResults": [
          {
            "hash": "b822436f92c51a668d864359144eecee6b396132",
            "messageTitle": "- Redesigned GUI",
            "messageBody": "",
            "insertions": 182,
            "deletions": 82
          },
          {
            "hash": "dc83c72e3a34bd4dbd501b1b8706fe354ff0bc1b",
            "messageTitle": "Fixed commandreceived box bug",
            "messageBody": "",
            "insertions": 2,
            "deletions": 1
          }
        ]
      },
      {
        "insertions": 397,
        "deletions": 214,
        "date": "2020-03-20",
        "commitResults": [
          {
            "hash": "968735f5d80fafcbb9116bcd7c81f2c245872730",
            "messageTitle": "ProgressSidePanel updates when requirements added.",
            "messageBody": "",
            "insertions": 370,
            "deletions": 187
          },
          {
            "hash": "dda8f392e85d21675390cf9c65a53438316a3592",
            "messageTitle": "Fixed bug",
            "messageBody": "",
            "insertions": 25,
            "deletions": 16
          },
          {
            "hash": "1889affb6f7b22a6fd2e51d9e3ae52346b70f5f6",
            "messageTitle": "Delete settings.gradle",
            "messageBody": "",
            "insertions": 0,
            "deletions": 10
          },
          {
            "hash": "9c152af98611bc87ad61ca36e07edf591b973b9b",
            "messageTitle": "Fixed local .gitignore",
            "messageBody": "",
            "insertions": 0,
            "deletions": 0
          },
          {
            "hash": "078364b6cfd642d34517688895ba1871f07903f8",
            "messageTitle": "- Fixed bug (CommandReceived panel)",
            "messageBody": "",
            "insertions": 1,
            "deletions": 0
          },
          {
            "hash": "61f026e8daef13a27bf3811abaabccd5d59616b8",
            "messageTitle": "Updated ProgressSidePanel javadoc info",
            "messageBody": "",
            "insertions": 1,
            "deletions": 1
          }
        ]
      },
      {
        "insertions": 57,
        "deletions": 6,
        "date": "2020-03-21",
        "commitResults": [
          {
            "hash": "1af9cdefbcf0da35198eb27062836d5241ec03c8",
            "messageTitle": "Fixed Checkstyle",
            "messageBody": "",
            "insertions": 57,
            "deletions": 6
          }
        ]
      },
      {
        "insertions": 68,
        "deletions": 35,
        "date": "2020-03-24",
        "commitResults": [
          {
            "hash": "2404ff9a0cf4e201553c1376e7f2d40bf5d47369",
            "messageTitle": "Modified HelpWindow",
            "messageBody": "",
            "insertions": 68,
            "deletions": 35
          }
        ]
      },
      {
        "insertions": 2,
        "deletions": 8,
        "date": "2020-03-25",
        "commitResults": [
          {
            "hash": "2a6e2b9293c163111484a2b642980c7fd5d2af74",
            "messageTitle": "Modified HelpWindow",
            "messageBody": "",
            "insertions": 2,
            "deletions": 8
          }
        ]
      },
      {
        "insertions": 88,
        "deletions": 26,
        "date": "2020-03-27",
        "commitResults": [
          {
            "hash": "e6b4fd43d61caa2b06d5f257cf2222c8d014e4ce",
            "messageTitle": "Updated UiClassDiagram",
            "messageBody": "",
            "insertions": 13,
            "deletions": 13
          },
          {
            "hash": "54538f9761c11a50fd71b60222018ee902ffde15",
            "messageTitle": "Added StatusBarTest",
            "messageBody": "",
            "insertions": 35,
            "deletions": 0
          },
          {
            "hash": "540042b9608ce0ccd44b2555355d3cddd100878a",
            "messageTitle": "Fixed Checkstyle",
            "messageBody": "",
            "insertions": 2,
            "deletions": 1
          },
          {
            "hash": "445319ff99ce016c3f7512076165c9f184266787",
            "messageTitle": "Fixed Test",
            "messageBody": "",
            "insertions": 5,
            "deletions": 1
          },
          {
            "hash": "a9d907bddc49ef4f3e2356aedcdfa488009966bc",
            "messageTitle": "Commented out StatusBarTest",
            "messageBody": "",
            "insertions": 31,
            "deletions": 9
          },
          {
            "hash": "aa11c4b96ad36261f064ecb1717d78b93a8f5691",
            "messageTitle": "Fix checkstyle",
            "messageBody": "",
            "insertions": 2,
            "deletions": 2
          }
        ]
      },
      {
        "insertions": 232,
        "deletions": 19,
        "date": "2020-03-31",
        "commitResults": [
          {
            "hash": "19cee451443fc5c0db3cf4bbebc9453c190d50fd",
            "messageTitle": "Added ModulePreclusionParser",
            "messageBody": "",
            "insertions": 103,
            "deletions": 4
          },
          {
            "hash": "4a73abf1bc7b01ac80bbe740d1f554f05de352e7",
            "messageTitle": "Added module validation for preclusions",
            "messageBody": "",
            "insertions": 8,
            "deletions": 3
          },
          {
            "hash": "20733c12a96695aea178cfe167e62f8c7e374eac",
            "messageTitle": "Fixed checkstyle",
            "messageBody": "",
            "insertions": 20,
            "deletions": 6
          },
          {
            "hash": "f342ce60fc8e5f88fd82088540d7603627750922",
            "messageTitle": "Added module validation (Prerequisite)",
            "messageBody": "",
            "insertions": 101,
            "deletions": 5
          },
          {
            "hash": "4799056b3e01f99367cd8b89794f62a544be7ce7",
            "messageTitle": "Fixed checkstyle",
            "messageBody": "",
            "insertions": 0,
            "deletions": 1
          }
        ]
      },
      {
        "insertions": 7,
        "deletions": 5,
        "date": "2020-04-03",
        "commitResults": [
          {
            "hash": "34d49d00c6361697b7acf4ce3ea6fead090b3687",
            "messageTitle": "Module auto add validation fix",
            "messageBody": "",
            "insertions": 7,
            "deletions": 5
          }
        ]
      }
    ],
    "teriaiw": [
      {
        "insertions": 69,
        "deletions": 12,
        "date": "2020-03-11",
        "commitResults": [
          {
            "hash": "a99d84fbebfb352eb112b9a13f47dc28ed207ad0",
            "messageTitle": "Add Course delete \u0026 modify commands",
            "messageBody": "",
            "insertions": 69,
            "deletions": 12
          }
        ]
      },
      {
        "insertions": 123,
        "deletions": 16,
        "date": "2020-03-17",
        "commitResults": [
          {
            "hash": "a60c514b206b17c8be92fa3ca02621ea36cc0da5",
            "messageTitle": "Add test cases for course and module",
            "messageBody": "",
            "insertions": 123,
            "deletions": 16
          }
        ]
      },
      {
        "insertions": 147,
        "deletions": 174,
        "date": "2020-03-23",
        "commitResults": [
          {
            "hash": "1b82d021fe0f47f4c667118506fdf38c0d88cace",
            "messageTitle": "Add Course Edit",
            "messageBody": "",
            "insertions": 48,
            "deletions": 71
          },
          {
            "hash": "767f8ae661cd5f721806a1b5a6157ff98b759ef9",
            "messageTitle": "Package Course commands and parser",
            "messageBody": "",
            "insertions": 33,
            "deletions": 51
          },
          {
            "hash": "a92f9af5fc00e09b601685f0de3ae0aa2a876dda",
            "messageTitle": "Display change of course name in status bar",
            "messageBody": "",
            "insertions": 2,
            "deletions": 5
          },
          {
            "hash": "4b5253d4a0bc8afd42d01cbc0f3ee4885670fb46",
            "messageTitle": "Fix checkstyle",
            "messageBody": "",
            "insertions": 12,
            "deletions": 8
          },
          {
            "hash": "db28fd79d99e4fe24788924f2ac211b1bde48497",
            "messageTitle": "Restrict addition of course info to one",
            "messageBody": "",
            "insertions": 19,
            "deletions": 6
          },
          {
            "hash": "b13681dbe04d3c5285132c24257c99d9887136e5",
            "messageTitle": "Fix checkstyle",
            "messageBody": "",
            "insertions": 1,
            "deletions": 1
          },
          {
            "hash": "cb728628f488ce6c385681a7ecd7638bcbf77b91",
            "messageTitle": "Fix trailing whitspaces",
            "messageBody": "",
            "insertions": 32,
            "deletions": 32
          }
        ]
      },
      {
        "insertions": 212,
        "deletions": 51,
        "date": "2020-04-01",
        "commitResults": [
          {
            "hash": "2cf9da7b158179d14fe36fd648e4463c65e714ba",
            "messageTitle": "Modify Course Edit",
            "messageBody": "",
            "insertions": 112,
            "deletions": 26
          },
          {
            "hash": "1cdb86dc2b5ff4c0589cd9fc55004e57a071cdcd",
            "messageTitle": "Add Course Achieve command",
            "messageBody": "",
            "insertions": 93,
            "deletions": 11
          },
          {
            "hash": "37aeef67574040043a4646bab3402a09d5979ee4",
            "messageTitle": "Fix checkstyle",
            "messageBody": "",
            "insertions": 5,
            "deletions": 13
          },
          {
            "hash": "b057036887711061596c07fbff959f0e281e13b2",
            "messageTitle": "Edit course message",
            "messageBody": "",
            "insertions": 1,
            "deletions": 0
          },
          {
            "hash": "76d8c9ffc038c671ea2e0409b92dc67ac5db5154",
            "messageTitle": "Edit course message error",
            "messageBody": "",
            "insertions": 1,
            "deletions": 1
          }
        ]
      }
    ],
    "yjskrs": [
      {
        "insertions": 73,
        "deletions": 358,
        "date": "2020-03-05",
        "commitResults": [
          {
            "hash": "57f31cdf7bca6e25174c62eb9abc17e45b0a3fef",
            "messageTitle": "Refactored Address out",
            "messageBody": "",
            "insertions": 73,
            "deletions": 346
          },
          {
            "hash": "26194aae346f897e01d7f36caaf66949bf3900ff",
            "messageTitle": "Remove missed tests",
            "messageBody": "",
            "insertions": 0,
            "deletions": 12
          }
        ]
      },
      {
        "insertions": 2156,
        "deletions": 2211,
        "date": "2020-03-06",
        "commitResults": [
          {
            "hash": "c3f598e32e835e201164657a688086a99014bbb9",
            "messageTitle": "Remove trailing whitespace from README",
            "messageBody": "",
            "insertions": 65,
            "deletions": 65
          },
          {
            "hash": "0a88006ed295135b0c1c5397642ba422b68a31ce",
            "messageTitle": "Refactor initial stage",
            "messageBody": "",
            "insertions": 2091,
            "deletions": 2146
          }
        ]
      },
      {
        "insertions": 1589,
        "deletions": 1829,
        "date": "2020-03-07",
        "commitResults": [
          {
            "hash": "dcdb8f048587be8ce29d4ca6d9dcd8d718e8a8fc",
            "messageTitle": "Refactor initial stage",
            "messageBody": "",
            "insertions": 134,
            "deletions": 134
          },
          {
            "hash": "9253b4d65057bd31ae439a9f890d708fdd5114ac",
            "messageTitle": "Refactor initial stage tests, one test has yet to be fixed",
            "messageBody": "",
            "insertions": 22,
            "deletions": 22
          },
          {
            "hash": "01e0ad25d2de0a5d1044ee55a3faa67ebe83e885",
            "messageTitle": "Fix some issues",
            "messageBody": "",
            "insertions": 81,
            "deletions": 94
          },
          {
            "hash": "56ad81dd1e6f705a5dd3202338c23f1cb53ab30a",
            "messageTitle": "Fix some checkstyle issues",
            "messageBody": "",
            "insertions": 5,
            "deletions": 5
          },
          {
            "hash": "1630dd02a734380bbebeb9a4b7646b81710d7d62",
            "messageTitle": "Fix checkstyle issues",
            "messageBody": "",
            "insertions": 188,
            "deletions": 145
          },
          {
            "hash": "e12aa67b84920516a992d9e19ae0c812a508cf14",
            "messageTitle": "Rename all Persons to Modules",
            "messageBody": "",
            "insertions": 967,
            "deletions": 967
          },
          {
            "hash": "d3ada399f5e6c5152559107390a6e94210e54a85",
            "messageTitle": "Remove instances of persons",
            "messageBody": "",
            "insertions": 42,
            "deletions": 42
          },
          {
            "hash": "4fe514fbbbd436dde46b9968a887108759e0e661",
            "messageTitle": "Remove find command",
            "messageBody": "",
            "insertions": 1,
            "deletions": 204
          },
          {
            "hash": "815992e9ab3cd60a64d5815723152d56de259a1b",
            "messageTitle": "Remove list command",
            "messageBody": "",
            "insertions": 3,
            "deletions": 87
          },
          {
            "hash": "3f7ca02970caed47b9b37350fe3198eccd6a87d3",
            "messageTitle": "Fix checkstyle issues",
            "messageBody": "",
            "insertions": 2,
            "deletions": 2
          },
          {
            "hash": "855e1d3407dec170f8e11438f3045d7680761bf9",
            "messageTitle": "Fix checkstyle issues",
            "messageBody": "",
            "insertions": 3,
            "deletions": 3
          },
          {
            "hash": "129abf0f336b1525cdda130f61f4c4ea3a5e3f5d",
            "messageTitle": "Fix checkstyles issues",
            "messageBody": "",
            "insertions": 111,
            "deletions": 95
          },
          {
            "hash": "c2351e6151f9aa6fae6ef309ac3108ca10524206",
            "messageTitle": "Fix checkstyles issues",
            "messageBody": "",
            "insertions": 26,
            "deletions": 26
          },
          {
            "hash": "eb16216d445b3729fbb44b54b77813acec318155",
            "messageTitle": "Fix small typos",
            "messageBody": "",
            "insertions": 4,
            "deletions": 3
          }
        ]
      },
      {
        "insertions": 537,
        "deletions": 34,
        "date": "2020-03-15",
        "commitResults": [
          {
            "hash": "ad37b1aa7f8d4f3efde3225b5eb612978f7e2248",
            "messageTitle": "Fix naming issues from courseInfo to course in javadocs",
            "messageBody": "",
            "insertions": 10,
            "deletions": 10
          },
          {
            "hash": "695f55c1ed1f7885ef0ec45b4d7d94adea8840fe",
            "messageTitle": "Create Requirement skeleton",
            "messageBody": "",
            "insertions": 215,
            "deletions": 3
          },
          {
            "hash": "a2d60c3b98c6bf16f0cc4edffcaf5461182e266d",
            "messageTitle": "Add more Requirement skeleton",
            "messageBody": "",
            "insertions": 160,
            "deletions": 6
          },
          {
            "hash": "5be0e122f664c4700c3194630c51fc187ce08033",
            "messageTitle": "Fix checkstyle",
            "messageBody": "",
            "insertions": 2,
            "deletions": 2
          },
          {
            "hash": "3408d6f9c23bc4e8f58ae410547879145149eeee",
            "messageTitle": "Add methods for Requirement class",
            "messageBody": "",
            "insertions": 64,
            "deletions": 4
          },
          {
            "hash": "83cbbc66bfffc009befc900c25c5de9d426f61a7",
            "messageTitle": "Add requirement methods to model",
            "messageBody": "",
            "insertions": 86,
            "deletions": 9
          }
        ]
      },
      {
        "insertions": 112,
        "deletions": 2,
        "date": "2020-03-16",
        "commitResults": [
          {
            "hash": "c5d4ca3b8dac9a5725a2ec637d95c3e80cc1f736",
            "messageTitle": "Incorporate requirement into storage",
            "messageBody": "",
            "insertions": 112,
            "deletions": 2
          }
        ]
      },
      {
        "insertions": 725,
        "deletions": 204,
        "date": "2020-03-17",
        "commitResults": [
          {
            "hash": "4b53a4beae88c128b5038c4869139cef3c754a53",
            "messageTitle": "Reorder methods in Requirement class",
            "messageBody": "",
            "insertions": 48,
            "deletions": 49
          },
          {
            "hash": "dfb3d31b824c168a7599261e3fc4c1bfc0fc65f9",
            "messageTitle": "Change setRequirements to setRequirement in Model",
            "messageBody": "",
            "insertions": 1,
            "deletions": 16
          },
          {
            "hash": "d6e0af952985871aed9366c3a2abe0dfa7509ac5",
            "messageTitle": "Add RequirementCommand class",
            "messageBody": "",
            "insertions": 8,
            "deletions": 0
          },
          {
            "hash": "37fa95dfe5c86ae70b7a74caeee679e451dd1f8b",
            "messageTitle": "Accomodate for parsing specifiers (i.e. preamble)",
            "messageBody": "",
            "insertions": 56,
            "deletions": 0
          },
          {
            "hash": "4b71eea9c566c276d46c14ba606be14fc808de3d",
            "messageTitle": "Add requirement edit command and parser",
            "messageBody": "",
            "insertions": 115,
            "deletions": 0
          },
          {
            "hash": "ed715dc534b8849dee9bc037ff4b4ddb293c9ff8",
            "messageTitle": "Add JavaDocs for requirement-level methods in Model",
            "messageBody": "",
            "insertions": 20,
            "deletions": 4
          },
          {
            "hash": "b3475a52e416cff9b6ec90a374913a77d4e6a687",
            "messageTitle": "Add files for requirement add and delete commands and parsers",
            "messageBody": "",
            "insertions": 65,
            "deletions": 0
          },
          {
            "hash": "889955ec6ca8ed8820406b11019318be10b40b5a",
            "messageTitle": "Make title final in requirement",
            "messageBody": "",
            "insertions": 7,
            "deletions": 12
          },
          {
            "hash": "51d816d7fed5ca669a891ff5c899e644a3fd8d76",
            "messageTitle": "Add credits to requirement",
            "messageBody": "",
            "insertions": 69,
            "deletions": 2
          },
          {
            "hash": "582d8c1f9abf479d850d1915ba06d19628213c13",
            "messageTitle": "Add credits to requirement in storage",
            "messageBody": "",
            "insertions": 8,
            "deletions": 1
          },
          {
            "hash": "bfb0485e6fa90af899fa182d5889b37d59a57650",
            "messageTitle": "Fix requirement command to include credits",
            "messageBody": "",
            "insertions": 26,
            "deletions": 13
          },
          {
            "hash": "20d3f7f858959a30e97d29fc8176bf63a1b5cc02",
            "messageTitle": "Complete requirement add command",
            "messageBody": "",
            "insertions": 88,
            "deletions": 18
          },
          {
            "hash": "408137ff514515d288a535158c36aa43c620a3fc",
            "messageTitle": "Complete requirement add, edit, delete commands",
            "messageBody": "",
            "insertions": 61,
            "deletions": 12
          },
          {
            "hash": "8dcc69c9b4944743946073291fcbad6107d7681d",
            "messageTitle": "Fix minor bug",
            "messageBody": "",
            "insertions": 1,
            "deletions": 1
          },
          {
            "hash": "ee1beb7f98c7f6bc2e1e1d1554a9b49e62b12c91",
            "messageTitle": "Packaged requirement command and parser classes",
            "messageBody": "",
            "insertions": 48,
            "deletions": 15
          },
          {
            "hash": "4d78a5bf5a2002e95da0ac114f25c493b945927d",
            "messageTitle": "Fix bugs and typos",
            "messageBody": "",
            "insertions": 72,
            "deletions": 32
          },
          {
            "hash": "fe2b59407f68cea055777c6b4ecb43f9cd79f74f",
            "messageTitle": "Add comments",
            "messageBody": "",
            "insertions": 10,
            "deletions": 7
          },
          {
            "hash": "262326770017ed6a8b4390e8027d143ab1218ac7",
            "messageTitle": "Rename packages",
            "messageBody": "",
            "insertions": 22,
            "deletions": 22
          }
        ]
      },
      {
        "insertions": 165,
        "deletions": 128,
        "date": "2020-03-20",
        "commitResults": [
          {
            "hash": "901771e7dd45ee334a5eb312d5cdac8bb31f4110",
            "messageTitle": "Fix title instances to name in requirement command package",
            "messageBody": "",
            "insertions": 17,
            "deletions": 21
          },
          {
            "hash": "2fdc1527ce1aa7a1cfd65c9a72ead711aa45c12c",
            "messageTitle": "Fix missed instances of title in requirement class",
            "messageBody": "",
            "insertions": 67,
            "deletions": 58
          },
          {
            "hash": "027b63dd9faff7913353979843ab8e6c198da0a4",
            "messageTitle": "Fix title instances in requirement class missed by others",
            "messageBody": "",
            "insertions": 2,
            "deletions": 1
          },
          {
            "hash": "06969cbe3cad8b116ccdd1125ac5585c284ccd54",
            "messageTitle": "Improve Credits class",
            "messageBody": "",
            "insertions": 23,
            "deletions": 8
          },
          {
            "hash": "a5850ddfaa16ee65b6162b10958f7a4cd4ca2e86",
            "messageTitle": "Fix requirement command parser classes",
            "messageBody": "",
            "insertions": 30,
            "deletions": 24
          },
          {
            "hash": "c761c03626211276cef6b8824e274b787ae3cd65",
            "messageTitle": "Fix requirement command messages",
            "messageBody": "",
            "insertions": 24,
            "deletions": 14
          },
          {
            "hash": "d74abc2e380905e3f7cc62f5af2dbc2a18b43de6",
            "messageTitle": "Fix lines",
            "messageBody": "",
            "insertions": 2,
            "deletions": 2
          }
        ]
      },
      {
        "insertions": 251,
        "deletions": 50,
        "date": "2020-03-22",
        "commitResults": [
          {
            "hash": "2254a0158c275df077ae7cf672721dd0c39a7146",
            "messageTitle": "Fix storage bug for requirement, storing name as title",
            "messageBody": "",
            "insertions": 22,
            "deletions": 14
          },
          {
            "hash": "9485ef7b5309ad1e1021076d2313d17187d1fb76",
            "messageTitle": "Improve credits class for requirements to deal with required vs fulfilled credits",
            "messageBody": "",
            "insertions": 65,
            "deletions": 17
          },
          {
            "hash": "1ffce71a49faea64669594a3a75726fb9235c500",
            "messageTitle": "Update requirement class with credit methods",
            "messageBody": "",
            "insertions": 33,
            "deletions": 2
          },
          {
            "hash": "f6be34cc7d23a2d15217a9686a95c8dbd3ca1962",
            "messageTitle": "Change use of requirement method in main window",
            "messageBody": "",
            "insertions": 1,
            "deletions": 1
          },
          {
            "hash": "dde95868f7968cb0a849aadff601338d00ea890f",
            "messageTitle": "Add Grade class",
            "messageBody": "",
            "insertions": 97,
            "deletions": 0
          },
          {
            "hash": "fa7a6c0d91b2e8b4d04072437af30c5af957a917",
            "messageTitle": "Change Grade to Optional",
            "messageBody": "",
            "insertions": 7,
            "deletions": 10
          },
          {
            "hash": "78a774cb82410d4a1efb0283ea0d4623568d278f",
            "messageTitle": "Update requirement creditsFulfilled upon load from storage",
            "messageBody": "",
            "insertions": 10,
            "deletions": 1
          },
          {
            "hash": "93f5bb37dab3f961f8dd494deedf337a585c8642",
            "messageTitle": "Fix checkstyle",
            "messageBody": "",
            "insertions": 13,
            "deletions": 3
          },
          {
            "hash": "c9334b3a398684e31e98abb48889161399104401",
            "messageTitle": "Change statement for debugging purpose",
            "messageBody": "",
            "insertions": 3,
            "deletions": 2
          }
        ]
      },
      {
        "insertions": 131,
        "deletions": 113,
        "date": "2020-03-23",
        "commitResults": [
          {
            "hash": "f28c5605f8f69f93f52c3a5e7b050dca006262ac",
            "messageTitle": "Fix equals()",
            "messageBody": "",
            "insertions": 52,
            "deletions": 50
          },
          {
            "hash": "23936ec25b65a7f25633c4637ee0b03ec1c51c86",
            "messageTitle": "Add test classes for requirement",
            "messageBody": "",
            "insertions": 19,
            "deletions": 11
          },
          {
            "hash": "e592ca5f525ec82f0955e08bf506d2987777c4e3",
            "messageTitle": "Add empty test classes",
            "messageBody": "",
            "insertions": 60,
            "deletions": 52
          },
          {
            "hash": "2ad24b119478fa2139365f31e41c0d9de9e0271c",
            "messageTitle": "Change permissions",
            "messageBody": "",
            "insertions": 0,
            "deletions": 0
          },
          {
            "hash": "b402a08c319ca16ab56058af3b488f7fbc5e30e2",
            "messageTitle": "Change more permissions",
            "messageBody": "",
            "insertions": 0,
            "deletions": 0
          }
        ]
      },
      {
        "insertions": 289,
        "deletions": 25,
        "date": "2020-03-24",
        "commitResults": [
          {
            "hash": "7031c2259c0726aaaf6d7103676d98d04bbbe11b",
            "messageTitle": "Remove redundant constants",
            "messageBody": "",
            "insertions": 4,
            "deletions": 8
          },
          {
            "hash": "b91fcaceb7b1d0c4e78dab5d7b80c4238f5a0cd4",
            "messageTitle": "Add NameTest for requirement",
            "messageBody": "",
            "insertions": 37,
            "deletions": 1
          },
          {
            "hash": "b5fbf718e474fa51caf7d5e738b60b15564cc19c",
            "messageTitle": "Add javadoc comments for requirement",
            "messageBody": "",
            "insertions": 31,
            "deletions": 5
          },
          {
            "hash": "13446c20383dbfa7e3b8bae33256e41714f9adca",
            "messageTitle": "Add more name tests",
            "messageBody": "",
            "insertions": 2,
            "deletions": 1
          },
          {
            "hash": "f7446bcb48118b86dd836539113ffd8c7d9750e7",
            "messageTitle": "Add Credits JUnit tests for requirements",
            "messageBody": "",
            "insertions": 63,
            "deletions": 0
          },
          {
            "hash": "7c7578c71cd2ed7cbb85ba667f98309e19429828",
            "messageTitle": "Add RequirementBuilder for tests",
            "messageBody": "",
            "insertions": 78,
            "deletions": 0
          },
          {
            "hash": "e97e9b2f54776414a67e2724af2516db02ad0790",
            "messageTitle": "Add  empty TypicalRequirements",
            "messageBody": "",
            "insertions": 9,
            "deletions": 2
          },
          {
            "hash": "e649e3c7a4ca618c1c4455f69fe17d7e1cb35bde",
            "messageTitle": "Add typical requirements",
            "messageBody": "",
            "insertions": 65,
            "deletions": 8
          }
        ]
      },
      {
        "insertions": 162,
        "deletions": 6,
        "date": "2020-03-26",
        "commitResults": [
          {
            "hash": "b6a76df90d7e8c9a8916cb032918421d9a67805d",
            "messageTitle": "Standardize NUS Mods to NUSMods",
            "messageBody": "",
            "insertions": 3,
            "deletions": 3
          },
          {
            "hash": "22977bad8b503e037b6645170d7490a2213e8c0d",
            "messageTitle": "Minor changes",
            "messageBody": "",
            "insertions": 2,
            "deletions": 2
          },
          {
            "hash": "132d64ef6872a9fe43c62bcbb5135ce2e43bf0ec",
            "messageTitle": "Write requirement tests",
            "messageBody": "",
            "insertions": 157,
            "deletions": 1
          }
        ]
      },
      {
        "insertions": 401,
        "deletions": 607,
        "date": "2020-04-01",
        "commitResults": [
          {
            "hash": "3c5bb763c3f54429f5f91259257562fdfc906ff0",
            "messageTitle": "Changed some messages",
            "messageBody": "",
            "insertions": 22,
            "deletions": 29
          },
          {
            "hash": "d72fd84aad22c3062879871d62ad5dcedcbcb7b8",
            "messageTitle": "Fix Name instances back to Title because people who refactored it back to Title missed it again",
            "messageBody": "",
            "insertions": 22,
            "deletions": 5
          },
          {
            "hash": "410c1a313505f714c1feee0395bf55eb978e23a5",
            "messageTitle": "Fix messages",
            "messageBody": "",
            "insertions": 6,
            "deletions": 6
          },
          {
            "hash": "73b1d91c31c4f2b914de0036a3afc66369d090fd",
            "messageTitle": "Remove Index instances",
            "messageBody": "",
            "insertions": 21,
            "deletions": 194
          },
          {
            "hash": "cd68d9fc5b01bf951e46b83d4c207924bf1fe0e8",
            "messageTitle": "Requirement fixes",
            "messageBody": "",
            "insertions": 261,
            "deletions": 187
          },
          {
            "hash": "9448bd609d39b39fa5bfc692ad546b6700c62bfa",
            "messageTitle": "Minor fixes",
            "messageBody": "",
            "insertions": 11,
            "deletions": 23
          },
          {
            "hash": "aaab3fb19fb62a27f5576cd5ad383a0fe6b5c1a3",
            "messageTitle": "Revert generateRequirementCode",
            "messageBody": "",
            "insertions": 1,
            "deletions": 1
          },
          {
            "hash": "7edd56d2cc75d9088aa592309856c7018676058e",
            "messageTitle": "Revert generateRequirementCode",
            "messageBody": "",
            "insertions": 2,
            "deletions": 2
          },
          {
            "hash": "d743eab994e7e35f97b5ffc428c5befe2266837b",
            "messageTitle": "Update",
            "messageBody": "",
            "insertions": 1,
            "deletions": 88
          },
          {
            "hash": "247eead3b3dc9b50c42526e7cd74b7b803a5cf15",
            "messageTitle": "Fix requirements",
            "messageBody": "",
            "insertions": 36,
            "deletions": 44
          },
          {
            "hash": "fc483efed75b4ac67498ad3d9582bd68b1e6ce6f",
            "messageTitle": "Fix travis",
            "messageBody": "",
            "insertions": 2,
            "deletions": 2
          },
          {
            "hash": "0739cc2f1089e3f7b8a285405e233a2f75199e8c",
            "messageTitle": "Fix credits test",
            "messageBody": "",
            "insertions": 4,
            "deletions": 8
          },
          {
            "hash": "625802a781d50ea42902e1d79b9443e4f4101c11",
            "messageTitle": "Fix more tests",
            "messageBody": "",
            "insertions": 6,
            "deletions": 9
          },
          {
            "hash": "3557ec4b82c40dceaa2818bb2527a64aa0a0ad64",
            "messageTitle": "Fix requirement",
            "messageBody": "",
            "insertions": 6,
            "deletions": 9
          }
        ]
      },
      {
        "insertions": 538,
        "deletions": 238,
        "date": "2020-04-02",
        "commitResults": [
          {
            "hash": "d503c5283d4173b20f948e03269129444db22ed2",
            "messageTitle": "Fixed requirement",
            "messageBody": "",
            "insertions": 36,
            "deletions": 40
          },
          {
            "hash": "b8f6cc085371aa71abf84c9366a4f2a095049b65",
            "messageTitle": "Add requirement credits test",
            "messageBody": "",
            "insertions": 29,
            "deletions": 1
          },
          {
            "hash": "ffd1f06b28242bd08ab3191ae28b834e409701ea",
            "messageTitle": "Standardization",
            "messageBody": "",
            "insertions": 97,
            "deletions": 54
          },
          {
            "hash": "9711964d9efcce3ae9e5fd2495ee07130b6a5f6f",
            "messageTitle": "Add edit requirement descriptor",
            "messageBody": "",
            "insertions": 66,
            "deletions": 4
          },
          {
            "hash": "da2a97a294f30cf95fa5a73dccd64e48effef93c",
            "messageTitle": "Tidying up code",
            "messageBody": "",
            "insertions": 53,
            "deletions": 75
          },
          {
            "hash": "3ab097b933580bb5debf80f64deeda0c5d760dd2",
            "messageTitle": "Fix checkstyle",
            "messageBody": "",
            "insertions": 3,
            "deletions": 2
          },
          {
            "hash": "ca4dda0e8f6bfa3596475df921c61cdc34d4d6a2",
            "messageTitle": "Fix test",
            "messageBody": "",
            "insertions": 10,
            "deletions": 0
          },
          {
            "hash": "b20d1ac76926fbff9fcd1afca659c424c391daa6",
            "messageTitle": "Fixes",
            "messageBody": "",
            "insertions": 26,
            "deletions": 46
          },
          {
            "hash": "b3d27a2e3228ad187e0243ad52215a3ea11e8234",
            "messageTitle": "Regex issues",
            "messageBody": "",
            "insertions": 21,
            "deletions": 15
          },
          {
            "hash": "f38c86e58184f064f220d29dddad4aad3bd8ada2",
            "messageTitle": "Add unique requirement list test",
            "messageBody": "",
            "insertions": 196,
            "deletions": 0
          },
          {
            "hash": "f347915f0563810162c2cd20547e16f3a2d0d416",
            "messageTitle": "Minor fix",
            "messageBody": "",
            "insertions": 1,
            "deletions": 1
          }
        ]
      },
      {
        "insertions": 28,
        "deletions": 27,
        "date": "2020-04-03",
        "commitResults": [
          {
            "hash": "65110a922ec13a7a29e33b8ac215269e13c1c437",
            "messageTitle": "Message changes",
            "messageBody": "",
            "insertions": 28,
            "deletions": 27
          }
        ]
      }
    ],
    "nathanaelseen": [
      {
        "insertions": 220,
        "deletions": 413,
        "date": "2020-03-06",
        "commitResults": [
          {
            "hash": "a1aaf755ff1744c047b9c54676fd3573d07ea636",
            "messageTitle": "Fix (local) build failures",
            "messageBody": "",
            "insertions": 21,
            "deletions": 17
          },
          {
            "hash": "d2789db1205976cde05152168a27a11e0dc65173",
            "messageTitle": "Fix (minor travis) styling complaints",
            "messageBody": "",
            "insertions": 12,
            "deletions": 12
          },
          {
            "hash": "dcbd7c2ec85061e7586de200cc9c160af95642b5",
            "messageTitle": "Fix (minor travis) styling complaints",
            "messageBody": "",
            "insertions": 64,
            "deletions": 48
          },
          {
            "hash": "3b1beee842f0f57ac910a8fb8923071fbd16b406",
            "messageTitle": "Fix (minor travis) styling complaints",
            "messageBody": "",
            "insertions": 51,
            "deletions": 13
          },
          {
            "hash": "203b1aa7b75bdbc6c4a4f5efbbe63095840795d4",
            "messageTitle": "Revert add Remark command and remove Address field",
            "messageBody": "",
            "insertions": 71,
            "deletions": 322
          },
          {
            "hash": "9dc9c868efbae7cc18550cc50ef18ac98fabfb47",
            "messageTitle": "Test Travis CI mergeability",
            "messageBody": "",
            "insertions": 1,
            "deletions": 1
          }
        ]
      },
      {
        "insertions": 40,
        "deletions": 105,
        "date": "2020-03-09",
        "commitResults": [
          {
            "hash": "3d1c01ed2d322f791fe334219363a44062af0a56",
            "messageTitle": "Achieve consistent usage of full-stops at the back of Javadoc class comment",
            "messageBody": "",
            "insertions": 13,
            "deletions": 80
          },
          {
            "hash": "5e934285a580c410d0828ae46feec72e81f3a750",
            "messageTitle": "Standardise (consistent use of) full-stops at the back of Java class constructor comment",
            "messageBody": "",
            "insertions": 5,
            "deletions": 5
          },
          {
            "hash": "b4e84b05665b19f93fead7610859e37b0b90a5ee",
            "messageTitle": "Refactor JsonSerializableCourseBook.java and releveant tests data files and directories",
            "messageBody": "",
            "insertions": 22,
            "deletions": 20
          }
        ]
      },
      {
        "insertions": 151,
        "deletions": 136,
        "date": "2020-03-10",
        "commitResults": [
          {
            "hash": "9d740d860be0ba06b03869c38e0daa0afc941b19",
            "messageTitle": "Refactor JsonCourseBookStorage.java and relevant tests data files and directories",
            "messageBody": "",
            "insertions": 1,
            "deletions": 1
          },
          {
            "hash": "89c4dec2e17307aaab8451b5543d0179beba7ad7",
            "messageTitle": "Fix removal of static imports (from initial refactoring)",
            "messageBody": "",
            "insertions": 150,
            "deletions": 135
          }
        ]
      },
      {
        "insertions": 574,
        "deletions": 320,
        "date": "2020-03-11",
        "commitResults": [
          {
            "hash": "44f2c5dcf8747316c03a0c3337d7704b3186f4ba",
            "messageTitle": "Add support for multi-word command; course add, module add, etc",
            "messageBody": "",
            "insertions": 33,
            "deletions": 17
          },
          {
            "hash": "0acb7770075f27fcca93419b785071ec12aba129",
            "messageTitle": "Add basic support for \u0027CourseAddCommand\u0027",
            "messageBody": "",
            "insertions": 239,
            "deletions": 5
          },
          {
            "hash": "f050f3d3c38e4916e30de2cf6a8ee2d153950b3d",
            "messageTitle": "Partial implementation of delete (for Teri)",
            "messageBody": "",
            "insertions": 152,
            "deletions": 66
          },
          {
            "hash": "e65dea6de5a4986ccb0742099e831e7ce72b87f4",
            "messageTitle": "Refactor command classes to support 2 word command format; e.g, module add, course add, module delete",
            "messageBody": "",
            "insertions": 150,
            "deletions": 232
          }
        ]
      },
      {
        "insertions": 792,
        "deletions": 464,
        "date": "2020-03-12",
        "commitResults": [
          {
            "hash": "bade6510759a4d4a8f0707ca8457db04b556d7d4",
            "messageTitle": "Fix checkstyle errors which originated from the merge conflicts",
            "messageBody": "",
            "insertions": 506,
            "deletions": 393
          },
          {
            "hash": "2a238f3540623192b55490780f89fed8cfc7c39a",
            "messageTitle": "Add test cases  for course and module (model classes)",
            "messageBody": "",
            "insertions": 135,
            "deletions": 43
          },
          {
            "hash": "03a7ea86ad23b90b4153f7151cce0540b1790219",
            "messageTitle": "Add higher-level abstraction for Course command",
            "messageBody": "",
            "insertions": 55,
            "deletions": 8
          },
          {
            "hash": "303d330580a07f76755339e1319da71c511c084f",
            "messageTitle": "Tidy up and add test appropriate test cases for Course (Model class) and Module (Model class)",
            "messageBody": "",
            "insertions": 96,
            "deletions": 20
          }
        ]
      },
      {
        "insertions": 174,
        "deletions": 50,
        "date": "2020-03-14",
        "commitResults": [
          {
            "hash": "d4f60a236c9b1ccac2228614afca38f0fdefede7",
            "messageTitle": "Add missing stubs and tidy up test cases",
            "messageBody": "",
            "insertions": 13,
            "deletions": 13
          },
          {
            "hash": "cd2b36a01d1bd824ffe238c7cf3b8c0262bac86a",
            "messageTitle": "Fix checkstyle and a couple of fixes",
            "messageBody": "",
            "insertions": 161,
            "deletions": 37
          }
        ]
      },
      {
        "insertions": 148,
        "deletions": 106,
        "date": "2020-03-15",
        "commitResults": [
          {
            "hash": "1f2bff4cb7698c39113cbfdb748f6cf91a0e9b44",
            "messageTitle": "Further modularise handling of animal (avatar) commands",
            "messageBody": "",
            "insertions": 81,
            "deletions": 38
          },
          {
            "hash": "c549884bed7fde96f6f5122dcf4edfad93539e51",
            "messageTitle": "Refactor module command parser classes to make consistent namings",
            "messageBody": "",
            "insertions": 27,
            "deletions": 39
          },
          {
            "hash": "f58a9835f38d971db6cd5dc184cb02a1721b7d5a",
            "messageTitle": "Fix checkstyle and naming violations",
            "messageBody": "",
            "insertions": 40,
            "deletions": 29
          }
        ]
      },
      {
        "insertions": 89,
        "deletions": 64,
        "date": "2020-03-16",
        "commitResults": [
          {
            "hash": "35fa4841b8fa3de063fe1edc0bc91f42847fc9c2",
            "messageTitle": "Further modularise UI components in MainWindow.java",
            "messageBody": "",
            "insertions": 89,
            "deletions": 64
          }
        ]
      },
      {
        "insertions": 41,
        "deletions": 2,
        "date": "2020-03-17",
        "commitResults": [
          {
            "hash": "fda07cb02cf4a6221b9fb4f381004f11b9d62bba",
            "messageTitle": "Fix minor issues with code comments",
            "messageBody": "",
            "insertions": 41,
            "deletions": 2
          }
        ]
      },
      {
        "insertions": 682,
        "deletions": 477,
        "date": "2020-03-18",
        "commitResults": [
          {
            "hash": "ebb1661b677bc650a0870913c62cb8e7401fe19f",
            "messageTitle": "Remodularise Avatar saving mechanism",
            "messageBody": "",
            "insertions": 176,
            "deletions": 168
          },
          {
            "hash": "daf92a87536146ee0e5cc45a9ca400541eb690e3",
            "messageTitle": "Fix minor code issues",
            "messageBody": "",
            "insertions": 9,
            "deletions": 10
          },
          {
            "hash": "4def3805e655bee2cc371a591a8df486065c9dc5",
            "messageTitle": "Minor fix on some (module) test cases",
            "messageBody": "",
            "insertions": 17,
            "deletions": 9
          },
          {
            "hash": "7ef8fe670db4c1e1a471a3825868000b7340cd19",
            "messageTitle": "Optimise and modularise code for requirement command",
            "messageBody": "",
            "insertions": 291,
            "deletions": 229
          },
          {
            "hash": "6651cda8eebca5862f0795a524d3825b677da84e",
            "messageTitle": "Fix UI flow to first create course then modules",
            "messageBody": "",
            "insertions": 189,
            "deletions": 61
          }
        ]
      },
      {
        "insertions": 906,
        "deletions": 771,
        "date": "2020-03-19",
        "commitResults": [
          {
            "hash": "3441eb37f2002b6f36a1dc6be2f9a483b21aeee6",
            "messageTitle": "Change Line endings to be consistent",
            "messageBody": "",
            "insertions": 567,
            "deletions": 587
          },
          {
            "hash": "75e2a24ad8b53c691e2cae15723a8d3429eadfa5",
            "messageTitle": "Comment out failing test cases",
            "messageBody": "",
            "insertions": 72,
            "deletions": 73
          },
          {
            "hash": "ea5884f53514a78e8d124913a5ce50daee00e06c",
            "messageTitle": "Add some comments in relevant classes for Teri to implement course edit command",
            "messageBody": "",
            "insertions": 79,
            "deletions": 6
          },
          {
            "hash": "6446efbaa91f91b9e049929eefb0801b264429cd",
            "messageTitle": "Add some comments in relevant classes for Teri to implement course edit command",
            "messageBody": "",
            "insertions": 120,
            "deletions": 67
          },
          {
            "hash": "3ebf578d58fae4da013ea352ff425abf2aa818ef",
            "messageTitle": "Further modularise file saving mechanism",
            "messageBody": "",
            "insertions": 48,
            "deletions": 31
          },
          {
            "hash": "d53b489190abe6f2c9411534be834c30c1dd192f",
            "messageTitle": "Minor fix for Undo command",
            "messageBody": "",
            "insertions": 20,
            "deletions": 7
          }
        ]
      },
      {
        "insertions": 30,
        "deletions": 31,
        "date": "2020-03-21",
        "commitResults": [
          {
            "hash": "1633469c3d2ec7c707ece2e9857593af2d797a7b",
            "messageTitle": "Change shadow JAR file name to igrad",
            "messageBody": "",
            "insertions": 1,
            "deletions": 1
          },
          {
            "hash": "e4bd7dca5d6e36d997fc4a4076d8f277a9f77f57",
            "messageTitle": "Fix minor issues with Avatar Loading",
            "messageBody": "",
            "insertions": 2,
            "deletions": 1
          },
          {
            "hash": "61e2c97e7a3f44fe1dfee49b354150ff4a64ce64",
            "messageTitle": "Fix checkstyle errors",
            "messageBody": "",
            "insertions": 27,
            "deletions": 29
          }
        ]
      },
      {
        "insertions": 26,
        "deletions": 21,
        "date": "2020-03-24",
        "commitResults": [
          {
            "hash": "11af4ed4fa4230b2e429a746c386b143ee2cf1fe",
            "messageTitle": "Fix naming conventions for Course Info:",
            "messageBody": "",
            "insertions": 21,
            "deletions": 11
          },
          {
            "hash": "b5288b8e31fb7ab9ee24ea636aed0588dccea3ac",
            "messageTitle": "Refine and fix bug for unique course info validation mechanism",
            "messageBody": "",
            "insertions": 5,
            "deletions": 10
          }
        ]
      },
      {
        "insertions": 493,
        "deletions": 204,
        "date": "2020-03-25",
        "commitResults": [
          {
            "hash": "50d233abdab6c04e4a5912b953fdf23f8047d289",
            "messageTitle": "Fix Module file save bug",
            "messageBody": "",
            "insertions": 19,
            "deletions": 10
          },
          {
            "hash": "9cbfde2c0fd963a5ac7b9f0e050ab58b1ac57697",
            "messageTitle": "Change Grade validation to use regex",
            "messageBody": "",
            "insertions": 9,
            "deletions": 29
          },
          {
            "hash": "5f755f026a6ec471b30e3bde239401c3c0ecf316",
            "messageTitle": "Enforce mandatory non-null checking on all module Model classes",
            "messageBody": "",
            "insertions": 23,
            "deletions": 11
          },
          {
            "hash": "c003ed8898eb904dd3a1a95ad6bdb9ae9dd93a69",
            "messageTitle": "Minor fixes to deserialise Optional (Module) objects",
            "messageBody": "",
            "insertions": 6,
            "deletions": 3
          },
          {
            "hash": "ddc5a4519c6a6fddda48ced0cda7e295336ddcf8",
            "messageTitle": "Remove unnecessary CommandException thrown in JsonSerializableCourseBook.java",
            "messageBody": "",
            "insertions": 1,
            "deletions": 1
          },
          {
            "hash": "20e6d3b4eb63ff446853ee5cb6a0fae00309d2ca",
            "messageTitle": "Remove unnecessary CommandException thrown in JsonSerializableCourseBook.java",
            "messageBody": "",
            "insertions": 1,
            "deletions": 3
          },
          {
            "hash": "9f26745f19e8d87ac435c700eee69121c0acb168",
            "messageTitle": "Improve CourseInfo Storage mechanism",
            "messageBody": "",
            "insertions": 52,
            "deletions": 0
          },
          {
            "hash": "3f21944646457ff9ff0b0f3806f9172054b10dea",
            "messageTitle": "Improve CourseInfo Storage mechanism",
            "messageBody": "",
            "insertions": 11,
            "deletions": 9
          },
          {
            "hash": "08da84a8137ce92e60245493acbde0f1dc74eab9",
            "messageTitle": "Standardise UI method names to \u0027refresh...\u0027 in MainWindow.java",
            "messageBody": "",
            "insertions": 8,
            "deletions": 7
          },
          {
            "hash": "fa559cc9de1bf6fa34870708a8ca4636a7072f6d",
            "messageTitle": "Improve CourseInfo Storage mechanism",
            "messageBody": "",
            "insertions": 2,
            "deletions": 2
          },
          {
            "hash": "a533255f13a7962e6abab053d903cf02c7144b39",
            "messageTitle": "Improve checking for Course name (use less redundant code)",
            "messageBody": "",
            "insertions": 12,
            "deletions": 9
          },
          {
            "hash": "5bf6dbbb2569bedccced0ed7c64dcf318222d7b2",
            "messageTitle": "Improve checking for Course name (use less redundant code)",
            "messageBody": "",
            "insertions": 0,
            "deletions": 26
          },
          {
            "hash": "864b27b046d9388483e0dc8696356d90f1de8574",
            "messageTitle": "Fix checkstyle for HelpWindow.java",
            "messageBody": "",
            "insertions": 4,
            "deletions": 5
          },
          {
            "hash": "54b8baee813551c0aaa9b05949167a974e577479",
            "messageTitle": "Refactor module command classes into package",
            "messageBody": "",
            "insertions": 77,
            "deletions": 68
          },
          {
            "hash": "724b9370a3e39d2b75636c61096523584d1d71da",
            "messageTitle": "Add basic validation for module assignment to requirement",
            "messageBody": "",
            "insertions": 248,
            "deletions": 0
          },
          {
            "hash": "dfa3556e39a11208350529dd853d4186289eabed",
            "messageTitle": "Improve support for module assignment to requirement",
            "messageBody": "",
            "insertions": 20,
            "deletions": 21
          }
        ]
      },
      {
        "insertions": 292,
        "deletions": 212,
        "date": "2020-03-26",
        "commitResults": [
          {
            "hash": "6de36a5f4612ab1b1586f34bd1096bfccb0902fe",
            "messageTitle": "Improve support for module assignment to requirement",
            "messageBody": "",
            "insertions": 151,
            "deletions": 92
          },
          {
            "hash": "7b9b2a36917055aefc505abb719dd16ec80a8151",
            "messageTitle": "Minor bug fixes for assign command",
            "messageBody": "",
            "insertions": 7,
            "deletions": 5
          },
          {
            "hash": "17b6b774927bfb7675ba9f87717c280bb874e327",
            "messageTitle": "Fix bug in Requirement Assign",
            "messageBody": "",
            "insertions": 39,
            "deletions": 17
          },
          {
            "hash": "0c39e22995be87ede756dadd9bb001db4f9c7f24",
            "messageTitle": "Further modularisation of MCs check in Requirement Assign",
            "messageBody": "",
            "insertions": 5,
            "deletions": 5
          },
          {
            "hash": "88101c1bd88f6c74249c4b989a5f0bf6731240c3",
            "messageTitle": "Remove validation for Credits fulfilled",
            "messageBody": "",
            "insertions": 0,
            "deletions": 48
          },
          {
            "hash": "5d9adfbbbd64ffad4793cfcbda0616f2d42ec2fc",
            "messageTitle": "Fix minor bug for Requirement Assign",
            "messageBody": "",
            "insertions": 3,
            "deletions": 30
          },
          {
            "hash": "2e091ea47bffcd9067b759173d261c121d873a2c",
            "messageTitle": "Add basic support for Done command",
            "messageBody": "",
            "insertions": 34,
            "deletions": 1
          },
          {
            "hash": "ef15396558e5b06de9ba191ecdcf5b022ded0ab3",
            "messageTitle": "Improve Specifier mechanism in Parser to be more generic",
            "messageBody": "",
            "insertions": 44,
            "deletions": 9
          },
          {
            "hash": "834f1af4408d3a2bf622bca18519db8ee475d87b",
            "messageTitle": "Modularise constants in Specifier mechanism to ParserUtil allowing all Parsers to use them",
            "messageBody": "",
            "insertions": 9,
            "deletions": 5
          }
        ]
      },
      {
        "insertions": 236,
        "deletions": 41,
        "date": "2020-03-28",
        "commitResults": [
          {
            "hash": "d94bf9f0e8d720ca66ad95e2e29f6f5fdf345db9",
            "messageTitle": "Fix Assign Command help message",
            "messageBody": "",
            "insertions": 9,
            "deletions": 11
          },
          {
            "hash": "ea68f96cc72a6b89a8b2bb8c287e2d3f53fe8b16",
            "messageTitle": "Improve ModuleDoneCommand class",
            "messageBody": "",
            "insertions": 24,
            "deletions": 3
          },
          {
            "hash": "441b9f0c38f1f144bd4d981f7176bd7c13c8152c",
            "messageTitle": "Enhance support for module done command",
            "messageBody": "",
            "insertions": 202,
            "deletions": 26
          },
          {
            "hash": "daac1c40ef7930e004de2b5d6eb169cfed373bb3",
            "messageTitle": "Fix minor bug to get module done command fully working",
            "messageBody": "",
            "insertions": 1,
            "deletions": 1
          }
        ]
      },
      {
        "insertions": 551,
        "deletions": 450,
        "date": "2020-03-29",
        "commitResults": [
          {
            "hash": "7a1fa985ec7065a78d8bc10e272d9f11def0968e",
            "messageTitle": "Fix documentation mispelling caused (unintentionally) by refactoring",
            "messageBody": "",
            "insertions": 1,
            "deletions": 1
          },
          {
            "hash": "eb3e95774e83613ee9d115b52486f000ac28d8b6",
            "messageTitle": "Fix checkstyle",
            "messageBody": "",
            "insertions": 31,
            "deletions": 28
          },
          {
            "hash": "e25879183cce99c87eb8af19217229ac7c734460",
            "messageTitle": "Fix some renaming instance of Requirement Name to Requirement Title",
            "messageBody": "",
            "insertions": 55,
            "deletions": 64
          },
          {
            "hash": "73535363d027e4bb0eb088cb4348d84336fc0790",
            "messageTitle": "Fix integration bugs for Requirement and further renaming issues",
            "messageBody": "",
            "insertions": 64,
            "deletions": 60
          },
          {
            "hash": "81bf1e8ee864ba1de50553016d426486d80baf44",
            "messageTitle": "Fix integration bug",
            "messageBody": "",
            "insertions": 2,
            "deletions": 0
          },
          {
            "hash": "4bb53c1834a20b52657cb29dde9e20a53a939362",
            "messageTitle": "Fix bug for module equality comparison (to compare by ModuleCode only)",
            "messageBody": "",
            "insertions": 42,
            "deletions": 22
          },
          {
            "hash": "bcebdeadae2ba72c70e98dc8862081dfdc1d3a96",
            "messageTitle": "Further modularise empty command argument checking into method in ArgumentMultimap.java",
            "messageBody": "",
            "insertions": 22,
            "deletions": 4
          },
          {
            "hash": "17b339b5714346425b549de920c4d1114fbeee4a",
            "messageTitle": "Add validation for all arguments empty for module add and improve help message for module add",
            "messageBody": "",
            "insertions": 39,
            "deletions": 25
          },
          {
            "hash": "7178728975e87da29bb0740fcaf8c1b1ce3c6511",
            "messageTitle": "Update module add to check for module title and mcs which are mandatory as well",
            "messageBody": "",
            "insertions": 10,
            "deletions": 8
          },
          {
            "hash": "ec1140a84b59ef3bc935a917670349f1232bece8",
            "messageTitle": "Improve module edit command error handling and reflecting to user",
            "messageBody": "",
            "insertions": 56,
            "deletions": 19
          },
          {
            "hash": "c1df2745e54fa3b5f36d55db172c8af76d9eab71",
            "messageTitle": "Improvem module edit command specifier empty error handling and flagging",
            "messageBody": "",
            "insertions": 13,
            "deletions": 8
          },
          {
            "hash": "2007a708fe5ad2a6fa76ef60042e33f8e1a7db96",
            "messageTitle": "Improve module delete command specifier empty error handling and flagging",
            "messageBody": "",
            "insertions": 7,
            "deletions": 23
          },
          {
            "hash": "845e3458cac9c96cdb87fdd95467f524911b6a73",
            "messageTitle": "Fix module done bug where grade; C+ could not be added",
            "messageBody": "",
            "insertions": 29,
            "deletions": 4
          },
          {
            "hash": "e7ec4f137c85f35f6fb8077595561607120b4b8d",
            "messageTitle": "Standardise requirement add help message",
            "messageBody": "",
            "insertions": 4,
            "deletions": 4
          },
          {
            "hash": "89ab5cae136483d20b657705169a44a214ae1eed",
            "messageTitle": "Standardise requirement add help message",
            "messageBody": "",
            "insertions": 24,
            "deletions": 7
          },
          {
            "hash": "12ab4403d4ca0d8a9e9cfae55a8158bd2573a3d4",
            "messageTitle": "Standardise requirement edit parsing mechanism message",
            "messageBody": "",
            "insertions": 15,
            "deletions": 22
          },
          {
            "hash": "b0ce61e838abc802091c0de92ae630b49d4ea3b3",
            "messageTitle": "Standardise requirement delete parsing mechanism",
            "messageBody": "",
            "insertions": 8,
            "deletions": 19
          },
          {
            "hash": "6856500eaa6c20aa95f17d511fdeacc9d78a9c67",
            "messageTitle": "Standardise requirement edit parsing mechanism",
            "messageBody": "",
            "insertions": 20,
            "deletions": 12
          },
          {
            "hash": "2eed47b047bd3a2f1e67f792539daf2a9f8957c5",
            "messageTitle": "Standardise course add parsing mechanism",
            "messageBody": "",
            "insertions": 54,
            "deletions": 48
          },
          {
            "hash": "639ef648629b1bc6139281df40925dcb88cd63fd",
            "messageTitle": "Standardise course edit parsing mechanism",
            "messageBody": "",
            "insertions": 21,
            "deletions": 22
          },
          {
            "hash": "77a73d7baea548f1cc794392b0666c633e607037",
            "messageTitle": "Fix UI for course delete",
            "messageBody": "",
            "insertions": 22,
            "deletions": 31
          },
          {
            "hash": "64261668febb48f73da11b56d052fa2a684c4619",
            "messageTitle": "Standardise names regex for validation",
            "messageBody": "",
            "insertions": 12,
            "deletions": 19
          }
        ]
      },
      {
        "insertions": 551,
        "deletions": 137,
        "date": "2020-03-30",
        "commitResults": [
          {
            "hash": "f056abe1b781653d0f9f430c762c764f44a8760a",
            "messageTitle": "Complete (partially) the CAP calc feature with stubs for Teri",
            "messageBody": "",
            "insertions": 243,
            "deletions": 44
          },
          {
            "hash": "f624494febfbe668b2e68b016b40c25d16033c13",
            "messageTitle": "Fix Cap equality comparison bug",
            "messageBody": "",
            "insertions": 57,
            "deletions": 26
          },
          {
            "hash": "d7d6728db65d5eec30874e41dd98c527ce24efb5",
            "messageTitle": "Add enhancement to guide user when the first command word (of a 2-word command) is valid",
            "messageBody": "",
            "insertions": 50,
            "deletions": 15
          },
          {
            "hash": "1deaaaeec585e8492b00f3e3f10053b30f796920",
            "messageTitle": "Enhance module done command to recompute cap after a module is marked done",
            "messageBody": "",
            "insertions": 40,
            "deletions": 3
          },
          {
            "hash": "f8baa491445cc63a56966409d6ba7aaa85ed19fa",
            "messageTitle": "Added stubs for course achieve command",
            "messageBody": "",
            "insertions": 54,
            "deletions": 1
          },
          {
            "hash": "cff5efe83b8069e07f4026ef1f1c24a2d9308386",
            "messageTitle": "Minor fixes to checkstyle",
            "messageBody": "",
            "insertions": 2,
            "deletions": 4
          },
          {
            "hash": "571ba47e42034ef1d3dc7e9c885631f5ca5fb08f",
            "messageTitle": "Clean-up code to follow consistent style",
            "messageBody": "",
            "insertions": 105,
            "deletions": 44
          }
        ]
      },
      {
        "insertions": 238,
        "deletions": 133,
        "date": "2020-04-02",
        "commitResults": [
          {
            "hash": "d90dc8ee173bef05cf8d2daff90abb8cca656201",
            "messageTitle": "Fix minor comments issues",
            "messageBody": "",
            "insertions": 1,
            "deletions": 1
          },
          {
            "hash": "5ddf3c3bd9e89fed174ae0aa21a174e720202704",
            "messageTitle": "Fix checkstyle",
            "messageBody": "",
            "insertions": 5,
            "deletions": 0
          },
          {
            "hash": "cc3c5cffdc4b1c28707f7a2bef61b231a819913b",
            "messageTitle": "Update ProgressSidePanel.fxml",
            "messageBody": "",
            "insertions": 5,
            "deletions": 8
          },
          {
            "hash": "59bacc49c5963e41112e7f76e0cfa884baa3cdec",
            "messageTitle": "Fix minor bugs in Course Commands",
            "messageBody": "",
            "insertions": 6,
            "deletions": 2
          },
          {
            "hash": "f89a0661a508d6bc26c3ef857d3f442be4d96e88",
            "messageTitle": "Fix help message inconsistency in ModuleAddAutoCommand",
            "messageBody": "",
            "insertions": 1,
            "deletions": 1
          },
          {
            "hash": "297fb3962e778b17a0ae9e25f43d61efa04bcff3",
            "messageTitle": "Standardise variable naming of Command classes",
            "messageBody": "",
            "insertions": 97,
            "deletions": 92
          },
          {
            "hash": "154d508ac19ce9cd0e8a4aa9b4b84b790e9948d2",
            "messageTitle": "Remove unnecessary CommandException thrown by addCourseInfo(..) model interface",
            "messageBody": "",
            "insertions": 2,
            "deletions": 4
          },
          {
            "hash": "d11289817633dacf1caa4917f47e3338116f4cea",
            "messageTitle": "Rename getRequirementByRequirementCode to getRequirement (in Model interface)",
            "messageBody": "",
            "insertions": 4,
            "deletions": 4
          },
          {
            "hash": "e633cd51b7666051c869f3a1c0044a9046846bd5",
            "messageTitle": "Change EditModuleDescriptor to static import for use within class",
            "messageBody": "",
            "insertions": 2,
            "deletions": 1
          },
          {
            "hash": "cc3630acfa077c8c07f837992050afd77a642839",
            "messageTitle": "Further modularise module done command logic",
            "messageBody": "",
            "insertions": 115,
            "deletions": 20
          }
        ]
      },
      {
        "insertions": 51,
        "deletions": 75,
        "date": "2020-04-03",
        "commitResults": [
          {
            "hash": "fcb96b88cf7651ca25729d4b6af84e9b8b223bfb",
            "messageTitle": "Move logic for updating of requirement credits to parser",
            "messageBody": "",
            "insertions": 26,
            "deletions": 64
          },
          {
            "hash": "aca0cdbbad258234bde38f8af156ccf14bcf2679",
            "messageTitle": "Fix checkstyle",
            "messageBody": "",
            "insertions": 1,
            "deletions": 1
          },
          {
            "hash": "07338dd5e356707c4ec9d327e081bd340af376c1",
            "messageTitle": "Fix shadowJar build",
            "messageBody": "",
            "insertions": 1,
            "deletions": 1
          },
          {
            "hash": "dea5cc3876c40bdf8eeb0494e204e866f06f58d2",
            "messageTitle": "Change font for side panel",
            "messageBody": "",
            "insertions": 5,
            "deletions": 5
          },
          {
            "hash": "15e998688a61305a0e34afe95e9c730214369d9b",
            "messageTitle": "Standardise course printing message to ui",
            "messageBody": "",
            "insertions": 15,
            "deletions": 3
          },
          {
            "hash": "933e984526d64eaa34b8650b391d6c033594977d",
            "messageTitle": "Fix course info (name) not updating after course delete",
            "messageBody": "",
            "insertions": 3,
            "deletions": 1
          }
        ]
      }
    ]
  },
  "authorFinalContributionMap": {
    "waynewee": 2588,
    "dargohzy": 739,
    "teriaiw": 370,
    "yjskrs": 3958,
    "nathanaelseen": 4124
  },
  "authorFileTypeContributionMap": {
    "waynewee": {
      "java": 1977,
      "md": 387,
      "fxml": 224,
      "sh": 0,
      "bat": 0,
      "gradle": 0,
      "txt": 0
    },
    "dargohzy": {
      "java": 543,
      "md": 0,
      "fxml": 196,
      "sh": 0,
      "bat": 0,
      "gradle": 0,
      "txt": 0
    },
    "teriaiw": {
      "java": 370,
      "md": 0,
      "fxml": 0,
      "sh": 0,
      "bat": 0,
      "gradle": 0,
      "txt": 0
    },
    "yjskrs": {
      "java": 3954,
      "md": 0,
      "fxml": 1,
      "sh": 0,
      "bat": 0,
      "gradle": 3,
      "txt": 0
    },
    "nathanaelseen": {
      "java": 4065,
      "md": 49,
      "fxml": 8,
      "sh": 0,
      "bat": 0,
      "gradle": 2,
      "txt": 0
    }
  },
  "authorContributionVariance": {
    "waynewee": 505099.28,
    "dargohzy": 14725.895,
    "teriaiw": 3703.2732,
    "yjskrs": 615021.06,
    "nathanaelseen": 148480.45
  },
  "authorDisplayNameMap": {
    "waynewee": "CS2103T-F09-3 WEE ..AYNE",
    "dargohzy": "CS2103T-F09-3 DARY..YUAN",
    "teriaiw": "CS2103T-F09-3 TERI.. MIN",
    "yjskrs": "CS2103T-F09-3 ZHU ..IJIE",
    "nathanaelseen": "CS2103T-F09-3 NATH..G QI"
  }
}
