{
  "authorDailyContributionsMap": {
    "dinhnhobao": [
      {
        "insertions": 196,
        "deletions": 0,
        "date": "2020-03-11",
        "commitResults": [
          {
            "hash": "d86d88a73f9d533233a27a787fb27dcf9b154b84",
            "messageTitle": "Add TaskInterface and Task class",
            "messageBody": "",
            "insertions": 163,
            "deletions": 0
          },
          {
            "hash": "8fb792677c1cca2ae266bf95e0fd9b43232f3a7d",
            "messageTitle": "Add TaskStub instance",
            "messageBody": "",
            "insertions": 33,
            "deletions": 0
          }
        ]
      },
      {
        "insertions": 517,
        "deletions": 119,
        "date": "2020-03-12",
        "commitResults": [
          {
            "hash": "e5bf07500d0a26e52fbdf5cd3c42f12f0e7d59c8",
            "messageTitle": "Use LocalDateTime instead of LocalDate and LocalTime",
            "messageBody": "",
            "insertions": 43,
            "deletions": 42
          },
          {
            "hash": "0205fa27e00ed0a1cca0b55c9b8ed8bce983430c",
            "messageTitle": "Implement basic functionalities for TaskList",
            "messageBody": "",
            "insertions": 184,
            "deletions": 0
          },
          {
            "hash": "16208bd326178faa54f2a761aba0ee6a11b37e11",
            "messageTitle": "Create stub for TaskList",
            "messageBody": "",
            "insertions": 7,
            "deletions": 39
          },
          {
            "hash": "eaaf9ca3d10db5a549f65436c4febca107c6ff9a",
            "messageTitle": "Create tests for Task",
            "messageBody": "",
            "insertions": 251,
            "deletions": 20
          },
          {
            "hash": "dfc7200a4b4158e0a318f07c92cfe3d64e9b117d",
            "messageTitle": "Fix Checkstyle",
            "messageBody": "",
            "insertions": 32,
            "deletions": 18
          }
        ]
      },
      {
        "insertions": 872,
        "deletions": 213,
        "date": "2020-03-16",
        "commitResults": [
          {
            "hash": "d9f6915d73df2d104a170fc6826db70987261b14",
            "messageTitle": "Implement minimal .fxml and .java for Task UI",
            "messageBody": "",
            "insertions": 55,
            "deletions": 0
          },
          {
            "hash": "0c5800a1c98124975b7ecb274f81466080b103d0",
            "messageTitle": "Handle switch to Task",
            "messageBody": "",
            "insertions": 11,
            "deletions": 1
          },
          {
            "hash": "c02d049c0a9562f2f5addfb5b8b15fbd3e1fe416",
            "messageTitle": "Update UI for TaskList",
            "messageBody": "",
            "insertions": 162,
            "deletions": 47
          },
          {
            "hash": "0bd23fb1f3e623460090d428183682e6b4e9f04d",
            "messageTitle": "Update Task implementation adhere to AB3",
            "messageBody": "",
            "insertions": 39,
            "deletions": 0
          },
          {
            "hash": "82691d3f305f3758798c77d9d5752abec6d44971",
            "messageTitle": "Implement Logic and Storage for Task component",
            "messageBody": "",
            "insertions": 316,
            "deletions": 22
          },
          {
            "hash": "ee6a54084820fb65567dd6d6bbee01e23e185d7a",
            "messageTitle": "Implement basic UI for Task component",
            "messageBody": "",
            "insertions": 24,
            "deletions": 34
          },
          {
            "hash": "19312ac521d5e05f03632cf0f888dd3db95328d6",
            "messageTitle": "Change String description to class Description",
            "messageBody": "",
            "insertions": 63,
            "deletions": 5
          },
          {
            "hash": "a1d4631525e700e6be5c0c20e81a5d1928133a70",
            "messageTitle": "Move Description to outer Model folder",
            "messageBody": "",
            "insertions": 5,
            "deletions": 3
          },
          {
            "hash": "786d93a7ccb9cd901cd00400ba269f7ad33f23de",
            "messageTitle": "Put DateTime attribute in a class",
            "messageBody": "",
            "insertions": 131,
            "deletions": 33
          },
          {
            "hash": "d870f064fd4fc58bb44edecb9c8d812f5288bc12",
            "messageTitle": "Move Description class, part 2",
            "messageBody": "",
            "insertions": 3,
            "deletions": 3
          },
          {
            "hash": "1334e8777f0fcfaeccd5e01065fc2768173f5360",
            "messageTitle": "Add Parser for Task",
            "messageBody": "",
            "insertions": 63,
            "deletions": 65
          }
        ]
      },
      {
        "insertions": 1651,
        "deletions": 1024,
        "date": "2020-03-17",
        "commitResults": [
          {
            "hash": "7a70e59e9594dd7dc685e62d358864444e46395d",
            "messageTitle": "Change Calendar\u0027s dummy test cases",
            "messageBody": "",
            "insertions": 4,
            "deletions": 2
          },
          {
            "hash": "c88db12856fa934d2ad56d116f46aaecbd53a92b",
            "messageTitle": "Complete Task\u0027s add without Storage",
            "messageBody": "",
            "insertions": 22,
            "deletions": 21
          },
          {
            "hash": "7e2dfeb79ced1c6abf75f701c9602d18883f3f1a",
            "messageTitle": "Complete Task\u0027s add command with Storage",
            "messageBody": "",
            "insertions": 328,
            "deletions": 3
          },
          {
            "hash": "10b07560fbd6e48e25e361bb70dd395f9370fb77",
            "messageTitle": "Implement basic UI for Tasks tab",
            "messageBody": "",
            "insertions": 28,
            "deletions": 15
          },
          {
            "hash": "d7b66e55384db980f9f54ce2f9ed2def9e862266",
            "messageTitle": "Implement skeleton files for Command",
            "messageBody": "",
            "insertions": 574,
            "deletions": 0
          },
          {
            "hash": "86a86a30767a80d2bd7e175d1dd462a8a719f950",
            "messageTitle": "Fix Checkstyle 1",
            "messageBody": "",
            "insertions": 62,
            "deletions": 426
          },
          {
            "hash": "058e30e1f9bd557e57d9ae8b3186c64bc0b7c288",
            "messageTitle": "Resolve Merge conflict and fix Checkstyle 2",
            "messageBody": "",
            "insertions": 477,
            "deletions": 4
          },
          {
            "hash": "c852e30dc8efe7dab9a62a583d83c93f59761a9e",
            "messageTitle": "Fix Checkstyle after merge",
            "messageBody": "",
            "insertions": 15,
            "deletions": 18
          },
          {
            "hash": "b4e138a3b07386196bb02a7e7a7bd240e68cf60a",
            "messageTitle": "Even more merge conflict and checkstyle",
            "messageBody": "",
            "insertions": 117,
            "deletions": 35
          },
          {
            "hash": "d742b28d00567846e5aef8c50f92ca1a568e002c",
            "messageTitle": "Update based on PR reviews",
            "messageBody": "",
            "insertions": 20,
            "deletions": 490
          },
          {
            "hash": "b7ed080153402f97d36a5196c6652455dbad235e",
            "messageTitle": "Change build",
            "messageBody": "",
            "insertions": 4,
            "deletions": 10
          }
        ]
      },
      {
        "insertions": 230,
        "deletions": 32,
        "date": "2020-03-24",
        "commitResults": [
          {
            "hash": "20d0728630ea534ac8d6bf9fc0214987bba580d2",
            "messageTitle": "Implement task view Command",
            "messageBody": "",
            "insertions": 30,
            "deletions": 4
          },
          {
            "hash": "7f069e6f2b1f7a3996f52864dbd73724851028d4",
            "messageTitle": "Implement task find by description",
            "messageBody": "",
            "insertions": 84,
            "deletions": 12
          },
          {
            "hash": "5c7b515ca595f7c7069c444cb1a398fb78281bba",
            "messageTitle": "Add UI messages",
            "messageBody": "",
            "insertions": 1,
            "deletions": 0
          },
          {
            "hash": "cfd3f7c97d72792e90d1d21f187ab25cccbe6aae",
            "messageTitle": "Implement task view Command",
            "messageBody": "",
            "insertions": 30,
            "deletions": 4
          },
          {
            "hash": "97a0a0a3dc95aef6f76967cc17f0d7fa4ac1361c",
            "messageTitle": "Implement task find by description",
            "messageBody": "",
            "insertions": 84,
            "deletions": 12
          },
          {
            "hash": "eee04b03085b4213da5f37873efbd2cf63b4fed6",
            "messageTitle": "Add UI messages",
            "messageBody": "",
            "insertions": 1,
            "deletions": 0
          }
        ]
      },
      {
        "insertions": 408,
        "deletions": 98,
        "date": "2020-03-25",
        "commitResults": [
          {
            "hash": "ddc2aa0470d644edf9c2291b66d2c0d332013eb4",
            "messageTitle": "Implement time filter, all compulsory fields",
            "messageBody": "",
            "insertions": 253,
            "deletions": 4
          },
          {
            "hash": "7aee9ba32a490acf4253f3739e3e22e67e79fd91",
            "messageTitle": "Implement find task by description case-insensitive",
            "messageBody": "",
            "insertions": 55,
            "deletions": 1
          },
          {
            "hash": "7638cdbf36137711066ef51437b86b0f1e77d948",
            "messageTitle": "Implement filter by time for variable arguments",
            "messageBody": "",
            "insertions": 8,
            "deletions": 17
          },
          {
            "hash": "fa05b36a5a04b4a26d976f39a100a2ff7dae1df5",
            "messageTitle": "Rename task filter to search",
            "messageBody": "",
            "insertions": 59,
            "deletions": 49
          },
          {
            "hash": "79f37e70388a9df216bd0f64b06a7492f594899a",
            "messageTitle": "Fix Checkstyle",
            "messageBody": "",
            "insertions": 26,
            "deletions": 20
          },
          {
            "hash": "7a89b6ef676de77a938785c9c3185f8db40b9c1d",
            "messageTitle": "Fix Documentation",
            "messageBody": "",
            "insertions": 7,
            "deletions": 7
          }
        ]
      },
      {
        "insertions": 2,
        "deletions": 2,
        "date": "2020-03-26",
        "commitResults": [
          {
            "hash": "f81ebd3a0665ba94c1f28c19351743f47102b597",
            "messageTitle": "Update DG, task add and search by time",
            "messageBody": "",
            "insertions": 1,
            "deletions": 1
          },
          {
            "hash": "150998ee91b21e5e0baee8f09189b89fb50021f3",
            "messageTitle": "Update version number for release",
            "messageBody": "",
            "insertions": 1,
            "deletions": 1
          }
        ]
      }
    ],
    "NNpanpan": [
      {
        "insertions": 389,
        "deletions": 649,
        "date": "2020-03-10",
        "commitResults": [
          {
            "hash": "aadadb7feda8c9e8b3ed11a1177eb1f665a7a167",
            "messageTitle": "Basic commands collected in the facil package - Same principles for other commands",
            "messageBody": "",
            "insertions": 389,
            "deletions": 649
          }
        ]
      },
      {
        "insertions": 137,
        "deletions": 133,
        "date": "2020-03-11",
        "commitResults": [
          {
            "hash": "f76bd333234784b6595cac6035f19b0b3939bb31",
            "messageTitle": "Checkstyle-d",
            "messageBody": "",
            "insertions": 107,
            "deletions": 108
          },
          {
            "hash": "262c692cf0baf051c03abbbb24565487ad5b8d4b",
            "messageTitle": "Built again",
            "messageBody": "",
            "insertions": 30,
            "deletions": 25
          }
        ]
      },
      {
        "insertions": 14,
        "deletions": 11,
        "date": "2020-03-13",
        "commitResults": [
          {
            "hash": "96afbc626264556a27ff58c7abf4e5fe6cfe6aad",
            "messageTitle": "Refactored LessonType to a separate file",
            "messageBody": "",
            "insertions": 9,
            "deletions": 6
          },
          {
            "hash": "32d54e493f8dbf6d93848a1b53c9cadd6398ebfa",
            "messageTitle": "Changed TaskListInterface a bit - no public",
            "messageBody": "",
            "insertions": 5,
            "deletions": 5
          }
        ]
      },
      {
        "insertions": 140,
        "deletions": 40,
        "date": "2020-03-15",
        "commitResults": [
          {
            "hash": "6d142abf22da4f582761f8442e55e8067c4c57b4",
            "messageTitle": "CommandBox always clears",
            "messageBody": "",
            "insertions": 1,
            "deletions": 0
          },
          {
            "hash": "88dad9df898d08877d0fa7b799cd864859be4eb3",
            "messageTitle": "facil add throws error only when code is also missing",
            "messageBody": "",
            "insertions": 8,
            "deletions": 8
          },
          {
            "hash": "9bb4cf4e2ff7baa54a07793f593ee56c0f9b9deb",
            "messageTitle": "command command -\u003e cmd command ...",
            "messageBody": "",
            "insertions": 2,
            "deletions": 2
          },
          {
            "hash": "55c8023aa41335b20d322a2b4a6a74ba28862a96",
            "messageTitle": "Stub code for CMD - More static stuff in places",
            "messageBody": "",
            "insertions": 129,
            "deletions": 30
          }
        ]
      },
      {
        "insertions": 225,
        "deletions": 85,
        "date": "2020-03-17",
        "commitResults": [
          {
            "hash": "73228200dcb2f30666272ad35daeac3ac8a63b0b",
            "messageTitle": "fix typo",
            "messageBody": "",
            "insertions": 1,
            "deletions": 1
          },
          {
            "hash": "fdadcdc35d795af77989b76896d2dc3bdb7c0d44",
            "messageTitle": "Menial changes",
            "messageBody": "",
            "insertions": 4,
            "deletions": 0
          },
          {
            "hash": "702cfc017b136b5062f9ed4827ddc18d475c2f6a",
            "messageTitle": "Common interface for stuff on calendar",
            "messageBody": "",
            "insertions": 10,
            "deletions": 1
          },
          {
            "hash": "9be32fd67cf334a488fe560d9effad5b2a9ae91e",
            "messageTitle": "meh",
            "messageBody": "",
            "insertions": 40,
            "deletions": 29
          },
          {
            "hash": "37c4c263496d1778bf53701ec3d60d630f739be9",
            "messageTitle": "Lessons and Tasks are sorted in Calendar",
            "messageBody": "",
            "insertions": 170,
            "deletions": 54
          }
        ]
      },
      {
        "insertions": 106,
        "deletions": 99,
        "date": "2020-03-18",
        "commitResults": [
          {
            "hash": "6e3e812425822c2b01802b48633bab6b36c135de",
            "messageTitle": "stub",
            "messageBody": "",
            "insertions": 27,
            "deletions": 45
          },
          {
            "hash": "4393046dfd4f0db9f8e78ffc9f451fa00e833b7c",
            "messageTitle": "Vertical view for calendar",
            "messageBody": "",
            "insertions": 18,
            "deletions": 20
          },
          {
            "hash": "ccacf466e7197ab03ab5417e9d9264c2658c8f5f",
            "messageTitle": "Built",
            "messageBody": "",
            "insertions": 0,
            "deletions": 9
          },
          {
            "hash": "6662794d33eae902ef375e127af89330f9bb3936",
            "messageTitle": "Task has ModCode as an attribute",
            "messageBody": "",
            "insertions": 57,
            "deletions": 22
          },
          {
            "hash": "d340186b59a48554df6a0be906f4f3136813c3f1",
            "messageTitle": "Build check",
            "messageBody": "",
            "insertions": 4,
            "deletions": 3
          }
        ]
      },
      {
        "insertions": 336,
        "deletions": 487,
        "date": "2020-03-19",
        "commitResults": [
          {
            "hash": "f373fcda2c3ed9cbf53e3d5d314c07837884353d",
            "messageTitle": "Task revamped",
            "messageBody": "",
            "insertions": 336,
            "deletions": 487
          }
        ]
      },
      {
        "insertions": 239,
        "deletions": 62,
        "date": "2020-03-22",
        "commitResults": [
          {
            "hash": "f982b73514e222e9e9b40004a67966065f81aee7",
            "messageTitle": "Can edit module with ModuleCode",
            "messageBody": "",
            "insertions": 73,
            "deletions": 25
          },
          {
            "hash": "0b7a3456165626df3676472833e647ea937f5482",
            "messageTitle": "Mod delete using ModCode + ModuleCode regex",
            "messageBody": "",
            "insertions": 84,
            "deletions": 14
          },
          {
            "hash": "edca263f889cdb25a93b4714b0e2acb12fdde506",
            "messageTitle": "Mod delete to delete related tasks + O(n) deletion for facil and tasks",
            "messageBody": "",
            "insertions": 80,
            "deletions": 22
          },
          {
            "hash": "764ecd088134e62317b288436ba0719a5c1b76ca",
            "messageTitle": "Fix",
            "messageBody": "",
            "insertions": 2,
            "deletions": 1
          }
        ]
      },
      {
        "insertions": 277,
        "deletions": 32,
        "date": "2020-03-23",
        "commitResults": [
          {
            "hash": "5286a3b3e50d2d68962789a8ff823650672c08ad",
            "messageTitle": "cmd group command",
            "messageBody": "",
            "insertions": 149,
            "deletions": 4
          },
          {
            "hash": "0d4dec9186818f1d38f63ed0338b232f087d69ab",
            "messageTitle": "fixing",
            "messageBody": "",
            "insertions": 27,
            "deletions": 10
          },
          {
            "hash": "ea17f8dcc143df431a82a0bfb71e5eee84a902d9",
            "messageTitle": "more fix",
            "messageBody": "",
            "insertions": 4,
            "deletions": 1
          },
          {
            "hash": "bbcef9cffdc0c05e01963935e06e4e988459247b",
            "messageTitle": "cmd all command",
            "messageBody": "",
            "insertions": 43,
            "deletions": 4
          },
          {
            "hash": "08b2fa25380548d7404f6c2eb73123e06d26ecfe",
            "messageTitle": "Parses module codes in a row for facil add/edit",
            "messageBody": "",
            "insertions": 49,
            "deletions": 10
          },
          {
            "hash": "5efd5eb8c7e55f44f6c4b77f0693acef8ea6880c",
            "messageTitle": "ScheduleTask comparison",
            "messageBody": "",
            "insertions": 5,
            "deletions": 3
          }
        ]
      },
      {
        "insertions": 24,
        "deletions": 12,
        "date": "2020-03-24",
        "commitResults": [
          {
            "hash": "f49ad721f8b671cccab9aa6998f54997db2bef28",
            "messageTitle": "Task add throws when mod code doesn\u0027t exist",
            "messageBody": "",
            "insertions": 24,
            "deletions": 12
          }
        ]
      },
      {
        "insertions": 118,
        "deletions": 51,
        "date": "2020-03-25",
        "commitResults": [
          {
            "hash": "c51e93ec758cf25d0587509f9bf1075778a8954c",
            "messageTitle": "Ui Class diagram \u0026 UI refactoring",
            "messageBody": "",
            "insertions": 42,
            "deletions": 17
          },
          {
            "hash": "ea438b49d7df377d1d4fb4d04f359fd04f21060f",
            "messageTitle": "Catch wrong date time parsing",
            "messageBody": "",
            "insertions": 54,
            "deletions": 22
          },
          {
            "hash": "d1dc0f85df027731478740e2084392815c7dd893",
            "messageTitle": "The failed built was surprising ...",
            "messageBody": "",
            "insertions": 22,
            "deletions": 12
          }
        ]
      },
      {
        "insertions": 389,
        "deletions": 83,
        "date": "2020-03-27",
        "commitResults": [
          {
            "hash": "8aa58f9677dedc1efd209519e7eaebbf1e4b1a41",
            "messageTitle": "Basis for Task Edit",
            "messageBody": "",
            "insertions": 290,
            "deletions": 61
          },
          {
            "hash": "639ca42f0f59801ff29b7a4fa5a00d9d43cccd9a",
            "messageTitle": "TaskEditCommand perhaps done",
            "messageBody": "",
            "insertions": 99,
            "deletions": 22
          }
        ]
      },
      {
        "insertions": 378,
        "deletions": 162,
        "date": "2020-03-28",
        "commitResults": [
          {
            "hash": "5436dc9c845b738d1511a535b00427a71ce2d83e",
            "messageTitle": "TaskEdit basically done",
            "messageBody": "",
            "insertions": 122,
            "deletions": 46
          },
          {
            "hash": "9a2d88b473d41c3f9c9839508e8ab5602bd776e5",
            "messageTitle": "Fixes and done with task edit",
            "messageBody": "",
            "insertions": 112,
            "deletions": 95
          },
          {
            "hash": "7df467d6ebcdda7b04016743a4fdf3b1ed4c64cd",
            "messageTitle": "Some minor change",
            "messageBody": "",
            "insertions": 9,
            "deletions": 4
          },
          {
            "hash": "8c3cb0fe0c69305aaa814aa664bb495da2c4cefc",
            "messageTitle": "task delete",
            "messageBody": "",
            "insertions": 134,
            "deletions": 16
          },
          {
            "hash": "6eafbc41bfd94e8212fab4137998e09622c23213",
            "messageTitle": "Wrap time in calendar card",
            "messageBody": "",
            "insertions": 1,
            "deletions": 1
          }
        ]
      },
      {
        "insertions": 220,
        "deletions": 51,
        "date": "2020-03-29",
        "commitResults": [
          {
            "hash": "5bb691542c0be876df98c43d902d4d136e4339a3",
            "messageTitle": "facil edit with exact name",
            "messageBody": "",
            "insertions": 62,
            "deletions": 10
          },
          {
            "hash": "b2fe50390505d98d48344adfef443b3afbf7e2a6",
            "messageTitle": "patches",
            "messageBody": "",
            "insertions": 7,
            "deletions": 8
          },
          {
            "hash": "e11eae22493a2ce659b9f44d3a753cf4deabe079",
            "messageTitle": "facil delete with complete name",
            "messageBody": "",
            "insertions": 71,
            "deletions": 12
          },
          {
            "hash": "7defddf707d10787fd15e36074cf2d90b6f936b2",
            "messageTitle": "facil delete with partial name",
            "messageBody": "",
            "insertions": 31,
            "deletions": 6
          },
          {
            "hash": "1b03d7dff90b48f8e8977169ab6bd406b78e9a82",
            "messageTitle": "Making gradle happy",
            "messageBody": "",
            "insertions": 6,
            "deletions": 3
          },
          {
            "hash": "98d5df3df25988c12df11c3798987b1a4c80e53b",
            "messageTitle": "facil edit with partial name",
            "messageBody": "",
            "insertions": 31,
            "deletions": 8
          },
          {
            "hash": "a3062e520e6d0fb2c93d02c88b935269b43837ce",
            "messageTitle": "Some fix",
            "messageBody": "",
            "insertions": 12,
            "deletions": 4
          }
        ]
      }
    ],
    "alushingg": [
      {
        "insertions": 175,
        "deletions": 38,
        "date": "2020-03-08",
        "commitResults": [
          {
            "hash": "5c6c3d6b945b9e8b31dec0d57f13290ee1a1f26f",
            "messageTitle": "add tabs for facilitators and calendar",
            "messageBody": "",
            "insertions": 153,
            "deletions": 15
          },
          {
            "hash": "3fd49ac8e5d6a1d98b1cecf50c6d7806e86a6fa4",
            "messageTitle": "remove whitespaces for prefixes",
            "messageBody": "",
            "insertions": 22,
            "deletions": 23
          }
        ]
      },
      {
        "insertions": 47,
        "deletions": 10,
        "date": "2020-03-09",
        "commitResults": [
          {
            "hash": "33b430e42768c9d5437013783ed4a446319866b9",
            "messageTitle": "update parser for \u0027facil\u0027",
            "messageBody": "",
            "insertions": 47,
            "deletions": 10
          }
        ]
      },
      {
        "insertions": 153,
        "deletions": 40,
        "date": "2020-03-10",
        "commitResults": [
          {
            "hash": "3c8463ff540b468aa358d3d3f6e75fda537452f6",
            "messageTitle": "create basic module class",
            "messageBody": "",
            "insertions": 118,
            "deletions": 5
          },
          {
            "hash": "06b130e4dfd27e346f29fef8766b44c5f09cc1ec",
            "messageTitle": "replace address book with mod manager in some files",
            "messageBody": "",
            "insertions": 35,
            "deletions": 35
          }
        ]
      },
      {
        "insertions": 312,
        "deletions": 198,
        "date": "2020-03-12",
        "commitResults": [
          {
            "hash": "3ec105205dde186352a56a6ec8132f595cec7871",
            "messageTitle": "minor changes to tests",
            "messageBody": "",
            "insertions": 138,
            "deletions": 137
          },
          {
            "hash": "24c534fcce660ba99f6d46490c1967a57a030a77",
            "messageTitle": "add basic class for calendar",
            "messageBody": "",
            "insertions": 115,
            "deletions": 0
          },
          {
            "hash": "8e522b33f538ba2dea4c094b29a53b4170394537",
            "messageTitle": "putting command words together",
            "messageBody": "",
            "insertions": 14,
            "deletions": 16
          },
          {
            "hash": "3d35eb3924433f1ef0bfd0ac973ed2d8b818da30",
            "messageTitle": "refactor facil package to facilitator",
            "messageBody": "",
            "insertions": 45,
            "deletions": 45
          }
        ]
      },
      {
        "insertions": 694,
        "deletions": 168,
        "date": "2020-03-15",
        "commitResults": [
          {
            "hash": "837e43b6586041a6832115efcdbf6aee1fae6b01",
            "messageTitle": "changes to storage",
            "messageBody": "",
            "insertions": 42,
            "deletions": 117
          },
          {
            "hash": "03250c6ef1cfbbac287ab618d35dfe409974e844",
            "messageTitle": "calendar view command and parser",
            "messageBody": "",
            "insertions": 234,
            "deletions": 4
          },
          {
            "hash": "935e8f7cda7ffc83c5b883863dae7421df5d50b8",
            "messageTitle": "add panel, card for calendar",
            "messageBody": "",
            "insertions": 174,
            "deletions": 19
          },
          {
            "hash": "9b3feac3cd6c963db33d58eeb1cede3f171d3ec6",
            "messageTitle": "view dummy tasks and classes in calendar",
            "messageBody": "",
            "insertions": 148,
            "deletions": 26
          },
          {
            "hash": "57d36cefee6f7547a0e974939d42424974b92473",
            "messageTitle": "some simple tests",
            "messageBody": "",
            "insertions": 81,
            "deletions": 2
          },
          {
            "hash": "06ed2b50a7151854455bdb3c94e707ed8e86a16a",
            "messageTitle": "add sample data for modules",
            "messageBody": "",
            "insertions": 15,
            "deletions": 0
          }
        ]
      },
      {
        "insertions": 1,
        "deletions": 1,
        "date": "2020-03-16",
        "commitResults": [
          {
            "hash": "f5fa183b35bc7b5e55cca950306d0ae720872c66",
            "messageTitle": "Update ParserUtil.java",
            "messageBody": "",
            "insertions": 1,
            "deletions": 1
          }
        ]
      },
      {
        "insertions": 231,
        "deletions": 72,
        "date": "2020-03-18",
        "commitResults": [
          {
            "hash": "ca355577401397136083156968c61de222b6aca0",
            "messageTitle": "calendar grow downwards",
            "messageBody": "",
            "insertions": 4,
            "deletions": 9
          },
          {
            "hash": "dffa873c75bddc41b90cc623438ed6fca4ab160f",
            "messageTitle": "add view for facil in a mod",
            "messageBody": "",
            "insertions": 142,
            "deletions": 8
          },
          {
            "hash": "09462bf97bcf51366b583bfb1b1933a61aa26ab9",
            "messageTitle": "base ui for mod view\u0027",
            "messageBody": "",
            "insertions": 78,
            "deletions": 53
          },
          {
            "hash": "8bd206cde1e2c61a4f9acc6543eda006defa5133",
            "messageTitle": "checkstyle",
            "messageBody": "",
            "insertions": 1,
            "deletions": 1
          },
          {
            "hash": "4d99a753276514226dcfb398bb2f1d966dfd2f36",
            "messageTitle": "minor change",
            "messageBody": "",
            "insertions": 6,
            "deletions": 1
          }
        ]
      },
      {
        "insertions": 5,
        "deletions": 7,
        "date": "2020-03-19",
        "commitResults": [
          {
            "hash": "6c74c623f42118a674f29f08ee59211f1e938351",
            "messageTitle": "make the lesson appear on correct day in calendar",
            "messageBody": "",
            "insertions": 1,
            "deletions": 1
          },
          {
            "hash": "8ed53c1dd55b76f07472a77a6d13a5dd6f6a9f9e",
            "messageTitle": "package descriptiontest to the correct one",
            "messageBody": "",
            "insertions": 4,
            "deletions": 6
          }
        ]
      },
      {
        "insertions": 128,
        "deletions": 111,
        "date": "2020-03-20",
        "commitResults": [
          {
            "hash": "b61c1e9d031c7286cf6ea739f29d4c5b8d28f474",
            "messageTitle": "show full description in calendar instead of ...",
            "messageBody": "",
            "insertions": 5,
            "deletions": 5
          },
          {
            "hash": "d5061c2555e6513f145bb97bd0f424e56ddc42a7",
            "messageTitle": "module tab merge",
            "messageBody": "",
            "insertions": 40,
            "deletions": 47
          },
          {
            "hash": "e63d253027bdcd72fb8d51a41535ea16d2b6bb55",
            "messageTitle": "remove CommandResultUi class and use CommandResult",
            "messageBody": "",
            "insertions": 83,
            "deletions": 59
          }
        ]
      },
      {
        "insertions": 176,
        "deletions": 16,
        "date": "2020-03-21",
        "commitResults": [
          {
            "hash": "9180fcbb236c3fdee957a0edbc5b726e6fb70987",
            "messageTitle": "Update MainWindow.java",
            "messageBody": "",
            "insertions": 0,
            "deletions": 1
          },
          {
            "hash": "f906c90290c83c3c8f93259f46ce17fd7a80938c",
            "messageTitle": "some ui changes to mod",
            "messageBody": "",
            "insertions": 13,
            "deletions": 7
          },
          {
            "hash": "e5163cb39b1f98e38cb4270b5b9ffbbb3873fc83",
            "messageTitle": "rearrange tasks with no time",
            "messageBody": "",
            "insertions": 18,
            "deletions": 6
          },
          {
            "hash": "47dbad5186d737367696eb3b30a29cf9a4cb4ba2",
            "messageTitle": "make facil sorted",
            "messageBody": "",
            "insertions": 22,
            "deletions": 1
          },
          {
            "hash": "68263e6fc10c104008ee5ada492e8aafc185e896",
            "messageTitle": "base cal find",
            "messageBody": "",
            "insertions": 123,
            "deletions": 1
          }
        ]
      },
      {
        "insertions": 115,
        "deletions": 36,
        "date": "2020-03-23",
        "commitResults": [
          {
            "hash": "3560f1b068d1ef912d2eea3e29c15badb7fb62f1",
            "messageTitle": "Add new line to rerun checks",
            "messageBody": "",
            "insertions": 1,
            "deletions": 0
          },
          {
            "hash": "3370613fe48be1896542f3ba9a4151979cb9b3a3",
            "messageTitle": "mod edit and delete msg and ug",
            "messageBody": "",
            "insertions": 18,
            "deletions": 26
          },
          {
            "hash": "39f35aab8b2fc411be99bafa420be931abddd136",
            "messageTitle": "implement cal find empty command",
            "messageBody": "",
            "insertions": 87,
            "deletions": 2
          },
          {
            "hash": "896593ecaeba1697fd3bbabae717445635ae0ffe",
            "messageTitle": "refactor addressbookparser to modmanagerparser",
            "messageBody": "",
            "insertions": 9,
            "deletions": 7
          },
          {
            "hash": "fdaf04ccbdb94cbcef231f5204c061b1b698a099",
            "messageTitle": "make appveyor happy",
            "messageBody": "",
            "insertions": 0,
            "deletions": 1
          }
        ]
      },
      {
        "insertions": 279,
        "deletions": 270,
        "date": "2020-03-25",
        "commitResults": [
          {
            "hash": "b789d69842bf5a93276f5bb952a9d028fc8b9604",
            "messageTitle": "refactor addressbook.java and readonlyaddressbook.java",
            "messageBody": "",
            "insertions": 249,
            "deletions": 248
          },
          {
            "hash": "b6c11c24ad0d0fc25ca4a93f3a5e5757c9ea355a",
            "messageTitle": "minor change to dg",
            "messageBody": "",
            "insertions": 8,
            "deletions": 8
          },
          {
            "hash": "56d2380fadc71bb270bc921eb8527da181353f4e",
            "messageTitle": "ug section 2.2 and others",
            "messageBody": "",
            "insertions": 22,
            "deletions": 14
          }
        ]
      },
      {
        "insertions": 76,
        "deletions": 7,
        "date": "2020-03-26",
        "commitResults": [
          {
            "hash": "029aa1cdae2e58997d064028ade1d5ea5592bb5f",
            "messageTitle": "minor change to task storage and ui",
            "messageBody": "",
            "insertions": 76,
            "deletions": 7
          }
        ]
      },
      {
        "insertions": 34,
        "deletions": 31,
        "date": "2020-03-27",
        "commitResults": [
          {
            "hash": "061f1de6662b4d135c31ea2d14abe5a5af143c3b",
            "messageTitle": "minor change to ui",
            "messageBody": "",
            "insertions": 8,
            "deletions": 5
          },
          {
            "hash": "167b5e9f2810f6e6bdb5289b649ae74bffe54b72",
            "messageTitle": "refactor some addressbook to modmanager",
            "messageBody": "",
            "insertions": 26,
            "deletions": 26
          }
        ]
      },
      {
        "insertions": 154,
        "deletions": 16,
        "date": "2020-03-28",
        "commitResults": [
          {
            "hash": "b5feaf24da6596b2f89ad42fd962d27aba943584",
            "messageTitle": "test for cal command and parser",
            "messageBody": "",
            "insertions": 154,
            "deletions": 16
          }
        ]
      },
      {
        "insertions": 27,
        "deletions": 20,
        "date": "2020-03-30",
        "commitResults": [
          {
            "hash": "7df151862cfc7292eee2e76f928d50333a5f1697",
            "messageTitle": "minor stuff",
            "messageBody": "",
            "insertions": 26,
            "deletions": 19
          },
          {
            "hash": "aca4efed49d3ffac3bb4691f89663d14b1d9d408",
            "messageTitle": "Make travis happy",
            "messageBody": "",
            "insertions": 1,
            "deletions": 0
          },
          {
            "hash": "dd9267f61d0070ce9649b75241367ceff2a1430d",
            "messageTitle": "Update ModuleDeleteCommandParser.java",
            "messageBody": "",
            "insertions": 0,
            "deletions": 1
          }
        ]
      }
    ],
    "heidicrq": [
      {
        "insertions": 156,
        "deletions": 16,
        "date": "2020-03-09",
        "commitResults": [
          {
            "hash": "f8cff65bb0b4fe95ecb0f8d2cc2a02f5f63fa03e",
            "messageTitle": "allow the window to maximise upon launching the app",
            "messageBody": "",
            "insertions": 1,
            "deletions": 0
          },
          {
            "hash": "276ec6705006304bcceb5f5ac4d171b84ee57a57",
            "messageTitle": "add basic functions for the lesson feature",
            "messageBody": "",
            "insertions": 123,
            "deletions": 0
          },
          {
            "hash": "c795f541a0662a51a13855e070912d225ff6aecd",
            "messageTitle": "checkstyle",
            "messageBody": "",
            "insertions": 22,
            "deletions": 16
          },
          {
            "hash": "7c219c721dc48e4381ecb72c7e3bb7932991f865",
            "messageTitle": "add javadoc comment",
            "messageBody": "",
            "insertions": 10,
            "deletions": 0
          }
        ]
      },
      {
        "insertions": 138,
        "deletions": 8,
        "date": "2020-03-12",
        "commitResults": [
          {
            "hash": "99ef64c8a2eed33dd3c154190214e89da9212d7c",
            "messageTitle": "add LessonPanel for GUI",
            "messageBody": "",
            "insertions": 46,
            "deletions": 0
          },
          {
            "hash": "eeab5171fc17445069105565bf51665e6bb8b4cc",
            "messageTitle": "add ModuleDetailsPanel for GUI",
            "messageBody": "",
            "insertions": 42,
            "deletions": 0
          },
          {
            "hash": "27136253ff0153a1af33c5ccb23c5c28f3557f1d",
            "messageTitle": "add lessons and module details into main window",
            "messageBody": "",
            "insertions": 22,
            "deletions": 4
          },
          {
            "hash": "99109d2dc442f247504a3226407c242ac78846f6",
            "messageTitle": "add lesson list",
            "messageBody": "",
            "insertions": 28,
            "deletions": 0
          },
          {
            "hash": "0935ed50e0bac8256b57ca253abba5b22edec2c0",
            "messageTitle": "make checkstyle happy",
            "messageBody": "",
            "insertions": 0,
            "deletions": 4
          }
        ]
      },
      {
        "insertions": 160,
        "deletions": 1,
        "date": "2020-03-15",
        "commitResults": [
          {
            "hash": "d23d6786e87306aee89d3fc803a4a7ebe8570c71",
            "messageTitle": "complete lesson and lessonlist class",
            "messageBody": "",
            "insertions": 139,
            "deletions": 1
          },
          {
            "hash": "9b1cdb0e7b7f8a70bce6fd147c292ed8f020e353",
            "messageTitle": "add exceptions for lesson",
            "messageBody": "",
            "insertions": 21,
            "deletions": 0
          }
        ]
      },
      {
        "insertions": 593,
        "deletions": 65,
        "date": "2020-03-16",
        "commitResults": [
          {
            "hash": "76887ec421f04deaf1450bef682e201cdd077c5f",
            "messageTitle": "complete add command",
            "messageBody": "",
            "insertions": 431,
            "deletions": 9
          },
          {
            "hash": "ee76dad78e1fabf462baed4e73d0982af6bf8a6c",
            "messageTitle": "checkstyle",
            "messageBody": "",
            "insertions": 162,
            "deletions": 56
          }
        ]
      },
      {
        "insertions": 614,
        "deletions": 22,
        "date": "2020-03-17",
        "commitResults": [
          {
            "hash": "b32cca45059b124e51dc49e8cf2baface2b1602d",
            "messageTitle": "implement lesson edit command",
            "messageBody": "",
            "insertions": 309,
            "deletions": 13
          },
          {
            "hash": "4b2d27059c6de90aa0b9684b8123f5408adefd24",
            "messageTitle": "implement lesson list command",
            "messageBody": "",
            "insertions": 45,
            "deletions": 3
          },
          {
            "hash": "04b7583d0ac283e158ea0d69da6e93f131b30a12",
            "messageTitle": "implement lesson delete command",
            "messageBody": "",
            "insertions": 87,
            "deletions": 0
          },
          {
            "hash": "c720c695ce802e51a6a2c85efa5d02c892161411",
            "messageTitle": "implement lesson find command",
            "messageBody": "",
            "insertions": 173,
            "deletions": 6
          }
        ]
      },
      {
        "insertions": 49,
        "deletions": 98,
        "date": "2020-03-18",
        "commitResults": [
          {
            "hash": "be2d03e669bd8f3c6bed2f580e556eb7fb3422ff",
            "messageTitle": "remove facil for lesson",
            "messageBody": "",
            "insertions": 25,
            "deletions": 70
          },
          {
            "hash": "bdb98af495de2ac9e67400fbb0d496a5f0460985",
            "messageTitle": "throws exception when start time is later than end time",
            "messageBody": "",
            "insertions": 23,
            "deletions": 22
          },
          {
            "hash": "7eebb44edb6f30b044eb55da537c294b0325ef3f",
            "messageTitle": "make checkstyle happy",
            "messageBody": "",
            "insertions": 0,
            "deletions": 5
          },
          {
            "hash": "ab11822196d77a80b17598d056fb8b0f679476ad",
            "messageTitle": "update",
            "messageBody": "",
            "insertions": 1,
            "deletions": 1
          }
        ]
      },
      {
        "insertions": 163,
        "deletions": 10,
        "date": "2020-03-19",
        "commitResults": [
          {
            "hash": "e325af2387bc79582fbdfc0679dcd95d22158ea8",
            "messageTitle": "gui files for lesson but can\u0027t display anything yet",
            "messageBody": "",
            "insertions": 155,
            "deletions": 5
          },
          {
            "hash": "f58e930567ff43b5c2cb1cdcc21c7631d01e2cf3",
            "messageTitle": "make checkstyle happy",
            "messageBody": "",
            "insertions": 8,
            "deletions": 5
          }
        ]
      },
      {
        "insertions": 174,
        "deletions": 16,
        "date": "2020-03-23",
        "commitResults": [
          {
            "hash": "b36382e50caab6787646d2e34e915c98cc1ec104",
            "messageTitle": "lesson storage",
            "messageBody": "",
            "insertions": 163,
            "deletions": 2
          },
          {
            "hash": "7c3ff484190ac24bc1293d6bdac60cd932df59aa",
            "messageTitle": "make checkstyle happy",
            "messageBody": "",
            "insertions": 11,
            "deletions": 14
          }
        ]
      },
      {
        "insertions": 318,
        "deletions": 78,
        "date": "2020-03-24",
        "commitResults": [
          {
            "hash": "d199adcf8e0c57a985e47b4f4b006e55f6fbea80",
            "messageTitle": "module tab refreshes to show a module\u0027s info when lesson is added/deleted/edited...",
            "messageBody": "",
            "insertions": 39,
            "deletions": 3
          },
          {
            "hash": "54f2430d8a23368b31ab1220350661a9cec3d4dd",
            "messageTitle": "throws exception when lesson to be added has invalid module code",
            "messageBody": "",
            "insertions": 17,
            "deletions": 2
          },
          {
            "hash": "8506dde07c74ecb9101b2cbb5bc77eeec86fb7dc",
            "messageTitle": "delete lessons with module code",
            "messageBody": "",
            "insertions": 62,
            "deletions": 16
          },
          {
            "hash": "5b3148d85d5f137a07b55d6fa75443bc25a7e9ee",
            "messageTitle": "make checkstyle happy",
            "messageBody": "",
            "insertions": 1,
            "deletions": 18
          },
          {
            "hash": "c21850e542459db3349f95083ecf64a1af41e3cb",
            "messageTitle": "mod delete also deletes the related lessons",
            "messageBody": "",
            "insertions": 25,
            "deletions": 0
          },
          {
            "hash": "0e52bcd0d7078488a7367045830fcdffaa7f54a1",
            "messageTitle": "mod panel is empty after mod is deleted",
            "messageBody": "",
            "insertions": 6,
            "deletions": 0
          },
          {
            "hash": "17280c85ee67838db1f6bb7678cf1014213a783e",
            "messageTitle": "update modelstub",
            "messageBody": "",
            "insertions": 5,
            "deletions": 0
          },
          {
            "hash": "31ca1410e3712b440c459237469bc059715110b5",
            "messageTitle": "make checkstyle happy",
            "messageBody": "",
            "insertions": 4,
            "deletions": 0
          },
          {
            "hash": "4cb665a7f6cb59a3ba281180d9324e95bb99f792",
            "messageTitle": "module tab refreshes to show a module\u0027s info when lesson is added/deleted/edited...",
            "messageBody": "",
            "insertions": 39,
            "deletions": 3
          },
          {
            "hash": "eaf725c820b0a094bc1d82b0241ed1d2d9b01ae8",
            "messageTitle": "throws exception when lesson to be added has invalid module code",
            "messageBody": "",
            "insertions": 17,
            "deletions": 2
          },
          {
            "hash": "3c7f1005524d969f96e2912d299564223df8835b",
            "messageTitle": "delete lessons with module code",
            "messageBody": "",
            "insertions": 62,
            "deletions": 16
          },
          {
            "hash": "61ad27284cac46e226510c79df3508fba94cbcc9",
            "messageTitle": "make checkstyle happy",
            "messageBody": "",
            "insertions": 1,
            "deletions": 18
          },
          {
            "hash": "91a1af89f4d0e862506f2bd41a46c44dac8214b5",
            "messageTitle": "mod delete also deletes the related lessons",
            "messageBody": "",
            "insertions": 25,
            "deletions": 0
          },
          {
            "hash": "426f3873ffc918a6d995e987b307bd0ccadc65a2",
            "messageTitle": "mod panel is empty after mod is deleted",
            "messageBody": "",
            "insertions": 6,
            "deletions": 0
          },
          {
            "hash": "097c86e1cad90087b554b240e6aaf627c6ed08ca",
            "messageTitle": "update modelstub",
            "messageBody": "",
            "insertions": 5,
            "deletions": 0
          },
          {
            "hash": "022b99038fc5a6f2d8b8d75750aab30e30e3bd7b",
            "messageTitle": "make checkstyle happy",
            "messageBody": "",
            "insertions": 4,
            "deletions": 0
          }
        ]
      },
      {
        "insertions": 57,
        "deletions": 38,
        "date": "2020-03-25",
        "commitResults": [
          {
            "hash": "7b1cb0a579849568e0dda633c4325994ac153218",
            "messageTitle": "fix lesson edit",
            "messageBody": "",
            "insertions": 25,
            "deletions": 23
          },
          {
            "hash": "8a10da94bca9e7ec4c0cb2fdb706b7693c785bb2",
            "messageTitle": "change lesson edit command format",
            "messageBody": "",
            "insertions": 31,
            "deletions": 13
          },
          {
            "hash": "b87c867f58f517896c700ceb9e99cf7afd14986d",
            "messageTitle": "make checkstyle happy",
            "messageBody": "",
            "insertions": 1,
            "deletions": 2
          }
        ]
      },
      {
        "insertions": 1325,
        "deletions": 39,
        "date": "2020-03-26",
        "commitResults": [
          {
            "hash": "a9a766662b2bf79b2d810ed84a9c87eacdeba0ef",
            "messageTitle": "add tests for lesson commands",
            "messageBody": "",
            "insertions": 601,
            "deletions": 1
          },
          {
            "hash": "16aa0c2c1a9fe235fa2cca7fe1b366c92295119d",
            "messageTitle": "add tests for lesson parser",
            "messageBody": "",
            "insertions": 469,
            "deletions": 11
          },
          {
            "hash": "a5f590052227afeb7188a990c01d7a85212a61ec",
            "messageTitle": "add tests for lesson model",
            "messageBody": "",
            "insertions": 225,
            "deletions": 1
          },
          {
            "hash": "cc0e354fe5570de411c9c6df3c7a37d5f3413147",
            "messageTitle": "make checkstyle happy",
            "messageBody": "",
            "insertions": 30,
            "deletions": 26
          }
        ]
      },
      {
        "insertions": 63,
        "deletions": 26,
        "date": "2020-03-27",
        "commitResults": [
          {
            "hash": "f4d647f77a2818ea4d928127b73779dfe248e0d9",
            "messageTitle": "change display theme",
            "messageBody": "",
            "insertions": 45,
            "deletions": 14
          },
          {
            "hash": "279ee677ec40aced9f646e9399fff5ff80bcd672",
            "messageTitle": "make checkstyle happy",
            "messageBody": "",
            "insertions": 14,
            "deletions": 10
          },
          {
            "hash": "e799e72fe28f4d4722f81ee72e6fc198a0724ab5",
            "messageTitle": "fix empty items in the list at the bottom",
            "messageBody": "",
            "insertions": 4,
            "deletions": 2
          }
        ]
      },
      {
        "insertions": 83,
        "deletions": 43,
        "date": "2020-03-29",
        "commitResults": [
          {
            "hash": "3c367241a3d2598e5d93dd5e140dbb6982dc47e6",
            "messageTitle": "fix venue for lesson edit",
            "messageBody": "",
            "insertions": 63,
            "deletions": 20
          },
          {
            "hash": "f0f0151c645b21a2aabee562c19175122619e4b9",
            "messageTitle": "add diagrams for lesson implementation",
            "messageBody": "",
            "insertions": 16,
            "deletions": 19
          },
          {
            "hash": "ef4e673368e654e74097c73dd4ddc8dff9866e8f",
            "messageTitle": "change message",
            "messageBody": "",
            "insertions": 1,
            "deletions": 1
          },
          {
            "hash": "b806892eb534f5bbb87c24e7a885cd17e412d2a4",
            "messageTitle": "edit test",
            "messageBody": "",
            "insertions": 3,
            "deletions": 3
          }
        ]
      }
    ],
    "zixinn": [
      {
        "insertions": 3,
        "deletions": 3,
        "date": "2020-02-24",
        "commitResults": [
          {
            "hash": "cf123bb0cff569d244da1efa67d4f9029fdd6ed8",
            "messageTitle": "Update project website",
            "messageBody": "",
            "insertions": 3,
            "deletions": 3
          }
        ]
      },
      {
        "insertions": 1973,
        "deletions": 1931,
        "date": "2020-03-07",
        "commitResults": [
          {
            "hash": "758052c81ad0c9143eb97e0a2554b02cce3edffd",
            "messageTitle": "Rename person to facilitator",
            "messageBody": "",
            "insertions": 1336,
            "deletions": 1309
          },
          {
            "hash": "9c28cad00e177933aff8a175b4e0caa4d2de1c18",
            "messageTitle": "Rename address to office",
            "messageBody": "",
            "insertions": 252,
            "deletions": 251
          },
          {
            "hash": "e8a81cc83f0a6e5fb62738d761c61c5fae892983",
            "messageTitle": "Rename tag to moduleCode",
            "messageBody": "",
            "insertions": 385,
            "deletions": 371
          }
        ]
      },
      {
        "insertions": 225,
        "deletions": 178,
        "date": "2020-03-08",
        "commitResults": [
          {
            "hash": "4234d2653807c8a41336c6c6b8699a29739aedcc",
            "messageTitle": "Update prefix and docs",
            "messageBody": "",
            "insertions": 16,
            "deletions": 15
          },
          {
            "hash": "f53f5d4fb38e108176e8c9a3fedd444fe735a1bd",
            "messageTitle": "Make phone, email, office optional for add command",
            "messageBody": "",
            "insertions": 123,
            "deletions": 81
          },
          {
            "hash": "f77a4378dbb3513e43b07ed1a6f6a5636d256f2f",
            "messageTitle": "Add tests",
            "messageBody": "",
            "insertions": 72,
            "deletions": 63
          },
          {
            "hash": "55b6e0ae5878115a74ad572df203e307d0c1017e",
            "messageTitle": "Update ui",
            "messageBody": "",
            "insertions": 9,
            "deletions": 15
          },
          {
            "hash": "b08dcc603c8efe152a122aec55eb9b29ebe549ae",
            "messageTitle": "Edit message",
            "messageBody": "",
            "insertions": 1,
            "deletions": 1
          },
          {
            "hash": "5889b3b16e7f77abe1c1f1c75ba85a8c8a6f2985",
            "messageTitle": "Checkstyle",
            "messageBody": "",
            "insertions": 2,
            "deletions": 1
          },
          {
            "hash": "ca9f9996a552938656279b1e9ad24fa693b58c4d",
            "messageTitle": "Checkstyle",
            "messageBody": "",
            "insertions": 2,
            "deletions": 2
          }
        ]
      },
      {
        "insertions": 186,
        "deletions": 63,
        "date": "2020-03-09",
        "commitResults": [
          {
            "hash": "ae962dad8148688b536e300b896c273ffb25ac03",
            "messageTitle": "Allow removing fields in edit",
            "messageBody": "",
            "insertions": 186,
            "deletions": 63
          }
        ]
      },
      {
        "insertions": 114,
        "deletions": 84,
        "date": "2020-03-10",
        "commitResults": [
          {
            "hash": "216d42c05650e54233eb4a0a38c5bd504bd3a6c6",
            "messageTitle": "Switch tabs",
            "messageBody": "",
            "insertions": 114,
            "deletions": 84
          }
        ]
      },
      {
        "insertions": 1065,
        "deletions": 533,
        "date": "2020-03-11",
        "commitResults": [
          {
            "hash": "f9c1499fa205dd765aead9247e3956edfd567727",
            "messageTitle": "Parse",
            "messageBody": "",
            "insertions": 890,
            "deletions": 515
          },
          {
            "hash": "a28c98f9f3ac9a38be08f550bb4bd457317b2ea6",
            "messageTitle": "Add class for description",
            "messageBody": "",
            "insertions": 175,
            "deletions": 18
          }
        ]
      },
      {
        "insertions": 1169,
        "deletions": 136,
        "date": "2020-03-13",
        "commitResults": [
          {
            "hash": "36a61619082bdb2ccd8d8d408a884621a0c16547",
            "messageTitle": "Add module list",
            "messageBody": "",
            "insertions": 460,
            "deletions": 58
          },
          {
            "hash": "2ef5a854ad6075716fe719a7ab38f13a01501c1a",
            "messageTitle": "Module add command and parser",
            "messageBody": "",
            "insertions": 383,
            "deletions": 29
          },
          {
            "hash": "fc2148886bc2988597c56234cf2188adcea830ef",
            "messageTitle": "Module list command and ui",
            "messageBody": "",
            "insertions": 326,
            "deletions": 49
          }
        ]
      },
      {
        "insertions": 1022,
        "deletions": 250,
        "date": "2020-03-14",
        "commitResults": [
          {
            "hash": "b48d3140f4d3347ca04c8f97512270f4c67221db",
            "messageTitle": "Add tests",
            "messageBody": "",
            "insertions": 587,
            "deletions": 168
          },
          {
            "hash": "0f51b0e856c2d544b61d54f6d389deb715e31d19",
            "messageTitle": "Storage for module",
            "messageBody": "",
            "insertions": 295,
            "deletions": 34
          },
          {
            "hash": "1599838a6c2b25baa08ed58afacb0772a6fd558d",
            "messageTitle": "Add tests",
            "messageBody": "",
            "insertions": 122,
            "deletions": 33
          },
          {
            "hash": "f2a5c029cd7cc49c968a4f36f3c6539bd51ab317",
            "messageTitle": "Update MESSAGE_USAGE",
            "messageBody": "",
            "insertions": 18,
            "deletions": 15
          }
        ]
      },
      {
        "insertions": 369,
        "deletions": 103,
        "date": "2020-03-16",
        "commitResults": [
          {
            "hash": "368e8fe41b368fea2b31efe7b30708c5c4eb511e",
            "messageTitle": "Facil check if module code exist",
            "messageBody": "",
            "insertions": 269,
            "deletions": 97
          },
          {
            "hash": "b0c83f7132aa28ace08b99c5b1fd7e6d363676f9",
            "messageTitle": "Add ModuleCodesContainKeywordPredicate for mod view",
            "messageBody": "",
            "insertions": 100,
            "deletions": 6
          }
        ]
      },
      {
        "insertions": 6,
        "deletions": 6,
        "date": "2020-03-17",
        "commitResults": [
          {
            "hash": "94f513b8604dcf2cc8f9635f2efd50371df826bf",
            "messageTitle": "Update LessonListCommand.java",
            "messageBody": "",
            "insertions": 1,
            "deletions": 1
          },
          {
            "hash": "c29e7ac3bcb785932f7c0e307c05fd5ad7f6308e",
            "messageTitle": "Add newline at EOF of build.gradle",
            "messageBody": "",
            "insertions": 1,
            "deletions": 1
          },
          {
            "hash": "038da49e72ff6d5de4e5724bebb331d90f47aea4",
            "messageTitle": "Checks",
            "messageBody": "",
            "insertions": 4,
            "deletions": 4
          }
        ]
      },
      {
        "insertions": 608,
        "deletions": 62,
        "date": "2020-03-18",
        "commitResults": [
          {
            "hash": "c65e1258a67f51ea49ba1f8a3be1b6bb60edb59b",
            "messageTitle": "Implement mod view",
            "messageBody": "",
            "insertions": 252,
            "deletions": 45
          },
          {
            "hash": "bbd1762b63700e3a5430dc83170fef2cb84c4fd1",
            "messageTitle": "Add tests",
            "messageBody": "",
            "insertions": 275,
            "deletions": 2
          },
          {
            "hash": "99a5e9146e19c1af54ee4029a1627b6e05438bc4",
            "messageTitle": "Add facilitatorsForModule",
            "messageBody": "",
            "insertions": 79,
            "deletions": 13
          },
          {
            "hash": "0b33e3cc5f5f335b9f4c432fc0c3cacfa4d82069",
            "messageTitle": "Edits",
            "messageBody": "",
            "insertions": 2,
            "deletions": 2
          }
        ]
      },
      {
        "insertions": 1003,
        "deletions": 285,
        "date": "2020-03-20",
        "commitResults": [
          {
            "hash": "5f16f35f386fbb473021b4e5a8500ee82bbc8f43",
            "messageTitle": "Make module code compulsory for facilitator",
            "messageBody": "",
            "insertions": 81,
            "deletions": 83
          },
          {
            "hash": "9c6e0817db57a81fe3e6efd8a985d1057f2a4bf5",
            "messageTitle": "Update ug",
            "messageBody": "",
            "insertions": 11,
            "deletions": 5
          },
          {
            "hash": "a9fadb42847da8ea0a1edfde86b7df0f47cd5537",
            "messageTitle": "Add mod command format",
            "messageBody": "",
            "insertions": 87,
            "deletions": 89
          },
          {
            "hash": "0368fa13274ffcd3b33436abbd843122d8ae07b3",
            "messageTitle": "Implement mod delete",
            "messageBody": "",
            "insertions": 260,
            "deletions": 66
          },
          {
            "hash": "4847056de062d8aa2fae63248e65a807fc427f9a",
            "messageTitle": "Delete module code in facil for mod delete",
            "messageBody": "",
            "insertions": 94,
            "deletions": 5
          },
          {
            "hash": "3aff9847a16f03b8553d5218474f922d6966ea5d",
            "messageTitle": "Implement mod edit",
            "messageBody": "",
            "insertions": 254,
            "deletions": 0
          },
          {
            "hash": "181a946f2289e03a559ea20edffff66a1fa470da",
            "messageTitle": "Edit module code in facil for mod edit",
            "messageBody": "",
            "insertions": 200,
            "deletions": 22
          },
          {
            "hash": "c0e9cd15ce2ed299d35c688db720f0499a1e567e",
            "messageTitle": "Edits",
            "messageBody": "",
            "insertions": 16,
            "deletions": 15
          }
        ]
      },
      {
        "insertions": 4,
        "deletions": 2,
        "date": "2020-03-21",
        "commitResults": [
          {
            "hash": "51b0a47de9edee8b0a9d68e543f5d79eb13b402e",
            "messageTitle": "Update UniqueFacilitatorList.java",
            "messageBody": "",
            "insertions": 4,
            "deletions": 2
          }
        ]
      },
      {
        "insertions": 8,
        "deletions": 14,
        "date": "2020-03-23",
        "commitResults": [
          {
            "hash": "e58449c80aa8d1969d46287f396637eeea0c10df",
            "messageTitle": "Update ModuleEditCommandParser.java",
            "messageBody": "",
            "insertions": 6,
            "deletions": 10
          },
          {
            "hash": "0fdaa0aebccfd5e36700f9c3f04fbeeef0144f58",
            "messageTitle": "Update ModuleCommandParserTest.java",
            "messageBody": "",
            "insertions": 1,
            "deletions": 3
          },
          {
            "hash": "f1316c39f4ed32637b18c2d53e6ea65dac14c1ed",
            "messageTitle": "Update ModuleEditCommand.java",
            "messageBody": "",
            "insertions": 1,
            "deletions": 1
          }
        ]
      },
      {
        "insertions": 268,
        "deletions": 167,
        "date": "2020-03-24",
        "commitResults": [
          {
            "hash": "1cc04e2f2774571be88a773c58723117585ce5f3",
            "messageTitle": "Update ug and dg use case",
            "messageBody": "",
            "insertions": 34,
            "deletions": 7
          },
          {
            "hash": "1a0ef4812e895ae4506e35f91ae30762ac68e129",
            "messageTitle": "Show task list in mod view",
            "messageBody": "",
            "insertions": 115,
            "deletions": 41
          },
          {
            "hash": "cccd30f724b33496ae6209d0d925a23b30a048d9",
            "messageTitle": "Update dg section 3.5 storage component and refactor address book to mod manager in storage",
            "messageBody": "",
            "insertions": 119,
            "deletions": 119
          }
        ]
      },
      {
        "insertions": 366,
        "deletions": 89,
        "date": "2020-03-26",
        "commitResults": [
          {
            "hash": "5578f9bcc145aea8b2ba8e52f6da7af5137e81a2",
            "messageTitle": "Change facil find to partial match",
            "messageBody": "",
            "insertions": 1,
            "deletions": 2
          },
          {
            "hash": "a92d84da33308a0f7fd66cf73184d5358bc11c75",
            "messageTitle": "Change mod edit to support editing mod code",
            "messageBody": "",
            "insertions": 109,
            "deletions": 29
          },
          {
            "hash": "ae8cad667a6656c71ee5db93a5be73f277ca5d90",
            "messageTitle": "Update docs",
            "messageBody": "",
            "insertions": 17,
            "deletions": 11
          },
          {
            "hash": "6aa941ca1a0c4bc4aa4443a46364720e6ff14ad0",
            "messageTitle": "Mod view with indexing",
            "messageBody": "",
            "insertions": 88,
            "deletions": 26
          },
          {
            "hash": "e5c905e9879a8961b02c8eed087e46e636c6d847",
            "messageTitle": "Add some tests",
            "messageBody": "",
            "insertions": 151,
            "deletions": 21
          }
        ]
      },
      {
        "insertions": 1091,
        "deletions": 170,
        "date": "2020-03-28",
        "commitResults": [
          {
            "hash": "6f1a8feb227e33e167a475849005d716f5a8e7e8",
            "messageTitle": "Add tests",
            "messageBody": "",
            "insertions": 975,
            "deletions": 68
          },
          {
            "hash": "370cc1ba6f0b56f65eb78ea0e28a7e73593c66f1",
            "messageTitle": "Update TaskEditCommand.java",
            "messageBody": "",
            "insertions": 2,
            "deletions": 2
          },
          {
            "hash": "c11a48c44eccd641c386a2ab7e35e018a7694fa5",
            "messageTitle": "Edits",
            "messageBody": "",
            "insertions": 41,
            "deletions": 37
          },
          {
            "hash": "bcfb337a6a69dbd30fd53d6093be6f5de33c7258",
            "messageTitle": "Rename some address book to mod manager",
            "messageBody": "",
            "insertions": 73,
            "deletions": 63
          }
        ]
      },
      {
        "insertions": 374,
        "deletions": 44,
        "date": "2020-03-31",
        "commitResults": [
          {
            "hash": "a148bab9c761749fabe306cc9e0a893af20272aa",
            "messageTitle": "Add tests and update command format for facil edit and delete with name",
            "messageBody": "",
            "insertions": 365,
            "deletions": 39
          },
          {
            "hash": "2add7782fca5345a713250b72df44c74a40eefeb",
            "messageTitle": "Update diagrams",
            "messageBody": "",
            "insertions": 7,
            "deletions": 2
          },
          {
            "hash": "81ad934453ee52432b69d3e9511b25697b083c46",
            "messageTitle": "Add newline",
            "messageBody": "",
            "insertions": 2,
            "deletions": 3
          }
        ]
      },
      {
        "insertions": 30,
        "deletions": 43,
        "date": "2020-04-01",
        "commitResults": [
          {
            "hash": "3fd69252d4e836b39d37e28fbc22a205ca0ab3c9",
            "messageTitle": "Fix parsing TaskDateTime",
            "messageBody": "",
            "insertions": 30,
            "deletions": 43
          }
        ]
      }
    ]
  },
  "authorFinalContributionMap": {
    "dinhnhobao": 1686,
    "NNpanpan": 1960,
    "alushingg": 2062,
    "heidicrq": 3235,
    "zixinn": 7776
  },
  "authorFileTypeContributionMap": {
    "dinhnhobao": {
      "java": 1633,
      "md": 0,
      "fxml": 53,
      "sh": 0,
      "bat": 0,
      "gradle": 0,
      "txt": 0
    },
    "NNpanpan": {
      "java": 1944,
      "md": 0,
      "fxml": 16,
      "sh": 0,
      "bat": 0,
      "gradle": 0,
      "txt": 0
    },
    "alushingg": {
      "java": 1872,
      "md": 0,
      "fxml": 190,
      "sh": 0,
      "bat": 0,
      "gradle": 0,
      "txt": 0
    },
    "heidicrq": {
      "java": 3175,
      "md": 0,
      "fxml": 60,
      "sh": 0,
      "bat": 0,
      "gradle": 0,
      "txt": 0
    },
    "zixinn": {
      "java": 7722,
      "md": 0,
      "fxml": 51,
      "sh": 0,
      "bat": 0,
      "gradle": 3,
      "txt": 0
    }
  },
  "authorContributionVariance": {
    "dinhnhobao": 177104.8,
    "NNpanpan": 47756.766,
    "alushingg": 28419.375,
    "heidicrq": 55360.22,
    "zixinn": 453466.72
  },
  "authorDisplayNameMap": {
    "dinhnhobao": "CS2103T-F10-4 DINH.. BAO",
    "NNpanpan": "CS2103T-F10-4 NGUY..NHAT",
    "alushingg": "CS2103T-F10-4 ANG ..HING",
    "heidicrq": "CS2103T-F10-4 CHAN..EIDI",
    "zixinn": "CS2103T-F10-4 NG Z.. XIN"
  }
}
