{
  "authorDailyContributionsMap": {
    "J-Dan23": [
      {
        "insertions": 164,
        "deletions": 317,
        "date": "2020-03-17",
        "commitResults": [
          {
            "hash": "99ca872713e28e8d5720216a4fc54f6b52030efc",
            "messageTitle": "add (summarised) UG info to help command/window",
            "messageBody": "",
            "insertions": 66,
            "deletions": 2
          },
          {
            "hash": "c80823d83d048cb6362576bc7bd7ee42399005e2",
            "messageTitle": "remove seedu\\address\\model\\person",
            "messageBody": "",
            "insertions": 0,
            "deletions": 249
          },
          {
            "hash": "69b42e9d5e42088e67b536351efb097faff16e02",
            "messageTitle": "change HelpWindow.fxml to new layout",
            "messageBody": "",
            "insertions": 74,
            "deletions": 28
          },
          {
            "hash": "48e1239f793c9b4cd161026da08d2394c3aece22",
            "messageTitle": "fix references to AddressBook in init, app window to Calgo",
            "messageBody": "",
            "insertions": 4,
            "deletions": 4
          },
          {
            "hash": "5bf363b3541cbf3cf0a2cff350d69049e2bd267c",
            "messageTitle": "change app logo to Calgo logo",
            "messageBody": "",
            "insertions": 1,
            "deletions": 1
          },
          {
            "hash": "38642606451a1b63df4f8a3ebeac822b4f7c65eb",
            "messageTitle": "fix unused imports in ReportCommandParser",
            "messageBody": "",
            "insertions": 0,
            "deletions": 9
          },
          {
            "hash": "82cd5d4cc1f0481a31649151d5d5836ed3dcadfb",
            "messageTitle": "fix help display to scale with help window size",
            "messageBody": "",
            "insertions": 19,
            "deletions": 24
          }
        ]
      },
      {
        "insertions": 8,
        "deletions": 4,
        "date": "2020-03-19",
        "commitResults": [
          {
            "hash": "23c1ca88c0e99ec0c9574d7d7f6f0ab0d76564fc",
            "messageTitle": "change help window to start with height 500px",
            "messageBody": "",
            "insertions": 1,
            "deletions": 1
          },
          {
            "hash": "d1f4b5a690fd6d35a3c5dd6488ff8dba164279be",
            "messageTitle": "update app to display prompt to set daily goal upon startup",
            "messageBody": "",
            "insertions": 5,
            "deletions": 0
          },
          {
            "hash": "1cd61809f3a55442fa02bacae9c007905481e4d1",
            "messageTitle": "fix constant declaration to adhere to checkstyle",
            "messageBody": "",
            "insertions": 2,
            "deletions": 3
          }
        ]
      },
      {
        "insertions": 6,
        "deletions": 0,
        "date": "2020-03-25",
        "commitResults": [
          {
            "hash": "14bbb1a13d084f7364da8ffdd641b46eb51ec27d",
            "messageTitle": "fix Architecture Diagram to have solid arrow from Storage to Model",
            "messageBody": "",
            "insertions": 6,
            "deletions": 0
          }
        ]
      },
      {
        "insertions": 121,
        "deletions": 69,
        "date": "2020-03-31",
        "commitResults": [
          {
            "hash": "ff2415b9959fdf95aa9ae3f1c1931a823b6260d6",
            "messageTitle": "add filtered help command",
            "messageBody": "",
            "insertions": 121,
            "deletions": 69
          }
        ]
      },
      {
        "insertions": 36,
        "deletions": 34,
        "date": "2020-04-01",
        "commitResults": [
          {
            "hash": "371d50c2f006d537dc3e9087328460ff098fdb48",
            "messageTitle": "update help command to echo user input",
            "messageBody": "",
            "insertions": 24,
            "deletions": 27
          },
          {
            "hash": "1e39adc4b59503c4abdc4d9a112d097c96ee44b5",
            "messageTitle": "update help command to only fetch commands containing keyword as substring",
            "messageBody": "",
            "insertions": 11,
            "deletions": 6
          },
          {
            "hash": "89ae4ef677d5c387cabaa4b125ab1afb1d5ba62b",
            "messageTitle": "fix HelpWindow.java to direct to group\u0027s userdoc",
            "messageBody": "",
            "insertions": 1,
            "deletions": 1
          }
        ]
      },
      {
        "insertions": 137,
        "deletions": 102,
        "date": "2020-04-02",
        "commitResults": [
          {
            "hash": "d9a4113a4a3db67f9b0cc5f0801842340e2097ac",
            "messageTitle": "update Main Window to new UI layout.",
            "messageBody": "",
            "insertions": 36,
            "deletions": 36
          },
          {
            "hash": "fe9b1e854afeb4c3b2de75de421b1b4750f063f8",
            "messageTitle": "fix Main Window to new UI layout - swap foodlist and dailylist panel locations",
            "messageBody": "",
            "insertions": 2,
            "deletions": 2
          },
          {
            "hash": "3b333f6abba37c8dcc3b012fa3782544443b601d",
            "messageTitle": "update UI to have coloured stomach and food record cards",
            "messageBody": "",
            "insertions": 10,
            "deletions": 0
          },
          {
            "hash": "fa3927cf793294eee08ca5de9990eba41dba0b27",
            "messageTitle": "update Help command to give full guide on start up, empty help, and invalid search.",
            "messageBody": "",
            "insertions": 29,
            "deletions": 12
          },
          {
            "hash": "f3abad168836bd28211c2eb28cc97b3fb360c25e",
            "messageTitle": "fix goal display and RemainingCaloriesDisplay to wrap text",
            "messageBody": "",
            "insertions": 14,
            "deletions": 16
          },
          {
            "hash": "4fe0e26d96f26c9010d4310913e97357e06e94b0",
            "messageTitle": "fix checkstyle errors",
            "messageBody": "",
            "insertions": 23,
            "deletions": 13
          },
          {
            "hash": "ebce627849cc5ea9e98a3b6d8c3f0d8aebad5b21",
            "messageTitle": "fix failed HelpCommandTest",
            "messageBody": "",
            "insertions": 11,
            "deletions": 5
          },
          {
            "hash": "6be7621496d9d8bfc2aec61146e69bdf18245ac4",
            "messageTitle": "fix checkstyle error",
            "messageBody": "",
            "insertions": 2,
            "deletions": 2
          },
          {
            "hash": "0e2102b73d25b468bb9b19052bc4595ea48ec4ac",
            "messageTitle": "update UI to have blue cells",
            "messageBody": "",
            "insertions": 0,
            "deletions": 10
          },
          {
            "hash": "d0ed682bc8446ced304d5fae0118d15918c8a5c3",
            "messageTitle": "update UI to have headers for sections",
            "messageBody": "",
            "insertions": 5,
            "deletions": 1
          },
          {
            "hash": "050443f36f8452b32a7193324fbcb50bbf7b3475",
            "messageTitle": "update goal display with shortened text",
            "messageBody": "",
            "insertions": 5,
            "deletions": 5
          }
        ]
      },
      {
        "insertions": 25,
        "deletions": 19,
        "date": "2020-04-03",
        "commitResults": [
          {
            "hash": "aa703b9b9c5e87d998c0066ad94e093484288ba0",
            "messageTitle": "fix help command response to user in result window",
            "messageBody": "",
            "insertions": 14,
            "deletions": 12
          },
          {
            "hash": "dc6b4dbb7b06518b3ccaf8f2334502672b5627ef",
            "messageTitle": "fix checkstyle",
            "messageBody": "",
            "insertions": 7,
            "deletions": 3
          },
          {
            "hash": "69b2e3bbc955f32b5af8f23f39f3ce0755264c37",
            "messageTitle": "fix help command to pass test",
            "messageBody": "",
            "insertions": 4,
            "deletions": 4
          }
        ]
      }
    ],
    "buddhavineeth": [
      {
        "insertions": 1,
        "deletions": 1,
        "date": "2020-03-05",
        "commitResults": [
          {
            "hash": "abab654bffaef56a6b4533ee381a554f46acb86c",
            "messageTitle": "Wrap up Milestone v1.1",
            "messageBody": "",
            "insertions": 1,
            "deletions": 1
          }
        ]
      },
      {
        "insertions": 44,
        "deletions": 249,
        "date": "2020-03-12",
        "commitResults": [
          {
            "hash": "d3bc44febb66ca1f7ad85bbbe396a444aad84ec6",
            "messageTitle": "add ReportGenerator",
            "messageBody": "",
            "insertions": 44,
            "deletions": 249
          }
        ]
      },
      {
        "insertions": 204,
        "deletions": 0,
        "date": "2020-03-13",
        "commitResults": [
          {
            "hash": "9f80884b1cac9c162a8a85fc7de8102ad01a1aba",
            "messageTitle": "edit Day, DailyFoodLog, UniqueDayMap classes",
            "messageBody": "",
            "insertions": 204,
            "deletions": 0
          }
        ]
      },
      {
        "insertions": 1276,
        "deletions": 1108,
        "date": "2020-03-17",
        "commitResults": [
          {
            "hash": "1824cc32b9b0cdf942116b04d6034003e18bbe9c",
            "messageTitle": "Add report functionality with exceptions",
            "messageBody": "",
            "insertions": 179,
            "deletions": 46
          },
          {
            "hash": "d7c7d1b5447c24b02b50c54bb7f401c62a608db4",
            "messageTitle": "Modularise ReportGenerator functionality",
            "messageBody": "",
            "insertions": 40,
            "deletions": 12
          },
          {
            "hash": "38c0fab5c117af7b8161112f0ebe0653bc747801",
            "messageTitle": "Fix Food toString method",
            "messageBody": "",
            "insertions": 11,
            "deletions": 3
          },
          {
            "hash": "71bb38e80def280c61a1cb47be79ed4525966d4c",
            "messageTitle": "refactor to valid package name",
            "messageBody": "",
            "insertions": 1026,
            "deletions": 1029
          },
          {
            "hash": "2c4e6a2bb89f6c7de0e542f347016e3500ac8fd5",
            "messageTitle": "Clean up code",
            "messageBody": "",
            "insertions": 20,
            "deletions": 18
          }
        ]
      },
      {
        "insertions": 559,
        "deletions": 238,
        "date": "2020-03-18",
        "commitResults": [
          {
            "hash": "19b5b2d1be632881c241d7334b4b5c279e77b21b",
            "messageTitle": "fix Checkstyle of all files",
            "messageBody": "",
            "insertions": 295,
            "deletions": 152
          },
          {
            "hash": "4e304d1ccbbfa4362e442c768b590aabaf3e0702",
            "messageTitle": "conform to travis checkstyle for fxml files",
            "messageBody": "",
            "insertions": 26,
            "deletions": 26
          },
          {
            "hash": "f9b790a256731274902c4020e15cef9d39180b68",
            "messageTitle": "conform to travis checkstyle for fxml files",
            "messageBody": "",
            "insertions": 45,
            "deletions": 45
          },
          {
            "hash": "0f3fb139476d2641837aa78d9684e882bb9aa97a",
            "messageTitle": "add Goal functionality",
            "messageBody": "",
            "insertions": 188,
            "deletions": 12
          },
          {
            "hash": "d871188b60561085633d139ae69215c2ed1b12d9",
            "messageTitle": "improve report messages",
            "messageBody": "",
            "insertions": 3,
            "deletions": 1
          },
          {
            "hash": "9fd4c3c9b221d85c7c1d9a0928c22c6f11dca4b2",
            "messageTitle": "update helpwindow",
            "messageBody": "",
            "insertions": 2,
            "deletions": 2
          }
        ]
      },
      {
        "insertions": 21,
        "deletions": 7,
        "date": "2020-03-19",
        "commitResults": [
          {
            "hash": "f747aee8ad01cbb1f1a5f204fbd0ce7753447f30",
            "messageTitle": "add exceptions for Goal",
            "messageBody": "",
            "insertions": 19,
            "deletions": 5
          },
          {
            "hash": "4bb5997f1eb0abf149ffdf7eb659bbb5df4b9ef1",
            "messageTitle": "update build.gradle to use calgo instead of addressbook for name",
            "messageBody": "",
            "insertions": 2,
            "deletions": 2
          }
        ]
      },
      {
        "insertions": 408,
        "deletions": 90,
        "date": "2020-03-21",
        "commitResults": [
          {
            "hash": "acde0b4feaa2e8bf2bf8c3205443398a3e3f3429",
            "messageTitle": "refactor methods that still use addressbook naming",
            "messageBody": "",
            "insertions": 15,
            "deletions": 7
          },
          {
            "hash": "9cb48d05b46bab61d18f65bc91ae45bcdfd254ab",
            "messageTitle": "create JsonAdaptedGoal",
            "messageBody": "",
            "insertions": 48,
            "deletions": 9
          },
          {
            "hash": "fab7d681435aa4b6de95832c0e3181aa21bdaf25",
            "messageTitle": "trivial refactor methods that use addressbook names",
            "messageBody": "",
            "insertions": 4,
            "deletions": 4
          },
          {
            "hash": "b20ae43fb5a1496c05195b723eb9a1f0384ed06a",
            "messageTitle": "add to storage component to enable storage of daily caloric goal",
            "messageBody": "",
            "insertions": 239,
            "deletions": 10
          },
          {
            "hash": "507f8786932c604d0d489950e355017cda99cdf6",
            "messageTitle": "add ability for goal to be saved to hard disk and edited",
            "messageBody": "",
            "insertions": 36,
            "deletions": 11
          },
          {
            "hash": "d849752b23dd08f35824f75fd6b19ef4c3f1fc76",
            "messageTitle": "fix checkstyle",
            "messageBody": "",
            "insertions": 34,
            "deletions": 20
          },
          {
            "hash": "503219cb3723c5870ab2d443ff00f426ed706b3d",
            "messageTitle": "fix regression in ReportGenerator",
            "messageBody": "",
            "insertions": 1,
            "deletions": 1
          },
          {
            "hash": "68ca3a200c0aed22fb1a38926debb13496d75892",
            "messageTitle": "add assertion in DailyGoal",
            "messageBody": "",
            "insertions": 12,
            "deletions": 6
          },
          {
            "hash": "560661662c7737028bff1ad78f2d57e79fab7d7d",
            "messageTitle": "remove unnecessary ObservableList\u003cInteger\u003e requirement from ReadOnlyGoal",
            "messageBody": "",
            "insertions": 5,
            "deletions": 21
          },
          {
            "hash": "2141dc5c868ae109f280d03fe937ad214c7c6bed",
            "messageTitle": "improve report generator to calculate difference in calories between user consumption and goal",
            "messageBody": "",
            "insertions": 14,
            "deletions": 1
          }
        ]
      },
      {
        "insertions": 9,
        "deletions": 0,
        "date": "2020-03-22",
        "commitResults": [
          {
            "hash": "0aa5e73bdc72ec78bd804f4c19cb529ef70f8e24",
            "messageTitle": "add formatting to report actionable insights",
            "messageBody": "",
            "insertions": 9,
            "deletions": 0
          }
        ]
      },
      {
        "insertions": 27,
        "deletions": 26,
        "date": "2020-03-24",
        "commitResults": [
          {
            "hash": "77d5400a73df4270e7853eeba3fc183c4439530a",
            "messageTitle": "edit UG DG portions for report features",
            "messageBody": "",
            "insertions": 27,
            "deletions": 26
          }
        ]
      },
      {
        "insertions": 4,
        "deletions": 0,
        "date": "2020-03-25",
        "commitResults": [
          {
            "hash": "dcd23380b51e607972cc24ebc621c41f4a6b46f7",
            "messageTitle": "Fix HelpCommand regression",
            "messageBody": "",
            "insertions": 4,
            "deletions": 0
          }
        ]
      },
      {
        "insertions": 6,
        "deletions": 4829,
        "date": "2020-03-30",
        "commitResults": [
          {
            "hash": "31f732e91fb84c4efb08764b85f3bf60e086dc66",
            "messageTitle": "make all exports and reports store in the unified /data folder",
            "messageBody": "",
            "insertions": 5,
            "deletions": 4828
          },
          {
            "hash": "7cccde48507b35556ce587015189846d547cf8fb",
            "messageTitle": "Ensure no raw typing in FindCommandParser",
            "messageBody": "",
            "insertions": 1,
            "deletions": 1
          }
        ]
      },
      {
        "insertions": 269,
        "deletions": 86,
        "date": "2020-03-31",
        "commitResults": [
          {
            "hash": "db37cba846313185e93139c251254034e94bb757",
            "messageTitle": "Display daily calorie goal and number of remaining calories in GUI",
            "messageBody": "",
            "insertions": 263,
            "deletions": 83
          },
          {
            "hash": "97ce2c2b5a25d21bf477fc1c4fc9db38209fe971",
            "messageTitle": "Fix regression",
            "messageBody": "",
            "insertions": 4,
            "deletions": 1
          },
          {
            "hash": "6c1d5c63bfdc9d600f0fdb1b3ef529f4cfd6b63c",
            "messageTitle": "Fix negative value",
            "messageBody": "",
            "insertions": 1,
            "deletions": 1
          },
          {
            "hash": "62e5edbb2ff47c28ae1e5cba926f5dd7e7ae82b9",
            "messageTitle": "Modify goal command result",
            "messageBody": "",
            "insertions": 1,
            "deletions": 1
          }
        ]
      },
      {
        "insertions": 177,
        "deletions": 107,
        "date": "2020-04-02",
        "commitResults": [
          {
            "hash": "bc91f731afa2695c0842b3997299040379485e48",
            "messageTitle": "Create parent class for generator classes",
            "messageBody": "",
            "insertions": 74,
            "deletions": 64
          },
          {
            "hash": "35826c25faef26339437fd17b4302b7d2be23774",
            "messageTitle": "Improve Code Quality of ReportGenerator - remove magic numbers",
            "messageBody": "",
            "insertions": 93,
            "deletions": 30
          },
          {
            "hash": "308a49099a67f442fb6abffc2f7b409e0eab32d9",
            "messageTitle": "Improve code quality of DailyFoodLog",
            "messageBody": "",
            "insertions": 8,
            "deletions": 11
          },
          {
            "hash": "8b726c7b513f72c22466a8f30d5e6a34fe6bd0c0",
            "messageTitle": "comment out graph from GUI",
            "messageBody": "",
            "insertions": 2,
            "deletions": 2
          }
        ]
      },
      {
        "insertions": 87,
        "deletions": 14,
        "date": "2020-04-03",
        "commitResults": [
          {
            "hash": "336213976403cb65a6df2b91017112134d76b1b2",
            "messageTitle": "add wrap functionality to report - for food with long names",
            "messageBody": "",
            "insertions": 87,
            "deletions": 14
          }
        ]
      }
    ],
    "ray-97": [
      {
        "insertions": 264,
        "deletions": 0,
        "date": "2020-03-03",
        "commitResults": [
          {
            "hash": "5bd3a44e3ca7d515225c679736862b2b1c4d2308",
            "messageTitle": "day list halfway done",
            "messageBody": "",
            "insertions": 264,
            "deletions": 0
          }
        ]
      },
      {
        "insertions": 240,
        "deletions": 44,
        "date": "2020-03-06",
        "commitResults": [
          {
            "hash": "24eb9017311f3f260cd55ca7932b69a18f984d05",
            "messageTitle": "doing nom command, made dummy food class and validation methods",
            "messageBody": "",
            "insertions": 240,
            "deletions": 44
          }
        ]
      },
      {
        "insertions": 136,
        "deletions": 97,
        "date": "2020-03-08",
        "commitResults": [
          {
            "hash": "e2b69efefe5a1514a2819c9ea6ef169f8a101498",
            "messageTitle": "saving work",
            "messageBody": "",
            "insertions": 61,
            "deletions": 54
          },
          {
            "hash": "c669aec71a24213c3fb23cacac97d843e0bebd3b",
            "messageTitle": "finalise execution path for nom command",
            "messageBody": "",
            "insertions": 75,
            "deletions": 43
          }
        ]
      },
      {
        "insertions": 137,
        "deletions": 112,
        "date": "2020-03-09",
        "commitResults": [
          {
            "hash": "709a3015ccb8243a579ca68b481f426034f75374",
            "messageTitle": "implemented parsing of date",
            "messageBody": "",
            "insertions": 37,
            "deletions": 1
          },
          {
            "hash": "4c1cb6b6bd12f394d2712d13f96140e8445cce86",
            "messageTitle": "implemented methods relevant to NomCommandParser",
            "messageBody": "",
            "insertions": 73,
            "deletions": 18
          },
          {
            "hash": "18b6bd443f11f8c980ccf3c26aac73cac1912155",
            "messageTitle": "finish nom command",
            "messageBody": "",
            "insertions": 27,
            "deletions": 93
          }
        ]
      },
      {
        "insertions": 156,
        "deletions": 36,
        "date": "2020-03-10",
        "commitResults": [
          {
            "hash": "d99b249296148377e22477ab7e9e48505df891b5",
            "messageTitle": "implement some part of vomit",
            "messageBody": "",
            "insertions": 156,
            "deletions": 36
          }
        ]
      },
      {
        "insertions": 33,
        "deletions": 102,
        "date": "2020-03-13",
        "commitResults": [
          {
            "hash": "3f8f7931cafeaf1835950129877878df370fa294",
            "messageTitle": "changed dailyfoodlog to use hashmap",
            "messageBody": "",
            "insertions": 33,
            "deletions": 102
          }
        ]
      },
      {
        "insertions": 231,
        "deletions": 304,
        "date": "2020-03-14",
        "commitResults": [
          {
            "hash": "c01e18882c553874db1d20be346483c24153163a",
            "messageTitle": "finished vomit command",
            "messageBody": "",
            "insertions": 221,
            "deletions": 285
          },
          {
            "hash": "687eeeb1276a8d992eba92318affa633a4da9957",
            "messageTitle": "commit before branch",
            "messageBody": "",
            "insertions": 10,
            "deletions": 19
          }
        ]
      },
      {
        "insertions": 143,
        "deletions": 87,
        "date": "2020-03-15",
        "commitResults": [
          {
            "hash": "5317045bf42130bcf41935a65ca4d28e1d61b440",
            "messageTitle": "added exceptions",
            "messageBody": "",
            "insertions": 143,
            "deletions": 87
          }
        ]
      },
      {
        "insertions": 184,
        "deletions": 22,
        "date": "2020-03-16",
        "commitResults": [
          {
            "hash": "c335b6c21a4850ff8a50f8be37180c78b5a45a6e",
            "messageTitle": "implemented ways to update GUI",
            "messageBody": "",
            "insertions": 184,
            "deletions": 22
          }
        ]
      },
      {
        "insertions": 301,
        "deletions": 176,
        "date": "2020-03-17",
        "commitResults": [
          {
            "hash": "8179884291bd4159d7a271b47fe11241555c3294",
            "messageTitle": "make GUI components to display consumedfood",
            "messageBody": "",
            "insertions": 129,
            "deletions": 8
          },
          {
            "hash": "b157321564a40f2d267e3637026475e0f0d51187",
            "messageTitle": "narrowed down reason for GUI crashing",
            "messageBody": "",
            "insertions": 9,
            "deletions": 7
          },
          {
            "hash": "9a0260e98695f84e074db1697d10317ee30dbeb9",
            "messageTitle": "commit before pull",
            "messageBody": "",
            "insertions": 8,
            "deletions": 4
          },
          {
            "hash": "9a3062d246c820d8f3d04a616b5150c86800c54c",
            "messageTitle": "commit before checkout",
            "messageBody": "",
            "insertions": 155,
            "deletions": 157
          }
        ]
      },
      {
        "insertions": 258,
        "deletions": 240,
        "date": "2020-03-18",
        "commitResults": [
          {
            "hash": "411dc3ba8cab38e884c46821d2b4a1a8d4013a32",
            "messageTitle": "commit before pull",
            "messageBody": "",
            "insertions": 3,
            "deletions": 13
          },
          {
            "hash": "3dc3f163ff345ae8ee7b94a51aa1c02ee80cbf80",
            "messageTitle": "fix GUI and added some error msg",
            "messageBody": "",
            "insertions": 38,
            "deletions": 9
          },
          {
            "hash": "1249bae786bc0f0bad59d47ea4c423f51fd41749",
            "messageTitle": "removed a print statement",
            "messageBody": "",
            "insertions": 1,
            "deletions": 2
          },
          {
            "hash": "d1a0025b2161b047016c00bb374e66a92657dc59",
            "messageTitle": "fix report file path string due to changes",
            "messageBody": "",
            "insertions": 12,
            "deletions": 1
          },
          {
            "hash": "10b684ba90de15d60771ae29bd6d1bc063411466",
            "messageTitle": "fix line ending",
            "messageBody": "",
            "insertions": 202,
            "deletions": 213
          },
          {
            "hash": "3ff83e28071cf8e2cec39b0eaa6a63f698e1b7d1",
            "messageTitle": "fix line ending",
            "messageBody": "",
            "insertions": 0,
            "deletions": 1
          },
          {
            "hash": "332ae421843c620bb548325f116a329e085e57d7",
            "messageTitle": "fix EOF no newline",
            "messageBody": "",
            "insertions": 2,
            "deletions": 1
          }
        ]
      },
      {
        "insertions": 159,
        "deletions": 59,
        "date": "2020-03-27",
        "commitResults": [
          {
            "hash": "628ec480ce7b4cb2c6363bf21c755c82dea7189d",
            "messageTitle": "changed vomit to be based on index",
            "messageBody": "",
            "insertions": 103,
            "deletions": 43
          },
          {
            "hash": "b523bbaf87198e620098d668644acb8110e38c4b",
            "messageTitle": "implement ratings backend",
            "messageBody": "",
            "insertions": 56,
            "deletions": 16
          }
        ]
      },
      {
        "insertions": 37,
        "deletions": 18,
        "date": "2020-03-29",
        "commitResults": [
          {
            "hash": "443ced6311ea04835401dfd11f99fa4588a66271",
            "messageTitle": "implement ratings and changed vomit command to work based on index",
            "messageBody": "",
            "insertions": 37,
            "deletions": 18
          }
        ]
      },
      {
        "insertions": 499,
        "deletions": 84,
        "date": "2020-03-31",
        "commitResults": [
          {
            "hash": "eeac7f279d5915e62d6fab9a79df4e88800f5121",
            "messageTitle": "implement storage of consumption records",
            "messageBody": "",
            "insertions": 473,
            "deletions": 74
          },
          {
            "hash": "19fb842aa70ba64f802a7aa7241cd36a3983feba",
            "messageTitle": "fix storage",
            "messageBody": "",
            "insertions": 26,
            "deletions": 10
          }
        ]
      },
      {
        "insertions": 1208,
        "deletions": 1056,
        "date": "2020-04-01",
        "commitResults": [
          {
            "hash": "6ac05bf25eb92ea3ff3f2a9906baa138ca1872f4",
            "messageTitle": "changed consumption/update interaction",
            "messageBody": "",
            "insertions": 21,
            "deletions": 12
          },
          {
            "hash": "738d31e7cd4ab391d57f6ce36efa722209e54b99",
            "messageTitle": "improve display for consumption records",
            "messageBody": "",
            "insertions": 10,
            "deletions": 0
          },
          {
            "hash": "f1633ca715d8aae4f66132d21bf111a46c0b5c51",
            "messageTitle": "write javadocs",
            "messageBody": "",
            "insertions": 283,
            "deletions": 162
          },
          {
            "hash": "e2b157d466387b633698ff459b3db0204d671bce",
            "messageTitle": "save before pull",
            "messageBody": "",
            "insertions": 12,
            "deletions": 0
          },
          {
            "hash": "d596a397906e8180591c120972cd311cf294c250",
            "messageTitle": "change line separators",
            "messageBody": "",
            "insertions": 878,
            "deletions": 878
          },
          {
            "hash": "5114cd18dd970b2e764bcf4b0917cfea121f13b2",
            "messageTitle": "fix more line separators",
            "messageBody": "",
            "insertions": 4,
            "deletions": 4
          }
        ]
      },
      {
        "insertions": 10,
        "deletions": 6,
        "date": "2020-04-02",
        "commitResults": [
          {
            "hash": "590278582f9a7ae8d5a7548d305081e1389890aa",
            "messageTitle": "fixed bug on negative portion",
            "messageBody": "",
            "insertions": 6,
            "deletions": 2
          },
          {
            "hash": "6fb088e5dd0b8f3564cc9008a42fce6b6e3390cb",
            "messageTitle": "fix portion stuff again",
            "messageBody": "",
            "insertions": 4,
            "deletions": 4
          }
        ]
      }
    ],
    "eugenetyc": [
      {
        "insertions": 3,
        "deletions": 3,
        "date": "2020-02-18",
        "commitResults": [
          {
            "hash": "5de33199c7584111e974559b04f2a92ceada596b",
            "messageTitle": "Setting up the personal fork.",
            "messageBody": "",
            "insertions": 3,
            "deletions": 3
          }
        ]
      },
      {
        "insertions": 4094,
        "deletions": 3985,
        "date": "2020-03-11",
        "commitResults": [
          {
            "hash": "ad979292bcbe59cf5a09db35d928984412f6f1bf",
            "messageTitle": "Remodel AB3 to Calgo, include Carbohydrate, Protein, Fat, Calorie, Food, Name, UniqueFoodList. Edited JSON storage format to: NAME, CALORIES, PROTEIN, CARBOHYDRATE, FAT, TAGS. To do: Bring functionality for these new formats, apply these new Objects into AB3.",
            "messageBody": "",
            "insertions": 1275,
            "deletions": 1165
          },
          {
            "hash": "eb1db87fdce4deedb345b0a3694620c7c71d9372",
            "messageTitle": "Complete remodel of AB3 to a fully functional Calgo with working v1.2 list and v1.2 find commands. Note: regex used for filtering valid command input",
            "messageBody": "Change Storage File (now data/foodrecord.json) and Json Data Storage Format.\n\nModify Exception Messages to suit appropriate commands and situations.\n\nModify code documentation for all affected non-Ui files.\n\nEdit SampleDataUtil.java to convert from Person objects to Food objects.\n\nSlightly modify Ui to show the most basic v1.2 requirements. (showing all fields including: Name, Calorie, Protein, Carbohydrate, Fat).\n",
            "insertions": 2818,
            "deletions": 2819
          },
          {
            "hash": "4466f9fdfa24aea0c83480ddbc40c6820b4bb3d6",
            "messageTitle": "Edit documentation",
            "messageBody": "",
            "insertions": 1,
            "deletions": 1
          }
        ]
      },
      {
        "insertions": 58,
        "deletions": 283,
        "date": "2020-03-17",
        "commitResults": [
          {
            "hash": "f8b57008287dba282b346ed0435062d2e24add72",
            "messageTitle": "Fix bugs for Saving Food into Food Record.",
            "messageBody": "",
            "insertions": 21,
            "deletions": 263
          },
          {
            "hash": "a6ad2a278e9545aed6d14f429a5b8a30b6dab443",
            "messageTitle": "Reflect Food Nutritional Labels of each individual food.",
            "messageBody": "",
            "insertions": 19,
            "deletions": 19
          },
          {
            "hash": "25f19eff81f0953d17b7afaefdcc658b37bff1ef",
            "messageTitle": "List command now displays in lexographical order.",
            "messageBody": "",
            "insertions": 18,
            "deletions": 1
          }
        ]
      },
      {
        "insertions": 35,
        "deletions": 10,
        "date": "2020-03-23",
        "commitResults": [
          {
            "hash": "9a0a32c7551ed2ebb93c19f3f1b095809d778e0c",
            "messageTitle": "Edit UG: find, list, export, intro. Edit StringUtil containsWordIgnoreCase method to enable substring search (case-insensitive) Edit comments for better checkstyle/code quality.",
            "messageBody": "Note: find command has no prefix!\n",
            "insertions": 35,
            "deletions": 10
          }
        ]
      },
      {
        "insertions": 186,
        "deletions": 11,
        "date": "2020-03-24",
        "commitResults": [
          {
            "hash": "56d8a18129e903b609355fb40274bca08496294d",
            "messageTitle": "Create ExportComand and ExportGenerator classes. ExportCommand executes to initate the export process to write FoodRecord to a file, ExportGenerator peforms String formatting and file writing itself. Improved FoodRecord toString method to give line-by-line Food entries Auto-sorting now done after every update of Food.",
            "messageBody": "",
            "insertions": 176,
            "deletions": 8
          },
          {
            "hash": "369166d2fe8811f05c5a8a44324ee2926a628d47",
            "messageTitle": "Fix checkstyle.",
            "messageBody": "",
            "insertions": 10,
            "deletions": 3
          }
        ]
      },
      {
        "insertions": 353,
        "deletions": 58,
        "date": "2020-03-29",
        "commitResults": [
          {
            "hash": "a846e13ba7548e696625f1aace85eff95e2b6461",
            "messageTitle": "Implemented 2nd find command extension: Categorical Find. Users can now find using a SINGLE specified field, choosing only one parameter. This parameter can be ANY one of the following in the FORMAT below. Format: find [n/NAME] [cal/CALORIES] [p/PROTEIN] [c/CARBOHYDRATE] [f/FAT] [t/TAG] For NAME and TAG, substring search is implemented, and exact search is implemented for CALORIES, PROTEIN, CARBOHYDRATE, and FAT.",
            "messageBody": "find command no longer uses sole NameContainsKeywordPredicate, and it is now replaced with the more general Predicate\u003cFood\u003e.\nRemove dead code.\nInclude find command error message when user uses too many parameters.\nEdit StringUtil.java to include method to check same Nutritional Value of cal/p/c/f\nEdit ArgumentMultimap.java to include method to check for single user input of single parameter/prefix.\nUpdate Predicate\u003cFood\u003e implementors to take in Name, Calorie, Protein, Carbohydrate, Fat, List\u003cTag\u003e instead of Strings for consistency and to reflect a better OO model. There are now Calorie-, Carbohydrate-, Fat-, Protein-, and Tag- ContainsKeywordsPredicate.java files.\nImprove javadocs for certain files affected.\nFix tests.\n",
            "insertions": 353,
            "deletions": 58
          }
        ]
      },
      {
        "insertions": 79,
        "deletions": 70,
        "date": "2020-03-30",
        "commitResults": [
          {
            "hash": "46044ed02334f118154af69d21e76fab4fc539fd",
            "messageTitle": "Edit DG for consistency. Improve DG. Fix checkstyle.",
            "messageBody": "",
            "insertions": 42,
            "deletions": 49
          },
          {
            "hash": "27fa6b6c706d4a09ec06647d2e158ce8a4f86178",
            "messageTitle": "Refactor/Review all list, find, export command-related files. Ensure SLAP, happy path is clear, no magic numbers, no code duplication. Added a layer of defensive coding. Check using assertions. Check logging. Fix checkstyle.",
            "messageBody": "",
            "insertions": 37,
            "deletions": 21
          }
        ]
      },
      {
        "insertions": 43,
        "deletions": 1,
        "date": "2020-04-03",
        "commitResults": [
          {
            "hash": "b3b3112daf9761a4b9e725fa8e3b422dd120df15",
            "messageTitle": "Update to 20 Sample Food for new users.",
            "messageBody": "",
            "insertions": 43,
            "deletions": 1
          }
        ]
      }
    ],
    "jeremylow97": [
      {
        "insertions": 251,
        "deletions": 2,
        "date": "2020-03-08",
        "commitResults": [
          {
            "hash": "dfb14491e27273bcc862a61f74ee443109970f0c",
            "messageTitle": "Add Food object and basic Food-related objects",
            "messageBody": "",
            "insertions": 231,
            "deletions": 0
          },
          {
            "hash": "7f3584e86be18fc25b5e25723394823d8f14f738",
            "messageTitle": "checkstyle edits",
            "messageBody": "",
            "insertions": 20,
            "deletions": 2
          }
        ]
      },
      {
        "insertions": 313,
        "deletions": 761,
        "date": "2020-03-17",
        "commitResults": [
          {
            "hash": "a35249b3a2c0c4063a68a0f61e8037cf704c3fb3",
            "messageTitle": "Implemented Update(Add \u0026 Edit) and Delete functions",
            "messageBody": "",
            "insertions": 212,
            "deletions": 277
          },
          {
            "hash": "3fd24cad54212fea6e495fb8407bce81ba968ca3",
            "messageTitle": "Delete Add and Edit functionalities, Added basic integration tests for update command",
            "messageBody": "",
            "insertions": 100,
            "deletions": 479
          },
          {
            "hash": "968ae2e13e1fecc3d4d7387fc68ef1a4a406e72e",
            "messageTitle": "Removed unnecessary prints",
            "messageBody": "",
            "insertions": 1,
            "deletions": 5
          }
        ]
      },
      {
        "insertions": 17,
        "deletions": 17,
        "date": "2020-03-19",
        "commitResults": [
          {
            "hash": "394b0212a65184dc38b13e5626070c97906b80d0",
            "messageTitle": "Edited Food items for local context instead of international",
            "messageBody": "",
            "insertions": 17,
            "deletions": 17
          }
        ]
      },
      {
        "insertions": 4896,
        "deletions": 522,
        "date": "2020-03-28",
        "commitResults": [
          {
            "hash": "7a0334a3e475057fb60cd438e86720618cc83bc1",
            "messageTitle": "Edits to tests",
            "messageBody": "",
            "insertions": 4404,
            "deletions": 3
          },
          {
            "hash": "a699fd09f47c55e13e7d5bd37ca84c45ca05fffb",
            "messageTitle": "Completed Morphing of all tests from AB3 to Calgo. All JUNIT tests passed at this stage.",
            "messageBody": "",
            "insertions": 492,
            "deletions": 519
          }
        ]
      },
      {
        "insertions": 362,
        "deletions": 329,
        "date": "2020-03-29",
        "commitResults": [
          {
            "hash": "53b238d74951fc71cc6b43c6447ec44992862ba6",
            "messageTitle": "Checkstyle changes to tests",
            "messageBody": "",
            "insertions": 362,
            "deletions": 329
          }
        ]
      },
      {
        "insertions": 78,
        "deletions": 3,
        "date": "2020-04-01",
        "commitResults": [
          {
            "hash": "ba7a9cc954befd8a7699722f72938bf6c0998f02",
            "messageTitle": "Completed real-time filter feature of FoodRecord based on user input",
            "messageBody": "",
            "insertions": 78,
            "deletions": 3
          }
        ]
      },
      {
        "insertions": 99,
        "deletions": 35,
        "date": "2020-04-02",
        "commitResults": [
          {
            "hash": "36d2fdd63e715977bf09e0900493833018f85ff3",
            "messageTitle": "Covered new case for Update, if user updates a food with the same values as before, it throws an error Autofilter now does not filter the FoodList, but just shows the use similar food items in the result display box.",
            "messageBody": "",
            "insertions": 96,
            "deletions": 30
          },
          {
            "hash": "3c116c44c0bdc76f821d9a8e9fa2576afe05f6ea",
            "messageTitle": "Checkstyle updates",
            "messageBody": "",
            "insertions": 3,
            "deletions": 5
          }
        ]
      },
      {
        "insertions": 6,
        "deletions": 6,
        "date": "2020-04-07",
        "commitResults": [
          {
            "hash": "e3a8e818e01e6279da3e977acec707bbc1adbf2e",
            "messageTitle": "Update to Javadocs for UpdateCommandParser, DeleteCommand, Logic and some minor edits to UG",
            "messageBody": "",
            "insertions": 6,
            "deletions": 6
          }
        ]
      }
    ]
  },
  "authorFinalContributionMap": {
    "J-Dan23": 268,
    "buddhavineeth": 1574,
    "ray-97": 1876,
    "eugenetyc": 1792,
    "jeremylow97": 2871
  },
  "authorFileTypeContributionMap": {
    "J-Dan23": {
      "docs": 0,
      "functional-code": 267,
      "test-code": 1
    },
    "buddhavineeth": {
      "docs": 0,
      "functional-code": 1568,
      "test-code": 4,
      "other": 2
    },
    "ray-97": {
      "docs": 0,
      "functional-code": 1635,
      "test-code": 239,
      "other": 2
    },
    "eugenetyc": {
      "docs": 0,
      "functional-code": 1747,
      "test-code": 44,
      "other": 1
    },
    "jeremylow97": {
      "docs": 0,
      "functional-code": 278,
      "test-code": 2592,
      "other": 1
    }
  },
  "authorContributionVariance": {
    "J-Dan23": 5768.356,
    "buddhavineeth": 527709.5,
    "ray-97": 109767.12,
    "eugenetyc": 1185712.1,
    "jeremylow97": 555155.44
  },
  "authorDisplayNameMap": {
    "J-Dan23": "CS2103T-F11-1 JANI.. WEN",
    "buddhavineeth": "CS2103T-F11-1 VINE..DDHA",
    "ray-97": "CS2103T-F11-1 CAI ..CONG",
    "eugenetyc": "CS2103T-F11-1 EUGE..CHIN",
    "jeremylow97": "CS2103T-F11-1 LOW ..XIAN"
  }
}
