{
  "authorDailyContributionsMap": {
    "J-Dan23": [
      {
        "insertions": 164,
        "deletions": 317,
        "date": "2020-03-17",
        "commitResults": [
          {
            "hash": "99ca872713e28e8d5720216a4fc54f6b52030efc",
            "messageTitle": "add (summarised) UG info to help command/window",
            "messageBody": "",
            "insertions": 66,
            "deletions": 2
          },
          {
            "hash": "c80823d83d048cb6362576bc7bd7ee42399005e2",
            "messageTitle": "remove seedu\\address\\model\\person",
            "messageBody": "",
            "insertions": 0,
            "deletions": 249
          },
          {
            "hash": "69b42e9d5e42088e67b536351efb097faff16e02",
            "messageTitle": "change HelpWindow.fxml to new layout",
            "messageBody": "",
            "insertions": 74,
            "deletions": 28
          },
          {
            "hash": "48e1239f793c9b4cd161026da08d2394c3aece22",
            "messageTitle": "fix references to AddressBook in init, app window to Calgo",
            "messageBody": "",
            "insertions": 4,
            "deletions": 4
          },
          {
            "hash": "5bf363b3541cbf3cf0a2cff350d69049e2bd267c",
            "messageTitle": "change app logo to Calgo logo",
            "messageBody": "",
            "insertions": 1,
            "deletions": 1
          },
          {
            "hash": "38642606451a1b63df4f8a3ebeac822b4f7c65eb",
            "messageTitle": "fix unused imports in ReportCommandParser",
            "messageBody": "",
            "insertions": 0,
            "deletions": 9
          },
          {
            "hash": "82cd5d4cc1f0481a31649151d5d5836ed3dcadfb",
            "messageTitle": "fix help display to scale with help window size",
            "messageBody": "",
            "insertions": 19,
            "deletions": 24
          }
        ]
      },
      {
        "insertions": 8,
        "deletions": 4,
        "date": "2020-03-19",
        "commitResults": [
          {
            "hash": "23c1ca88c0e99ec0c9574d7d7f6f0ab0d76564fc",
            "messageTitle": "change help window to start with height 500px",
            "messageBody": "",
            "insertions": 1,
            "deletions": 1
          },
          {
            "hash": "d1f4b5a690fd6d35a3c5dd6488ff8dba164279be",
            "messageTitle": "update app to display prompt to set daily goal upon startup",
            "messageBody": "",
            "insertions": 5,
            "deletions": 0
          },
          {
            "hash": "1cd61809f3a55442fa02bacae9c007905481e4d1",
            "messageTitle": "fix constant declaration to adhere to checkstyle",
            "messageBody": "",
            "insertions": 2,
            "deletions": 3
          }
        ]
      }
    ],
    "buddhavineeth": [
      {
        "insertions": 1,
        "deletions": 1,
        "date": "2020-03-05",
        "commitResults": [
          {
            "hash": "abab654bffaef56a6b4533ee381a554f46acb86c",
            "messageTitle": "Wrap up Milestone v1.1",
            "messageBody": "",
            "insertions": 1,
            "deletions": 1
          }
        ]
      },
      {
        "insertions": 44,
        "deletions": 249,
        "date": "2020-03-12",
        "commitResults": [
          {
            "hash": "d3bc44febb66ca1f7ad85bbbe396a444aad84ec6",
            "messageTitle": "add ReportGenerator",
            "messageBody": "",
            "insertions": 44,
            "deletions": 249
          }
        ]
      },
      {
        "insertions": 204,
        "deletions": 0,
        "date": "2020-03-13",
        "commitResults": [
          {
            "hash": "9f80884b1cac9c162a8a85fc7de8102ad01a1aba",
            "messageTitle": "edit Day, DailyFoodLog, UniqueDayMap classes",
            "messageBody": "",
            "insertions": 204,
            "deletions": 0
          }
        ]
      },
      {
        "insertions": 1276,
        "deletions": 1108,
        "date": "2020-03-17",
        "commitResults": [
          {
            "hash": "1824cc32b9b0cdf942116b04d6034003e18bbe9c",
            "messageTitle": "Add report functionality with exceptions",
            "messageBody": "",
            "insertions": 179,
            "deletions": 46
          },
          {
            "hash": "d7c7d1b5447c24b02b50c54bb7f401c62a608db4",
            "messageTitle": "Modularise ReportGenerator functionality",
            "messageBody": "",
            "insertions": 40,
            "deletions": 12
          },
          {
            "hash": "38c0fab5c117af7b8161112f0ebe0653bc747801",
            "messageTitle": "Fix Food toString method",
            "messageBody": "",
            "insertions": 11,
            "deletions": 3
          },
          {
            "hash": "71bb38e80def280c61a1cb47be79ed4525966d4c",
            "messageTitle": "refactor to valid package name",
            "messageBody": "",
            "insertions": 1026,
            "deletions": 1029
          },
          {
            "hash": "2c4e6a2bb89f6c7de0e542f347016e3500ac8fd5",
            "messageTitle": "Clean up code",
            "messageBody": "",
            "insertions": 20,
            "deletions": 18
          }
        ]
      },
      {
        "insertions": 559,
        "deletions": 238,
        "date": "2020-03-18",
        "commitResults": [
          {
            "hash": "19b5b2d1be632881c241d7334b4b5c279e77b21b",
            "messageTitle": "fix Checkstyle of all files",
            "messageBody": "",
            "insertions": 295,
            "deletions": 152
          },
          {
            "hash": "4e304d1ccbbfa4362e442c768b590aabaf3e0702",
            "messageTitle": "conform to travis checkstyle for fxml files",
            "messageBody": "",
            "insertions": 26,
            "deletions": 26
          },
          {
            "hash": "f9b790a256731274902c4020e15cef9d39180b68",
            "messageTitle": "conform to travis checkstyle for fxml files",
            "messageBody": "",
            "insertions": 45,
            "deletions": 45
          },
          {
            "hash": "0f3fb139476d2641837aa78d9684e882bb9aa97a",
            "messageTitle": "add Goal functionality",
            "messageBody": "",
            "insertions": 188,
            "deletions": 12
          },
          {
            "hash": "d871188b60561085633d139ae69215c2ed1b12d9",
            "messageTitle": "improve report messages",
            "messageBody": "",
            "insertions": 3,
            "deletions": 1
          },
          {
            "hash": "9fd4c3c9b221d85c7c1d9a0928c22c6f11dca4b2",
            "messageTitle": "update helpwindow",
            "messageBody": "",
            "insertions": 2,
            "deletions": 2
          }
        ]
      },
      {
        "insertions": 21,
        "deletions": 7,
        "date": "2020-03-19",
        "commitResults": [
          {
            "hash": "f747aee8ad01cbb1f1a5f204fbd0ce7753447f30",
            "messageTitle": "add exceptions for Goal",
            "messageBody": "",
            "insertions": 19,
            "deletions": 5
          },
          {
            "hash": "4bb5997f1eb0abf149ffdf7eb659bbb5df4b9ef1",
            "messageTitle": "update build.gradle to use calgo instead of addressbook for name",
            "messageBody": "",
            "insertions": 2,
            "deletions": 2
          }
        ]
      }
    ],
    "ray-97": [
      {
        "insertions": 264,
        "deletions": 0,
        "date": "2020-03-03",
        "commitResults": [
          {
            "hash": "5bd3a44e3ca7d515225c679736862b2b1c4d2308",
            "messageTitle": "day list halfway done",
            "messageBody": "",
            "insertions": 264,
            "deletions": 0
          }
        ]
      },
      {
        "insertions": 240,
        "deletions": 44,
        "date": "2020-03-06",
        "commitResults": [
          {
            "hash": "24eb9017311f3f260cd55ca7932b69a18f984d05",
            "messageTitle": "doing nom command, made dummy food class and validation methods",
            "messageBody": "",
            "insertions": 240,
            "deletions": 44
          }
        ]
      },
      {
        "insertions": 136,
        "deletions": 97,
        "date": "2020-03-08",
        "commitResults": [
          {
            "hash": "e2b69efefe5a1514a2819c9ea6ef169f8a101498",
            "messageTitle": "saving work",
            "messageBody": "",
            "insertions": 61,
            "deletions": 54
          },
          {
            "hash": "c669aec71a24213c3fb23cacac97d843e0bebd3b",
            "messageTitle": "finalise execution path for nom command",
            "messageBody": "",
            "insertions": 75,
            "deletions": 43
          }
        ]
      },
      {
        "insertions": 137,
        "deletions": 112,
        "date": "2020-03-09",
        "commitResults": [
          {
            "hash": "709a3015ccb8243a579ca68b481f426034f75374",
            "messageTitle": "implemented parsing of date",
            "messageBody": "",
            "insertions": 37,
            "deletions": 1
          },
          {
            "hash": "4c1cb6b6bd12f394d2712d13f96140e8445cce86",
            "messageTitle": "implemented methods relevant to NomCommandParser",
            "messageBody": "",
            "insertions": 73,
            "deletions": 18
          },
          {
            "hash": "18b6bd443f11f8c980ccf3c26aac73cac1912155",
            "messageTitle": "finish nom command",
            "messageBody": "",
            "insertions": 27,
            "deletions": 93
          }
        ]
      },
      {
        "insertions": 156,
        "deletions": 36,
        "date": "2020-03-10",
        "commitResults": [
          {
            "hash": "d99b249296148377e22477ab7e9e48505df891b5",
            "messageTitle": "implement some part of vomit",
            "messageBody": "",
            "insertions": 156,
            "deletions": 36
          }
        ]
      },
      {
        "insertions": 33,
        "deletions": 102,
        "date": "2020-03-13",
        "commitResults": [
          {
            "hash": "3f8f7931cafeaf1835950129877878df370fa294",
            "messageTitle": "changed dailyfoodlog to use hashmap",
            "messageBody": "",
            "insertions": 33,
            "deletions": 102
          }
        ]
      },
      {
        "insertions": 231,
        "deletions": 304,
        "date": "2020-03-14",
        "commitResults": [
          {
            "hash": "c01e18882c553874db1d20be346483c24153163a",
            "messageTitle": "finished vomit command",
            "messageBody": "",
            "insertions": 221,
            "deletions": 285
          },
          {
            "hash": "687eeeb1276a8d992eba92318affa633a4da9957",
            "messageTitle": "commit before branch",
            "messageBody": "",
            "insertions": 10,
            "deletions": 19
          }
        ]
      },
      {
        "insertions": 143,
        "deletions": 87,
        "date": "2020-03-15",
        "commitResults": [
          {
            "hash": "5317045bf42130bcf41935a65ca4d28e1d61b440",
            "messageTitle": "added exceptions",
            "messageBody": "",
            "insertions": 143,
            "deletions": 87
          }
        ]
      },
      {
        "insertions": 184,
        "deletions": 22,
        "date": "2020-03-16",
        "commitResults": [
          {
            "hash": "c335b6c21a4850ff8a50f8be37180c78b5a45a6e",
            "messageTitle": "implemented ways to update GUI",
            "messageBody": "",
            "insertions": 184,
            "deletions": 22
          }
        ]
      },
      {
        "insertions": 301,
        "deletions": 176,
        "date": "2020-03-17",
        "commitResults": [
          {
            "hash": "8179884291bd4159d7a271b47fe11241555c3294",
            "messageTitle": "make GUI components to display consumedfood",
            "messageBody": "",
            "insertions": 129,
            "deletions": 8
          },
          {
            "hash": "b157321564a40f2d267e3637026475e0f0d51187",
            "messageTitle": "narrowed down reason for GUI crashing",
            "messageBody": "",
            "insertions": 9,
            "deletions": 7
          },
          {
            "hash": "9a0260e98695f84e074db1697d10317ee30dbeb9",
            "messageTitle": "commit before pull",
            "messageBody": "",
            "insertions": 8,
            "deletions": 4
          },
          {
            "hash": "9a3062d246c820d8f3d04a616b5150c86800c54c",
            "messageTitle": "commit before checkout",
            "messageBody": "",
            "insertions": 155,
            "deletions": 157
          }
        ]
      },
      {
        "insertions": 258,
        "deletions": 240,
        "date": "2020-03-18",
        "commitResults": [
          {
            "hash": "411dc3ba8cab38e884c46821d2b4a1a8d4013a32",
            "messageTitle": "commit before pull",
            "messageBody": "",
            "insertions": 3,
            "deletions": 13
          },
          {
            "hash": "3dc3f163ff345ae8ee7b94a51aa1c02ee80cbf80",
            "messageTitle": "fix GUI and added some error msg",
            "messageBody": "",
            "insertions": 38,
            "deletions": 9
          },
          {
            "hash": "1249bae786bc0f0bad59d47ea4c423f51fd41749",
            "messageTitle": "removed a print statement",
            "messageBody": "",
            "insertions": 1,
            "deletions": 2
          },
          {
            "hash": "d1a0025b2161b047016c00bb374e66a92657dc59",
            "messageTitle": "fix report file path string due to changes",
            "messageBody": "",
            "insertions": 12,
            "deletions": 1
          },
          {
            "hash": "10b684ba90de15d60771ae29bd6d1bc063411466",
            "messageTitle": "fix line ending",
            "messageBody": "",
            "insertions": 202,
            "deletions": 213
          },
          {
            "hash": "3ff83e28071cf8e2cec39b0eaa6a63f698e1b7d1",
            "messageTitle": "fix line ending",
            "messageBody": "",
            "insertions": 0,
            "deletions": 1
          },
          {
            "hash": "332ae421843c620bb548325f116a329e085e57d7",
            "messageTitle": "fix EOF no newline",
            "messageBody": "",
            "insertions": 2,
            "deletions": 1
          }
        ]
      }
    ],
    "eugenetyc": [
      {
        "insertions": 3,
        "deletions": 3,
        "date": "2020-02-18",
        "commitResults": [
          {
            "hash": "5de33199c7584111e974559b04f2a92ceada596b",
            "messageTitle": "Setting up the personal fork.",
            "messageBody": "",
            "insertions": 3,
            "deletions": 3
          }
        ]
      },
      {
        "insertions": 4094,
        "deletions": 3985,
        "date": "2020-03-11",
        "commitResults": [
          {
            "hash": "ad979292bcbe59cf5a09db35d928984412f6f1bf",
            "messageTitle": "Remodel AB3 to Calgo, include Carbohydrate, Protein, Fat, Calorie, Food, Name, UniqueFoodList. Edited JSON storage format to: NAME, CALORIES, PROTEIN, CARBOHYDRATE, FAT, TAGS. To do: Bring functionality for these new formats, apply these new Objects into AB3.",
            "messageBody": "",
            "insertions": 1275,
            "deletions": 1165
          },
          {
            "hash": "eb1db87fdce4deedb345b0a3694620c7c71d9372",
            "messageTitle": "Complete remodel of AB3 to a fully functional Calgo with working v1.2 list and v1.2 find commands. Note: regex used for filtering valid command input",
            "messageBody": "Change Storage File (now data/foodrecord.json) and Json Data Storage Format.\n\nModify Exception Messages to suit appropriate commands and situations.\n\nModify code documentation for all affected non-Ui files.\n\nEdit SampleDataUtil.java to convert from Person objects to Food objects.\n\nSlightly modify Ui to show the most basic v1.2 requirements. (showing all fields including: Name, Calorie, Protein, Carbohydrate, Fat).\n",
            "insertions": 2818,
            "deletions": 2819
          },
          {
            "hash": "4466f9fdfa24aea0c83480ddbc40c6820b4bb3d6",
            "messageTitle": "Edit documentation",
            "messageBody": "",
            "insertions": 1,
            "deletions": 1
          }
        ]
      },
      {
        "insertions": 58,
        "deletions": 283,
        "date": "2020-03-17",
        "commitResults": [
          {
            "hash": "f8b57008287dba282b346ed0435062d2e24add72",
            "messageTitle": "Fix bugs for Saving Food into Food Record.",
            "messageBody": "",
            "insertions": 21,
            "deletions": 263
          },
          {
            "hash": "a6ad2a278e9545aed6d14f429a5b8a30b6dab443",
            "messageTitle": "Reflect Food Nutritional Labels of each individual food.",
            "messageBody": "",
            "insertions": 19,
            "deletions": 19
          },
          {
            "hash": "25f19eff81f0953d17b7afaefdcc658b37bff1ef",
            "messageTitle": "List command now displays in lexographical order.",
            "messageBody": "",
            "insertions": 18,
            "deletions": 1
          }
        ]
      }
    ],
    "jeremylow97": [
      {
        "insertions": 251,
        "deletions": 2,
        "date": "2020-03-08",
        "commitResults": [
          {
            "hash": "dfb14491e27273bcc862a61f74ee443109970f0c",
            "messageTitle": "Add Food object and basic Food-related objects",
            "messageBody": "",
            "insertions": 231,
            "deletions": 0
          },
          {
            "hash": "7f3584e86be18fc25b5e25723394823d8f14f738",
            "messageTitle": "checkstyle edits",
            "messageBody": "",
            "insertions": 20,
            "deletions": 2
          }
        ]
      },
      {
        "insertions": 313,
        "deletions": 761,
        "date": "2020-03-17",
        "commitResults": [
          {
            "hash": "a35249b3a2c0c4063a68a0f61e8037cf704c3fb3",
            "messageTitle": "Implemented Update(Add \u0026 Edit) and Delete functions",
            "messageBody": "",
            "insertions": 212,
            "deletions": 277
          },
          {
            "hash": "3fd24cad54212fea6e495fb8407bce81ba968ca3",
            "messageTitle": "Delete Add and Edit functionalities, Added basic integration tests for update command",
            "messageBody": "",
            "insertions": 100,
            "deletions": 479
          },
          {
            "hash": "968ae2e13e1fecc3d4d7387fc68ef1a4a406e72e",
            "messageTitle": "Removed unnecessary prints",
            "messageBody": "",
            "insertions": 1,
            "deletions": 5
          }
        ]
      },
      {
        "insertions": 17,
        "deletions": 17,
        "date": "2020-03-19",
        "commitResults": [
          {
            "hash": "394b0212a65184dc38b13e5626070c97906b80d0",
            "messageTitle": "Edited Food items for local context instead of international",
            "messageBody": "",
            "insertions": 17,
            "deletions": 17
          }
        ]
      }
    ]
  },
  "authorFinalContributionMap": {
    "J-Dan23": 123,
    "buddhavineeth": 1062,
    "ray-97": 856,
    "eugenetyc": 3187,
    "jeremylow97": 236
  },
  "authorFileTypeContributionMap": {
    "J-Dan23": {
      "java": 70,
      "md": 0,
      "fxml": 53,
      "sh": 0,
      "bat": 0,
      "gradle": 0,
      "txt": 0
    },
    "buddhavineeth": {
      "java": 1060,
      "md": 0,
      "fxml": 0,
      "sh": 0,
      "bat": 0,
      "gradle": 2,
      "txt": 0
    },
    "ray-97": {
      "java": 801,
      "md": 0,
      "fxml": 53,
      "sh": 0,
      "bat": 0,
      "gradle": 2,
      "txt": 0
    },
    "eugenetyc": {
      "java": 3171,
      "md": 0,
      "fxml": 15,
      "sh": 1,
      "bat": 0,
      "gradle": 0,
      "txt": 0
    },
    "jeremylow97": {
      "java": 236,
      "md": 0,
      "fxml": 0,
      "sh": 0,
      "bat": 0,
      "gradle": 0,
      "txt": 0
    }
  },
  "authorContributionVariance": {
    "J-Dan23": 6416.0205,
    "buddhavineeth": 172973.75,
    "ray-97": 24774.748,
    "eugenetyc": 1810230.1,
    "jeremylow97": 33306.215
  },
  "authorDisplayNameMap": {
    "J-Dan23": "CS2103T-F11-1 JANI.. WEN",
    "buddhavineeth": "CS2103T-F11-1 VINE..DDHA",
    "ray-97": "CS2103T-F11-1 CAI ..CONG",
    "eugenetyc": "CS2103T-F11-1 EUGE..CHIN",
    "jeremylow97": "CS2103T-F11-1 LOW ..XIAN"
  }
}
