{
  "authorDailyContributionsMap": {
    "capeguy": [
      {
        "insertions": 1709,
        "deletions": 366,
        "date": "2020-02-25",
        "commitResults": [
          {
            "hash": "032244ae8e14d66cc9afd6dcda5a969b967e8207",
            "messageTitle": "Implemented Student class and associated classes. Implemented Planner class and associated classes. Implemented Programme and GraduationRequirements class and associated classes.",
            "messageBody": "",
            "insertions": 1357,
            "deletions": 0
          },
          {
            "hash": "e1dcbe5d9f02364ffcde773d54764b846c99ed34",
            "messageTitle": "Added more files",
            "messageBody": "",
            "insertions": 352,
            "deletions": 366
          }
        ]
      },
      {
        "insertions": 807,
        "deletions": 379,
        "date": "2020-03-02",
        "commitResults": [
          {
            "hash": "2a83ae8b8b3fbced5509e938b6eedebaa0fc8299",
            "messageTitle": "Updated ModuleDataImporter to use NUSMods API v2",
            "messageBody": "",
            "insertions": 301,
            "deletions": 220
          },
          {
            "hash": "65f455547183c96bf1ec035a642ce29ca9ae9e49",
            "messageTitle": "#37 Implemented Planner, Module, ModuleDataImport Removed StudentAddCommand to be better implemented by Vincent.",
            "messageBody": "",
            "insertions": 506,
            "deletions": 159
          }
        ]
      },
      {
        "insertions": 654,
        "deletions": 36,
        "date": "2020-03-17",
        "commitResults": [
          {
            "hash": "dfe2c6d0b6dfe111974c042be0f80671d1e616e0",
            "messageTitle": "Updated and created new commands and logic",
            "messageBody": "",
            "insertions": 300,
            "deletions": 2
          },
          {
            "hash": "ef252534564506a15bc216034b25dee0b400d219",
            "messageTitle": "Updated ModuleDataImporter to import Semester Data",
            "messageBody": "",
            "insertions": 354,
            "deletions": 34
          }
        ]
      },
      {
        "insertions": 2049,
        "deletions": 1523,
        "date": "2020-03-24",
        "commitResults": [
          {
            "hash": "dda0154e15e9be62854bd8e4150899655c4323f2",
            "messageTitle": "Fixing codebase to be compilable and pass all test cases",
            "messageBody": "",
            "insertions": 54,
            "deletions": 52
          },
          {
            "hash": "134c2f2cdd7a9fc17493fd8d3c094393c4f4b4ac",
            "messageTitle": "Fixed codestyle",
            "messageBody": "",
            "insertions": 826,
            "deletions": 750
          },
          {
            "hash": "841f43b55ce97551731a589ece70023da4a63c47",
            "messageTitle": "Fixed more codestyle issues. 320 left.",
            "messageBody": "",
            "insertions": 706,
            "deletions": 358
          },
          {
            "hash": "f8372ba0c54e316f74e978b00eca922231b4caf6",
            "messageTitle": "Fixed more checkstyles, left 115. Suppressed JavaDocs",
            "messageBody": "",
            "insertions": 229,
            "deletions": 128
          },
          {
            "hash": "ae9b522414e14f1e487a076c981fa8ae577a927e",
            "messageTitle": "Fixed all Checkstyle issues for main",
            "messageBody": "",
            "insertions": 214,
            "deletions": 193
          },
          {
            "hash": "cdbfdc4a11b233a7cbf4137939da509fd2c59b3a",
            "messageTitle": "Fixed all Checkstyle issues for test",
            "messageBody": "",
            "insertions": 18,
            "deletions": 40
          },
          {
            "hash": "bda6e71dee79534706304ccb8debf5312aea2b78",
            "messageTitle": "Fixed missing EOF for travis",
            "messageBody": "",
            "insertions": 2,
            "deletions": 2
          }
        ]
      },
      {
        "insertions": 40,
        "deletions": 26,
        "date": "2020-03-31",
        "commitResults": [
          {
            "hash": "a7b3befd6cd2a384618b2c6266c4ca25ef95626e",
            "messageTitle": "Fixed #88",
            "messageBody": "",
            "insertions": 12,
            "deletions": 13
          },
          {
            "hash": "6be5b111c6e6a4e20650839c8b4dbdf7dac98b07",
            "messageTitle": "Fixed #88",
            "messageBody": "",
            "insertions": 26,
            "deletions": 6
          },
          {
            "hash": "d5530fa76b23994cffa526ce3a8e6a2da64f51d3",
            "messageTitle": "Fixed unused imports",
            "messageBody": "",
            "insertions": 2,
            "deletions": 7
          }
        ]
      },
      {
        "insertions": 1169,
        "deletions": 1045,
        "date": "2020-04-01",
        "commitResults": [
          {
            "hash": "64cb8a56896e55af8a7161297345bf8d86dcd827",
            "messageTitle": "Fixed #98",
            "messageBody": "",
            "insertions": 4,
            "deletions": 1
          },
          {
            "hash": "dc40ed4f1f3754460f63a1ad2676d7c12955bf04",
            "messageTitle": "Fixed Merge Conflict Fixing Unit Tests",
            "messageBody": "",
            "insertions": 42,
            "deletions": 27
          },
          {
            "hash": "bf93f1ae5c293e4b551e58f83e7885ec4b25ce7b",
            "messageTitle": "Fixed more unit test, left 10",
            "messageBody": "",
            "insertions": 135,
            "deletions": 22
          },
          {
            "hash": "a8aefaa4bc521ce830abd8631fecb80c9a9ba908",
            "messageTitle": "Fixed all unit test",
            "messageBody": "",
            "insertions": 19,
            "deletions": 22
          },
          {
            "hash": "345585c9e3871e2675a6aa1e7aa987e22358a54d",
            "messageTitle": "Checkstyle fixes",
            "messageBody": "",
            "insertions": 21,
            "deletions": 23
          },
          {
            "hash": "058aff72e83d3956bb4f24bb6311e962ca47647f",
            "messageTitle": "Fixed comments by Vincent",
            "messageBody": "",
            "insertions": 4,
            "deletions": 6
          },
          {
            "hash": "fbda3f9a45a4c321830907902e8900bc9c3fbbff",
            "messageTitle": "#91 Renamed address package to planner",
            "messageBody": "",
            "insertions": 944,
            "deletions": 944
          }
        ]
      },
      {
        "insertions": 30,
        "deletions": 19,
        "date": "2020-04-06",
        "commitResults": [
          {
            "hash": "6a4da6c14bdef454f9474ea6fd2e8adc37e9620f",
            "messageTitle": "#126 Fixed Semester representation",
            "messageBody": "",
            "insertions": 5,
            "deletions": 1
          },
          {
            "hash": "ba6d7840d75210c130b7983bc646971776d72a29",
            "messageTitle": "#125",
            "messageBody": "",
            "insertions": 1,
            "deletions": 1
          },
          {
            "hash": "dc7933eb892c49b2658aa5aaab6eab3449e929fd",
            "messageTitle": "Fixed graduation requirement calculation",
            "messageBody": "",
            "insertions": 6,
            "deletions": 4
          },
          {
            "hash": "6478e9c63c3837ba8c91feb1ce474f1edcab06a5",
            "messageTitle": "Fixed #171",
            "messageBody": "",
            "insertions": 2,
            "deletions": 2
          },
          {
            "hash": "86daa5c1cfdc3a603b23a52e79bb178921d0abc9",
            "messageTitle": "#132 Fixed year validation",
            "messageBody": "",
            "insertions": 7,
            "deletions": 2
          },
          {
            "hash": "f66ac1ce40faeb34f4fc2264f38d3e8d3a8634f2",
            "messageTitle": "#147 Provde examples of valid Majors",
            "messageBody": "",
            "insertions": 1,
            "deletions": 1
          },
          {
            "hash": "f9fee0888d9b1d335a8ccc7a653d0a6277f4d9ce",
            "messageTitle": "#149",
            "messageBody": "",
            "insertions": 3,
            "deletions": 3
          },
          {
            "hash": "f0a3c113e5edbb7013d085e1ffa078cb8c4916f9",
            "messageTitle": "Checkstyle fixes",
            "messageBody": "",
            "insertions": 5,
            "deletions": 5
          }
        ]
      },
      {
        "insertions": 40,
        "deletions": 44,
        "date": "2020-04-07",
        "commitResults": [
          {
            "hash": "376547fa10980e4e34c810910489a7578d1b9b87",
            "messageTitle": "Fixed issue with setting specialisation",
            "messageBody": "",
            "insertions": 13,
            "deletions": 11
          },
          {
            "hash": "f1c81575443ac2f4ff218b437353306047c40d8e",
            "messageTitle": "Updated validation of year",
            "messageBody": "",
            "insertions": 4,
            "deletions": 10
          },
          {
            "hash": "58065a5df854347ba7c3bd78ff4e9ea7e4cc267c",
            "messageTitle": "Fixed excessive code and implemented error handling for user input",
            "messageBody": "",
            "insertions": 15,
            "deletions": 19
          },
          {
            "hash": "4856eb24b4a00801716996fc26214b4651d1b062",
            "messageTitle": "#183 Fixed crashing issue when a grade is saved",
            "messageBody": "",
            "insertions": 5,
            "deletions": 1
          },
          {
            "hash": "81d9403cea0d342a01cbf58d37e5905a06297b39",
            "messageTitle": "Fixed Checkstyle",
            "messageBody": "",
            "insertions": 2,
            "deletions": 2
          },
          {
            "hash": "a774fb87582f243c5dd97281413233365bb751a3",
            "messageTitle": "Updated Gradle jar name",
            "messageBody": "",
            "insertions": 1,
            "deletions": 1
          }
        ]
      },
      {
        "insertions": 4,
        "deletions": 15,
        "date": "2020-04-09",
        "commitResults": [
          {
            "hash": "2a4fe3373c1dea1b727a5473373a6d4c0570673f",
            "messageTitle": "Checkstyle changes",
            "messageBody": "",
            "insertions": 4,
            "deletions": 15
          }
        ]
      },
      {
        "insertions": 2327,
        "deletions": 1590,
        "date": "2020-04-11",
        "commitResults": [
          {
            "hash": "3837b0d8e50ea0a6e3396b8f2742f9a5fb95d4a1",
            "messageTitle": "Enhanced Developer Guide and optimised Code to be aligned with Developer Guide. Updated Images",
            "messageBody": "",
            "insertions": 76,
            "deletions": 336
          },
          {
            "hash": "b551d956232e451cd3ba28f622fc476d582d5541",
            "messageTitle": "Enhanced Graduation Requirements, Specialisations and implemented Unit Tests. Implemented Unit Test for Student",
            "messageBody": "",
            "insertions": 1141,
            "deletions": 5
          },
          {
            "hash": "de2f4905ab4fca21123e791c89f3a1492905083d",
            "messageTitle": "Fixed line endings",
            "messageBody": "",
            "insertions": 856,
            "deletions": 856
          },
          {
            "hash": "9d77e42bbe1ced72f9df2caf4aa2af7871ef82ed",
            "messageTitle": "Remove unused class \u0027Tag\u0027",
            "messageBody": "",
            "insertions": 0,
            "deletions": 90
          },
          {
            "hash": "ab456412ce1dbbc8397bc4c3d9ac4f13ebf8f886",
            "messageTitle": "Refactored code and updated PPP",
            "messageBody": "",
            "insertions": 23,
            "deletions": 16
          },
          {
            "hash": "d344158a0b4760fc7f1d47c0a8904e0bce589c77",
            "messageTitle": "Checkstyle changes",
            "messageBody": "",
            "insertions": 8,
            "deletions": 10
          },
          {
            "hash": "2fe00f8baa2d4d556859a13e69cd1cb5a0b9c36e",
            "messageTitle": "Added support for multiple ModuleCodes at a time for ModuleAdd and ModuleRemove",
            "messageBody": "",
            "insertions": 106,
            "deletions": 94
          },
          {
            "hash": "c7e275b69c2b7761ad09f4fef3f7c7cc1fad98ed",
            "messageTitle": "Fixed Specialisations between CS and IS",
            "messageBody": "",
            "insertions": 117,
            "deletions": 183
          }
        ]
      },
      {
        "insertions": 1020,
        "deletions": 415,
        "date": "2020-04-12",
        "commitResults": [
          {
            "hash": "871b086c315b6117e3a48e9499c29e8c997618e6",
            "messageTitle": "Specialisations now persist across application launches",
            "messageBody": "",
            "insertions": 139,
            "deletions": 53
          },
          {
            "hash": "219f67ae1ba5081b2e5e22f0fe53f6049698c843",
            "messageTitle": "Implemented Unrestricted Elective Graduation Requirements",
            "messageBody": "",
            "insertions": 428,
            "deletions": 157
          },
          {
            "hash": "1fdf7903f94ebbe51e3a981035c1ca4b3cdf4235",
            "messageTitle": "Fixed whitespace issue for Student Add command",
            "messageBody": "",
            "insertions": 19,
            "deletions": 25
          },
          {
            "hash": "b0cb10e60fbe50f486908c299ae4e4f329076d19",
            "messageTitle": "Implemented multiple module code input for Exempt Add and Exempt Remove",
            "messageBody": "",
            "insertions": 64,
            "deletions": 33
          },
          {
            "hash": "9b42f1b8dd762b3cd00369ff31e620b16bfd7776",
            "messageTitle": "Fixed line endings",
            "messageBody": "",
            "insertions": 27,
            "deletions": 27
          },
          {
            "hash": "31eba1551b72e61a5b84f3a0078fa1d2d6173024",
            "messageTitle": "Updated Module Add/Remove, Exempt Add/Remove to throw CommandException if any of the ModuleCode inputs are invalid",
            "messageBody": "",
            "insertions": 93,
            "deletions": 33
          },
          {
            "hash": "fcb367a0e1f6e3477253cfdcb709124f8d778d7d",
            "messageTitle": "Fixed indentation",
            "messageBody": "",
            "insertions": 6,
            "deletions": 6
          },
          {
            "hash": "372dde875f56ad2ceb0a10878dd9efa60e07ffff",
            "messageTitle": "JavaDocs fixes",
            "messageBody": "",
            "insertions": 244,
            "deletions": 81
          }
        ]
      }
    ],
    "thetruevincentchow": [
      {
        "insertions": 244,
        "deletions": 35,
        "date": "2020-02-22",
        "commitResults": [
          {
            "hash": "c63e5261655690c00d91ee552804f3b12bb06cc3",
            "messageTitle": "Implement `remark` command Remarks can now be added with the `remark [index] r/[remark]` command. However, remarks are not saved between sessions.",
            "messageBody": "",
            "insertions": 201,
            "deletions": 16
          },
          {
            "hash": "1be4d19eb7c94fc7f9635b76a8e471bc1e16de07",
            "messageTitle": "Fix checkstyle errors Fixes checkstyleMain errors to allow Travis CI build to pass.",
            "messageBody": "",
            "insertions": 43,
            "deletions": 19
          }
        ]
      },
      {
        "insertions": 284,
        "deletions": 37,
        "date": "2020-03-03",
        "commitResults": [
          {
            "hash": "5a94730caee9ff2d78ebe46a37076f498823eee3",
            "messageTitle": "Add some classes",
            "messageBody": "Enrollment and TimeTable have been added.\n\nSemesterYear and StudentSemester now have `hashCode` and `equals` methods.\n\n`User` has been provisionally added, but will be removed in a future\ncommit.\n\nStubs have been added for the `declare` command.\n",
            "insertions": 284,
            "deletions": 37
          }
        ]
      },
      {
        "insertions": 1273,
        "deletions": 60,
        "date": "2020-03-08",
        "commitResults": [
          {
            "hash": "aa4a8798766e6df74a2b1c6c1c6a219ab9c53fa0",
            "messageTitle": "Implement `declare major` and stubs for `module` commands",
            "messageBody": "`declare major` has been implemented together with serialization of the\nmajor.\n\nStubs for `module add`, `module remove` and `module list` have been\nadded. The module codes are syntatically validated to be alphanumeric, but are not\nyet validated for existence in module database.\n\nSerialization is changed slightly with addition of `activeStudent`\nfield.\n\nSome reorganization of code is done, but this is restricted to reduce merge\nconflicts with other PRs.\n",
            "insertions": 397,
            "deletions": 37
          },
          {
            "hash": "20928dd658555d2c7fde2608ed01f857964e306c",
            "messageTitle": "Implement `module add, remove, list` and module code serialization",
            "messageBody": "`module add`, `module remove` and `module list` have been implemented.\n\nSerialization of the module code list has also been implemented.\n\nTentatively, these commands save module codes to a separate field in\n`planner.json`. Amendments will be made in future commits to save module\n`Enrollment`s in `TimeTable`s stored by `Student`s in later commits.\nThis is partly to alleviate the problem of merge conflicts from other\nPRs.\n",
            "insertions": 348,
            "deletions": 13
          },
          {
            "hash": "c9b30fc45e84406f599a0c4c6aa77abcc0703cdc",
            "messageTitle": "Implement `student add, remove, active`",
            "messageBody": "`student add`, `student remove` and `student active` are now\nimplemented.\n\nCurrently, there must be at least one student in the student list.\nTherefore, removing a student is forbidden if there is only one student.\n\nStudents can be added with their name and major:\n`student add n/Alice major/CS`. Duplicate students are forbidden.\n\nA student can be set as the active student with\n`student active [INDEX]`, where `INDEX` is a one-based index.\n\nCurrently, students only store their name and major. This will be\nchanged in future commits which will store timetables and matriculation\nrequirements in `Student`.\n",
            "insertions": 457,
            "deletions": 8
          },
          {
            "hash": "fef0be214705c409859d61e2a8f545e62babe602",
            "messageTitle": "Add sample planner fallback, `student list`",
            "messageBody": "A valid sample planner is now used if the `planner.json` file cannot be\nloaded or is invalid. This keeps the planner state valid.\n\n`student list` which shows the list of students added is now implemented.\n",
            "insertions": 71,
            "deletions": 2
          }
        ]
      },
      {
        "insertions": 1415,
        "deletions": 112,
        "date": "2020-03-10",
        "commitResults": [
          {
            "hash": "1fcddd8cffaac9a47cad68bfe7fae3f110be6c6e",
            "messageTitle": "Add serialization of `TimeTableMap` and related classes",
            "messageBody": "`TimeTableMap`, `StudentSemester` and `Enrollment` can now be\nserialized and saved to file.\n\nEach `Student` now stores a `TimeTableMap`, allowing switching between\ntimetables to be implemented.\n",
            "insertions": 355,
            "deletions": 13
          },
          {
            "hash": "3e6eb4d22a6dbd59a85c3137b710c958fedbef79",
            "messageTitle": "Fix serialization of `TimeTableMap`",
            "messageBody": "`TimeTableMap` is now serialized correctly (including component classes\nsuch as `Enrollment`)\n",
            "insertions": 303,
            "deletions": 15
          },
          {
            "hash": "7e35f99bbea57fba9c1f93090de67b8db39068c6",
            "messageTitle": "Implement `timetable active, list`",
            "messageBody": "Switching between timetables is now possible with `timetable active year/YEAR sem/SEM`.\nA list of available years for the active student can be displayed with `timetable list`.\n",
            "insertions": 398,
            "deletions": 52
          },
          {
            "hash": "273a6936a80455cbbf5b521699096323cae9692d",
            "messageTitle": "Add `timetable add, remove`, checks to `module`",
            "messageBody": "Timetables can be added and removed with the\n`timetable add/remove year/[YEAR] sem/[SEM]` sub-commands respectively.\nValidation has also been added to `module` sub-commands to reject the\ncommand if no student or timetable is active.\n\nA known bug is that the timetables of a `Student` instance isn\u0027t saved\nin the `students` list in JSON. This is due to `UniqueStudentList#get`\n(implemented by `ObservableList\u003cStudent\u003e`) returning a copy of the `Student` retrieved.\nThis will be fixed in a future commit.\n",
            "insertions": 359,
            "deletions": 32
          }
        ]
      },
      {
        "insertions": 74,
        "deletions": 195,
        "date": "2020-03-14",
        "commitResults": [
          {
            "hash": "c1269940707fe4bfe867774f33987c187952ac82",
            "messageTitle": "Remove `PlannerModelManager`",
            "messageBody": "`PlannerModelManager` has been removed. Its methods have been moved to\n`ModelManager`.\n\nFixed minor bug where the student name was used instead of the major name in\n`Student#toString`.\n",
            "insertions": 40,
            "deletions": 161
          },
          {
            "hash": "fddb1548825cec687a86348e0226eda370653f07",
            "messageTitle": "Refactor sample model methods into `SampleDataUtil`",
            "messageBody": "Sample data methods for `Planenr`, `TimeTable`, `TimeTableMap` and\n`Student` are now in `SampleDataUtil`.\n",
            "insertions": 34,
            "deletions": 34
          }
        ]
      },
      {
        "insertions": 582,
        "deletions": 75,
        "date": "2020-03-17",
        "commitResults": [
          {
            "hash": "066fc06081ecda9bc38f9860ac26126156402d60",
            "messageTitle": "Add `CumulativeGrade` and `student grade` command",
            "messageBody": "Logic has been added to accumulate and calculate the student\u0027s overall\ngrade.\n\nThe `student grade` command now displays the student\u0027s overall grade and\nMCs taken. A further command to declare grades will be added in a later\ncommit.\n",
            "insertions": 223,
            "deletions": 40
          },
          {
            "hash": "7d5f59993f51dfc586d919180ceeecb97af54e02",
            "messageTitle": "Add `module grade` command",
            "messageBody": "The `module grade` command can now be used to declare grades in the\nenrolled modules contained in the active semester\u0027s timetable.\n",
            "insertions": 279,
            "deletions": 26
          },
          {
            "hash": "027c618406ea385983c08367b3d669ad96c67967",
            "messageTitle": "Add display of individual module grades",
            "messageBody": "The grade of each module is now displayed with the `student grade` command.\n\nAdditionally, `module grade MODULE_CODE` now shows the grade of the module in the active semester\u0027s timetable.\n",
            "insertions": 80,
            "deletions": 9
          }
        ]
      },
      {
        "insertions": 129,
        "deletions": 135,
        "date": "2020-03-24",
        "commitResults": [
          {
            "hash": "56b93decf1dc32da4ff82f9f9c0dde090833d0d9",
            "messageTitle": "Fix remaining EOF checkstyle errors",
            "messageBody": "",
            "insertions": 129,
            "deletions": 135
          }
        ]
      },
      {
        "insertions": 325,
        "deletions": 159,
        "date": "2020-03-26",
        "commitResults": [
          {
            "hash": "95df98712fda05731902cd12d7b26a7f72ce4784",
            "messageTitle": "Remove hardcoded subcommand strings",
            "messageBody": "Hardcoded subcommand strings have been replaced with calls to\n`getQualifiedCommandString`.\n",
            "insertions": 89,
            "deletions": 64
          },
          {
            "hash": "188192e344e8375b7c9221998720c849e5d34192",
            "messageTitle": "Organise command into subpackages",
            "messageBody": "",
            "insertions": 143,
            "deletions": 73
          },
          {
            "hash": "184f0b73ac967014a5f278868295228951021e5e",
            "messageTitle": "Remove some unnecessary comments",
            "messageBody": "",
            "insertions": 93,
            "deletions": 22
          }
        ]
      },
      {
        "insertions": 728,
        "deletions": 325,
        "date": "2020-04-01",
        "commitResults": [
          {
            "hash": "e98c5ec5da2ea302dd30458a38603f0bfebfdd08",
            "messageTitle": "Add `Planner#equals()`",
            "messageBody": "Planner now uses a overridden equality check.\nSome tests still fail because `ModelManager` does not check equality\ncorrectly.\n",
            "insertions": 72,
            "deletions": 13
          },
          {
            "hash": "840a7e580013ecadfeac1215f7709cb2b2b3b6fb",
            "messageTitle": "Fix crash at launch due to missing `equals` and `hashCode`",
            "messageBody": "",
            "insertions": 32,
            "deletions": 4
          },
          {
            "hash": "97f6d14ebed300b1216d26790b43a80c8536ba55",
            "messageTitle": "Replace `activeStudent` with `activeStudentIndex` in `Student`",
            "messageBody": "This makes serialization of the active student more robust and\neliminates some bugs with equality.\n",
            "insertions": 131,
            "deletions": 74
          },
          {
            "hash": "8e4aa383d9a5fa25580831d48d433cfea2a18ab9",
            "messageTitle": "Fix trivial checkstyle issues",
            "messageBody": "",
            "insertions": 16,
            "deletions": 9
          },
          {
            "hash": "febf7fb3d4fe2e294a3bfb98c351d5e3f5007ab1",
            "messageTitle": "Add checks for active student to commands",
            "messageBody": "",
            "insertions": 36,
            "deletions": 26
          },
          {
            "hash": "68c0a299ef7570294443909aea4e3a124cab71b6",
            "messageTitle": "Remove `declare` command and its subcommands",
            "messageBody": "The `major` command will replace the `declare` subcommands.\n",
            "insertions": 0,
            "deletions": 169
          },
          {
            "hash": "1e01bc9cf05430e9d293eb4cec7dbcbd5aa7cd0c",
            "messageTitle": "Added stubs for `exempt` commands, change serialization of `Student`",
            "messageBody": "Tests fail due to `seedu.address.testutil.TypicalStudents` not being initialized.\nThis bug will be investigated and fixed in a later commit.\n\n```\nCould not initialize class seedu.address.testutil.TypicalStudents\njava.lang.NoClassDefFoundError: Could not initialize class seedu.address.testutil.TypicalStudents\n\tat seedu.address.model.ModelManagerTest.hasStudent_studentNotInPlanner_returnsFalse(ModelManagerTest.java:81)\n```\n",
            "insertions": 441,
            "deletions": 30
          }
        ]
      },
      {
        "insertions": 64,
        "deletions": 24,
        "date": "2020-04-02",
        "commitResults": [
          {
            "hash": "b3a3c320c4f2ab7b404c7e5edc5829d3f26aa644",
            "messageTitle": "Implement module exemption CRUD",
            "messageBody": "",
            "insertions": 53,
            "deletions": 22
          },
          {
            "hash": "8d463b5e3905983d548524ebe29213073d4868d5",
            "messageTitle": "Include exempted modules in graduation verification",
            "messageBody": "",
            "insertions": 11,
            "deletions": 2
          }
        ]
      },
      {
        "insertions": 259,
        "deletions": 181,
        "date": "2020-04-06",
        "commitResults": [
          {
            "hash": "151184f83d595d12a1dfa1560d981859f6cf3884",
            "messageTitle": "Fix many uncaught exceptions in *Command and *CommandParser",
            "messageBody": "Commands such as `student add`, `student remove`, etc. no longer throw\nuncaught exceptions. Errors are now properly displayed in the result\nbox in the GUI.\n\nError messages for invalid subcommands have been made more informative.\n\nSome inconsistencies with the parameters for commands provided in\nthe error messages have been fixed.\n",
            "insertions": 97,
            "deletions": 115
          },
          {
            "hash": "4269e81587b42efc4edbc64a48a92b5fc96cafc0",
            "messageTitle": "Add missing space in example of `module remove`",
            "messageBody": "Also added specific error for empty parameter in `module remove` and `exempt\nremove`\n",
            "insertions": 26,
            "deletions": 2
          },
          {
            "hash": "a1ce8ec4147bae373d8df2c02f821d818de79717",
            "messageTitle": "Accept letter grades with plus and minus, improve timetable error messages",
            "messageBody": "Letter grades such as A+ and A- are now parsed correctly.\nThe `timetable` commands now show separate error message if the year or\nsemester parameter is missing, respectively.\n",
            "insertions": 136,
            "deletions": 64
          }
        ]
      },
      {
        "insertions": 626,
        "deletions": 324,
        "date": "2020-04-09",
        "commitResults": [
          {
            "hash": "6c9453bbd51536a856fb004e342d5863dca81ae7",
            "messageTitle": "Remove redundant `degrees` field from `Student`",
            "messageBody": "",
            "insertions": 0,
            "deletions": 17
          },
          {
            "hash": "4748cb5c02e2cf16fa63853d3e37f6ab8eaa9200",
            "messageTitle": "Fix `Student#equals()` and `Student#isSameStudent()`",
            "messageBody": "",
            "insertions": 42,
            "deletions": 5
          },
          {
            "hash": "73dda2be038ec993883eb8483873e19208a3b48f",
            "messageTitle": "Add more specific exceptions",
            "messageBody": "",
            "insertions": 118,
            "deletions": 44
          },
          {
            "hash": "f91e23014898f608b87c62b35657c5d5c6a8e6c0",
            "messageTitle": "Rename `Planner#setActiveStudent` to `Planner#replaceActiveStudent`",
            "messageBody": "",
            "insertions": 4,
            "deletions": 4
          },
          {
            "hash": "e97e0e900fba997ebf818b16df866c709dfe0592",
            "messageTitle": "Remove unnecesary usage of `Model#getPlanner()`",
            "messageBody": "",
            "insertions": 24,
            "deletions": 16
          },
          {
            "hash": "53868ba0542ec8319ebffab73eb655542325e907",
            "messageTitle": "Move `arePrefixesPresent` to `ParserUtil`",
            "messageBody": "",
            "insertions": 21,
            "deletions": 60
          },
          {
            "hash": "d415f3538e6cf28038d3022f3cbd93cd8e005b3c",
            "messageTitle": "Refactor `ModuleGradeCommand` into subclasses",
            "messageBody": "",
            "insertions": 108,
            "deletions": 56
          },
          {
            "hash": "5c10f032d07efbecce0d3d68e241b804d70a91c9",
            "messageTitle": "Add more has* methods to ReadOnlyPlanner",
            "messageBody": "",
            "insertions": 73,
            "deletions": 35
          },
          {
            "hash": "4ea2657fe71dc9cd37ce30ad7c06d394d7a6affe",
            "messageTitle": "Add Javadoc for parsers and commands",
            "messageBody": "",
            "insertions": 236,
            "deletions": 87
          }
        ]
      },
      {
        "insertions": 2609,
        "deletions": 192,
        "date": "2020-04-10",
        "commitResults": [
          {
            "hash": "16c9d9dea3cb7dddfa2860c3d3eb9f2e7b6bbbd8",
            "messageTitle": "Add tests for student and timetable commands",
            "messageBody": "",
            "insertions": 1509,
            "deletions": 110
          },
          {
            "hash": "c38a0a119b31e1ac5c70b080b6e113f7774b5438",
            "messageTitle": "Add parser tests",
            "messageBody": "",
            "insertions": 1086,
            "deletions": 71
          },
          {
            "hash": "e21ff464b26c8e01202c967a7a3aa6cca1987c62",
            "messageTitle": "Fix discrepancy in `DegreeYear` and UG",
            "messageBody": "A student\u0027s degree year is now from 1 to 6 inclusively, and is correctly\nhandled and validated in the code. The User Guide has also been updated\nto fix this.\n",
            "insertions": 14,
            "deletions": 11
          }
        ]
      },
      {
        "insertions": 336,
        "deletions": 45,
        "date": "2020-04-11",
        "commitResults": [
          {
            "hash": "aeb1f3e55295bfcc18aad37c7391a1d8dfee817e",
            "messageTitle": "Improve `module grade` command, add `status` command",
            "messageBody": "",
            "insertions": 262,
            "deletions": 29
          },
          {
            "hash": "4029417bb7a2a5b28f8dc0c22fa6bee001354141",
            "messageTitle": "Improve readability of `* list` commands",
            "messageBody": "",
            "insertions": 73,
            "deletions": 15
          },
          {
            "hash": "c8b2bd974b7dab320e0ec4c3acdca2f4ece7a4ae",
            "messageTitle": "Fix UI bug with no active student selected",
            "messageBody": "This fix is needed because successful command executions are not clearing the command input box due to a `NullPointerException` occuring in `GradWindow`.\n",
            "insertions": 1,
            "deletions": 1
          }
        ]
      },
      {
        "insertions": 365,
        "deletions": 80,
        "date": "2020-04-12",
        "commitResults": [
          {
            "hash": "5d9140917b0fd3e40f2df3e14b56b0b876acdfe1",
            "messageTitle": "Add changes to UG for `module grade` and `status`",
            "messageBody": "",
            "insertions": 11,
            "deletions": 15
          },
          {
            "hash": "81f640e6fd47909f64f2ea54cb50a2342ae835a2",
            "messageTitle": "Change UG to reflect multiple ModuleCode input, fix Warning icon on GitHub",
            "messageBody": "Superficial changes to variable names, string literals and a few comments in code.\n\nUG: module/exempt add/remove commands now reflect the ability to input multiple module codes.\nUG: Warning icon should now show up on GitHub.\n",
            "insertions": 106,
            "deletions": 27
          },
          {
            "hash": "8eb3235c2dac1354a630a05b9f0ede3c1c31b933",
            "messageTitle": "Add some Javadoc comments for Planner and ModelManager",
            "messageBody": "`Planner.java` and `ModelManager.java` no longer have Javadoc errors.\n",
            "insertions": 177,
            "deletions": 3
          },
          {
            "hash": "ea66c2fea611b2e06dd79aab4ca10727fd989e4c",
            "messageTitle": "Add Javadoc for `Json*.java` files",
            "messageBody": "",
            "insertions": 71,
            "deletions": 35
          }
        ]
      }
    ],
    "DANamic": [
      {
        "insertions": 246,
        "deletions": 25,
        "date": "2020-03-10",
        "commitResults": [
          {
            "hash": "2c45d815f807fc288ced21d9d898794fd0ca23d5",
            "messageTitle": "Implemented “major set” and “major status”, improved graduation requirements and fixed a bug that required \"Major\" to already be declared even if no initial data existed",
            "messageBody": "",
            "insertions": 246,
            "deletions": 25
          }
        ]
      },
      {
        "insertions": 319,
        "deletions": 32,
        "date": "2020-03-17",
        "commitResults": [
          {
            "hash": "634eb17ceade1209666d1818f53cb40d950f2ac7",
            "messageTitle": "Partially implemented FocusAreaGraduationRequirements, and improved handling of the rest of the Graduation Requirements needed",
            "messageBody": "",
            "insertions": 319,
            "deletions": 32
          }
        ]
      },
      {
        "insertions": 100,
        "deletions": 98,
        "date": "2020-03-24",
        "commitResults": [
          {
            "hash": "0900e3cf39724a1ab8edfa1bfa2bc9ad2e128697",
            "messageTitle": "More checkstyle fixes, import optimisations and fixes for package privacy on MajorSetCommand",
            "messageBody": "",
            "insertions": 100,
            "deletions": 98
          }
        ]
      },
      {
        "insertions": 1045,
        "deletions": 5599,
        "date": "2020-04-01",
        "commitResults": [
          {
            "hash": "090e80893484b50829379f05e9229fb9be65f8db",
            "messageTitle": "#89 Removed Controlller, Logic and Model classes of AddressBook and Person",
            "messageBody": "",
            "insertions": 0,
            "deletions": 2382
          },
          {
            "hash": "1ca9337db8a5e5f707f7d48ff9e06d990d1c611a",
            "messageTitle": "#89 Removed AddressBook and Person related tests",
            "messageBody": "",
            "insertions": 0,
            "deletions": 2211
          },
          {
            "hash": "b2f17711a82642ba5105aaf712630450a76dcc97",
            "messageTitle": "#89 Modified existing code to use Planner",
            "messageBody": "",
            "insertions": 186,
            "deletions": 0
          },
          {
            "hash": "84794318b47b811b4e93240887f65cd868f0b0bc",
            "messageTitle": "#89 Updated existing code to use Planner",
            "messageBody": "",
            "insertions": 147,
            "deletions": 444
          },
          {
            "hash": "4b1ff8efc1af8316927ee485cc4c118595aa13e1",
            "messageTitle": "#89 Created and Updated Planner related Tests",
            "messageBody": "",
            "insertions": 291,
            "deletions": 377
          },
          {
            "hash": "fce1cfc53e7be1b2fa58162595ce4bf0d5c014da",
            "messageTitle": "Fixed and implemented all graduation requirements except for validation of UEs",
            "messageBody": "",
            "insertions": 203,
            "deletions": 77
          },
          {
            "hash": "9f550d59a22a39ead66d68e54abd258622050363",
            "messageTitle": "Added 2 missing files for Graduation Requirements",
            "messageBody": "",
            "insertions": 104,
            "deletions": 0
          },
          {
            "hash": "1742fa442116983afd421e93e29df5a560bd52d8",
            "messageTitle": "Checkstyle fixes for Graduation Requirements",
            "messageBody": "",
            "insertions": 91,
            "deletions": 73
          },
          {
            "hash": "4951405dfd7bdc78056fbc611362c8e56df0e619",
            "messageTitle": "Fixed logic error with the \u003e\u003d8 MCs requirements",
            "messageBody": "",
            "insertions": 1,
            "deletions": 1
          },
          {
            "hash": "350227ff50ce7096cfeed8481af74dd2f197c18c",
            "messageTitle": "Final fixes to Graduation Requirements, inclusive of other checkstyle feedback",
            "messageBody": "",
            "insertions": 22,
            "deletions": 34
          }
        ]
      },
      {
        "insertions": 587,
        "deletions": 81,
        "date": "2020-04-09",
        "commitResults": [
          {
            "hash": "9d58114f93f4080496fc570d1e55e3b8b7823554",
            "messageTitle": "Addition of most JavaDocs and removal of deprecated/unused code",
            "messageBody": "",
            "insertions": 587,
            "deletions": 81
          }
        ]
      },
      {
        "insertions": 846,
        "deletions": 15,
        "date": "2020-04-10",
        "commitResults": [
          {
            "hash": "92f7b933664fcc3c742dd7fd81f59fdc2c8e12d6",
            "messageTitle": "Implemented the IS major, all other specialisations for CS/IS respectively",
            "messageBody": "",
            "insertions": 846,
            "deletions": 15
          }
        ]
      },
      {
        "insertions": 195,
        "deletions": 0,
        "date": "2020-04-11",
        "commitResults": [
          {
            "hash": "a76efcf72d1f6a3c89cd3424837e18d96eaf5456",
            "messageTitle": "Added Unit Tests for IS Specialisations",
            "messageBody": "",
            "insertions": 195,
            "deletions": 0
          }
        ]
      }
    ],
    "gruntultra": [
      {
        "insertions": 220,
        "deletions": 0,
        "date": "2020-02-25",
        "commitResults": [
          {
            "hash": "436339b42ee1f1dbe180774caa96b732c908ada3",
            "messageTitle": "Add grades and module packages with classes",
            "messageBody": "",
            "insertions": 220,
            "deletions": 0
          }
        ]
      },
      {
        "insertions": 188,
        "deletions": 0,
        "date": "2020-03-04",
        "commitResults": [
          {
            "hash": "bd9aa888b20b4e87344df7e23202de2344e286d4",
            "messageTitle": "Added in fxml files",
            "messageBody": "",
            "insertions": 188,
            "deletions": 0
          }
        ]
      },
      {
        "insertions": 248,
        "deletions": 12,
        "date": "2020-03-08",
        "commitResults": [
          {
            "hash": "88082ecd625e3193070c7597e643692e0d8d8394",
            "messageTitle": "Added in module display",
            "messageBody": "",
            "insertions": 248,
            "deletions": 12
          }
        ]
      },
      {
        "insertions": 20,
        "deletions": 189,
        "date": "2020-03-14",
        "commitResults": [
          {
            "hash": "75c83928c2c7d95f5fe4049b01b42a6e737d9afd",
            "messageTitle": "Fixed broken cod",
            "messageBody": "",
            "insertions": 20,
            "deletions": 189
          }
        ]
      },
      {
        "insertions": 209,
        "deletions": 26,
        "date": "2020-03-16",
        "commitResults": [
          {
            "hash": "69a643ee935d0c2423e864bae13ffe23ee6b001c",
            "messageTitle": "Added in calendarBox and fixed module view",
            "messageBody": "",
            "insertions": 209,
            "deletions": 26
          }
        ]
      },
      {
        "insertions": 46,
        "deletions": 22,
        "date": "2020-03-17",
        "commitResults": [
          {
            "hash": "d3cb4f0042a0de42a48ba412a0af2683076d3b8e",
            "messageTitle": "Added in padding and colors",
            "messageBody": "",
            "insertions": 46,
            "deletions": 22
          }
        ]
      },
      {
        "insertions": 212,
        "deletions": 130,
        "date": "2020-03-24",
        "commitResults": [
          {
            "hash": "54e0dcd13160df27e70ad55df6f664b4b7a71b94",
            "messageTitle": "Shifted module display to moduledataimporter, added in label displays",
            "messageBody": "",
            "insertions": 206,
            "deletions": 112
          },
          {
            "hash": "603ce45ac104e39fd5d655d364d5864ba1f0e4df",
            "messageTitle": "Fixed Semester to display correctly",
            "messageBody": "",
            "insertions": 6,
            "deletions": 18
          }
        ]
      },
      {
        "insertions": 147,
        "deletions": 28,
        "date": "2020-03-25",
        "commitResults": [
          {
            "hash": "3157a144570484d4e9e02cb4f2b71f8fa99145e1",
            "messageTitle": "Fixed checkstyle issues",
            "messageBody": "",
            "insertions": 141,
            "deletions": 28
          },
          {
            "hash": "c9e5b173fb7b47979a6dcb8631c13b31b3cb03a3",
            "messageTitle": "Fixed NullPointer error",
            "messageBody": "",
            "insertions": 6,
            "deletions": 0
          }
        ]
      },
      {
        "insertions": 64,
        "deletions": 12,
        "date": "2020-03-31",
        "commitResults": [
          {
            "hash": "d7ae8110f8e1efb19a217b823fa421599bf6977a",
            "messageTitle": "Added in theme change",
            "messageBody": "",
            "insertions": 64,
            "deletions": 12
          }
        ]
      },
      {
        "insertions": 659,
        "deletions": 185,
        "date": "2020-04-01",
        "commitResults": [
          {
            "hash": "4ebd8b753c164a7919ed6c91c366504fb8a4d5e8",
            "messageTitle": "Added in lesson importer.Changed to split view with calendar launching with button",
            "messageBody": "",
            "insertions": 630,
            "deletions": 121
          },
          {
            "hash": "a0684c94fff942374b81ff334037cfd3a6f4543e",
            "messageTitle": "minor changes",
            "messageBody": "",
            "insertions": 0,
            "deletions": 11
          },
          {
            "hash": "266204b59feb0381143af212ec694f222df812da",
            "messageTitle": "Edited the name as well removing address book reference",
            "messageBody": "",
            "insertions": 27,
            "deletions": 49
          },
          {
            "hash": "1bbf8b9545a9e0075f20b86f0a90b3ed16544a12",
            "messageTitle": "Fixed TravisCL errors",
            "messageBody": "",
            "insertions": 2,
            "deletions": 4
          }
        ]
      },
      {
        "insertions": 48,
        "deletions": 4,
        "date": "2020-04-05",
        "commitResults": [
          {
            "hash": "a175438f907b9bbb779c9b9de06263f085e26a29",
            "messageTitle": "Added search, fixed checkstyles error",
            "messageBody": "",
            "insertions": 48,
            "deletions": 4
          }
        ]
      },
      {
        "insertions": 474,
        "deletions": 29,
        "date": "2020-04-07",
        "commitResults": [
          {
            "hash": "769d5da4e88ff30281264271e2797596223581cd",
            "messageTitle": "Added requirement view to side",
            "messageBody": "",
            "insertions": 112,
            "deletions": 1
          },
          {
            "hash": "144a3ce662948cfba684fcb557b832002a602fd6",
            "messageTitle": "Fixed package issues",
            "messageBody": "",
            "insertions": 5,
            "deletions": 4
          },
          {
            "hash": "d1542c069bad8bb72deb7a998a9420c9fd5d2ef1",
            "messageTitle": "Adding Modules and Timetable view",
            "messageBody": "",
            "insertions": 357,
            "deletions": 24
          }
        ]
      },
      {
        "insertions": 647,
        "deletions": 166,
        "date": "2020-04-08",
        "commitResults": [
          {
            "hash": "1c31809f533f37a53d329efa0ca7aa232c90d233",
            "messageTitle": "Added in lessons and updated UG",
            "messageBody": "lessons add,list, delete available\nUI fully functional\nTimetable shows the schedule as well as the lesson number and type below when calendar is launched\n",
            "insertions": 645,
            "deletions": 165
          },
          {
            "hash": "4d9c8f17d679d5cdce105e56b337270942b18ee2",
            "messageTitle": "Updated test to return list instead of null",
            "messageBody": "",
            "insertions": 2,
            "deletions": 1
          }
        ]
      },
      {
        "insertions": 294,
        "deletions": 10,
        "date": "2020-04-11",
        "commitResults": [
          {
            "hash": "4985800832b052a0e3022730059581cfcb8fac58",
            "messageTitle": "Added in picture, modified grad window",
            "messageBody": "",
            "insertions": 9,
            "deletions": 6
          },
          {
            "hash": "83b71d8eed8b06a6c29be847001c8bb73bec2814",
            "messageTitle": "Added test, puml",
            "messageBody": "",
            "insertions": 285,
            "deletions": 4
          }
        ]
      },
      {
        "insertions": 11,
        "deletions": 4,
        "date": "2020-04-12",
        "commitResults": [
          {
            "hash": "e26d7c779852135556bd3f7b7eec0063d8182bca",
            "messageTitle": "Modify UI to fit large screen",
            "messageBody": "",
            "insertions": 2,
            "deletions": 2
          },
          {
            "hash": "92c4f466a0d2c3ef252aef1b0cb8decc632d0574",
            "messageTitle": "added padding to gradview",
            "messageBody": "",
            "insertions": 8,
            "deletions": 1
          },
          {
            "hash": "e285d3c75ad8e2a3735c8e5025cccb46d10d7519",
            "messageTitle": "padding fix",
            "messageBody": "",
            "insertions": 1,
            "deletions": 1
          }
        ]
      }
    ]
  },
  "authorFinalContributionMap": {
    "capeguy": 5524,
    "thetruevincentchow": 6980,
    "DANamic": 2348,
    "gruntultra": 2568
  },
  "authorFileTypeContributionMap": {
    "capeguy": {
      "docs": 0,
      "functional-code": 4305,
      "test-code": 1215,
      "other": 4
    },
    "thetruevincentchow": {
      "docs": 0,
      "functional-code": 4756,
      "test-code": 2224
    },
    "DANamic": {
      "docs": 0,
      "functional-code": 1838,
      "test-code": 510
    },
    "gruntultra": {
      "docs": 0,
      "functional-code": 2289,
      "test-code": 279
    }
  },
  "authorContributionVariance": {
    "capeguy": 632107.44,
    "thetruevincentchow": 226063.14,
    "DANamic": 748700.25,
    "gruntultra": 30778.39
  },
  "authorDisplayNameMap": {
    "capeguy": "CS2103T-W13-4 LAU ..AMIN",
    "thetruevincentchow": "CS2103T-W13-4 CHOW..CENT",
    "DANamic": "CS2103T-W13-4 MUHA..MRAN",
    "gruntultra": "CS2103T-W13-4 SOH .. WEE"
  }
}
