{
  "authorDailyContributionsMap": {
    "aakanksha-rai": [],
    "eclmist": [],
    "chuayijing": [],
    "PotatoCombat": [
      {
        "insertions": 6,
        "deletions": 3,
        "date": "2020-03-03",
        "commitResults": [
          {
            "hash": "3e72f1b6cea59395dc5ce716b442d7d8e8f940ad",
            "messageTitle": "Test Travis CI",
            "messageBody": "Notes:\nAdd Jeffry Lum to sample contacts\n",
            "insertions": 4,
            "deletions": 1
          },
          {
            "hash": "8f0bccfba8af8352bff37e36426e2d72098e9de6",
            "messageTitle": "Update website name and GitHub url",
            "messageBody": "",
            "insertions": 2,
            "deletions": 2
          }
        ]
      }
    ],
    "fatin99": []
  },
  "authorFinalContributionMap": {
    "aakanksha-rai": 0,
    "eclmist": 0,
    "chuayijing": 0,
    "PotatoCombat": 2,
    "fatin99": 0
  },
  "authorFileTypeContributionMap": {
    "aakanksha-rai": {
      "java": 0,
      "md": 0,
      "fxml": 0,
      "sh": 0,
      "bat": 0,
      "gradle": 0,
      "txt": 0
    },
    "eclmist": {
      "java": 0,
      "md": 0,
      "fxml": 0,
      "sh": 0,
      "bat": 0,
      "gradle": 0,
      "txt": 0
    },
    "chuayijing": {
      "java": 0,
      "md": 0,
      "fxml": 0,
      "sh": 0,
      "bat": 0,
      "gradle": 0,
      "txt": 0
    },
    "PotatoCombat": {
      "java": 0,
      "md": 0,
      "fxml": 0,
      "sh": 0,
      "bat": 0,
      "gradle": 2,
      "txt": 0
    },
    "fatin99": {
      "java": 0,
      "md": 0,
      "fxml": 0,
      "sh": 0,
      "bat": 0,
      "gradle": 0,
      "txt": 0
    }
  },
  "authorContributionVariance": {
    "aakanksha-rai": 0.0,
    "eclmist": 0.0,
    "chuayijing": 0.0,
    "PotatoCombat": 4.038781,
    "fatin99": 0.0
  },
  "authorDisplayNameMap": {
    "aakanksha-rai": "CS2103T-W17-4 AAKA.. RAI",
    "eclmist": "CS2103T-W17-4 HUAN..AOYI",
    "chuayijing": "CS2103T-W17-4 CHUA..JING",
    "PotatoCombat": "CS2103T-W17-4 GABR..HENG",
    "fatin99": "CS2103T-W17-4 FATI..AIMI"
  }
}
