{
  "authorDailyContributionsMap": {
    "lsjxavier": [
      {
        "insertions": 407,
        "deletions": 14,
        "date": "2020-03-04",
        "commitResults": [
          {
            "hash": "a617d3295d470d36c648f4246ff6b1fa2a4c689c",
            "messageTitle": "Implement budget set and view commands",
            "messageBody": "",
            "insertions": 406,
            "deletions": 11
          },
          {
            "hash": "1a522d77ccb20c86924d3c42f1ebf3d84c486491",
            "messageTitle": "Fix checkstyle Test error.",
            "messageBody": "",
            "insertions": 1,
            "deletions": 3
          }
        ]
      },
      {
        "insertions": 1138,
        "deletions": 139,
        "date": "2020-03-11",
        "commitResults": [
          {
            "hash": "09713a518825f6f6db4f6d6714389c9716cc790d",
            "messageTitle": "Branch foodiebot report/transaction foundation (#70)",
            "messageBody": "Add date and date range support, improved ArgumentMultimap",
            "insertions": 1138,
            "deletions": 139
          }
        ]
      },
      {
        "insertions": 37,
        "deletions": 16,
        "date": "2020-03-13",
        "commitResults": [
          {
            "hash": "2c127b6ef0155ed8a79d0819ea7555854754311a",
            "messageTitle": "Improve Budget message, bypass file save for Report and Transactions (#80)",
            "messageBody": "* Improve Budget message, bypass file save for Report and Transactions",
            "insertions": 37,
            "deletions": 16
          }
        ]
      },
      {
        "insertions": 11,
        "deletions": 1,
        "date": "2020-03-16",
        "commitResults": [
          {
            "hash": "c165c755b9db2d6ee33eb92b3702f4765e23b8ba",
            "messageTitle": "Improved modifying of remaining budget",
            "messageBody": "",
            "insertions": 11,
            "deletions": 1
          }
        ]
      },
      {
        "insertions": 139,
        "deletions": 41,
        "date": "2020-03-19",
        "commitResults": [
          {
            "hash": "f27666971b54cbe2d0fb40395a63fda1180c3d2a",
            "messageTitle": "Add Javadocs (#96)",
            "messageBody": "Add Javadocs\r\nFixed an issue where a change in system date does not reset budget if at the end of a budget cycle.",
            "insertions": 139,
            "deletions": 41
          }
        ]
      }
    ],
    "leslieharland": [
      {
        "insertions": 5053,
        "deletions": 5601,
        "date": "2020-02-29",
        "commitResults": [
          {
            "hash": "66831c8fc3698e878b1683758217f97b10786ead",
            "messageTitle": "Rename old references (#56)",
            "messageBody": "",
            "insertions": 5053,
            "deletions": 5601
          }
        ]
      },
      {
        "insertions": 1141,
        "deletions": 234,
        "date": "2020-03-01",
        "commitResults": [
          {
            "hash": "3667b9aba4a5478f92088eede1b3344de03c8089",
            "messageTitle": "App commands (#57)",
            "messageBody": "* Rename old references (#56)\r\n\r\n* Screen navigability for valid commands\r\n",
            "insertions": 667,
            "deletions": 83
          },
          {
            "hash": "4c6967954879bda3b52f1baac5ca155346f2c28d",
            "messageTitle": "show user directions (#59)",
            "messageBody": "",
            "insertions": 474,
            "deletions": 151
          }
        ]
      },
      {
        "insertions": 1598,
        "deletions": 223,
        "date": "2020-03-02",
        "commitResults": [
          {
            "hash": "825bd77fd570985af359279360f4ab32a1054d1c",
            "messageTitle": "show stalls",
            "messageBody": "",
            "insertions": 322,
            "deletions": 16
          },
          {
            "hash": "eb71f5db8feb2b23a216a97296574ec21a1c82fb",
            "messageTitle": "implement storage for stall",
            "messageBody": "",
            "insertions": 1276,
            "deletions": 207
          }
        ]
      },
      {
        "insertions": 203,
        "deletions": 46,
        "date": "2020-03-11",
        "commitResults": [
          {
            "hash": "c0ebaa77975efb72307ddc6826d2a6cabb40f30b",
            "messageTitle": "List the nearest canteen from block",
            "messageBody": "",
            "insertions": 144,
            "deletions": 38
          },
          {
            "hash": "e0b4ed6208516b18f28c2d2dfd0d12dd90dd2762",
            "messageTitle": "Enters the correct canteen when specified index",
            "messageBody": "",
            "insertions": 59,
            "deletions": 8
          }
        ]
      },
      {
        "insertions": 663,
        "deletions": 261,
        "date": "2020-03-15",
        "commitResults": [
          {
            "hash": "863490018ba542badf0beaae191c443d695e5fca",
            "messageTitle": "Tests to reach support level",
            "messageBody": "",
            "tags": [
              "v1.2"
            ],
            "insertions": 663,
            "deletions": 261
          }
        ]
      },
      {
        "insertions": 387,
        "deletions": 74,
        "date": "2020-03-16",
        "commitResults": [
          {
            "hash": "ea86e0e9974206dc549241c00dc54c0c44b32e2e",
            "messageTitle": "Able to set and view favorites",
            "messageBody": "",
            "insertions": 387,
            "deletions": 74
          }
        ]
      },
      {
        "insertions": 2,
        "deletions": 2,
        "date": "2020-03-20",
        "commitResults": [
          {
            "hash": "dc54b1cae070115ba52a84655d998310a7bb1d84",
            "messageTitle": "Portfolio page Leslie and \"bug fix #101\"",
            "messageBody": "",
            "insertions": 2,
            "deletions": 2
          }
        ]
      }
    ],
    "Samanthaseahpl": [
      {
        "insertions": 4,
        "deletions": 2,
        "date": "2020-03-05",
        "commitResults": [
          {
            "hash": "4a96f0f84a8abf5d8fb49935a5d282aabc4ca9b9",
            "messageTitle": "Documentation v1.1",
            "messageBody": "",
            "tags": [
              "v1.1"
            ],
            "insertions": 4,
            "deletions": 2
          }
        ]
      },
      {
        "insertions": 147,
        "deletions": 25,
        "date": "2020-03-07",
        "commitResults": [
          {
            "hash": "832ae969b322dd7ef866fab2a5248aeb9e358bf1",
            "messageTitle": "branch-randomize get 1 canteen name only.",
            "messageBody": "",
            "insertions": 147,
            "deletions": 25
          }
        ]
      },
      {
        "insertions": 85,
        "deletions": 22,
        "date": "2020-03-15",
        "commitResults": [
          {
            "hash": "cb6060e2f0e536afbc152eb38afdfde8c8b7ea01",
            "messageTitle": "randomise generate a list of options",
            "messageBody": "",
            "insertions": 85,
            "deletions": 22
          }
        ]
      },
      {
        "insertions": 3,
        "deletions": 2,
        "date": "2020-03-16",
        "commitResults": [
          {
            "hash": "fb35969cf6cdc7c84ae17208169bf01747a94897",
            "messageTitle": "Documentation - v1.2 (#90)",
            "messageBody": "* branch-documentation\r\n\r\n* branch-documentation\r\n\r\n* Documentation for v1.2\r\n\r\n* fixup! Documentation for v1.2\r\n\r\nCo-authored-by: Xavier Lee \u003c43834485+lsjxavier@users.noreply.github.com\u003e",
            "insertions": 3,
            "deletions": 2
          }
        ]
      },
      {
        "insertions": 216,
        "deletions": 60,
        "date": "2020-03-19",
        "commitResults": [
          {
            "hash": "9aeeb89fc0b639b86abb2aa4324ccd7106a71838",
            "messageTitle": "Randomize options based on canteen - Use \"c/\" flags to randomize by canteen",
            "messageBody": "",
            "insertions": 216,
            "deletions": 60
          }
        ]
      }
    ],
    "SHAUNGOH97": [
      {
        "insertions": 48,
        "deletions": 4,
        "date": "2020-03-07",
        "commitResults": [
          {
            "hash": "ac0a82a2f4428f3418a778b1d30f7d988f86fb84",
            "messageTitle": "added canteen stalls",
            "messageBody": "",
            "insertions": 39,
            "deletions": 3
          },
          {
            "hash": "ccb7d969023840782b9d66ab613ef080a628e883",
            "messageTitle": "Able to exit from stall interface to canteen interface",
            "messageBody": "",
            "insertions": 9,
            "deletions": 1
          }
        ]
      },
      {
        "insertions": 65,
        "deletions": 45,
        "date": "2020-03-09",
        "commitResults": [
          {
            "hash": "a31e1a92e951a59eb4b5658c17e93dac686be779",
            "messageTitle": "refixed exit, list in wrong context",
            "messageBody": "",
            "insertions": 52,
            "deletions": 23
          },
          {
            "hash": "4164098943fe7d8fbe53dc67582119bdc2993345",
            "messageTitle": "Managed to fixed updatedFilteredStalls",
            "messageBody": "",
            "insertions": 9,
            "deletions": 2
          },
          {
            "hash": "79b3ee0d174ef092612df5e935cc83bd07bc2c6c",
            "messageTitle": "Refixed updatefilteredstalls, actually it was correct to use predicate, dont need new method",
            "messageBody": "",
            "insertions": 4,
            "deletions": 20
          }
        ]
      },
      {
        "insertions": 610,
        "deletions": 81,
        "date": "2020-03-10",
        "commitResults": [
          {
            "hash": "a8b114c26b60be3f6be0da20ca593d6eedc4617d",
            "messageTitle": "Buggy context, but can access stalls and view food",
            "messageBody": "",
            "insertions": 562,
            "deletions": 31
          },
          {
            "hash": "0bbb1ddcbedc889f104985876b791dc4a476da47",
            "messageTitle": "Fixed entering canteen with text bug",
            "messageBody": "",
            "insertions": 9,
            "deletions": 6
          },
          {
            "hash": "7cf7147567868b4ce608f20bf36f95eb322f1fe0",
            "messageTitle": "Fixed entering stall with text bug",
            "messageBody": "",
            "insertions": 10,
            "deletions": 6
          },
          {
            "hash": "91dc9460a76b05c095a9c7d3491794854c858472",
            "messageTitle": "Fixed checkstyles",
            "messageBody": "",
            "insertions": 23,
            "deletions": 26
          },
          {
            "hash": "13b9ac39b07832df8ac0d775fd6b7952d81cc071",
            "messageTitle": "Fixed more errors",
            "messageBody": "",
            "insertions": 6,
            "deletions": 11
          },
          {
            "hash": "34b9f0a3e1691c612de4b003b60286b386900f69",
            "messageTitle": "Fixed checkstyle",
            "messageBody": "",
            "insertions": 0,
            "deletions": 1
          }
        ]
      },
      {
        "insertions": 2,
        "deletions": 5,
        "date": "2020-03-12",
        "commitResults": [
          {
            "hash": "2f57188a236acf9debd59e126dd91af66f627db0",
            "messageTitle": "Fixed bug",
            "messageBody": "",
            "insertions": 2,
            "deletions": 5
          }
        ]
      },
      {
        "insertions": 8,
        "deletions": 0,
        "date": "2020-03-14",
        "commitResults": [
          {
            "hash": "a4f30690f711535adfbd49a988166f805acf29e2",
            "messageTitle": "reloaded deck (#81)",
            "messageBody": "",
            "insertions": 8,
            "deletions": 0
          }
        ]
      },
      {
        "insertions": 178,
        "deletions": 53,
        "date": "2020-03-17",
        "commitResults": [
          {
            "hash": "4b09887495e58d46e772719e83aab5504d8e419f",
            "messageTitle": "Select Food Function",
            "messageBody": "* Implemented SelectItemCommand\r\n\r\n* Small UI updates\r\n\r\n* Update SelectItemCommandParser.java\r\n\r\n* Update SelectItemCommand.java\r\n",
            "insertions": 178,
            "deletions": 53
          }
        ]
      },
      {
        "insertions": 245,
        "deletions": 106,
        "date": "2020-03-20",
        "commitResults": [
          {
            "hash": "4fcc3dc1595d6f14942069ee468c2a12b331a673",
            "messageTitle": "Added food tags and pictures",
            "messageBody": "",
            "insertions": 202,
            "deletions": 67
          },
          {
            "hash": "accba2ef9db6d266acbc22311d3c38efa6492937",
            "messageTitle": "Fixed tag errors  (#100)",
            "messageBody": "",
            "insertions": 43,
            "deletions": 39
          }
        ]
      }
    ],
    "ignatiusong": [
      {
        "insertions": 20,
        "deletions": 229,
        "date": "2020-02-16",
        "commitResults": [
          {
            "hash": "3869d58e52034b2d2c755e785d8c1ceec46fba04",
            "messageTitle": "delete address class",
            "messageBody": "",
            "insertions": 20,
            "deletions": 229
          }
        ]
      },
      {
        "insertions": 0,
        "deletions": 1,
        "date": "2020-02-17",
        "commitResults": [
          {
            "hash": "42ae2571e60b6f5e5500b950fd5e0fc3be9f21ab",
            "messageTitle": "tidy up ui for references to address",
            "messageBody": "",
            "insertions": 0,
            "deletions": 1
          }
        ]
      },
      {
        "insertions": 184,
        "deletions": 0,
        "date": "2020-02-22",
        "commitResults": [
          {
            "hash": "ab8c26db62fb50d10f29294cce76feb1cd92712b",
            "messageTitle": "Updated to current status of team repo",
            "messageBody": "",
            "insertions": 184,
            "deletions": 0
          }
        ]
      },
      {
        "insertions": 0,
        "deletions": 1531,
        "date": "2020-03-02",
        "commitResults": [
          {
            "hash": "abb72cf837bccc3c96db507ac4aa739954bdfeee",
            "messageTitle": "Now its updated to actual team repo",
            "messageBody": "",
            "insertions": 0,
            "deletions": 1531
          }
        ]
      },
      {
        "insertions": 663,
        "deletions": 59,
        "date": "2020-03-06",
        "commitResults": [
          {
            "hash": "d6629c3e3a7396748bcdc43d7f1087f8b3d0ff37",
            "messageTitle": "slightly changed foodmenucommand",
            "messageBody": "",
            "insertions": 133,
            "deletions": 13
          },
          {
            "hash": "09859380854adb3c92357c9de205d513cfe60c7a",
            "messageTitle": "Slightly changed food files",
            "messageBody": "",
            "insertions": 131,
            "deletions": 11
          },
          {
            "hash": "6d6bfb0ed318b8f9aa8b8fe267d56bdc97d1c74d",
            "messageTitle": "changed enterCanteenCommand to be aware of its state i.e cannot enterCanteen then call enterCanteen again",
            "messageBody": "",
            "insertions": 126,
            "deletions": 25
          },
          {
            "hash": "c8b557de2da7d18181dad730179e66db9ac6c8d3",
            "messageTitle": "allows the user to exit from canteen context and stall context add an option to allow commands to only save if necessary",
            "messageBody": "",
            "insertions": 48,
            "deletions": 6
          },
          {
            "hash": "2798d3923f5a74f9cf5d42a8ef5cc56bac0aa65f",
            "messageTitle": "add EnterStallCommand to allow entry to a stall from a canteen interface. at this point the canteen still isn\u0027t loaded properly and neither are the stalls EnterStallCommand also doesnt change the actual display",
            "messageBody": "",
            "insertions": 225,
            "deletions": 4
          }
        ]
      },
      {
        "insertions": 22,
        "deletions": 20,
        "date": "2020-03-12",
        "commitResults": [
          {
            "hash": "5c957e53231b747bac249d40c2815be8f969fdf4",
            "messageTitle": "Merge randomize and canteen-food",
            "messageBody": "",
            "insertions": 22,
            "deletions": 18
          },
          {
            "hash": "a9745ea4ae150b71924a11d825033cc4d6da26bf",
            "messageTitle": "fix trailing whitespace",
            "messageBody": "",
            "insertions": 0,
            "deletions": 2
          }
        ]
      },
      {
        "insertions": 41,
        "deletions": 4,
        "date": "2020-03-19",
        "commitResults": [
          {
            "hash": "f2b466de0b6429c8849a3b23bef5a6ba679388aa",
            "messageTitle": "Fix UserGuide Grammar and Add Placeholder for Filter Function (#49)",
            "messageBody": "* fix UserGuide grammar\r\n\r\n* add placeholder for Filter function",
            "insertions": 37,
            "deletions": 2
          },
          {
            "hash": "bba32ab62587e3860fe5262f0235a1e5baee498a",
            "messageTitle": "Update ug and Add Filter Command Class",
            "messageBody": "* add placeholder for Filter function\r\n\r\n* changed constructor for filterCommand\r\n\r\n* update foodiebot.json",
            "insertions": 4,
            "deletions": 2
          }
        ]
      }
    ]
  },
  "authorFinalContributionMap": {
    "lsjxavier": 1554,
    "leslieharland": 8091,
    "Samanthaseahpl": 366,
    "SHAUNGOH97": 969,
    "ignatiusong": 703
  },
  "authorFileTypeContributionMap": {
    "lsjxavier": {
      "java": 1554,
      "md": 0,
      "fxml": 0,
      "sh": 0,
      "bat": 0,
      "gradle": 0,
      "txt": 0
    },
    "leslieharland": {
      "java": 7957,
      "md": 0,
      "fxml": 130,
      "sh": 0,
      "bat": 0,
      "gradle": 4,
      "txt": 0
    },
    "Samanthaseahpl": {
      "java": 363,
      "md": 0,
      "fxml": 0,
      "sh": 0,
      "bat": 0,
      "gradle": 3,
      "txt": 0
    },
    "SHAUNGOH97": {
      "java": 921,
      "md": 0,
      "fxml": 48,
      "sh": 0,
      "bat": 0,
      "gradle": 0,
      "txt": 0
    },
    "ignatiusong": {
      "java": 519,
      "md": 0,
      "fxml": 184,
      "sh": 0,
      "bat": 0,
      "gradle": 0,
      "txt": 0
    }
  },
  "authorContributionVariance": {
    "lsjxavier": 48290.42,
    "leslieharland": 3143871.0,
    "Samanthaseahpl": 3010.3115,
    "SHAUNGOH97": 16959.926,
    "ignatiusong": 76420.53
  },
  "authorDisplayNameMap": {
    "lsjxavier": "CS2103T-F11-3 LEE ..VIER",
    "leslieharland": "CS2103T-F11-3 LESL..LAND",
    "Samanthaseahpl": "CS2103T-F11-3 SEAH..NTHA",
    "SHAUNGOH97": "CS2103T-F11-3 GOH ..HAUN",
    "ignatiusong": "CS2103T-F11-3 IGNA.. YEE"
  }
}
