{
  "authorDailyContributionsMap": {
    "lsjxavier": [
      {
        "insertions": 407,
        "deletions": 14,
        "date": "2020-03-04",
        "commitResults": [
          {
            "hash": "a617d3295d470d36c648f4246ff6b1fa2a4c689c",
            "messageTitle": "Implement budget set and view commands",
            "messageBody": "",
            "insertions": 406,
            "deletions": 11
          },
          {
            "hash": "1a522d77ccb20c86924d3c42f1ebf3d84c486491",
            "messageTitle": "Fix checkstyle Test error.",
            "messageBody": "",
            "insertions": 1,
            "deletions": 3
          }
        ]
      },
      {
        "insertions": 1138,
        "deletions": 139,
        "date": "2020-03-11",
        "commitResults": [
          {
            "hash": "09713a518825f6f6db4f6d6714389c9716cc790d",
            "messageTitle": "Branch foodiebot report/transaction foundation (#70)",
            "messageBody": "Add date and date range support, improved ArgumentMultimap",
            "insertions": 1138,
            "deletions": 139
          }
        ]
      },
      {
        "insertions": 37,
        "deletions": 16,
        "date": "2020-03-13",
        "commitResults": [
          {
            "hash": "2c127b6ef0155ed8a79d0819ea7555854754311a",
            "messageTitle": "Improve Budget message, bypass file save for Report and Transactions (#80)",
            "messageBody": "* Improve Budget message, bypass file save for Report and Transactions",
            "insertions": 37,
            "deletions": 16
          }
        ]
      },
      {
        "insertions": 11,
        "deletions": 1,
        "date": "2020-03-16",
        "commitResults": [
          {
            "hash": "c165c755b9db2d6ee33eb92b3702f4765e23b8ba",
            "messageTitle": "Improved modifying of remaining budget",
            "messageBody": "",
            "insertions": 11,
            "deletions": 1
          }
        ]
      },
      {
        "insertions": 139,
        "deletions": 41,
        "date": "2020-03-19",
        "commitResults": [
          {
            "hash": "f27666971b54cbe2d0fb40395a63fda1180c3d2a",
            "messageTitle": "Add Javadocs (#96)",
            "messageBody": "Add Javadocs\r\nFixed an issue where a change in system date does not reset budget if at the end of a budget cycle.",
            "insertions": 139,
            "deletions": 41
          }
        ]
      },
      {
        "insertions": 611,
        "deletions": 19,
        "date": "2020-03-22",
        "commitResults": [
          {
            "hash": "776cabc2a1980c6702ce29fd5effac773f9305d2",
            "messageTitle": "Bridging select feature to transactions feature (#107)",
            "messageBody": "* Select function now saves to file.",
            "insertions": 611,
            "deletions": 19
          }
        ]
      },
      {
        "insertions": 289,
        "deletions": 36,
        "date": "2020-03-23",
        "commitResults": [
          {
            "hash": "98f966c4c21a34111d20d16a1f6c7c9caaad611c",
            "messageTitle": "Transactions (#111)",
            "messageBody": "Update Transactions feature to show purchased food.",
            "insertions": 289,
            "deletions": 36
          }
        ]
      },
      {
        "insertions": 283,
        "deletions": 12,
        "date": "2020-03-24",
        "commitResults": [
          {
            "hash": "4aab97329bb7269a92d3d17a6c4515fa6e078e8e",
            "messageTitle": "Add Rating \u0026 Review feature. (#114)",
            "messageBody": "",
            "insertions": 244,
            "deletions": 10
          },
          {
            "hash": "219898e5076629ed88fae4838ef3934400dc26e5",
            "messageTitle": "Filter transactions by week (#115)",
            "messageBody": "",
            "insertions": 39,
            "deletions": 2
          }
        ]
      },
      {
        "insertions": 7,
        "deletions": 1,
        "date": "2020-03-25",
        "commitResults": [
          {
            "hash": "313b91e119775883793a68d965e0077f9ef6c029",
            "messageTitle": "Minor update to UG (#117)",
            "messageBody": "",
            "insertions": 7,
            "deletions": 1
          }
        ]
      },
      {
        "insertions": 124,
        "deletions": 42,
        "date": "2020-03-26",
        "commitResults": [
          {
            "hash": "3019098da7cfe9fa3b35ad7176290e2091d9a3fd",
            "messageTitle": "Show filtered list of transactions during the cycle period in budget view. (#122)",
            "messageBody": "",
            "tags": [
              "1.3"
            ],
            "insertions": 124,
            "deletions": 42
          }
        ]
      },
      {
        "insertions": 350,
        "deletions": 21,
        "date": "2020-03-30",
        "commitResults": [
          {
            "hash": "68ddcced032b8efff897fb60213eee30eb6a080b",
            "messageTitle": "Add report feature (#135)",
            "messageBody": "",
            "insertions": 350,
            "deletions": 21
          }
        ]
      },
      {
        "insertions": 116,
        "deletions": 45,
        "date": "2020-04-01",
        "commitResults": [
          {
            "hash": "2e95184a9814ff91f68ef883906fe1534eed5e96",
            "messageTitle": "Fixes to transaction and report (#138)",
            "messageBody": "- Added the instance when the date the app is first launched into user preferences.\r\n- Amended the full date range for transaction and report to start from the date the app was first launched.\r\n- Fixed an issue where transactions and report accept invalid parameters.",
            "insertions": 116,
            "deletions": 45
          }
        ]
      },
      {
        "insertions": 22,
        "deletions": 10,
        "date": "2020-04-03",
        "commitResults": [
          {
            "hash": "54b6d8e1b79ccdae6651595d97474fb20378d7da",
            "messageTitle": "Bug fixes to JSON files (#192)",
            "messageBody": "- Initial launching of JAR file now creates canteen, stall and food JSON files.\r\n- Selecting food without a budget now saves into Transactions.",
            "insertions": 22,
            "deletions": 10
          }
        ]
      },
      {
        "insertions": 23,
        "deletions": 1,
        "date": "2020-04-06",
        "commitResults": [
          {
            "hash": "14309a3a5548a1079719c05f335ba2fe7a200731",
            "messageTitle": "Add context for Report (#210)",
            "messageBody": "",
            "insertions": 23,
            "deletions": 1
          }
        ]
      },
      {
        "insertions": 175,
        "deletions": 33,
        "date": "2020-04-07",
        "commitResults": [
          {
            "hash": "ebd3c0f985e4b2dbd6a53cae0b60ea9b7c1ba618",
            "messageTitle": "Delete command for Transactions (#212)",
            "messageBody": "",
            "insertions": 175,
            "deletions": 33
          }
        ]
      },
      {
        "insertions": 77,
        "deletions": 11,
        "date": "2020-04-08",
        "commitResults": [
          {
            "hash": "c1608656bde5c03c366deee038ea5935b7f2fd3f",
            "messageTitle": "UG for Delete Command + Bug Fixes (#214)",
            "messageBody": "* UG for Delete Command + Bug Fixes\r\n\r\n* Fix Select command index \u003c\u003d 0 error message",
            "insertions": 66,
            "deletions": 7
          },
          {
            "hash": "174d5114ffa9424ceab93db9906e8abe54ccf657",
            "messageTitle": "Add DG Diagrams (#215)",
            "messageBody": "* DG diagrams for Budget, Rating, Review, Report and Transactions.",
            "insertions": 11,
            "deletions": 4
          }
        ]
      }
    ],
    "leslieharland": [
      {
        "insertions": 5053,
        "deletions": 5601,
        "date": "2020-02-29",
        "commitResults": [
          {
            "hash": "66831c8fc3698e878b1683758217f97b10786ead",
            "messageTitle": "Rename old references (#56)",
            "messageBody": "",
            "insertions": 5053,
            "deletions": 5601
          }
        ]
      },
      {
        "insertions": 1141,
        "deletions": 234,
        "date": "2020-03-01",
        "commitResults": [
          {
            "hash": "3667b9aba4a5478f92088eede1b3344de03c8089",
            "messageTitle": "App commands (#57)",
            "messageBody": "* Rename old references (#56)\r\n\r\n* Screen navigability for valid commands\r\n",
            "insertions": 667,
            "deletions": 83
          },
          {
            "hash": "4c6967954879bda3b52f1baac5ca155346f2c28d",
            "messageTitle": "show user directions (#59)",
            "messageBody": "",
            "insertions": 474,
            "deletions": 151
          }
        ]
      },
      {
        "insertions": 1598,
        "deletions": 223,
        "date": "2020-03-02",
        "commitResults": [
          {
            "hash": "825bd77fd570985af359279360f4ab32a1054d1c",
            "messageTitle": "show stalls",
            "messageBody": "",
            "insertions": 322,
            "deletions": 16
          },
          {
            "hash": "eb71f5db8feb2b23a216a97296574ec21a1c82fb",
            "messageTitle": "implement storage for stall",
            "messageBody": "",
            "insertions": 1276,
            "deletions": 207
          }
        ]
      },
      {
        "insertions": 203,
        "deletions": 46,
        "date": "2020-03-11",
        "commitResults": [
          {
            "hash": "c0ebaa77975efb72307ddc6826d2a6cabb40f30b",
            "messageTitle": "List the nearest canteen from block",
            "messageBody": "",
            "insertions": 144,
            "deletions": 38
          },
          {
            "hash": "e0b4ed6208516b18f28c2d2dfd0d12dd90dd2762",
            "messageTitle": "Enters the correct canteen when specified index",
            "messageBody": "",
            "insertions": 59,
            "deletions": 8
          }
        ]
      },
      {
        "insertions": 663,
        "deletions": 261,
        "date": "2020-03-15",
        "commitResults": [
          {
            "hash": "863490018ba542badf0beaae191c443d695e5fca",
            "messageTitle": "Tests to reach support level",
            "messageBody": "",
            "tags": [
              "v1.2"
            ],
            "insertions": 663,
            "deletions": 261
          }
        ]
      },
      {
        "insertions": 387,
        "deletions": 74,
        "date": "2020-03-16",
        "commitResults": [
          {
            "hash": "ea86e0e9974206dc549241c00dc54c0c44b32e2e",
            "messageTitle": "Able to set and view favorites",
            "messageBody": "",
            "insertions": 387,
            "deletions": 74
          }
        ]
      },
      {
        "insertions": 2,
        "deletions": 2,
        "date": "2020-03-20",
        "commitResults": [
          {
            "hash": "dc54b1cae070115ba52a84655d998310a7bb1d84",
            "messageTitle": "Portfolio page Leslie and \"bug fix #101\"",
            "messageBody": "",
            "insertions": 2,
            "deletions": 2
          }
        ]
      },
      {
        "insertions": 731,
        "deletions": 285,
        "date": "2020-03-21",
        "commitResults": [
          {
            "hash": "0d1967d9e6ff0dd9b229cdbb9313b4233f8f9a91",
            "messageTitle": "Gui update using JavaFX",
            "messageBody": "",
            "insertions": 731,
            "deletions": 285
          }
        ]
      },
      {
        "insertions": 1306,
        "deletions": 90,
        "date": "2020-03-23",
        "commitResults": [
          {
            "hash": "21530b273dffefd222139ee5baac39feda794be0",
            "messageTitle": "added unit tests",
            "messageBody": "",
            "insertions": 569,
            "deletions": 80
          },
          {
            "hash": "96b40598fd84a957ba0346fc9d5510eb7face1fb",
            "messageTitle": "Ui tests",
            "messageBody": "",
            "insertions": 737,
            "deletions": 10
          }
        ]
      },
      {
        "insertions": 5,
        "deletions": 4,
        "date": "2020-03-24",
        "commitResults": [
          {
            "hash": "7f1ed4688b2d2a28d29be2ce936b0a4494300ba6",
            "messageTitle": "Modified travis.yml",
            "messageBody": "",
            "insertions": 5,
            "deletions": 4
          }
        ]
      },
      {
        "insertions": 335,
        "deletions": 172,
        "date": "2020-03-27",
        "commitResults": [
          {
            "hash": "667cc7c8cfd84cd097906f1e838f083d3241f6e8",
            "messageTitle": "Permanent fix \u0027#103\u0027 for invalid index and update to favorites feature (#79)",
            "messageBody": "",
            "insertions": 335,
            "deletions": 172
          }
        ]
      },
      {
        "insertions": 145,
        "deletions": 45,
        "date": "2020-03-29",
        "commitResults": [
          {
            "hash": "1c1e73f27aa94756a4bdc7cf7397b3a01d9a3136",
            "messageTitle": "Fix bugs (#126)",
            "messageBody": "",
            "insertions": 145,
            "deletions": 45
          }
        ]
      },
      {
        "insertions": 2426,
        "deletions": 543,
        "date": "2020-04-02",
        "commitResults": [
          {
            "hash": "053f8e562b49bed6bbd6a1c827bbf443605d35d9",
            "messageTitle": "Added tests",
            "messageBody": "",
            "insertions": 1719,
            "deletions": 453
          },
          {
            "hash": "bba7b900f181d18d5fbc55385e8afb72ae4d8235",
            "messageTitle": "Added some tests, improvement for auto-suggestion (#141)",
            "messageBody": "",
            "tags": [
              "1.4a"
            ],
            "insertions": 707,
            "deletions": 90
          }
        ]
      },
      {
        "insertions": 175,
        "deletions": 309,
        "date": "2020-04-04",
        "commitResults": [
          {
            "hash": "d76426b2bf121cb474aa43d527a310f918c6739c",
            "messageTitle": "Bug related fixes",
            "messageBody": "Dock canteen to bottom moveable on resize\r\n- Closes: #194\r\n- Closes: #193\r\n- Closes: #179\r\n- Closes: #174\r\n- Closes: #168\r\n- Closes: #167\r\n- Closes: #164",
            "insertions": 158,
            "deletions": 149
          },
          {
            "hash": "454fd89b20d58f8c090f4f1db2b1ae19800ad292",
            "messageTitle": "Remove root html files",
            "messageBody": "",
            "insertions": 17,
            "deletions": 160
          }
        ]
      },
      {
        "insertions": 6,
        "deletions": 3,
        "date": "2020-04-06",
        "commitResults": [
          {
            "hash": "836a5c8450c99c3a18752a4de82799411fb8b354",
            "messageTitle": "Fill in the dg blanks",
            "messageBody": "",
            "tags": [
              "1.4"
            ],
            "insertions": 6,
            "deletions": 3
          }
        ]
      },
      {
        "insertions": 46,
        "deletions": 21,
        "date": "2020-04-09",
        "commitResults": [
          {
            "hash": "1f50d6decd6267f8603a2d33614129c41400c28f",
            "messageTitle": "Added dg diagrams",
            "messageBody": "",
            "insertions": 46,
            "deletions": 21
          }
        ]
      }
    ],
    "Samanthaseahpl": [
      {
        "insertions": 4,
        "deletions": 2,
        "date": "2020-03-05",
        "commitResults": [
          {
            "hash": "4a96f0f84a8abf5d8fb49935a5d282aabc4ca9b9",
            "messageTitle": "Documentation v1.1",
            "messageBody": "",
            "tags": [
              "v1.1"
            ],
            "insertions": 4,
            "deletions": 2
          }
        ]
      },
      {
        "insertions": 147,
        "deletions": 25,
        "date": "2020-03-07",
        "commitResults": [
          {
            "hash": "832ae969b322dd7ef866fab2a5248aeb9e358bf1",
            "messageTitle": "branch-randomize get 1 canteen name only.",
            "messageBody": "",
            "insertions": 147,
            "deletions": 25
          }
        ]
      },
      {
        "insertions": 85,
        "deletions": 22,
        "date": "2020-03-15",
        "commitResults": [
          {
            "hash": "cb6060e2f0e536afbc152eb38afdfde8c8b7ea01",
            "messageTitle": "randomise generate a list of options",
            "messageBody": "",
            "insertions": 85,
            "deletions": 22
          }
        ]
      },
      {
        "insertions": 3,
        "deletions": 2,
        "date": "2020-03-16",
        "commitResults": [
          {
            "hash": "fb35969cf6cdc7c84ae17208169bf01747a94897",
            "messageTitle": "Documentation - v1.2 (#90)",
            "messageBody": "* branch-documentation\r\n\r\n* branch-documentation\r\n\r\n* Documentation for v1.2\r\n\r\n* fixup! Documentation for v1.2\r\n\r\nCo-authored-by: Xavier Lee \u003c43834485+lsjxavier@users.noreply.github.com\u003e",
            "insertions": 3,
            "deletions": 2
          }
        ]
      },
      {
        "insertions": 216,
        "deletions": 60,
        "date": "2020-03-19",
        "commitResults": [
          {
            "hash": "9aeeb89fc0b639b86abb2aa4324ccd7106a71838",
            "messageTitle": "Randomize options based on canteen - Use \"c/\" flags to randomize by canteen",
            "messageBody": "",
            "insertions": 216,
            "deletions": 60
          }
        ]
      },
      {
        "insertions": 225,
        "deletions": 87,
        "date": "2020-03-22",
        "commitResults": [
          {
            "hash": "c9f7578179ee65100f7e3f6341e08f7a4c4aa0c8",
            "messageTitle": "branch-randomize (#108)",
            "messageBody": "- include tag \"t/\" function.\r\n- able to randomize with index for canteen \"c/\" only.",
            "insertions": 225,
            "deletions": 87
          }
        ]
      },
      {
        "insertions": 165,
        "deletions": 37,
        "date": "2020-03-26",
        "commitResults": [
          {
            "hash": "a8300bf042f55bd28277f86c092c7014d1f2daa1",
            "messageTitle": "Branch user interface (#121)",
            "messageBody": "* Setting up UI\r\n\r\n* branch-randomize\r\n- include tag \"t/\" function.\r\n- able to randomize with index for canteen \"c/\" only.\r\n\r\n* branch-randomizeUI\r\n- get a blank panel\r\n\r\n* branch-randomize-UI",
            "insertions": 165,
            "deletions": 37
          }
        ]
      },
      {
        "insertions": 291,
        "deletions": 60,
        "date": "2020-04-02",
        "commitResults": [
          {
            "hash": "21f14b2656f633715413ebc9417d495dcb0d2eae",
            "messageTitle": "Branch randomize (#145)",
            "messageBody": "- edit error message\r\n- include enter and exit function\r\n- minor change on randomize UI",
            "insertions": 240,
            "deletions": 26
          },
          {
            "hash": "38196e03f6b5d4a87184d00fa090dc7bd7430904",
            "messageTitle": "Branch randomize (#148)",
            "messageBody": "* branch-randomize\n- include tag \"t/\" function.\n- able to randomize with index for canteen \"c/\" only.\n\n* Add report feature (#135)\n\n* Add uml diagram for enterCommand  (#136)\n\n* Developer guide Leslie\r\n\r\n* Updated classes in original class diagrams\r\n\r\n* Updated names in class diagrams fix\r\n\r\n* fix UserGuide grammar somewhat\r\n\r\n* add placeholder for Filter function\r\n\r\n* remove unneccessary constructor in FIlterCommand\r\n\r\n* fix trailing whitespace\r\n\r\n* actually fixed hopefully trailing whitespace\r\n\r\n* changed constructor for filterCommand\r\n\r\n* update foodiebot.json\r\n\r\n* add FilterCommand to enable users to filter canteens based on tags\r\n\r\n* Gui update using JavaFX\r\n\r\n* fixed some bugs and wrote test for parseFilterTags\r\n\r\n* update EnterCanteen and EnterStall UI to display canteen and stall entered\r\n\r\n* Fix a bug with enter canteen when using an invalid index\r\n\r\n* fix bug with using invalid index when entering stall\r\n\r\n* fix a bug with exit not exiting\r\n\r\n* Update user guide mainly and a bit of developer guide\r\n\r\n* add tags for stall\r\n*for some reason randomize will throw ClassCastException with updated stallCard\r\n\r\n* fixed a problem with the tags not placed in the correct position\r\n\r\n* update filtercommand to allow filter food by tag and price\r\n\r\n* stash json files\r\n\r\n* add Activity Diagram for EnterCommand and relocated pictures of Randomize\r\n\r\nCo-authored-by: leslieharland \u003cleslieharland@outlook.com\u003e\n\n* branch-randomize\n- include tag \"t/\" function.\n- able to randomize with index for canteen \"c/\" only.\n\n* Fixes to transaction and report (#138)\n\n- Added the instance when the date the app is first launched into user preferences.\r\n- Amended the full date range for transaction and report to start from the date the app was first launched.\r\n- Fixed an issue where transactions and report accept invalid parameters.\n\n* Added some tests, improvement for auto-suggestion (#141)\n\n* pull from upstream.\n\n* Branch-randomize\n- edit error message\n- include enter and exit function\n- minor change on randomize UI\n- randomize display 1 option only\n\n* Branch-randomize\n- edit error message\n- include enter and exit function\n- minor change on randomize UI\n- randomize display 1 option only\n\n* Branch-randomize\n- edit error message\n- include enter and exit function\n- minor change on randomize UI\n- randomize display 1 option only\n\nCo-authored-by: Xavier Lee \u003c43834485+lsjxavier@users.noreply.github.com\u003e\nCo-authored-by: ignatiusong \u003c42903167+ignatiusong@users.noreply.github.com\u003e\nCo-authored-by: leslieharland \u003cleslieharland@outlook.com\u003e",
            "insertions": 51,
            "deletions": 34
          }
        ]
      },
      {
        "insertions": 168,
        "deletions": 63,
        "date": "2020-04-05",
        "commitResults": [
          {
            "hash": "e2d3e10382d10c2c6c98018c48b5ea9bab5683a4",
            "messageTitle": "Branch randomize (#204)",
            "messageBody": "* branch-randomize\n- include tag \"t/\" function.\n- able to randomize with index for canteen \"c/\" only.\n\n* Add report feature (#135)\n\n* Add uml diagram for enterCommand  (#136)\n\n* Developer guide Leslie\r\n\r\n* Updated classes in original class diagrams\r\n\r\n* Updated names in class diagrams fix\r\n\r\n* fix UserGuide grammar somewhat\r\n\r\n* add placeholder for Filter function\r\n\r\n* remove unneccessary constructor in FIlterCommand\r\n\r\n* fix trailing whitespace\r\n\r\n* actually fixed hopefully trailing whitespace\r\n\r\n* changed constructor for filterCommand\r\n\r\n* update foodiebot.json\r\n\r\n* add FilterCommand to enable users to filter canteens based on tags\r\n\r\n* Gui update using JavaFX\r\n\r\n* fixed some bugs and wrote test for parseFilterTags\r\n\r\n* update EnterCanteen and EnterStall UI to display canteen and stall entered\r\n\r\n* Fix a bug with enter canteen when using an invalid index\r\n\r\n* fix bug with using invalid index when entering stall\r\n\r\n* fix a bug with exit not exiting\r\n\r\n* Update user guide mainly and a bit of developer guide\r\n\r\n* add tags for stall\r\n*for some reason randomize will throw ClassCastException with updated stallCard\r\n\r\n* fixed a problem with the tags not placed in the correct position\r\n\r\n* update filtercommand to allow filter food by tag and price\r\n\r\n* stash json files\r\n\r\n* add Activity Diagram for EnterCommand and relocated pictures of Randomize\r\n\r\nCo-authored-by: leslieharland \u003cleslieharland@outlook.com\u003e\n\n* branch-randomize\n- include tag \"t/\" function.\n- able to randomize with index for canteen \"c/\" only.\n\n* Fixes to transaction and report (#138)\n\n- Added the instance when the date the app is first launched into user preferences.\r\n- Amended the full date range for transaction and report to start from the date the app was first launched.\r\n- Fixed an issue where transactions and report accept invalid parameters.\n\n* Added some tests, improvement for auto-suggestion (#141)\n\n* pull from upstream.\n\n* Branch-randomize\n- edit error message\n- include enter and exit function\n- minor change on randomize UI\n- randomize display 1 option only\n\n* branch-randomize\n\n* branch-randomize\n\n* branch-randomize\n\nCo-authored-by: Xavier Lee \u003c43834485+lsjxavier@users.noreply.github.com\u003e\nCo-authored-by: ignatiusong \u003c42903167+ignatiusong@users.noreply.github.com\u003e\nCo-authored-by: leslieharland \u003cleslieharland@outlook.com\u003e",
            "insertions": 168,
            "deletions": 63
          }
        ]
      }
    ],
    "SHAUNGOH97": [
      {
        "insertions": 48,
        "deletions": 4,
        "date": "2020-03-07",
        "commitResults": [
          {
            "hash": "ac0a82a2f4428f3418a778b1d30f7d988f86fb84",
            "messageTitle": "added canteen stalls",
            "messageBody": "",
            "insertions": 39,
            "deletions": 3
          },
          {
            "hash": "ccb7d969023840782b9d66ab613ef080a628e883",
            "messageTitle": "Able to exit from stall interface to canteen interface",
            "messageBody": "",
            "insertions": 9,
            "deletions": 1
          }
        ]
      },
      {
        "insertions": 65,
        "deletions": 45,
        "date": "2020-03-09",
        "commitResults": [
          {
            "hash": "a31e1a92e951a59eb4b5658c17e93dac686be779",
            "messageTitle": "refixed exit, list in wrong context",
            "messageBody": "",
            "insertions": 52,
            "deletions": 23
          },
          {
            "hash": "4164098943fe7d8fbe53dc67582119bdc2993345",
            "messageTitle": "Managed to fixed updatedFilteredStalls",
            "messageBody": "",
            "insertions": 9,
            "deletions": 2
          },
          {
            "hash": "79b3ee0d174ef092612df5e935cc83bd07bc2c6c",
            "messageTitle": "Refixed updatefilteredstalls, actually it was correct to use predicate, dont need new method",
            "messageBody": "",
            "insertions": 4,
            "deletions": 20
          }
        ]
      },
      {
        "insertions": 610,
        "deletions": 81,
        "date": "2020-03-10",
        "commitResults": [
          {
            "hash": "a8b114c26b60be3f6be0da20ca593d6eedc4617d",
            "messageTitle": "Buggy context, but can access stalls and view food",
            "messageBody": "",
            "insertions": 562,
            "deletions": 31
          },
          {
            "hash": "0bbb1ddcbedc889f104985876b791dc4a476da47",
            "messageTitle": "Fixed entering canteen with text bug",
            "messageBody": "",
            "insertions": 9,
            "deletions": 6
          },
          {
            "hash": "7cf7147567868b4ce608f20bf36f95eb322f1fe0",
            "messageTitle": "Fixed entering stall with text bug",
            "messageBody": "",
            "insertions": 10,
            "deletions": 6
          },
          {
            "hash": "91dc9460a76b05c095a9c7d3491794854c858472",
            "messageTitle": "Fixed checkstyles",
            "messageBody": "",
            "insertions": 23,
            "deletions": 26
          },
          {
            "hash": "13b9ac39b07832df8ac0d775fd6b7952d81cc071",
            "messageTitle": "Fixed more errors",
            "messageBody": "",
            "insertions": 6,
            "deletions": 11
          },
          {
            "hash": "34b9f0a3e1691c612de4b003b60286b386900f69",
            "messageTitle": "Fixed checkstyle",
            "messageBody": "",
            "insertions": 0,
            "deletions": 1
          }
        ]
      },
      {
        "insertions": 2,
        "deletions": 5,
        "date": "2020-03-12",
        "commitResults": [
          {
            "hash": "2f57188a236acf9debd59e126dd91af66f627db0",
            "messageTitle": "Fixed bug",
            "messageBody": "",
            "insertions": 2,
            "deletions": 5
          }
        ]
      },
      {
        "insertions": 8,
        "deletions": 0,
        "date": "2020-03-14",
        "commitResults": [
          {
            "hash": "a4f30690f711535adfbd49a988166f805acf29e2",
            "messageTitle": "reloaded deck (#81)",
            "messageBody": "",
            "insertions": 8,
            "deletions": 0
          }
        ]
      },
      {
        "insertions": 178,
        "deletions": 53,
        "date": "2020-03-17",
        "commitResults": [
          {
            "hash": "4b09887495e58d46e772719e83aab5504d8e419f",
            "messageTitle": "Select Food Function",
            "messageBody": "* Implemented SelectItemCommand\r\n\r\n* Small UI updates\r\n\r\n* Update SelectItemCommandParser.java\r\n\r\n* Update SelectItemCommand.java\r\n",
            "insertions": 178,
            "deletions": 53
          }
        ]
      },
      {
        "insertions": 245,
        "deletions": 106,
        "date": "2020-03-20",
        "commitResults": [
          {
            "hash": "4fcc3dc1595d6f14942069ee468c2a12b331a673",
            "messageTitle": "Added food tags and pictures",
            "messageBody": "",
            "insertions": 202,
            "deletions": 67
          },
          {
            "hash": "accba2ef9db6d266acbc22311d3c38efa6492937",
            "messageTitle": "Fixed tag errors  (#100)",
            "messageBody": "",
            "insertions": 43,
            "deletions": 39
          }
        ]
      },
      {
        "insertions": 31,
        "deletions": 18,
        "date": "2020-03-23",
        "commitResults": [
          {
            "hash": "ad959a5c7cc3e749068ae0be632b1845cc80633f",
            "messageTitle": "Edit UG/DG and fixed duplicate stall bug (#110)",
            "messageBody": "* Fixed duplicate stall bug, edit UG/DG\r\n\r\n* Edit Ug/dg, fixed duplicate stall name bug\r\n\r\n* checkstyle\r\n\r\n* Fixed checkstyles\r\n\r\n* checkstyle\r\n\r\n* checkstyle",
            "insertions": 31,
            "deletions": 18
          }
        ]
      },
      {
        "insertions": 49,
        "deletions": 26,
        "date": "2020-03-29",
        "commitResults": [
          {
            "hash": "ba7f210153d594578f1bbe752e365ce1ef12b321",
            "messageTitle": "Fixed issues (#132)",
            "messageBody": "-Fixed select items out of bounds issue\r\n-Changed invalid context message to be more user friendly\r\n-Throws invalid message when using rate/review with missing arguments",
            "insertions": 49,
            "deletions": 26
          }
        ]
      },
      {
        "insertions": 69,
        "deletions": 16,
        "date": "2020-04-02",
        "commitResults": [
          {
            "hash": "bb78e06ae4d8f6d5f0e88acc5d7df4a2b9ff25fb",
            "messageTitle": "Added food for every stall (#147)",
            "messageBody": "* added food for every stall",
            "insertions": 62,
            "deletions": 15
          },
          {
            "hash": "32c7262ce6ee3a049578cc437466af479977f187",
            "messageTitle": "Small Change to Food Class (#149)",
            "messageBody": "* Small change to food class",
            "insertions": 7,
            "deletions": 1
          }
        ]
      },
      {
        "insertions": 89,
        "deletions": 16,
        "date": "2020-04-06",
        "commitResults": [
          {
            "hash": "8b7f92ee1d23736c0232eb38e59c1a1b647bd340",
            "messageTitle": "Added progress bar for budget, fixed budget bug (#206)",
            "messageBody": "* added food for every stall\r\n\r\n* checkstyle\r\n\r\n* readded food pics\r\n\r\n* Small change to food class\r\n\r\n* fixed checkstyle\r\n\r\n* fixed checkstyle\r\n\r\n* Small edit to UI",
            "insertions": 89,
            "deletions": 16
          }
        ]
      }
    ],
    "ignatiusong": [
      {
        "insertions": 20,
        "deletions": 229,
        "date": "2020-02-16",
        "commitResults": [
          {
            "hash": "3869d58e52034b2d2c755e785d8c1ceec46fba04",
            "messageTitle": "delete address class",
            "messageBody": "",
            "insertions": 20,
            "deletions": 229
          }
        ]
      },
      {
        "insertions": 0,
        "deletions": 1,
        "date": "2020-02-17",
        "commitResults": [
          {
            "hash": "42ae2571e60b6f5e5500b950fd5e0fc3be9f21ab",
            "messageTitle": "tidy up ui for references to address",
            "messageBody": "",
            "insertions": 0,
            "deletions": 1
          }
        ]
      },
      {
        "insertions": 184,
        "deletions": 0,
        "date": "2020-02-22",
        "commitResults": [
          {
            "hash": "ab8c26db62fb50d10f29294cce76feb1cd92712b",
            "messageTitle": "Updated to current status of team repo",
            "messageBody": "",
            "insertions": 184,
            "deletions": 0
          }
        ]
      },
      {
        "insertions": 0,
        "deletions": 1531,
        "date": "2020-03-02",
        "commitResults": [
          {
            "hash": "abb72cf837bccc3c96db507ac4aa739954bdfeee",
            "messageTitle": "Now its updated to actual team repo",
            "messageBody": "",
            "insertions": 0,
            "deletions": 1531
          }
        ]
      },
      {
        "insertions": 663,
        "deletions": 59,
        "date": "2020-03-06",
        "commitResults": [
          {
            "hash": "d6629c3e3a7396748bcdc43d7f1087f8b3d0ff37",
            "messageTitle": "slightly changed foodmenucommand",
            "messageBody": "",
            "insertions": 133,
            "deletions": 13
          },
          {
            "hash": "09859380854adb3c92357c9de205d513cfe60c7a",
            "messageTitle": "Slightly changed food files",
            "messageBody": "",
            "insertions": 131,
            "deletions": 11
          },
          {
            "hash": "6d6bfb0ed318b8f9aa8b8fe267d56bdc97d1c74d",
            "messageTitle": "changed enterCanteenCommand to be aware of its state i.e cannot enterCanteen then call enterCanteen again",
            "messageBody": "",
            "insertions": 126,
            "deletions": 25
          },
          {
            "hash": "c8b557de2da7d18181dad730179e66db9ac6c8d3",
            "messageTitle": "allows the user to exit from canteen context and stall context add an option to allow commands to only save if necessary",
            "messageBody": "",
            "insertions": 48,
            "deletions": 6
          },
          {
            "hash": "2798d3923f5a74f9cf5d42a8ef5cc56bac0aa65f",
            "messageTitle": "add EnterStallCommand to allow entry to a stall from a canteen interface. at this point the canteen still isn\u0027t loaded properly and neither are the stalls EnterStallCommand also doesnt change the actual display",
            "messageBody": "",
            "insertions": 225,
            "deletions": 4
          }
        ]
      },
      {
        "insertions": 22,
        "deletions": 20,
        "date": "2020-03-12",
        "commitResults": [
          {
            "hash": "5c957e53231b747bac249d40c2815be8f969fdf4",
            "messageTitle": "Merge randomize and canteen-food",
            "messageBody": "",
            "insertions": 22,
            "deletions": 18
          },
          {
            "hash": "a9745ea4ae150b71924a11d825033cc4d6da26bf",
            "messageTitle": "fix trailing whitespace",
            "messageBody": "",
            "insertions": 0,
            "deletions": 2
          }
        ]
      },
      {
        "insertions": 41,
        "deletions": 4,
        "date": "2020-03-19",
        "commitResults": [
          {
            "hash": "f2b466de0b6429c8849a3b23bef5a6ba679388aa",
            "messageTitle": "Fix UserGuide Grammar and Add Placeholder for Filter Function (#49)",
            "messageBody": "* fix UserGuide grammar\r\n\r\n* add placeholder for Filter function",
            "insertions": 37,
            "deletions": 2
          },
          {
            "hash": "bba32ab62587e3860fe5262f0235a1e5baee498a",
            "messageTitle": "Update ug and Add Filter Command Class",
            "messageBody": "* add placeholder for Filter function\r\n\r\n* changed constructor for filterCommand\r\n\r\n* update foodiebot.json",
            "insertions": 4,
            "deletions": 2
          }
        ]
      },
      {
        "insertions": 78,
        "deletions": 52,
        "date": "2020-03-20",
        "commitResults": [
          {
            "hash": "addebdf44908b3d0a8e5d033c4446c142f0c34ac",
            "messageTitle": "Add filter command to filter canteens by tag (#49)",
            "messageBody": "* changed constructor for filterCommand\r\n\r\n* add FilterCommand to enable users to filter canteens based on tags\r\n",
            "insertions": 78,
            "deletions": 52
          }
        ]
      },
      {
        "insertions": 44,
        "deletions": 12,
        "date": "2020-03-21",
        "commitResults": [
          {
            "hash": "de8636e50a4984ffa98ae6ff66e29344cc1b9efa",
            "messageTitle": "Update UI for Enter Canteen and Enter Stall (#106)",
            "messageBody": "* Developer guide Leslie\r\n\r\n* Updated classes in original class diagrams\r\n\r\n* Updated names in class diagrams fix\r\n\r\n* fix UserGuide grammar somewhat\r\n\r\n* add placeholder for Filter function\r\n\r\n* remove unneccessary constructor in FIlterCommand\r\n\r\n* fix trailing whitespace\r\n\r\n* actually fixed hopefully trailing whitespace\r\n\r\n* changed constructor for filterCommand\r\n\r\n* update foodiebot.json\r\n\r\n* add FilterCommand to enable users to filter canteens based on tags\r\n\r\n* Gui update using JavaFX\r\n\r\n* fixed some bugs and wrote test for parseFilterTags\r\n\r\n* update EnterCanteen and EnterStall UI to display canteen and stall entered\r\n\r\nCo-authored-by: leslieharland \u003cleslieharland@outlook.com\u003e",
            "insertions": 44,
            "deletions": 12
          }
        ]
      },
      {
        "insertions": 78,
        "deletions": 16,
        "date": "2020-03-25",
        "commitResults": [
          {
            "hash": "712a993dc565aa4575be4d004e827ba0c8076ad6",
            "messageTitle": "Fixed bugs with enter stall and enter canteen when using invalid index (#116)",
            "messageBody": "* Developer guide Leslie\r\n\r\n* Updated classes in original class diagrams\r\n\r\n* Updated names in class diagrams fix\r\n\r\n* fix UserGuide grammar somewhat\r\n\r\n* add placeholder for Filter function\r\n\r\n* remove unneccessary constructor in FIlterCommand\r\n\r\n* fix trailing whitespace\r\n\r\n* actually fixed hopefully trailing whitespace\r\n\r\n* changed constructor for filterCommand\r\n\r\n* update foodiebot.json\r\n\r\n* add FilterCommand to enable users to filter canteens based on tags\r\n\r\n* Gui update using JavaFX\r\n\r\n* fixed some bugs and wrote test for parseFilterTags\r\n\r\n* update EnterCanteen and EnterStall UI to display canteen and stall entered\r\n\r\n* Fix a bug with enter canteen when using an invalid index\r\n\r\n* fix bug with using invalid index when entering stall\r\n\r\n* fix a bug with exit not exiting\r\n\r\nCo-authored-by: leslieharland \u003cleslieharland@outlook.com\u003e",
            "insertions": 78,
            "deletions": 16
          }
        ]
      },
      {
        "insertions": 55,
        "deletions": 5,
        "date": "2020-03-28",
        "commitResults": [
          {
            "hash": "32038608532aa155e97eb3565290614f3aa597a3",
            "messageTitle": "Changed UI for stalls and Update Filter Food Command to filter by tag and price (#129)",
            "messageBody": "* Developer guide Leslie\n\n* Updated classes in original class diagrams\n\n* Updated names in class diagrams fix\n\n* fix UserGuide grammar somewhat\n\n* add placeholder for Filter function\n\n* remove unneccessary constructor in FIlterCommand\n\n* fix trailing whitespace\n\n* actually fixed hopefully trailing whitespace\n\n* changed constructor for filterCommand\n\n* update foodiebot.json\n\n* add FilterCommand to enable users to filter canteens based on tags\n\n* Gui update using JavaFX\n\n* fixed some bugs and wrote test for parseFilterTags\n\n* update EnterCanteen and EnterStall UI to display canteen and stall entered\n\n* Fix a bug with enter canteen when using an invalid index\n\n* fix bug with using invalid index when entering stall\n\n* fix a bug with exit not exiting\n\n* Update user guide mainly and a bit of developer guide\n\n* add tags for stall\n*for some reason randomize will throw ClassCastException with updated stallCard\n\n* fixed a problem with the tags not placed in the correct position\n\n* update filtercommand to allow filter food by tag and price\n\nCo-authored-by: leslieharland \u003cleslieharland@outlook.com\u003e\n",
            "insertions": 55,
            "deletions": 5
          }
        ]
      },
      {
        "insertions": 83,
        "deletions": 47,
        "date": "2020-04-03",
        "commitResults": [
          {
            "hash": "cc38ff37b84d3e3c9d160941e738cfd874bfab14",
            "messageTitle": "Change Exit Command to Back Command to reduce confusion (#199)",
            "messageBody": "* Developer guide Leslie\r\n\r\n* Updated classes in original class diagrams\r\n\r\n* Updated names in class diagrams fix\r\n\r\n* fix UserGuide grammar somewhat\r\n\r\n* add placeholder for Filter function\r\n\r\n* remove unneccessary constructor in FIlterCommand\r\n\r\n* fix trailing whitespace\r\n\r\n* actually fixed hopefully trailing whitespace\r\n\r\n* changed constructor for filterCommand\r\n\r\n* update foodiebot.json\r\n\r\n* add FilterCommand to enable users to filter canteens based on tags\r\n\r\n* Gui update using JavaFX\r\n\r\n* fixed some bugs and wrote test for parseFilterTags\r\n\r\n* update EnterCanteen and EnterStall UI to display canteen and stall entered\r\n\r\n* Fix a bug with enter canteen when using an invalid index\r\n\r\n* fix bug with using invalid index when entering stall\r\n\r\n* fix a bug with exit not exiting\r\n\r\n* Update user guide mainly and a bit of developer guide\r\n\r\n* add tags for stall\r\n*for some reason randomize will throw ClassCastException with updated stallCard\r\n\r\n* fixed a problem with the tags not placed in the correct position\r\n\r\n* update filtercommand to allow filter food by tag and price\r\n\r\n* stash json files\r\n\r\n* add Activity Diagram for EnterCommand and relocated pictures of Randomize\r\n\r\n* changed exit command to back command to reduce confusion\r\n\r\nCo-authored-by: leslieharland \u003cleslieharland@outlook.com\u003e",
            "insertions": 83,
            "deletions": 47
          }
        ]
      },
      {
        "insertions": 57,
        "deletions": 8,
        "date": "2020-04-04",
        "commitResults": [
          {
            "hash": "aa5e42c79121c52b9c4a09ce8ea2f0271d37e43a",
            "messageTitle": "Update UI with label to show more details about the menu we are in (#202)",
            "messageBody": "* Developer guide Leslie\r\n\r\n* Updated classes in original class diagrams\r\n\r\n* Updated names in class diagrams fix\r\n\r\n* fix UserGuide grammar somewhat\r\n\r\n* add placeholder for Filter function\r\n\r\n* remove unneccessary constructor in FIlterCommand\r\n\r\n* fix trailing whitespace\r\n\r\n* actually fixed hopefully trailing whitespace\r\n\r\n* changed constructor for filterCommand\r\n\r\n* update foodiebot.json\r\n\r\n* add FilterCommand to enable users to filter canteens based on tags\r\n\r\n* Gui update using JavaFX\r\n\r\n* fixed some bugs and wrote test for parseFilterTags\r\n\r\n* update EnterCanteen and EnterStall UI to display canteen and stall entered\r\n\r\n* Fix a bug with enter canteen when using an invalid index\r\n\r\n* fix bug with using invalid index when entering stall\r\n\r\n* fix a bug with exit not exiting\r\n\r\n* Update user guide mainly and a bit of developer guide\r\n\r\n* add tags for stall\r\n*for some reason randomize will throw ClassCastException with updated stallCard\r\n\r\n* fixed a problem with the tags not placed in the correct position\r\n\r\n* update filtercommand to allow filter food by tag and price\r\n\r\n* stash json files\r\n\r\n* add Activity Diagram for EnterCommand and relocated pictures of Randomize\r\n\r\n* changed exit command to back command to reduce confusion\r\n\r\n* fix checkstyle\r\n\r\n* stash json files\r\n\r\nCo-authored-by: leslieharland \u003cleslieharland@outlook.com\u003e",
            "insertions": 57,
            "deletions": 8
          }
        ]
      }
    ]
  },
  "authorFinalContributionMap": {
    "lsjxavier": 3358,
    "leslieharland": 12362,
    "Samanthaseahpl": 989,
    "SHAUNGOH97": 1010,
    "ignatiusong": 729
  },
  "authorFileTypeContributionMap": {
    "lsjxavier": {
      "docs": 0,
      "functional-code": 2840,
      "test-code": 518
    },
    "leslieharland": {
      "docs": 0,
      "functional-code": 5707,
      "test-code": 6639,
      "other": 16
    },
    "Samanthaseahpl": {
      "docs": 0,
      "functional-code": 948,
      "test-code": 38,
      "other": 3
    },
    "SHAUNGOH97": {
      "docs": 0,
      "functional-code": 970,
      "test-code": 40
    },
    "ignatiusong": {
      "docs": 0,
      "functional-code": 692,
      "test-code": 37
    }
  },
  "authorContributionVariance": {
    "lsjxavier": 42035.117,
    "leslieharland": 2203957.5,
    "Samanthaseahpl": 6833.1094,
    "SHAUNGOH97": 11422.679,
    "ignatiusong": 50410.02
  },
  "authorDisplayNameMap": {
    "lsjxavier": "CS2103T-F11-3 LEE ..VIER",
    "leslieharland": "CS2103T-F11-3 LESL..LAND",
    "Samanthaseahpl": "CS2103T-F11-3 SEAH..NTHA",
    "SHAUNGOH97": "CS2103T-F11-3 GOH ..HAUN",
    "ignatiusong": "CS2103T-F11-3 IGNA.. YEE"
  }
}
