{
  "authorDailyContributionsMap": {
    "jerrenss": [
      {
        "insertions": 40,
        "deletions": 0,
        "date": "2020-03-04",
        "commitResults": [
          {
            "hash": "c8aae89ed6c8d8fdc6e442302ab1c988451e712e",
            "messageTitle": "Added StickyNotes class",
            "messageBody": "",
            "insertions": 40,
            "deletions": 0
          }
        ]
      },
      {
        "insertions": 46,
        "deletions": 21,
        "date": "2020-03-10",
        "commitResults": [
          {
            "hash": "d83e27d2e76d1a158c37309d9a3ed7790ea46451",
            "messageTitle": "Created abstract class Notes, and Sticky Note class which extends it",
            "messageBody": "",
            "insertions": 32,
            "deletions": 17
          },
          {
            "hash": "699f2958c84b28fd8f2f9f4e7e6ada175b926cf9",
            "messageTitle": "Edited Checkstyle",
            "messageBody": "",
            "insertions": 14,
            "deletions": 4
          }
        ]
      },
      {
        "insertions": 485,
        "deletions": 208,
        "date": "2020-03-14",
        "commitResults": [
          {
            "hash": "57db591a790bd89c99c9bfdfceb24bfa91a75d98",
            "messageTitle": "Added StickyNotesCommand, enable printing of  Notes to display",
            "messageBody": "",
            "insertions": 100,
            "deletions": 14
          },
          {
            "hash": "bfdd2fa3008896db6625c056ef5c96a83267ab32",
            "messageTitle": "Refactored Student, adding Notes as an attribute",
            "messageBody": "",
            "insertions": 304,
            "deletions": 137
          },
          {
            "hash": "ed61c63c86757f464eb26fdad821632f4138b7ff",
            "messageTitle": "Cleaned checkstyle",
            "messageBody": "",
            "insertions": 81,
            "deletions": 57
          }
        ]
      },
      {
        "insertions": 58,
        "deletions": 55,
        "date": "2020-03-15",
        "commitResults": [
          {
            "hash": "07aa512cfca6a6b8508fd81126f50e5191bc343d",
            "messageTitle": "Deconflicted with Simon\u0027s PR",
            "messageBody": "",
            "insertions": 58,
            "deletions": 55
          }
        ]
      },
      {
        "insertions": 391,
        "deletions": 117,
        "date": "2020-03-17",
        "commitResults": [
          {
            "hash": "865919ea882e0ea821f6b54644a3d5e8010fc6c3",
            "messageTitle": "Minor changes to UI",
            "messageBody": "",
            "insertions": 156,
            "deletions": 33
          },
          {
            "hash": "f31823da838d711bf488323694c66f564585c2c6",
            "messageTitle": "Added minimise and maximising of student details",
            "messageBody": "",
            "insertions": 164,
            "deletions": 53
          },
          {
            "hash": "c4168c4078a0d22031ba32243ea18d00e63dbc1b",
            "messageTitle": "Changes to UI",
            "messageBody": "",
            "insertions": 21,
            "deletions": 28
          },
          {
            "hash": "e38fb09980926a2a3941f1a348bc9d85b8089f35",
            "messageTitle": "Added default person logo",
            "messageBody": "",
            "insertions": 23,
            "deletions": 0
          },
          {
            "hash": "d81250319ac831e8e3c7eb42519aa9f3eda06d99",
            "messageTitle": "Minor Changes to StudentListDetailed.fxml",
            "messageBody": "",
            "insertions": 3,
            "deletions": 0
          },
          {
            "hash": "afd9010480dcb9cc37994c510dfc6a7965bbbf56",
            "messageTitle": "Inserted TeaPet logo",
            "messageBody": "",
            "insertions": 23,
            "deletions": 2
          },
          {
            "hash": "d2140c7fec5f6587b71e85a0ec5d1980c2b17263",
            "messageTitle": "Edited ResultDisplay.fxml",
            "messageBody": "",
            "insertions": 1,
            "deletions": 1
          }
        ]
      },
      {
        "insertions": 24,
        "deletions": 36,
        "date": "2020-03-18",
        "commitResults": [
          {
            "hash": "d7205bd94e5b6ae07dcd4efd39310b26f30d3745",
            "messageTitle": "Edited Help Window Messages",
            "messageBody": "",
            "insertions": 24,
            "deletions": 36
          }
        ]
      },
      {
        "insertions": 218,
        "deletions": 60,
        "date": "2020-03-22",
        "commitResults": [
          {
            "hash": "8946818216a443f69be453e62cc591bbe9379d6e",
            "messageTitle": "Added ListView for notes",
            "messageBody": "",
            "insertions": 7,
            "deletions": 3
          },
          {
            "hash": "0acb857cb79838c6eba61e89a5489931afd6d155",
            "messageTitle": "Added Ui classes for Notes",
            "messageBody": "",
            "insertions": 153,
            "deletions": 10
          },
          {
            "hash": "280be2f4bffb97f59925a1a47281d54a867ad5f2",
            "messageTitle": "Finalised Notes UI",
            "messageBody": "",
            "insertions": 43,
            "deletions": 21
          },
          {
            "hash": "f888b9f6bc3cd9895953742120981ff5571288d5",
            "messageTitle": "Enabled updating of UI upon anotes command",
            "messageBody": "",
            "insertions": 5,
            "deletions": 12
          },
          {
            "hash": "2cb3d0ca689db1fb5ef2b3b9ded22497c3df9f9f",
            "messageTitle": "Cleaned checkstyle",
            "messageBody": "",
            "insertions": 10,
            "deletions": 14
          }
        ]
      },
      {
        "insertions": 3,
        "deletions": 3,
        "date": "2020-03-24",
        "commitResults": [
          {
            "hash": "00db18d6d1c686253dbef905c3ddc29df842d0ef",
            "messageTitle": "Minor changes to list-view borders",
            "messageBody": "",
            "insertions": 3,
            "deletions": 3
          }
        ]
      },
      {
        "insertions": 190,
        "deletions": 123,
        "date": "2020-03-26",
        "commitResults": [
          {
            "hash": "6ed35a584948f198187720192d0e3f52ee3c1338",
            "messageTitle": "Refactored class AdminNotes and abstract class Notes to simply class Notes",
            "messageBody": "",
            "insertions": 49,
            "deletions": 66
          },
          {
            "hash": "9453a3a819949f44b31b76cd44fa47b04ef6c3c8",
            "messageTitle": "Added test files for class created",
            "messageBody": "",
            "insertions": 141,
            "deletions": 57
          }
        ]
      },
      {
        "insertions": 226,
        "deletions": 16,
        "date": "2020-03-27",
        "commitResults": [
          {
            "hash": "7ba07aadd3c7e8a4a334d3640d38691978c53901",
            "messageTitle": "Added Timestamp to note, and unique note index",
            "messageBody": "",
            "insertions": 71,
            "deletions": 15
          },
          {
            "hash": "552b91831ca5193407e6fb4a2b3518e2f05b17ac",
            "messageTitle": "Added NotesDelete, NotesFilter and NotesExport commands",
            "messageBody": "",
            "insertions": 12,
            "deletions": 0
          },
          {
            "hash": "54b5d9c90912959721272b29eab28f9acd5116fe",
            "messageTitle": "Delete Note functionality implemented",
            "messageBody": "",
            "insertions": 143,
            "deletions": 1
          }
        ]
      },
      {
        "insertions": 122,
        "deletions": 21,
        "date": "2020-03-28",
        "commitResults": [
          {
            "hash": "dc31d87d760af9c523b28f3070b95816fdd95a58",
            "messageTitle": "Export Notes functionality implemented",
            "messageBody": "",
            "insertions": 73,
            "deletions": 1
          },
          {
            "hash": "7a406ff5ccb10317a589d6396acb5a5bef5564ae",
            "messageTitle": "Cleaned Checkstyle",
            "messageBody": "",
            "insertions": 49,
            "deletions": 20
          }
        ]
      },
      {
        "insertions": 169,
        "deletions": 62,
        "date": "2020-03-29",
        "commitResults": [
          {
            "hash": "91e7b339402252b2f314e9328a1a1c1bae108e83",
            "messageTitle": "Filter Notes functionality implemented",
            "messageBody": "",
            "insertions": 99,
            "deletions": 3
          },
          {
            "hash": "b9eac85d4410a0536b9d363ecdac1ca503e4b3c2",
            "messageTitle": "Cleaned Checkstyle",
            "messageBody": "",
            "insertions": 54,
            "deletions": 48
          },
          {
            "hash": "6d0b94e956b82d73b516228b25ed8f308d7b62a0",
            "messageTitle": "Resolved NotesFilter feature\u0027s bug",
            "messageBody": "",
            "insertions": 16,
            "deletions": 11
          }
        ]
      },
      {
        "insertions": 127,
        "deletions": 38,
        "date": "2020-03-30",
        "commitResults": [
          {
            "hash": "40ac79ab3c5a1be4eb0b13db4590349246c2e6b6",
            "messageTitle": "Added Documentation for classes created",
            "messageBody": "",
            "insertions": 99,
            "deletions": 34
          },
          {
            "hash": "a4ed6a0e72050513bd9758e5d488200d8bf17c42",
            "messageTitle": "Added Test classes",
            "messageBody": "",
            "insertions": 28,
            "deletions": 4
          }
        ]
      },
      {
        "insertions": 1198,
        "deletions": 381,
        "date": "2020-03-31",
        "commitResults": [
          {
            "hash": "c33c1140901c12c3a370b84c651d2c58ae5c8880",
            "messageTitle": "50% done with refactor",
            "messageBody": "",
            "insertions": 756,
            "deletions": 134
          },
          {
            "hash": "601d3704b6b7dd5def1c80bc7603952bc6b2357f",
            "messageTitle": "75% Refactored",
            "messageBody": "",
            "insertions": 130,
            "deletions": 54
          },
          {
            "hash": "f7177610209ed6c09ffe9680e9fcaa64d70bd381",
            "messageTitle": "Settled Backend",
            "messageBody": "",
            "insertions": 1,
            "deletions": 1
          },
          {
            "hash": "8b2ef3cf824fc1d2bb1aa8c5b69e01347f73df66",
            "messageTitle": "CheckstyleMain cleared",
            "messageBody": "",
            "insertions": 126,
            "deletions": 45
          },
          {
            "hash": "5784e4d30b4c525c6d584034917fcd8cfac81467",
            "messageTitle": "Cleaned Tests",
            "messageBody": "",
            "insertions": 100,
            "deletions": 27
          },
          {
            "hash": "a8a2cc97f9cd96b372b9ae8a17c50265b115270e",
            "messageTitle": "Add, Delete and Export Commands Working",
            "messageBody": "",
            "insertions": 19,
            "deletions": 96
          },
          {
            "hash": "40969e5835d9f7d96e166eb55a03d4e80d3873b5",
            "messageTitle": "Filter Command Refactored",
            "messageBody": "",
            "insertions": 49,
            "deletions": 6
          },
          {
            "hash": "3f37f5b3cca1510908b20a4e21b5ced2f5383bc9",
            "messageTitle": "Cleaned Checkstyle",
            "messageBody": "",
            "insertions": 2,
            "deletions": 12
          },
          {
            "hash": "6d00cca9d841415b7e4f09eb1f08a0108b2c1d81",
            "messageTitle": "Edited Help Window",
            "messageBody": "",
            "insertions": 4,
            "deletions": 1
          },
          {
            "hash": "7927b1666ae50bd1ca3ca8fce8aaeadc77a8f12a",
            "messageTitle": "UI Edits",
            "messageBody": "",
            "insertions": 5,
            "deletions": 3
          },
          {
            "hash": "a99e13c5bea87b958163e9ca9e69b98c5861b80f",
            "messageTitle": "Edited Temperature Display",
            "messageBody": "",
            "insertions": 6,
            "deletions": 2
          }
        ]
      },
      {
        "insertions": 224,
        "deletions": 125,
        "date": "2020-04-02",
        "commitResults": [
          {
            "hash": "6e154f8fb619c197f1de3a36e61fee037ae1945a",
            "messageTitle": "Changed Notes Exporter FilePath",
            "messageBody": "",
            "insertions": 1,
            "deletions": 2
          },
          {
            "hash": "d3a4b296b054f7690295393af7cac096fb21d5cb",
            "messageTitle": "Minor changes to UI of panels",
            "messageBody": "",
            "insertions": 3,
            "deletions": 3
          },
          {
            "hash": "050d438c86e4297bdb37c22a4cda6a287c843156",
            "messageTitle": "Checks for valid student done",
            "messageBody": "",
            "insertions": 18,
            "deletions": 0
          },
          {
            "hash": "8751546ca218f919ccd0cf189c19405980d331bf",
            "messageTitle": "Export to CSV done",
            "messageBody": "",
            "insertions": 31,
            "deletions": 21
          },
          {
            "hash": "c1b49387b6da85759cd75496a95adf48f5aca45b",
            "messageTitle": "Notes Styling",
            "messageBody": "",
            "insertions": 17,
            "deletions": 4
          },
          {
            "hash": "f277713d9ff13d383a59b72cf55f2c40556be852",
            "messageTitle": "Added Priority for Notes",
            "messageBody": "",
            "insertions": 86,
            "deletions": 45
          },
          {
            "hash": "8d4173c3bdc6fcec78edaeb125cd3a47e0ed848e",
            "messageTitle": "Cleaned checkstyles",
            "messageBody": "",
            "insertions": 68,
            "deletions": 50
          }
        ]
      },
      {
        "insertions": 265,
        "deletions": 231,
        "date": "2020-04-03",
        "commitResults": [
          {
            "hash": "8de7aede05e322c01df0c11e555b044509f3ab91",
            "messageTitle": "Removed Notes attribute in student",
            "messageBody": "",
            "insertions": 28,
            "deletions": 127
          },
          {
            "hash": "32172c452f162e1d1aa404b658b508a524014549",
            "messageTitle": "Minor Touch Up",
            "messageBody": "",
            "insertions": 141,
            "deletions": 45
          },
          {
            "hash": "cbdca06d3c290c56a29569c03522332d9e3e5963",
            "messageTitle": "Cleaned Checkstyle",
            "messageBody": "",
            "insertions": 14,
            "deletions": 17
          },
          {
            "hash": "c1d458d4b740a74f08a68dcf1936b3174992daf6",
            "messageTitle": "Deconflicted",
            "messageBody": "",
            "insertions": 46,
            "deletions": 5
          },
          {
            "hash": "2482c5245efadcf08b98d4c427ac74fce78d5efa",
            "messageTitle": "Fixed StudentList Panel Borders",
            "messageBody": "",
            "insertions": 3,
            "deletions": 9
          },
          {
            "hash": "1831f718d08509cfa6359df83407298625d4785f",
            "messageTitle": "Edited UI",
            "messageBody": "",
            "insertions": 32,
            "deletions": 27
          },
          {
            "hash": "cbc4c0b40c3db5d143e8d87736a0969a69f48545",
            "messageTitle": "Fix Results Box",
            "messageBody": "",
            "insertions": 1,
            "deletions": 1
          }
        ]
      },
      {
        "insertions": 67,
        "deletions": 24,
        "date": "2020-04-04",
        "commitResults": [
          {
            "hash": "512bee21fcdd2889de1915c6e9cebe63feea0b30",
            "messageTitle": "UI Edits",
            "messageBody": "",
            "insertions": 13,
            "deletions": 13
          },
          {
            "hash": "9cf53a1e957f678268b5f6cf3d4c5dd6b6f39336",
            "messageTitle": "Menu Edits",
            "messageBody": "",
            "insertions": 41,
            "deletions": 8
          },
          {
            "hash": "07e55bc172c500943f7132879d6f8e1e71d3338b",
            "messageTitle": "Edited Notes Panel",
            "messageBody": "",
            "insertions": 2,
            "deletions": 1
          },
          {
            "hash": "10c17bb08905d29c8a2a0ebfc9bf9b77baf01fd0",
            "messageTitle": "UI Edits to Notes Panel",
            "messageBody": "",
            "insertions": 1,
            "deletions": 0
          },
          {
            "hash": "4f33b59fe6c9ef7fa5b9af6422b8bc8490522541",
            "messageTitle": "Minor UI Edits",
            "messageBody": "",
            "insertions": 4,
            "deletions": 0
          },
          {
            "hash": "25bd920478499ba77b1fbc8c2c591a72e5e0f175",
            "messageTitle": "Edited Sample Notes Data",
            "messageBody": "",
            "insertions": 6,
            "deletions": 2
          }
        ]
      },
      {
        "insertions": 349,
        "deletions": 40,
        "date": "2020-04-05",
        "commitResults": [
          {
            "hash": "3d4e477f8a944487194aacd3391dc26265401576",
            "messageTitle": "Created NotesEditCommand",
            "messageBody": "",
            "insertions": 7,
            "deletions": 0
          },
          {
            "hash": "dd758e718481f7c96fb19c0775a62407346503b9",
            "messageTitle": "Implemented Edit Notes function",
            "messageBody": "",
            "insertions": 244,
            "deletions": 16
          },
          {
            "hash": "24f5bd774b72d42784ab323351ec02b1284b7c3b",
            "messageTitle": "Cleaned Checkstyle",
            "messageBody": "",
            "insertions": 36,
            "deletions": 22
          },
          {
            "hash": "a9714da8f88260dfc33e434d3b921870275dbc59",
            "messageTitle": "Student\u0027s Notes edited if name is edited",
            "messageBody": "",
            "insertions": 43,
            "deletions": 0
          },
          {
            "hash": "c24c90255d3359e94237793c6af8e2d40f5583ff",
            "messageTitle": "Minor Edits",
            "messageBody": "",
            "insertions": 19,
            "deletions": 1
          },
          {
            "hash": "01324cad4bfe1313e1c06ab83206b2d6756812a6",
            "messageTitle": "Clean Checkstyle",
            "messageBody": "",
            "insertions": 0,
            "deletions": 1
          }
        ]
      },
      {
        "insertions": 3,
        "deletions": 2,
        "date": "2020-04-06",
        "commitResults": [
          {
            "hash": "910f81f34f3333eebb9daaeb8aca6f43bc5d11f0",
            "messageTitle": "Resolved saveToCsv bug",
            "messageBody": "",
            "insertions": 3,
            "deletions": 2
          }
        ]
      },
      {
        "insertions": 192,
        "deletions": 119,
        "date": "2020-04-07",
        "commitResults": [
          {
            "hash": "89b7e7178696afbd229be89274acb22d7a9ec697",
            "messageTitle": "Debugged Notes according to PE-D",
            "messageBody": "",
            "insertions": 27,
            "deletions": 4
          },
          {
            "hash": "eeaf4d60e258d856cf2cf905c7adeabf2c789f53",
            "messageTitle": "Minor Edits to UG",
            "messageBody": "",
            "insertions": 3,
            "deletions": 0
          },
          {
            "hash": "2ca922b4c8f0e0554533cba5b0a74ec3c9006b82",
            "messageTitle": "Refactored Command Syntax",
            "messageBody": "",
            "insertions": 135,
            "deletions": 90
          },
          {
            "hash": "fdfe3f17d2930ab2ba6d049bf1c3938d212ad3f1",
            "messageTitle": "Cleaned Checkstyle",
            "messageBody": "",
            "insertions": 27,
            "deletions": 25
          }
        ]
      },
      {
        "insertions": 633,
        "deletions": 163,
        "date": "2020-04-08",
        "commitResults": [
          {
            "hash": "54750528841123c7dbe33786719dd22ce346b747",
            "messageTitle": "Edited Notes Logic and Model code quality",
            "messageBody": "",
            "insertions": 161,
            "deletions": 74
          },
          {
            "hash": "a3a47ebef9782febe4ed4c19c8b9c17a7b6b63ed",
            "messageTitle": "Edited Checkstyle",
            "messageBody": "",
            "insertions": 9,
            "deletions": 10
          },
          {
            "hash": "501586f4af16cfd5a7e48d8217725c12bab2cb48",
            "messageTitle": "Minor formatting changes",
            "messageBody": "",
            "insertions": 1,
            "deletions": 7
          },
          {
            "hash": "ad0a36d99b4ad00cab4344ff7fdd68289539b357",
            "messageTitle": "Edited Main Window",
            "messageBody": "",
            "insertions": 6,
            "deletions": 4
          },
          {
            "hash": "aee25679a3fa4e0a3d09d603a06371692a3f74ed",
            "messageTitle": "Testing for Notes.java",
            "messageBody": "",
            "insertions": 96,
            "deletions": 6
          },
          {
            "hash": "5d6f284862072f7d24e20533c8b663a8b520fd94",
            "messageTitle": "Wrote Test Classes for Notes Model Component",
            "messageBody": "",
            "insertions": 325,
            "deletions": 25
          },
          {
            "hash": "f04d9d82b57999985c11256b9e86bf28db2b7137",
            "messageTitle": "Edited Checkstyle",
            "messageBody": "",
            "insertions": 35,
            "deletions": 37
          }
        ]
      },
      {
        "insertions": 1335,
        "deletions": 25,
        "date": "2020-04-09",
        "commitResults": [
          {
            "hash": "05614994e24d0fd0d14902fd09f6e0b573a424d9",
            "messageTitle": "Testing of Notes Commands",
            "messageBody": "",
            "insertions": 528,
            "deletions": 4
          },
          {
            "hash": "425fd37a88eaf07dbd5fcc409e99a70301265df0",
            "messageTitle": "Tested NotesEditCommand",
            "messageBody": "",
            "insertions": 234,
            "deletions": 0
          },
          {
            "hash": "23776f4f4a0850936738fb29172162fdec1ab924",
            "messageTitle": "NotesDeleteCommand tested",
            "messageBody": "",
            "insertions": 101,
            "deletions": 10
          },
          {
            "hash": "bca97a09187f5bcae756838c7f0596be8b6f33e2",
            "messageTitle": "Tested all NotesCommands",
            "messageBody": "",
            "insertions": 181,
            "deletions": 6
          },
          {
            "hash": "cc8f0e9c6214b357288c8d8c99bcd2fc455210ce",
            "messageTitle": "Preparing to Test NotesCommand Parsers",
            "messageBody": "",
            "insertions": 12,
            "deletions": 0
          },
          {
            "hash": "3683b714b9c2d3d3f2de3dbfef83409af932ab66",
            "messageTitle": "Test NotesAddCommandParser",
            "messageBody": "",
            "insertions": 24,
            "deletions": 0
          },
          {
            "hash": "7f2597666bb7a5b3e59a6300bfd0313384375752",
            "messageTitle": "Minor Edits to ParserTest",
            "messageBody": "",
            "insertions": 20,
            "deletions": 0
          },
          {
            "hash": "64326991d1cc318c878bc82597fa6626cd10b0c3",
            "messageTitle": "Testing of Parsers based on equal function",
            "messageBody": "",
            "insertions": 235,
            "deletions": 5
          }
        ]
      },
      {
        "insertions": 56,
        "deletions": 50,
        "date": "2020-04-10",
        "commitResults": [
          {
            "hash": "cf241a08293bffb7f12023faf06e7c8a48368872",
            "messageTitle": "Minor Refactor",
            "messageBody": "",
            "insertions": 32,
            "deletions": 50
          },
          {
            "hash": "830509b1956e66115b8e2da7b02ea0e5882c5baf",
            "messageTitle": "Added Diagrams to DG",
            "messageBody": "",
            "insertions": 24,
            "deletions": 0
          }
        ]
      },
      {
        "insertions": 440,
        "deletions": 62,
        "date": "2020-04-11",
        "commitResults": [
          {
            "hash": "48d32a6906ccb746701807ca2dbd63fe74579e81",
            "messageTitle": "Minor UI Edits",
            "messageBody": "",
            "insertions": 72,
            "deletions": 51
          },
          {
            "hash": "714ed2afa0d8fd56d78672ee881c1768c2044fc8",
            "messageTitle": "Tested Notes Storage Component",
            "messageBody": "",
            "insertions": 238,
            "deletions": 2
          },
          {
            "hash": "6ca6f93cdaa39a4e829efa722ba8088181f49fc5",
            "messageTitle": "Tested more Parsers",
            "messageBody": "",
            "insertions": 64,
            "deletions": 0
          },
          {
            "hash": "9ea4f77b41b8a2edc7177548948ba641204c74ea",
            "messageTitle": "More Testing of notes parsers",
            "messageBody": "",
            "insertions": 66,
            "deletions": 9
          }
        ]
      },
      {
        "insertions": 11,
        "deletions": 9,
        "date": "2020-04-12",
        "commitResults": [
          {
            "hash": "17a85254b1ed61d8982c565ad3e854a7ca656b75",
            "messageTitle": "Edited DG",
            "messageBody": "",
            "insertions": 11,
            "deletions": 9
          }
        ]
      }
    ],
    "Yuanyu97": [
      {
        "insertions": 221,
        "deletions": 37,
        "date": "2020-02-20",
        "commitResults": [
          {
            "hash": "a2d8dd9fbdd3ea05c91edcb1713e4d874492a8f5",
            "messageTitle": "Changes till Updating Storage.",
            "messageBody": "",
            "insertions": 221,
            "deletions": 37
          }
        ]
      },
      {
        "insertions": 169,
        "deletions": 7,
        "date": "2020-02-21",
        "commitResults": [
          {
            "hash": "8c467e5d64da8aa4bd4f1596fb4c54c04890d9f0",
            "messageTitle": "Updated to tutorial 3.",
            "messageBody": "",
            "insertions": 169,
            "deletions": 7
          }
        ]
      },
      {
        "insertions": 120,
        "deletions": 121,
        "date": "2020-02-24",
        "commitResults": [
          {
            "hash": "8a33715cbbe874f817e30c07e83a99799135faa8",
            "messageTitle": "RemarkCommandParser: Fixed error.",
            "messageBody": "",
            "insertions": 2,
            "deletions": 1
          },
          {
            "hash": "aad06090db9ac2614ecebc6893d17214173c3aae",
            "messageTitle": "Fixed checkstle error.",
            "messageBody": "",
            "insertions": 24,
            "deletions": 23
          },
          {
            "hash": "f6c5164d542e9290acb491d7dd7c4654d7399873",
            "messageTitle": "Fixed more bugs.",
            "messageBody": "",
            "insertions": 94,
            "deletions": 97
          }
        ]
      },
      {
        "insertions": 391,
        "deletions": 137,
        "date": "2020-03-10",
        "commitResults": [
          {
            "hash": "c1713a3a5cc6de1c054ebe86c597ba32453dedc3",
            "messageTitle": "Added temperature class. Changed some test cases and data too.",
            "messageBody": "",
            "insertions": 4,
            "deletions": 0
          },
          {
            "hash": "669d56d0ec44e6933ff039a2eaf25e5402117d1d",
            "messageTitle": "Added temperature class. Changed some test cases and data too.",
            "messageBody": "",
            "insertions": 221,
            "deletions": 57
          },
          {
            "hash": "62dc1b066361a5042974de8972d2afe6020a1ad2",
            "messageTitle": "Fixed some test cases,",
            "messageBody": "",
            "insertions": 151,
            "deletions": 73
          },
          {
            "hash": "04d6889bec30b7945942acb710025306585a31a8",
            "messageTitle": "Fixed tests for temperature and checkstyleTest.",
            "messageBody": "",
            "insertions": 15,
            "deletions": 7
          }
        ]
      },
      {
        "insertions": 18,
        "deletions": 5,
        "date": "2020-03-17",
        "commitResults": [
          {
            "hash": "be850761c7b640977a6618b70456063c7d37f6d0",
            "messageTitle": "Changed style of editing students such that only the attributes to edit is updated, while the rest are not changed.",
            "messageBody": "",
            "insertions": 18,
            "deletions": 5
          }
        ]
      },
      {
        "insertions": 469,
        "deletions": 99,
        "date": "2020-03-18",
        "commitResults": [
          {
            "hash": "940329ca3fdbc9727200e225e73870ddae4a1d7c",
            "messageTitle": "Added attendance attribute for student.",
            "messageBody": "",
            "insertions": 350,
            "deletions": 69
          },
          {
            "hash": "2a01d178a8862dd95b0deaa488572e449efbe59e",
            "messageTitle": "Fixed chechstyle errors and minor testing bugs.",
            "messageBody": "",
            "insertions": 117,
            "deletions": 29
          },
          {
            "hash": "338d4e2160ad02d4a5b94ed5dc5f5caa1ec5f605",
            "messageTitle": "Added list command to help window.",
            "messageBody": "",
            "insertions": 1,
            "deletions": 0
          },
          {
            "hash": "1d164fdb467b868f158bfa1d4c6bba9c44b66f23",
            "messageTitle": "Minor edits to attendnace class.",
            "messageBody": "",
            "insertions": 1,
            "deletions": 1
          }
        ]
      },
      {
        "insertions": 280,
        "deletions": 42,
        "date": "2020-03-23",
        "commitResults": [
          {
            "hash": "750b9a44711e3ba7e71b35501dc8f1a6105ffe05",
            "messageTitle": "Added admin display.",
            "messageBody": "",
            "insertions": 188,
            "deletions": 11
          },
          {
            "hash": "1c0c7b6b21ef3c4221c7fc5f23a8cff7c5acc2d8",
            "messageTitle": "Added a tempertaure range constraint for Temperature class.",
            "messageBody": "",
            "insertions": 91,
            "deletions": 30
          },
          {
            "hash": "455e9099baa927d4285af01a477941a4563500af",
            "messageTitle": "Added minor detail.",
            "messageBody": "",
            "insertions": 1,
            "deletions": 1
          }
        ]
      },
      {
        "insertions": 213,
        "deletions": 41,
        "date": "2020-03-29",
        "commitResults": [
          {
            "hash": "5a4498c7befeddb727e96c08fe1dd5bb7edbe031",
            "messageTitle": "Added admin commands.",
            "messageBody": "",
            "insertions": 107,
            "deletions": 11
          },
          {
            "hash": "71afdce6760e26007e337248fff83e2a89cb1816",
            "messageTitle": "Added AdminCommandParser.",
            "messageBody": "",
            "insertions": 106,
            "deletions": 30
          }
        ]
      },
      {
        "insertions": 937,
        "deletions": 52,
        "date": "2020-03-30",
        "commitResults": [
          {
            "hash": "7e02db5c62adc3b68ab0018ace725a20642fdfe8",
            "messageTitle": "Finalising admin, left with storage issues,",
            "messageBody": "",
            "insertions": 522,
            "deletions": 10
          },
          {
            "hash": "23474c2bb3eb6b4b3d8e9bbc520fae947ec083f9",
            "messageTitle": "Added too many stuff..",
            "messageBody": "",
            "insertions": 415,
            "deletions": 42
          }
        ]
      },
      {
        "insertions": 395,
        "deletions": 234,
        "date": "2020-03-31",
        "commitResults": [
          {
            "hash": "cb559c98de5a1373d79b2ea21720c0d956682d9d",
            "messageTitle": "70% done with this admin stuff I think.",
            "messageBody": "",
            "insertions": 103,
            "deletions": 64
          },
          {
            "hash": "f8e2888583201f5f1da77087272064c3da5903d6",
            "messageTitle": "80% done I guess.",
            "messageBody": "",
            "insertions": 25,
            "deletions": 31
          },
          {
            "hash": "8ddfc05110f289c1923ef25571c766c630210d06",
            "messageTitle": "90% done with admin. Left with disaplaying different dates and some saving of datea logical error.",
            "messageBody": "",
            "insertions": 62,
            "deletions": 49
          },
          {
            "hash": "ccfe441d0edf661afd7de9aba2216bf476cf53cc",
            "messageTitle": "90\u0026 done with admin feature.",
            "messageBody": "",
            "insertions": 8,
            "deletions": 42
          },
          {
            "hash": "e9a6f050b11b5a060eb25409cd09363425eb7107",
            "messageTitle": "Fixed checktyleMain.",
            "messageBody": "",
            "insertions": 1,
            "deletions": 4
          },
          {
            "hash": "2e9e9b4cc424ce0dae4bbeaad2b40123aefc9f34",
            "messageTitle": "CheckstyleTest stuff.",
            "messageBody": "",
            "insertions": 114,
            "deletions": 44
          },
          {
            "hash": "0bebf3f8562ed9bfeea767e4a7b30664537697e7",
            "messageTitle": "Adding Admin and Date tests.",
            "messageBody": "",
            "insertions": 82,
            "deletions": 0
          }
        ]
      },
      {
        "insertions": 18,
        "deletions": 13,
        "date": "2020-04-01",
        "commitResults": [
          {
            "hash": "f81081a65af557ea05756caebe63e7ad42e905ed",
            "messageTitle": "To do for Simon: Change null to ReadOnlyEvent.",
            "messageBody": "",
            "insertions": 11,
            "deletions": 7
          },
          {
            "hash": "7ae296109719c3d795b5bfba08f61fe67b7cc1b8",
            "messageTitle": "Fixed checkstyle.",
            "messageBody": "",
            "insertions": 4,
            "deletions": 5
          },
          {
            "hash": "517366d702ad0d7fc9669e9985fa6530ee3f1e6b",
            "messageTitle": "Passed main.test, left with some minor stuff.",
            "messageBody": "",
            "insertions": 3,
            "deletions": 1
          }
        ]
      },
      {
        "insertions": 339,
        "deletions": 56,
        "date": "2020-04-02",
        "commitResults": [
          {
            "hash": "2927c45db1cc7fc8af04cab0547e37f4933e1c9c",
            "messageTitle": "Added error handling for admin fetch and admin delete.",
            "messageBody": "",
            "insertions": 66,
            "deletions": 37
          },
          {
            "hash": "7d1b6c5903665d9c172a750a954a2e75a69924bc",
            "messageTitle": "Done with error handling, left with DateCardList and DateCard.",
            "messageBody": "",
            "insertions": 2,
            "deletions": 4
          },
          {
            "hash": "960086fa82da7cd2bf07bb88ce16dfb3d847d9cf",
            "messageTitle": "Added Date list ui and made other logical changes of finding students and dates.",
            "messageBody": "",
            "insertions": 261,
            "deletions": 9
          },
          {
            "hash": "d20b2da5c3bc83746e2ae137ca92ff6bc1c03e87",
            "messageTitle": "Fixed checkstyle.",
            "messageBody": "",
            "insertions": 10,
            "deletions": 6
          }
        ]
      },
      {
        "insertions": 10,
        "deletions": 0,
        "date": "2020-04-04",
        "commitResults": [
          {
            "hash": "8614d32be86a8b10928ff3ed18a2a0e6d352270b",
            "messageTitle": "Edited UI.",
            "messageBody": "",
            "insertions": 10,
            "deletions": 0
          }
        ]
      },
      {
        "insertions": 51,
        "deletions": 61,
        "date": "2020-04-05",
        "commitResults": [
          {
            "hash": "e2cc91438d5e7f01c0599761a113c59f2837af90",
            "messageTitle": "Changed admin display to admin.",
            "messageBody": "",
            "insertions": 47,
            "deletions": 58
          },
          {
            "hash": "f7411f78112b42fddd63e0d1ac978964bc07b453",
            "messageTitle": "Fixed minor admin fetch bug.",
            "messageBody": "",
            "insertions": 1,
            "deletions": 1
          },
          {
            "hash": "10aec837c8862a4f848de4c8ac5d37fb055b98c2",
            "messageTitle": "Changed from academics statistics to academics report in academics command usage.",
            "messageBody": "",
            "insertions": 1,
            "deletions": 1
          },
          {
            "hash": "fa9345bf323abe4df577596b8fab6be859ab55ba",
            "messageTitle": "Minor edit.",
            "messageBody": "",
            "insertions": 2,
            "deletions": 0
          },
          {
            "hash": "cbc28034b3b21c0101fba64770ba9ec79f38b421",
            "messageTitle": "removed import.",
            "messageBody": "",
            "insertions": 0,
            "deletions": 1
          }
        ]
      },
      {
        "insertions": 465,
        "deletions": 108,
        "date": "2020-04-07",
        "commitResults": [
          {
            "hash": "8c9fd83658e981268cd331fab038ca1d18a4773f",
            "messageTitle": "Added new constraint for name and removed constraints for tag.",
            "messageBody": "",
            "insertions": 13,
            "deletions": 58
          },
          {
            "hash": "b716aeca03067b21038c0a330260b10343a90356",
            "messageTitle": "Fixed checkstyle.",
            "messageBody": "",
            "insertions": 0,
            "deletions": 1
          },
          {
            "hash": "1126a4ed8d6603d920ffaee83bf5f24829f4061c",
            "messageTitle": "Changed Date exceptions.",
            "messageBody": "",
            "insertions": 63,
            "deletions": 13
          },
          {
            "hash": "2b3c050d63265710eb89c9cc0614a38825e57cc0",
            "messageTitle": "Added AdminSaveCommandTest.",
            "messageBody": "",
            "insertions": 103,
            "deletions": 23
          },
          {
            "hash": "f041d0ec8a0061e2b36a6086c7f46a75ea83afdc",
            "messageTitle": "Added AdminSaveCommandTest.",
            "messageBody": "",
            "insertions": 0,
            "deletions": 1
          },
          {
            "hash": "361b59bd217d8edc91400b7b5b572a26a2b9c7f2",
            "messageTitle": "Added AdminFetchCommandTest",
            "messageBody": "",
            "insertions": 65,
            "deletions": 0
          },
          {
            "hash": "bf5f6d49833be728bae8fda13204da2ea3fca39c",
            "messageTitle": "Finished with admin command tests.",
            "messageBody": "",
            "insertions": 221,
            "deletions": 8
          },
          {
            "hash": "7923d66125d05625c442021298a1aef600e731ea",
            "messageTitle": "Fixed checkstyle",
            "messageBody": "",
            "insertions": 0,
            "deletions": 4
          }
        ]
      },
      {
        "insertions": 383,
        "deletions": 57,
        "date": "2020-04-08",
        "commitResults": [
          {
            "hash": "935545a393b7c6ce8ff7b38deb4fddcf6fe6bcba",
            "messageTitle": "Admin tests.",
            "messageBody": "",
            "insertions": 16,
            "deletions": 0
          },
          {
            "hash": "38ac0cc10c98bca1b9a58e58f7248b1e45457360",
            "messageTitle": "Added AdminTest",
            "messageBody": "",
            "insertions": 91,
            "deletions": 1
          },
          {
            "hash": "be96f2309eed5e7c91a16573483a83f9b5fb39c8",
            "messageTitle": "Before pulling upstream",
            "messageBody": "",
            "insertions": 221,
            "deletions": 0
          },
          {
            "hash": "2a19212d66d932afe9fb4f2ec7ad1acdb411187a",
            "messageTitle": "Added admin tets.",
            "messageBody": "",
            "insertions": 55,
            "deletions": 56
          }
        ]
      },
      {
        "insertions": 68,
        "deletions": 2,
        "date": "2020-04-10",
        "commitResults": [
          {
            "hash": "92749574a62f5f7dd88c78511ecf05e16dc7e5db",
            "messageTitle": "Added adminCommandParser.",
            "messageBody": "",
            "insertions": 68,
            "deletions": 0
          },
          {
            "hash": "7706ae324f0a9e1f28d0e7ea893b406d614e5520",
            "messageTitle": "pulled from upstream.",
            "messageBody": "",
            "insertions": 0,
            "deletions": 2
          }
        ]
      },
      {
        "insertions": 20,
        "deletions": 10,
        "date": "2020-04-11",
        "commitResults": [
          {
            "hash": "ad0a759eddddf2f86426d65910d672c9febd1458",
            "messageTitle": "Added portfolio and new name restrains.",
            "messageBody": "",
            "insertions": 20,
            "deletions": 10
          }
        ]
      },
      {
        "insertions": 322,
        "deletions": 82,
        "date": "2020-04-12",
        "commitResults": [
          {
            "hash": "3ba7876c4b719616c6e01fc34b375b63fccd3a39",
            "messageTitle": "Added admin storage tests and editede DG.",
            "messageBody": "",
            "insertions": 239,
            "deletions": 13
          },
          {
            "hash": "3ac9f7a6d09167f97f90958f892450c87a68c373",
            "messageTitle": "One big commit...",
            "messageBody": "",
            "insertions": 53,
            "deletions": 38
          },
          {
            "hash": "535da6b80e37de264ef821587c2844a6e257fa70",
            "messageTitle": "Fixed checkstyle.",
            "messageBody": "",
            "insertions": 17,
            "deletions": 18
          },
          {
            "hash": "fdaddc5ac72089e723671fa1ac9405128f280ecb",
            "messageTitle": "Touched up a bit on DG.",
            "messageBody": "",
            "insertions": 13,
            "deletions": 13
          }
        ]
      }
    ],
    "TheElectricBlender": [
      {
        "insertions": 1412,
        "deletions": 1407,
        "date": "2020-02-29",
        "commitResults": [
          {
            "hash": "654e1bd553cd9da464dbc2102008a0d848b9d805",
            "messageTitle": "Refactored all instances of Person to Student",
            "messageBody": "",
            "insertions": 1388,
            "deletions": 1386
          },
          {
            "hash": "ea1926583783290b708645675e3800b4dd0311f9",
            "messageTitle": "Fixed checkstyle",
            "messageBody": "",
            "insertions": 18,
            "deletions": 15
          },
          {
            "hash": "3729c72a96e8d747cfc7d98ddecd57b8762022e7",
            "messageTitle": "Fixed checkstyle test as well",
            "messageBody": "",
            "insertions": 6,
            "deletions": 6
          }
        ]
      },
      {
        "insertions": 24,
        "deletions": 6,
        "date": "2020-03-05",
        "commitResults": [
          {
            "hash": "b0de1e79312564c80a6645de08618810dd3fae19",
            "messageTitle": "Enabled printing of missing parameter: address",
            "messageBody": "",
            "insertions": 24,
            "deletions": 6
          }
        ]
      },
      {
        "insertions": 104,
        "deletions": 73,
        "date": "2020-03-08",
        "commitResults": [
          {
            "hash": "15e29efed9114e5c85e80abb387c622df2d3b42f",
            "messageTitle": "Enabled printing of missing parameters: Phone number",
            "messageBody": "",
            "insertions": 22,
            "deletions": 6
          },
          {
            "hash": "222ee5e403c843e100e69eace1880a8965cfc6b2",
            "messageTitle": "Enabled printing of missing parameters: Email Now able to add student with input of Name only!",
            "messageBody": "",
            "insertions": 5,
            "deletions": 1
          },
          {
            "hash": "161daedbdcfdeb33ecae9e2abef25a890fbe46c2",
            "messageTitle": "Minor changes",
            "messageBody": "",
            "insertions": 1,
            "deletions": 1
          },
          {
            "hash": "bb32aed40f882b7f4efd86a94ac91214ae0c4fa3",
            "messageTitle": "Checkstyle main edits",
            "messageBody": "",
            "insertions": 22,
            "deletions": 18
          },
          {
            "hash": "77e80174f6d9bf1388ea46b1ef0c6e6278d762ee",
            "messageTitle": "Minor adjustments to gradle test",
            "messageBody": "",
            "insertions": 1,
            "deletions": 0
          },
          {
            "hash": "6978f3a437805e07d00759ac46a8d84e2811c865",
            "messageTitle": "Fixed Junit test cases",
            "messageBody": "",
            "insertions": 53,
            "deletions": 47
          }
        ]
      },
      {
        "insertions": 1,
        "deletions": 2,
        "date": "2020-03-09",
        "commitResults": [
          {
            "hash": "8bf023ac355fe0a73301a2f0225a58cf7d050402",
            "messageTitle": "Fixed small typo",
            "messageBody": "",
            "insertions": 1,
            "deletions": 2
          }
        ]
      },
      {
        "insertions": 261,
        "deletions": 80,
        "date": "2020-03-10",
        "commitResults": [
          {
            "hash": "575e985b569edb56eaf649c2b51b39cb8b7cd9f6",
            "messageTitle": "Implemented NOK attributes to student",
            "messageBody": "",
            "insertions": 169,
            "deletions": 36
          },
          {
            "hash": "d5c364324a4eaa913097c223eaecd174295c9d3f",
            "messageTitle": "Cleared JUnit tests",
            "messageBody": "",
            "insertions": 92,
            "deletions": 44
          }
        ]
      },
      {
        "insertions": 102,
        "deletions": 72,
        "date": "2020-03-17",
        "commitResults": [
          {
            "hash": "6d2f7868d6598452be98fa9d8f81a60753db56d1",
            "messageTitle": "Added default image to each student",
            "messageBody": "",
            "insertions": 52,
            "deletions": 17
          },
          {
            "hash": "a63460aed115b40ba0d97ea66c66f313967e3b60",
            "messageTitle": "Minor adjustments to UI",
            "messageBody": "",
            "insertions": 50,
            "deletions": 55
          }
        ]
      },
      {
        "insertions": 59,
        "deletions": 31,
        "date": "2020-03-23",
        "commitResults": [
          {
            "hash": "cb1208645ac4d38a2bf0689c6a9a5670eda7dd35",
            "messageTitle": "Made minor changes such that data file is created on usage of JAR file",
            "messageBody": "",
            "insertions": 20,
            "deletions": 22
          },
          {
            "hash": "0f967b58337dd5aa9661b2addf63099591a8eb19",
            "messageTitle": "Added functionality where you can add images into image folder to reflect on studentcard",
            "messageBody": "",
            "insertions": 39,
            "deletions": 9
          }
        ]
      },
      {
        "insertions": 116,
        "deletions": 59,
        "date": "2020-03-24",
        "commitResults": [
          {
            "hash": "e33666a46be746e721ba48139eeb253e2a2bac07",
            "messageTitle": "Added property to detailed student card as well",
            "messageBody": "",
            "insertions": 29,
            "deletions": 4
          },
          {
            "hash": "92df0485f31a2d765a566a1efd4c1de552f0318e",
            "messageTitle": "Added circle image avatar format",
            "messageBody": "",
            "insertions": 74,
            "deletions": 44
          },
          {
            "hash": "0816ae2849125c244157d801e7df5e3f3f445d73",
            "messageTitle": "Checkstyles",
            "messageBody": "",
            "insertions": 6,
            "deletions": 4
          },
          {
            "hash": "e0824f912e8879e732692d3d6f75553bd0aac4b9",
            "messageTitle": "Refactored addressbookparser to teapetparser. Also made changes in DG as well as UML diagrams",
            "messageBody": "",
            "insertions": 0,
            "deletions": 0
          },
          {
            "hash": "0c6c5b0661fa95d8fa337c3b1a5caa3d99ff8d8d",
            "messageTitle": "Refactored addressbookparser to teapetparser. Also made adjustments to UG as well as certain UML diagrams",
            "messageBody": "",
            "insertions": 7,
            "deletions": 7
          }
        ]
      },
      {
        "insertions": 63,
        "deletions": 42,
        "date": "2020-03-25",
        "commitResults": [
          {
            "hash": "70e03065baf1ce95948ae60972e57161f2f709dd",
            "messageTitle": "Added refresh function",
            "messageBody": "",
            "insertions": 59,
            "deletions": 17
          },
          {
            "hash": "a61858580f5457065e03c52e6b07acc8bdebb851",
            "messageTitle": "Checkstyle",
            "messageBody": "",
            "insertions": 4,
            "deletions": 25
          }
        ]
      },
      {
        "insertions": 1633,
        "deletions": 44,
        "date": "2020-03-30",
        "commitResults": [
          {
            "hash": "e7b19b31e2caec9e5471db520fe234d60483d05e",
            "messageTitle": "Initial commits for iCalendar scheduler",
            "messageBody": "",
            "insertions": 435,
            "deletions": 0
          },
          {
            "hash": "5cae75cc15c98a2af0c11ecf6385779ff9b2182a",
            "messageTitle": "Done with basic implementation of logic, mapping of events to vevents",
            "messageBody": "",
            "insertions": 55,
            "deletions": 1
          },
          {
            "hash": "82ddadd6302cfa5f976f944160b8af32a8556375",
            "messageTitle": "Discovered major bug in userPref",
            "messageBody": "",
            "insertions": 442,
            "deletions": 31
          },
          {
            "hash": "816b202fb5338b6ad121f5b3189bf765072202f3",
            "messageTitle": "Stuck with cannot find symbol error in RecurrenceType enum class",
            "messageBody": "",
            "insertions": 701,
            "deletions": 12
          }
        ]
      },
      {
        "insertions": 133,
        "deletions": 45,
        "date": "2020-03-31",
        "commitResults": [
          {
            "hash": "cbc77d64c3c380ba7bf0fc6316139a93046ee352",
            "messageTitle": "Displayed icalendar",
            "messageBody": "",
            "insertions": 7,
            "deletions": 1
          },
          {
            "hash": "7e465fddfa1e6d1f57b687cf873ee93881ccb59c",
            "messageTitle": "Minor commits, trying to get events to show",
            "messageBody": "",
            "insertions": 21,
            "deletions": 1
          },
          {
            "hash": "b9da6295ad32aa4fa8d47bb32976706bdb3b729a",
            "messageTitle": "Found cause of error, icalendar up and running",
            "messageBody": "",
            "insertions": 3,
            "deletions": 5
          },
          {
            "hash": "880466ad4ebd508c4dff5d7d583e5d0386cc6391",
            "messageTitle": "Added event add command",
            "messageBody": "",
            "insertions": 1,
            "deletions": 1
          },
          {
            "hash": "d6fac3dece1fcc73b24932c5e0a2f9d6cc062c18",
            "messageTitle": "CheckstyleMain \u0026 CheckstyleTest",
            "messageBody": "",
            "insertions": 101,
            "deletions": 37
          }
        ]
      },
      {
        "insertions": 30,
        "deletions": 24,
        "date": "2020-04-01",
        "commitResults": [
          {
            "hash": "062788b672dc4a57da050034d6946fac1c7023ee",
            "messageTitle": "travis test",
            "messageBody": "",
            "insertions": 1,
            "deletions": 1
          },
          {
            "hash": "cbaea3976fb7753fb6d1ae63df23d5a8aa0eb85d",
            "messageTitle": "gradlew tests",
            "messageBody": "",
            "insertions": 29,
            "deletions": 23
          }
        ]
      },
      {
        "insertions": 65,
        "deletions": 33,
        "date": "2020-04-04",
        "commitResults": [
          {
            "hash": "4afff7202f34a5f5dd6ffbdeedf7c85839666027",
            "messageTitle": "fixed panel overlay and full screen on start up",
            "messageBody": "",
            "insertions": 13,
            "deletions": 17
          },
          {
            "hash": "95145f34e6ae0e5b52ade006ba110ee483c2559b",
            "messageTitle": "Free lines from yuanyu",
            "messageBody": "",
            "insertions": 4,
            "deletions": 2
          },
          {
            "hash": "d51a081670313a4e98379716081104e464fc73bb",
            "messageTitle": "fixed schedule add",
            "messageBody": "",
            "insertions": 10,
            "deletions": 3
          },
          {
            "hash": "9f3977e930d2b4b0faa32ef5b906d444031e6dd1",
            "messageTitle": "minor fixes",
            "messageBody": "",
            "insertions": 3,
            "deletions": 5
          },
          {
            "hash": "55dc785da30340dffc575c1015659a5e75780b96",
            "messageTitle": "fixing refresh",
            "messageBody": "",
            "insertions": 6,
            "deletions": 1
          },
          {
            "hash": "99bb6e719fb365ee4d55fdf919a37d8e22b3b952",
            "messageTitle": "fixed refresh feature",
            "messageBody": "",
            "insertions": 29,
            "deletions": 5
          }
        ]
      },
      {
        "insertions": 22,
        "deletions": 3,
        "date": "2020-04-05",
        "commitResults": [
          {
            "hash": "7f4f880b828526c122a326c4fd0271ef81c7c783",
            "messageTitle": "implemented edit nok feature",
            "messageBody": "",
            "insertions": 22,
            "deletions": 3
          }
        ]
      },
      {
        "insertions": 1,
        "deletions": 1,
        "date": "2020-04-06",
        "commitResults": [
          {
            "hash": "8a0850049e2299f89ed798aa456e58c2fa6bf693",
            "messageTitle": "Changed jar file name and ug updates",
            "messageBody": "",
            "insertions": 1,
            "deletions": 1
          }
        ]
      },
      {
        "insertions": 102,
        "deletions": 95,
        "date": "2020-04-07",
        "commitResults": [
          {
            "hash": "3ff4c85b12325f1e0e9c1931e1c05b18487f34da",
            "messageTitle": "implemented webview api and changed help window",
            "messageBody": "",
            "insertions": 85,
            "deletions": 84
          },
          {
            "hash": "008f3e7b4b45d8d7b1d0ede4f16644c46f3613d9",
            "messageTitle": "checkstyle",
            "messageBody": "",
            "insertions": 17,
            "deletions": 11
          }
        ]
      },
      {
        "insertions": 686,
        "deletions": 5,
        "date": "2020-04-08",
        "commitResults": [
          {
            "hash": "feddce76fa409d4f88e235265244155917be510d",
            "messageTitle": "Added some test cases to increase coverall",
            "messageBody": "",
            "insertions": 684,
            "deletions": 3
          },
          {
            "hash": "13120dbb7d8e4d69bf892de32c042ae483660196",
            "messageTitle": "UG updates",
            "messageBody": "",
            "insertions": 2,
            "deletions": 2
          }
        ]
      },
      {
        "insertions": 32,
        "deletions": 18,
        "date": "2020-04-11",
        "commitResults": [
          {
            "hash": "ca7d04c6294fe6edf084b45a3a4ff5c576d779e2",
            "messageTitle": "Updates",
            "messageBody": "",
            "insertions": 18,
            "deletions": 8
          },
          {
            "hash": "5aa1d5fd16e6fc2ad5bcc773d428ad46e9cbfa71",
            "messageTitle": "Indicated in UG that we are not restricting address field",
            "messageBody": "",
            "insertions": 1,
            "deletions": 1
          },
          {
            "hash": "15ff774a6345540c78e64ad36c2b98764a786491",
            "messageTitle": "Specified in UG and Error Message datetime format",
            "messageBody": "",
            "insertions": 1,
            "deletions": 1
          },
          {
            "hash": "7c31b923103afd7ee3c3f3f90c56dbb04e6bafd7",
            "messageTitle": "Re implementing refresh",
            "messageBody": "",
            "insertions": 1,
            "deletions": 6
          },
          {
            "hash": "e6ae96046be013054cbfa149d9f1f1d31713d633",
            "messageTitle": "ug edits",
            "messageBody": "",
            "insertions": 11,
            "deletions": 2
          }
        ]
      },
      {
        "insertions": 370,
        "deletions": 25,
        "date": "2020-04-12",
        "commitResults": [
          {
            "hash": "a1a06db0b655470bda0a4e31d588c7520e7c459f",
            "messageTitle": "travis fix",
            "messageBody": "",
            "insertions": 3,
            "deletions": 13
          },
          {
            "hash": "8c8aef5244d73444c285210a9aa5fa0b7e749169",
            "messageTitle": "Minor fixes and DG changes",
            "messageBody": "",
            "insertions": 3,
            "deletions": 3
          },
          {
            "hash": "ecc8ef0d3b3abb3572efc12d721a78be75ebbe64",
            "messageTitle": "Completed some test for event storage",
            "messageBody": "",
            "insertions": 364,
            "deletions": 9
          }
        ]
      }
    ],
    "tingalinga": [
      {
        "insertions": 55,
        "deletions": 8,
        "date": "2020-03-10",
        "commitResults": [
          {
            "hash": "51b551f7d84e15316171229152ad6016d780477f",
            "messageTitle": "Added Homework Class Edited header of AddressBook to TeaPet",
            "messageBody": "",
            "insertions": 55,
            "deletions": 8
          }
        ]
      },
      {
        "insertions": 251,
        "deletions": 89,
        "date": "2020-03-11",
        "commitResults": [
          {
            "hash": "ae2ed448e78b712573266a8ec2b473d690d6fd42",
            "messageTitle": "Fixed bug",
            "messageBody": "",
            "insertions": 2,
            "deletions": 1
          },
          {
            "hash": "632dec88323e4eb9c8a6ef2853880fb26d3560dd",
            "messageTitle": "Added marking of submissions",
            "messageBody": "",
            "insertions": 15,
            "deletions": 0
          },
          {
            "hash": "a398104e50cb56aa71a3a64c4128bd4f14304748",
            "messageTitle": "Edited checkstyle",
            "messageBody": "",
            "insertions": 3,
            "deletions": 1
          },
          {
            "hash": "60759b7af048f98d39cac07588d3414faab19b70",
            "messageTitle": "Edited Comments and checkstyle",
            "messageBody": "",
            "insertions": 4,
            "deletions": 0
          },
          {
            "hash": "e4a874f503d338fb253392543215ba260e400772",
            "messageTitle": "Fixed checkstyle",
            "messageBody": "",
            "insertions": 3,
            "deletions": 3
          },
          {
            "hash": "0f1d56967dfb6f1e3a7fe2bd95b17d64c0e480d7",
            "messageTitle": "Abstracted Homework and Exam classes into Assessment classes",
            "messageBody": "",
            "insertions": 160,
            "deletions": 0
          },
          {
            "hash": "63a1d9d47b4ccfe02e9f85ba75c5b8aa5e19ed92",
            "messageTitle": "Implemented Submission class to replace boolean submitted. Added method to calculate average scores",
            "messageBody": "",
            "insertions": 64,
            "deletions": 84
          }
        ]
      },
      {
        "insertions": 20,
        "deletions": 2,
        "date": "2020-03-15",
        "commitResults": [
          {
            "hash": "c2b7a3984caf771087ac2d11670beaffcf22fa06",
            "messageTitle": "Added median score calculation",
            "messageBody": "",
            "insertions": 20,
            "deletions": 2
          }
        ]
      },
      {
        "insertions": 579,
        "deletions": 136,
        "date": "2020-03-17",
        "commitResults": [
          {
            "hash": "a52fc2afea3ca18d2d1b8f0a194a27c5f1849253",
            "messageTitle": "Implemented Academics class that maintains a list of all assessments Added AcademicsCommand and AcademicsAddCommand Integrated Academics into Model",
            "messageBody": "",
            "insertions": 275,
            "deletions": 5
          },
          {
            "hash": "80d6dedace805995745df6d13098e6cf76b9ab6a",
            "messageTitle": "Refined AcademicsAddCommand",
            "messageBody": "",
            "insertions": 13,
            "deletions": 6
          },
          {
            "hash": "1e7c045d3f75e78aefdcdc00f9777beecd11c1cd",
            "messageTitle": "removed getsearch assessments (redundant)",
            "messageBody": "",
            "insertions": 0,
            "deletions": 4
          },
          {
            "hash": "f9f640bc92974a56b8ea2f310a49ace204253625",
            "messageTitle": "Implemented AcademicsCommandParser",
            "messageBody": "",
            "insertions": 109,
            "deletions": 27
          },
          {
            "hash": "f8e54af2a1643d1b617e894eca446e1a1e159061",
            "messageTitle": "Fixed AcademicsCommandParser Added assessment exceptions Fixed LocalDate error",
            "messageBody": "",
            "insertions": 89,
            "deletions": 65
          },
          {
            "hash": "755c78076e23dc27b236889c97fecdf19aca59ed",
            "messageTitle": "Fixed ReadOnlyAcademics",
            "messageBody": "",
            "insertions": 88,
            "deletions": 8
          },
          {
            "hash": "fc6535a277b41699c75868295f8e7dbdf34cb0ef",
            "messageTitle": "Adjusted to Assessment tostring method",
            "messageBody": "",
            "insertions": 5,
            "deletions": 21
          }
        ]
      },
      {
        "insertions": 100,
        "deletions": 54,
        "date": "2020-03-18",
        "commitResults": [
          {
            "hash": "54abe850888e909e207bba892db934051f7ef806",
            "messageTitle": "Fixed assessment description",
            "messageBody": "",
            "insertions": 10,
            "deletions": 12
          },
          {
            "hash": "6561b574795f7543a2e429d73d61c28e7fb70b4e",
            "messageTitle": "javadocs for academics",
            "messageBody": "",
            "insertions": 90,
            "deletions": 42
          }
        ]
      },
      {
        "insertions": 338,
        "deletions": 5,
        "date": "2020-03-22",
        "commitResults": [
          {
            "hash": "c3b0d9280bf2226cf116ce6ce2da02d8f7e5e8fb",
            "messageTitle": "Update storage of Academics",
            "messageBody": "",
            "insertions": 338,
            "deletions": 5
          }
        ]
      },
      {
        "insertions": 570,
        "deletions": 93,
        "date": "2020-03-24",
        "commitResults": [
          {
            "hash": "792474a0c76251f1b9451e72785bdfc68ade7099",
            "messageTitle": "Implemented Academics Storage , but bugged with invocation and null pointer error",
            "messageBody": "",
            "insertions": 570,
            "deletions": 93
          }
        ]
      },
      {
        "insertions": 249,
        "deletions": 350,
        "date": "2020-03-25",
        "commitResults": [
          {
            "hash": "4f0a65a4456d179b7d2c9bdd116635502bfb8864",
            "messageTitle": "Fixed storage bugs",
            "messageBody": "",
            "insertions": 247,
            "deletions": 201
          },
          {
            "hash": "8d1c73f2cb32b5c0d4a70a9233993da1eab08ea5",
            "messageTitle": "Removed SavedAcademics and replaced with UniqueAssessmentList",
            "messageBody": "",
            "insertions": 0,
            "deletions": 143
          },
          {
            "hash": "f5a2ab8c5f1df233c6a9f8fe4e0f323f0789e2e0",
            "messageTitle": "Fixed SampleAcademics data",
            "messageBody": "",
            "insertions": 2,
            "deletions": 6
          }
        ]
      },
      {
        "insertions": 74,
        "deletions": 32,
        "date": "2020-03-26",
        "commitResults": [
          {
            "hash": "52eb7b663e78d7adbcc7e7a35565c417682a0fe9",
            "messageTitle": "Fixed LocalDate parsing in JsonAssessment",
            "messageBody": "",
            "insertions": 74,
            "deletions": 32
          }
        ]
      },
      {
        "insertions": 5,
        "deletions": 0,
        "date": "2020-03-28",
        "commitResults": [
          {
            "hash": "14c103a504949d6a324b9f1d52343a966c145b49",
            "messageTitle": "Fix storage issue",
            "messageBody": "",
            "insertions": 5,
            "deletions": 0
          }
        ]
      },
      {
        "insertions": 564,
        "deletions": 121,
        "date": "2020-03-30",
        "commitResults": [
          {
            "hash": "606fe185f3e347a2da3303d42d04e244d702a0d3",
            "messageTitle": "Fix checkstyle",
            "messageBody": "",
            "insertions": 556,
            "deletions": 114
          },
          {
            "hash": "9eb881f40de8c0eff8389685a009eb3d7f30128e",
            "messageTitle": "Renamingi issue (SavedAcademics)",
            "messageBody": "",
            "insertions": 8,
            "deletions": 7
          }
        ]
      },
      {
        "insertions": 1013,
        "deletions": 113,
        "date": "2020-03-31",
        "commitResults": [
          {
            "hash": "ec8940d11895a0b1c6f8ec96481ad2534c1b1023",
            "messageTitle": "Fixed major storage assessment bug!",
            "messageBody": "",
            "insertions": 63,
            "deletions": 31
          },
          {
            "hash": "5b51fc6708746e0d7108843f98f820fbe285b407",
            "messageTitle": "Ui cards",
            "messageBody": "",
            "insertions": 478,
            "deletions": 11
          },
          {
            "hash": "5d600b60f7602665bd9c5e8f36673b636fbfed51",
            "messageTitle": "Fixed Academics UI",
            "messageBody": "",
            "insertions": 190,
            "deletions": 27
          },
          {
            "hash": "b38af54535773f24241a7b79220320adc6522648",
            "messageTitle": "Fix Checkstyle",
            "messageBody": "",
            "insertions": 2,
            "deletions": 4
          },
          {
            "hash": "5f36822e696a1a2b68fe50008ee271acc386a8cb",
            "messageTitle": "Added homework and exam assessment filter",
            "messageBody": "",
            "insertions": 280,
            "deletions": 40
          }
        ]
      },
      {
        "insertions": 729,
        "deletions": 115,
        "date": "2020-04-01",
        "commitResults": [
          {
            "hash": "18901e0ca400595c9b9adbe574a72324ff54c52b",
            "messageTitle": "Academics Statistics: Setup UI list and sample statistics",
            "messageBody": "",
            "insertions": 478,
            "deletions": 31
          },
          {
            "hash": "d063847276f0e10bdb102d20e1068158ca9c93e0",
            "messageTitle": "Fix bug for reading statistics",
            "messageBody": "",
            "insertions": 19,
            "deletions": 1
          },
          {
            "hash": "7c6357c07561b96462a6a2d736c742e4c0cb7bd3",
            "messageTitle": "Formatting",
            "messageBody": "",
            "insertions": 4,
            "deletions": 4
          },
          {
            "hash": "31e967161bc142e3541aa4f1f6e0b2f02e81add8",
            "messageTitle": "Submit command",
            "messageBody": "",
            "insertions": 156,
            "deletions": 37
          },
          {
            "hash": "d8aff5bd4698e33c634ae78a02a3e3fdf5b5ff24",
            "messageTitle": "Fix checkstyle",
            "messageBody": "",
            "insertions": 72,
            "deletions": 42
          }
        ]
      },
      {
        "insertions": 650,
        "deletions": 95,
        "date": "2020-04-02",
        "commitResults": [
          {
            "hash": "f921828b1a861526797de75cddf8af7a9125bb97",
            "messageTitle": "Complete Academics Submit Command",
            "messageBody": "",
            "insertions": 54,
            "deletions": 11
          },
          {
            "hash": "6053bce3efdfdeab412f63c765cbc48942ee6750",
            "messageTitle": "Fix checkstyle",
            "messageBody": "",
            "insertions": 12,
            "deletions": 9
          },
          {
            "hash": "cca479eb92235ab7e5aea6175bdc08924e040a83",
            "messageTitle": "Mark command working",
            "messageBody": "",
            "insertions": 238,
            "deletions": 38
          },
          {
            "hash": "e717db251e5b001cb094b6456d5e2279b468d98a",
            "messageTitle": "Assessment Edit Command",
            "messageBody": "",
            "insertions": 346,
            "deletions": 37
          }
        ]
      },
      {
        "insertions": 465,
        "deletions": 82,
        "date": "2020-04-03",
        "commitResults": [
          {
            "hash": "34b869402eccf872ef884147d693b3a6e3e97c24",
            "messageTitle": "Update student submission tracker in academics when student is added or deleted from addressbook",
            "messageBody": "",
            "insertions": 135,
            "deletions": 0
          },
          {
            "hash": "3c5fdef7c05c4c5c42b97d9e47d43dc35621fece",
            "messageTitle": "Academics Delete command",
            "messageBody": "",
            "insertions": 89,
            "deletions": 23
          },
          {
            "hash": "a1a01dcecb081d249bdf1851c472b77cc9b45203",
            "messageTitle": "Fix checkstyle",
            "messageBody": "",
            "insertions": 47,
            "deletions": 10
          },
          {
            "hash": "bfc4488f4a9afb72fceebafb71eb2ad5685f22aa",
            "messageTitle": "Edited Academics help message",
            "messageBody": "",
            "insertions": 10,
            "deletions": 1
          },
          {
            "hash": "06d10207dee6a0ff3bb449034e7b64cc6797482c",
            "messageTitle": "Statistics command displays students\u0027 submissions",
            "messageBody": "",
            "insertions": 148,
            "deletions": 6
          },
          {
            "hash": "6f68764078263708ea5329be2951812a638b538a",
            "messageTitle": "Changed academics statistics command to report command",
            "messageBody": "",
            "insertions": 30,
            "deletions": 30
          },
          {
            "hash": "aca08d00593a7304eef3377e1414d2ffeceb5fab",
            "messageTitle": "Edit ui",
            "messageBody": "",
            "insertions": 6,
            "deletions": 7
          },
          {
            "hash": "5af073ca19915d38975d79d6d656d35e3d3cb5f5",
            "messageTitle": "Merge branch \u0027master\u0027 of https://github.com/AY1920S2-CS2103T-W12-2/main into implement-academics-feature",
            "messageBody": "* \u0027master\u0027 of https://github.com/AY1920S2-CS2103T-W12-2/main:\n  Fix Results Box\n  Edited UI\n  Fixed StudentList Panel Borders\n  minor fix user guide\n  Typo in UG\n\n# Conflicts:\n#\tsrc/main/resources/view/MainWindow.fxml\n",
            "insertions": 0,
            "deletions": 5
          }
        ]
      },
      {
        "insertions": 5,
        "deletions": 4,
        "date": "2020-04-04",
        "commitResults": [
          {
            "hash": "ad134551e36e36b61cf2e3e1ac48500340dd314d",
            "messageTitle": "fix checkstyle",
            "messageBody": "",
            "insertions": 1,
            "deletions": 1
          },
          {
            "hash": "56c4948b211420ab242516ad20d37277e5149003",
            "messageTitle": "Some ui edits",
            "messageBody": "",
            "insertions": 4,
            "deletions": 3
          }
        ]
      },
      {
        "insertions": 330,
        "deletions": 236,
        "date": "2020-04-05",
        "commitResults": [
          {
            "hash": "a6b7afe35554c1c9c700bc99917f950a13b2ba0d",
            "messageTitle": "some bugs",
            "messageBody": "",
            "insertions": 81,
            "deletions": 60
          },
          {
            "hash": "d5aa84822f1305c626a0f0ed4bb8044aabee4b16",
            "messageTitle": "Javadoc comments",
            "messageBody": "",
            "insertions": 142,
            "deletions": 132
          },
          {
            "hash": "4f044668da102f1d54f5d88b26e8ba4faadcf410",
            "messageTitle": "Fixed invalid date error",
            "messageBody": "",
            "insertions": 50,
            "deletions": 8
          },
          {
            "hash": "a78fd3384db3aa7cf6041aff5838ba9518c6f60f",
            "messageTitle": "Edited student name will be reflected in assessment trackers",
            "messageBody": "",
            "insertions": 13,
            "deletions": 1
          },
          {
            "hash": "92e32163be59d8d0675e216381116191fb68afa6",
            "messageTitle": "Some bug fixes for submission trackers",
            "messageBody": "",
            "insertions": 37,
            "deletions": 33
          },
          {
            "hash": "1b96af3d620602a39d33b85af6ae1ccd53ab80da",
            "messageTitle": "checkstyle",
            "messageBody": "",
            "insertions": 7,
            "deletions": 2
          }
        ]
      },
      {
        "insertions": 1915,
        "deletions": 1739,
        "date": "2020-04-07",
        "commitResults": [
          {
            "hash": "34ab179e12ef767b4630c5455595491e120a9c8a",
            "messageTitle": "Fixed submission count",
            "messageBody": "",
            "insertions": 82,
            "deletions": 12
          },
          {
            "hash": "f2f0761359f70f8600d3b6e6e7f30fe8b4158632",
            "messageTitle": "Refactored AddressBook to TeaPet",
            "messageBody": "",
            "insertions": 315,
            "deletions": 301
          },
          {
            "hash": "50877a371085c0df71eb4733b505a5d85802d13b",
            "messageTitle": "Major refactor",
            "messageBody": "",
            "insertions": 124,
            "deletions": 115
          },
          {
            "hash": "045629058295a7d13157df34ad070a1389ca3a78",
            "messageTitle": "Refactored all student commands into StudentCommand",
            "messageBody": "",
            "insertions": 317,
            "deletions": 316
          },
          {
            "hash": "7e7f31e4e9782c237cf5307c6bc1feb7b5d45db2",
            "messageTitle": "Testfiles 90% changed from AddressBook to TeaPet",
            "messageBody": "",
            "insertions": 800,
            "deletions": 861
          },
          {
            "hash": "5407eb814de9d770fe794b83ef8747f0a92236b0",
            "messageTitle": "Fixing test cases",
            "messageBody": "",
            "insertions": 37,
            "deletions": 34
          },
          {
            "hash": "280023ab20d0685ff0fc87a6202fda4196958923",
            "messageTitle": "Refactor ClearCommand and fixed testcases",
            "messageBody": "",
            "insertions": 98,
            "deletions": 90
          },
          {
            "hash": "60fdb09a41adbaa76c6eca869bbd57eef6f7df54",
            "messageTitle": "Fixed bug and Academcis export",
            "messageBody": "",
            "insertions": 142,
            "deletions": 10
          }
        ]
      },
      {
        "insertions": 43,
        "deletions": 32,
        "date": "2020-04-08",
        "commitResults": [
          {
            "hash": "2c9d3e7aac00525148e05b2d0956d1103479a69a",
            "messageTitle": "Fixed some bugs",
            "messageBody": "",
            "insertions": 28,
            "deletions": 15
          },
          {
            "hash": "02be97602ebbb93e3c70b86b6c8aeeb25d746917",
            "messageTitle": "UG guide",
            "messageBody": "",
            "insertions": 3,
            "deletions": 5
          },
          {
            "hash": "c5f35f7837954ed7c17008ab30c6cff340dd8c94",
            "messageTitle": "UG edits",
            "messageBody": "",
            "insertions": 10,
            "deletions": 10
          },
          {
            "hash": "af91cebfb0c115e2f2594d59b6559004ec240083",
            "messageTitle": "Checkstyleeee",
            "messageBody": "",
            "insertions": 2,
            "deletions": 2
          }
        ]
      },
      {
        "insertions": 167,
        "deletions": 835,
        "date": "2020-04-10",
        "commitResults": [
          {
            "hash": "ab8e6fc90c792eaeda7379de849bb7340c854829",
            "messageTitle": "some checkstyle and misc edits",
            "messageBody": "",
            "insertions": 20,
            "deletions": 11
          },
          {
            "hash": "62e0e542ec333513279592e23efa6a4f38defeb4",
            "messageTitle": "Successfully removed abstraction of assessment to homework and exam",
            "messageBody": "",
            "insertions": 128,
            "deletions": 780
          },
          {
            "hash": "499db14222a33a7e0c814f7b1a7a97fc2a213756",
            "messageTitle": "Optimise ui classes for academics",
            "messageBody": "",
            "insertions": 19,
            "deletions": 44
          }
        ]
      },
      {
        "insertions": 175,
        "deletions": 532,
        "date": "2020-04-11",
        "commitResults": [
          {
            "hash": "241f654ff3028f3753c2d8952cf9b670816eab3b",
            "messageTitle": "Fix empty type bug",
            "messageBody": "",
            "insertions": 3,
            "deletions": 0
          },
          {
            "hash": "2802752acc17de9f0829744215a5c789edfee4ca",
            "messageTitle": "Fixed toggle issue",
            "messageBody": "",
            "insertions": 2,
            "deletions": 1
          },
          {
            "hash": "ae9a918539ceceb857c6edb6a9dd3b9fac31f031",
            "messageTitle": "Fix checkstyle",
            "messageBody": "",
            "insertions": 1,
            "deletions": 14
          },
          {
            "hash": "d282f0d5b24c60511d1ae6c68e21c2ab010d17dd",
            "messageTitle": "Optimise UI card code quality",
            "messageBody": "",
            "insertions": 2,
            "deletions": 220
          },
          {
            "hash": "8559f75021b5d0fa6d365542aa7dbb259d338b6a",
            "messageTitle": "Corrected type string bug",
            "messageBody": "",
            "insertions": 38,
            "deletions": 18
          },
          {
            "hash": "8fb3faa7d9ae584b8ac51467dc83def58fb77f68",
            "messageTitle": "Fixed wrong date month bug",
            "messageBody": "",
            "insertions": 1,
            "deletions": 0
          },
          {
            "hash": "8d72075a7906ddede3bca6216729d70cf6757d59",
            "messageTitle": "Refactored display exam and display homework command into display command",
            "messageBody": "",
            "insertions": 25,
            "deletions": 96
          },
          {
            "hash": "f84fe128b3b0b37b8e389b6798a9562e40f7c758",
            "messageTitle": "Improved code quality and refactored display report command into display command",
            "messageBody": "",
            "insertions": 70,
            "deletions": 146
          },
          {
            "hash": "87971f0a5e3888acef7ece26ee36327d87558723",
            "messageTitle": "Academics list is sorted by date",
            "messageBody": "",
            "insertions": 25,
            "deletions": 15
          },
          {
            "hash": "1678c1992753f248ad11f3123a1bad7d48e0f54a",
            "messageTitle": "checkstyle",
            "messageBody": "",
            "insertions": 4,
            "deletions": 8
          },
          {
            "hash": "22876f04ee82f6be6d15e6bf7e062cc7a923ca97",
            "messageTitle": "85% of DG",
            "messageBody": "",
            "insertions": 4,
            "deletions": 9
          },
          {
            "hash": "c9ebdd8e8474c3e7e785353d73e3ecc2b76f9501",
            "messageTitle": "Checkstyle",
            "messageBody": "",
            "insertions": 0,
            "deletions": 5
          }
        ]
      },
      {
        "insertions": 1384,
        "deletions": 306,
        "date": "2020-04-12",
        "commitResults": [
          {
            "hash": "fdc6fc9354b05a16ff03a25bb12fbae348cf3daa",
            "messageTitle": "checkstyle",
            "messageBody": "",
            "insertions": 0,
            "deletions": 2
          },
          {
            "hash": "6eb60d6925b3f7a4be5930afa3371a2d686e4b1e",
            "messageTitle": "Academics Model Test",
            "messageBody": "",
            "insertions": 912,
            "deletions": 172
          },
          {
            "hash": "b57d847ec7c43997c6c5553f49814b39c7e5644a",
            "messageTitle": "Academcis storage test",
            "messageBody": "",
            "insertions": 454,
            "deletions": 92
          },
          {
            "hash": "032b1b9414cf6a744e4333ebf004bc0737e1f6ca",
            "messageTitle": "checkstyle",
            "messageBody": "",
            "insertions": 14,
            "deletions": 21
          },
          {
            "hash": "be12184c8ef3bb71ee28eb1b4dd2c28833eeb6c8",
            "messageTitle": "trying to fix this test file",
            "messageBody": "",
            "insertions": 0,
            "deletions": 9
          },
          {
            "hash": "c9e12776b83614f58d5a902d4cf349521d7183bd",
            "messageTitle": "Fix test file",
            "messageBody": "",
            "insertions": 0,
            "deletions": 3
          },
          {
            "hash": "e2f6e325b2ae7337d2b5047d45e224b27a6e757b",
            "messageTitle": "Edit test case",
            "messageBody": "",
            "insertions": 0,
            "deletions": 2
          },
          {
            "hash": "1c5151826b5f590709570acac3794d7155c7e7e2",
            "messageTitle": "testcase please work",
            "messageBody": "",
            "insertions": 4,
            "deletions": 5
          }
        ]
      }
    ],
    "garysyndromes": [
      {
        "insertions": 157,
        "deletions": 25,
        "date": "2020-03-17",
        "commitResults": [
          {
            "hash": "040eb04d541712fe66efe828be570dabc67da66c",
            "messageTitle": "added basic personal schedule",
            "messageBody": "",
            "insertions": 138,
            "deletions": 0
          },
          {
            "hash": "46d41509452ad7f3474f637c381c52bdcac6b789",
            "messageTitle": "added help window",
            "messageBody": "",
            "insertions": 15,
            "deletions": 23
          },
          {
            "hash": "75e8145e9483e41d80d8c73bba3ba80b759fcf3d",
            "messageTitle": "updated help window",
            "messageBody": "",
            "insertions": 4,
            "deletions": 2
          }
        ]
      },
      {
        "insertions": 85,
        "deletions": 44,
        "date": "2020-04-03",
        "commitResults": [
          {
            "hash": "fcc2de22a3c00f83f1a3a1b1008fd3faee5f3573",
            "messageTitle": "fix minor bug in developer guide and event add command",
            "messageBody": "",
            "insertions": 2,
            "deletions": 2
          },
          {
            "hash": "0705a0a2f219192aec1122aa7e7d54e80fcbac74",
            "messageTitle": "changed event keyword to schedule and is able to change view from schedule",
            "messageBody": "",
            "insertions": 55,
            "deletions": 2
          },
          {
            "hash": "506ff1217c7cecaca84075868599202b33f91a49",
            "messageTitle": "change startup screen to be default view",
            "messageBody": "",
            "insertions": 20,
            "deletions": 35
          },
          {
            "hash": "35f475a6df15625d4745108b88acfc6d5481d724",
            "messageTitle": "fixed checkstyle",
            "messageBody": "",
            "insertions": 8,
            "deletions": 5
          }
        ]
      },
      {
        "insertions": 0,
        "deletions": 1,
        "date": "2020-04-04",
        "commitResults": [
          {
            "hash": "d28793e7a8213f723d8dc68843e9486c6ab03178",
            "messageTitle": "removed list from helpwiwndow",
            "messageBody": "",
            "insertions": 0,
            "deletions": 1
          }
        ]
      },
      {
        "insertions": 962,
        "deletions": 499,
        "date": "2020-04-05",
        "commitResults": [
          {
            "hash": "24f7d5a7e4affc17c584eb33f80a92705a5b6482",
            "messageTitle": "added schedule delete",
            "messageBody": "",
            "insertions": 99,
            "deletions": 11
          },
          {
            "hash": "1322a45881f166f3b031d12c0f0336d1dede4cf5",
            "messageTitle": "fixed travis error",
            "messageBody": "",
            "insertions": 7,
            "deletions": 8
          },
          {
            "hash": "eee445e2ce03ddea9725eb079e8d97dd12d82259",
            "messageTitle": "added schedule getIndex",
            "messageBody": "",
            "insertions": 257,
            "deletions": 9
          },
          {
            "hash": "d30b0b279e6e8ea0567377d9b6cdb83bd52a0b85",
            "messageTitle": "added schedule edit",
            "messageBody": "",
            "insertions": 358,
            "deletions": 44
          },
          {
            "hash": "c8fdd1ea61a6ed8d9e0bcdf56284f124545be768",
            "messageTitle": "fixed travis problem",
            "messageBody": "",
            "insertions": 21,
            "deletions": 21
          },
          {
            "hash": "45033aa216e131fee721c152dafd111a31780e31",
            "messageTitle": "removed remark from student",
            "messageBody": "",
            "insertions": 25,
            "deletions": 378
          },
          {
            "hash": "c2c9e8ea629e0c7defb0dbd800740b84b536a829",
            "messageTitle": "added schedule view function",
            "messageBody": "",
            "insertions": 195,
            "deletions": 28
          }
        ]
      },
      {
        "insertions": 361,
        "deletions": 75,
        "date": "2020-04-11",
        "commitResults": [
          {
            "hash": "8abcc5e049d0664d431d02f9538e39057fcd8de2",
            "messageTitle": "added schedule export",
            "messageBody": "",
            "insertions": 132,
            "deletions": 2
          },
          {
            "hash": "5fc6d7a2d120657f6d0b72df35513c9baaaa32ac",
            "messageTitle": "standardised help messages",
            "messageBody": "",
            "insertions": 33,
            "deletions": 38
          },
          {
            "hash": "71eed0a10fbd08070546a5159114bfb2a84187bf",
            "messageTitle": "fixed bugs and added schedule indexAll command",
            "messageBody": "",
            "insertions": 159,
            "deletions": 14
          },
          {
            "hash": "9621e4035cea886392ff13941484c63fb1a68668",
            "messageTitle": "fix travis",
            "messageBody": "",
            "insertions": 37,
            "deletions": 21
          }
        ]
      },
      {
        "insertions": 808,
        "deletions": 61,
        "date": "2020-04-12",
        "commitResults": [
          {
            "hash": "ec95f404f95d4ebfceb89345b4b0041ddfb67962",
            "messageTitle": "added tests for event",
            "messageBody": "",
            "insertions": 771,
            "deletions": 30
          },
          {
            "hash": "761b2f1c032ef3ef34fd616e6c8fd5a30c648657",
            "messageTitle": "complied with travis",
            "messageBody": "",
            "insertions": 37,
            "deletions": 31
          }
        ]
      }
    ]
  },
  "authorFinalContributionMap": {
    "jerrenss": 4845,
    "Yuanyu97": 3369,
    "TheElectricBlender": 4518,
    "tingalinga": 6446,
    "garysyndromes": 2097
  },
  "authorFileTypeContributionMap": {
    "jerrenss": {
      "docs": 0,
      "functional-code": 2735,
      "test-code": 2110
    },
    "Yuanyu97": {
      "docs": 0,
      "functional-code": 1862,
      "test-code": 1507
    },
    "TheElectricBlender": {
      "docs": 0,
      "functional-code": 2440,
      "test-code": 2065,
      "other": 13
    },
    "tingalinga": {
      "docs": 0,
      "functional-code": 4100,
      "test-code": 2346
    },
    "garysyndromes": {
      "docs": 0,
      "functional-code": 1294,
      "test-code": 802,
      "other": 1
    }
  },
  "authorContributionVariance": {
    "jerrenss": 95398.61,
    "Yuanyu97": 43035.56,
    "TheElectricBlender": 183199.22,
    "tingalinga": 326797.25,
    "garysyndromes": 50321.47
  },
  "authorDisplayNameMap": {
    "jerrenss": "CS2103T-W12-2 SEOW..RREN",
    "Yuanyu97": "CS2103T-W12-2 ZHAN..ANYU",
    "TheElectricBlender": "CS2103T-W12-2 SIMO.. JUN",
    "tingalinga": "CS2103T-W12-2 LEE ..TING",
    "garysyndromes": "CS2103T-W12-2 GARY..N YI"
  }
}
