{
  "authorDailyContributionsMap": {
    "lth08091998": [
      {
        "insertions": 1,
        "deletions": 1,
        "date": "2020-02-18",
        "commitResults": [
          {
            "hash": "631a7399c17c57bc4890c54da10e35d96c56fc93",
            "messageTitle": "Test Travis",
            "messageBody": "",
            "insertions": 1,
            "deletions": 0
          },
          {
            "hash": "9b388a3610804c56b23a5e051654c51fd3e4b11c",
            "messageTitle": "Test Travis again",
            "messageBody": "",
            "insertions": 0,
            "deletions": 1
          }
        ]
      },
      {
        "insertions": 14,
        "deletions": 0,
        "date": "2020-03-17",
        "commitResults": [
          {
            "hash": "ec52dd3dd05305e770db9cc43afdc8e2ac6a26f6",
            "messageTitle": "Add teacher_id to course",
            "messageBody": "",
            "insertions": 14,
            "deletions": 0
          }
        ]
      },
      {
        "insertions": 192,
        "deletions": 16,
        "date": "2020-03-18",
        "commitResults": [
          {
            "hash": "eff6725bdf13fe35eb9b9999789e2fe7fedc2e6d",
            "messageTitle": "Add Assign",
            "messageBody": "",
            "insertions": 186,
            "deletions": 10
          },
          {
            "hash": "d41dba4388bf0194892c1c1102b4ad9484b05d0a",
            "messageTitle": "Change unique ID in Course in dummy data in tests",
            "messageBody": "",
            "insertions": 6,
            "deletions": 6
          }
        ]
      },
      {
        "insertions": 458,
        "deletions": 576,
        "date": "2020-03-26",
        "commitResults": [
          {
            "hash": "a5cc4025204511430ab84e4101ddc6e397a6148b",
            "messageTitle": "Refactor UniqueList",
            "messageBody": "",
            "insertions": 148,
            "deletions": 0
          },
          {
            "hash": "8013b212e9b9c98b6878f22340335d75f3dac5d1",
            "messageTitle": "Refactor CourseAddressBook",
            "messageBody": "",
            "insertions": 228,
            "deletions": 291
          },
          {
            "hash": "dc54587a4e6ca04a1814b01c1aae02f1ffb69fff",
            "messageTitle": "Refactor CourseStudentAddressBook",
            "messageBody": "",
            "insertions": 82,
            "deletions": 285
          }
        ]
      },
      {
        "insertions": 338,
        "deletions": 1225,
        "date": "2020-03-27",
        "commitResults": [
          {
            "hash": "554ee1b48db9aade0f757319d1747e4da077447a",
            "messageTitle": "Refactor AssignmentAddressBook",
            "messageBody": "",
            "insertions": 108,
            "deletions": 368
          },
          {
            "hash": "a39b879ca899eec4f805bb746ba8ac0dce8242a1",
            "messageTitle": "Refactor Finance Address Book",
            "messageBody": "",
            "insertions": 73,
            "deletions": 285
          },
          {
            "hash": "ad9d4f76bb78302ed36cb30d0bf2b46f4aae0017",
            "messageTitle": "Refactor Student Address Book",
            "messageBody": "",
            "insertions": 72,
            "deletions": 282
          },
          {
            "hash": "5010a5361f1018e0d7654ef685473caf88829d79",
            "messageTitle": "Refactor Teacher Address Book",
            "messageBody": "",
            "insertions": 85,
            "deletions": 290
          }
        ]
      },
      {
        "insertions": 272,
        "deletions": 43,
        "date": "2020-03-28",
        "commitResults": [
          {
            "hash": "d95de8de9cd9435b7907124f05d5777f47f3e9a9",
            "messageTitle": "Finish undo-redo for add/delete pair for course",
            "messageBody": "",
            "insertions": 270,
            "deletions": 12
          },
          {
            "hash": "f0d6c581faba858851efd29053ba330ba585a64f",
            "messageTitle": "Add EOF",
            "messageBody": "",
            "insertions": 2,
            "deletions": 31
          }
        ]
      }
    ],
    "ivanteejj": [
      {
        "insertions": 1773,
        "deletions": 164,
        "date": "2020-03-14",
        "commitResults": [
          {
            "hash": "8d8f6f846d319ac84c33acd73d7258d8eb33327b",
            "messageTitle": "Completed part 1 of assignments ui",
            "messageBody": "",
            "insertions": 846,
            "deletions": 80
          },
          {
            "hash": "edbd32dba80e3b2269f8e9b8584af5e0d9ca2b8d",
            "messageTitle": "Completed initial implementation of assignments",
            "messageBody": "",
            "insertions": 610,
            "deletions": 47
          },
          {
            "hash": "64b3a4851110e72f761c1a90515b743152649e0b",
            "messageTitle": "Updated test cases",
            "messageBody": "",
            "insertions": 317,
            "deletions": 37
          }
        ]
      },
      {
        "insertions": 183,
        "deletions": 37,
        "date": "2020-03-18",
        "commitResults": [
          {
            "hash": "0495d9ccc4cefd2ba2b1073ea95e5ab9ea9938a8",
            "messageTitle": "Complete Add functionality for assignments",
            "messageBody": "",
            "insertions": 177,
            "deletions": 27
          },
          {
            "hash": "1765da0bd2d46895e2e6b5d1f47f4f80e1a4362c",
            "messageTitle": "Updated add command for assignment",
            "messageBody": "",
            "insertions": 6,
            "deletions": 10
          }
        ]
      },
      {
        "insertions": 173,
        "deletions": 256,
        "date": "2020-03-23",
        "commitResults": [
          {
            "hash": "8181d14b149e36168919081acb588b8862d0994b",
            "messageTitle": "Revert \"Updated add command for assignment\"",
            "messageBody": "This reverts commit 1765da0bd2d46895e2e6b5d1f47f4f80e1a4362c.\n",
            "insertions": 10,
            "deletions": 6
          },
          {
            "hash": "608a72ae86399f6235f6ade0a023c023eb3803ab",
            "messageTitle": "Refactored AddCommand and its variants and AddCommandParser and its varients",
            "messageBody": "",
            "insertions": 160,
            "deletions": 247
          },
          {
            "hash": "3d1b473b9bc0101cbce33bdd51430f06c32ceab7",
            "messageTitle": "added newline at eof",
            "messageBody": "",
            "insertions": 3,
            "deletions": 3
          }
        ]
      },
      {
        "insertions": 18,
        "deletions": 15,
        "date": "2020-03-24",
        "commitResults": [
          {
            "hash": "5c0836dbb678a834551a96f293acbb15bac1506e",
            "messageTitle": "Can display assignment ID in UI",
            "messageBody": "",
            "insertions": 16,
            "deletions": 12
          },
          {
            "hash": "bcc9a7f3102b644479c884e8e4483ae180853be6",
            "messageTitle": "Added Ivan\u0027s part for the DG",
            "messageBody": "",
            "insertions": 2,
            "deletions": 3
          }
        ]
      },
      {
        "insertions": 155,
        "deletions": 115,
        "date": "2020-03-28",
        "commitResults": [
          {
            "hash": "8736983c14a49196d10e9d00efe1229551c83048",
            "messageTitle": "Fixed buggy assign commands",
            "messageBody": "",
            "insertions": 50,
            "deletions": 27
          },
          {
            "hash": "dceb346a8d1c968a0b14288c99db0dc74728b0d4",
            "messageTitle": "refactored clear commands",
            "messageBody": "",
            "insertions": 11,
            "deletions": 26
          },
          {
            "hash": "85c3256ee052c74ec7a8b22d0752220a08c17d2c",
            "messageTitle": "added clear-assignments commands",
            "messageBody": "",
            "insertions": 38,
            "deletions": 21
          },
          {
            "hash": "972108f98ae49eb4041db39da18988da71aa33c9",
            "messageTitle": "Refactored list command functionality",
            "messageBody": "",
            "insertions": 38,
            "deletions": 28
          },
          {
            "hash": "7fecb8fcfa9b5ae4f8129ee9135b2bf0a2fa269c",
            "messageTitle": "Edit tests",
            "messageBody": "",
            "insertions": 18,
            "deletions": 13
          }
        ]
      }
    ],
    "tiendat161": [
      {
        "insertions": 44,
        "deletions": 7,
        "date": "2020-03-17",
        "commitResults": [
          {
            "hash": "c8a1279c92c07564bd0e480d7febc4b204a90701",
            "messageTitle": "Edit adding person to have unknown value of Phone, Email and Address",
            "messageBody": "",
            "insertions": 26,
            "deletions": 3
          },
          {
            "hash": "d120d14e1d6d45c8ea5558406e65acca327b8462",
            "messageTitle": "Make phone, address, email optional when adding a person",
            "messageBody": "",
            "insertions": 18,
            "deletions": 4
          }
        ]
      },
      {
        "insertions": 50,
        "deletions": 19,
        "date": "2020-03-18",
        "commitResults": [
          {
            "hash": "f5712108a3fc6fb4b6ddb16c2f85d82271b82788",
            "messageTitle": "Hide Phone, Email, Address and Tags if these info are Unknown",
            "messageBody": "",
            "insertions": 47,
            "deletions": 15
          },
          {
            "hash": "7cbf6bbe11d28a288746c6fd960938c16cd7fb93",
            "messageTitle": "fix testcase to pass for adding a new Person",
            "messageBody": "",
            "insertions": 3,
            "deletions": 4
          }
        ]
      },
      {
        "insertions": 56,
        "deletions": 72,
        "date": "2020-03-24",
        "commitResults": [
          {
            "hash": "05915afa62585c5b3760b1252d3bff0465e7d88f",
            "messageTitle": "Make adding a teacher optional for Phone, Email, Address, Salary, just Name is compulsory",
            "messageBody": "",
            "insertions": 56,
            "deletions": 72
          }
        ]
      }
    ],
    "ShengXue97": [
      {
        "insertions": 688,
        "deletions": 44,
        "date": "2020-02-23",
        "commitResults": [
          {
            "hash": "8b9fa5a55c68e53daf4affa8c566e370277a1398",
            "messageTitle": "Added left menu buttons!!!! :)",
            "messageBody": "",
            "insertions": 36,
            "deletions": 21
          },
          {
            "hash": "540d66278b3cc37bb9148d9b0aae7da484565e4f",
            "messageTitle": "Manage to add base code for different tabs??",
            "messageBody": "",
            "insertions": 135,
            "deletions": 0
          },
          {
            "hash": "a16445e4502e87b80be3db0c585b7882b18d6737",
            "messageTitle": "Trying to add different tabs",
            "messageBody": "",
            "insertions": 145,
            "deletions": 23
          },
          {
            "hash": "d7f8b3775112080ff6ddb4803958bd1417aee66e",
            "messageTitle": "Added base for course and finance tab",
            "messageBody": "",
            "insertions": 240,
            "deletions": 0
          },
          {
            "hash": "64af336c21ba6c62c1ec73dc8a36e176ff34af00",
            "messageTitle": "Added nice border",
            "messageBody": "",
            "insertions": 132,
            "deletions": 0
          }
        ]
      },
      {
        "insertions": 7910,
        "deletions": 562,
        "date": "2020-02-24",
        "commitResults": [
          {
            "hash": "bf5a23c6f17afbfbb0fc7400bfabe1acb1755715",
            "messageTitle": "still trying to make new tab work",
            "messageBody": "",
            "insertions": 1318,
            "deletions": 83
          },
          {
            "hash": "9b924ba58d526fb29e2c5970b32f2421dec35346",
            "messageTitle": "FINALLY MANAGED TO ADD TEACHER TAB!!!",
            "messageBody": "",
            "insertions": 1,
            "deletions": 5
          },
          {
            "hash": "21531721526ca49bb0b16e25df0a3b2a285dde8e",
            "messageTitle": "Moved teacher into packages",
            "messageBody": "",
            "insertions": 216,
            "deletions": 40
          },
          {
            "hash": "6b90565287c4c8f9189391ec459e6a280c511dce",
            "messageTitle": "Database for students, teachers, courses, and finances now work",
            "messageBody": "",
            "insertions": 3554,
            "deletions": 196
          },
          {
            "hash": "346ad9b17ebdbbe62910c099c4b9e6d1849a9121",
            "messageTitle": "Added description to cards",
            "messageBody": "",
            "insertions": 28,
            "deletions": 7
          },
          {
            "hash": "5afd062c2b77fda34705c54dab5e8792b51d160b",
            "messageTitle": "Support adding student command",
            "messageBody": "",
            "insertions": 183,
            "deletions": 41
          },
          {
            "hash": "f8de9f774c3a38e21dd83ab9e978bac5589d2f00",
            "messageTitle": "Add command for all 4",
            "messageBody": "",
            "insertions": 118,
            "deletions": 0
          },
          {
            "hash": "bda4890b171878c82df1cde4703ebbc077be3d23",
            "messageTitle": "Add command for all 4",
            "messageBody": "",
            "insertions": 76,
            "deletions": 82
          },
          {
            "hash": "574a3e23d14b85845ab4ca1af55398b6f9648fb6",
            "messageTitle": "Put Add Commands into packages",
            "messageBody": "",
            "insertions": 75,
            "deletions": 58
          },
          {
            "hash": "65ecd940dde19553887b0a45aacdfc23f2537c57",
            "messageTitle": "Now supports delete for all 4 tabs!",
            "messageBody": "",
            "insertions": 392,
            "deletions": 12
          },
          {
            "hash": "04956339aef56a1dc49774959502f7761c364029",
            "messageTitle": "Added Find commands for all 4 tabs",
            "messageBody": "",
            "insertions": 467,
            "deletions": 10
          },
          {
            "hash": "172fcb53b92192cb7db4cbe57f87cecb7be86bd3",
            "messageTitle": "Added List command for all 4 tabs",
            "messageBody": "",
            "insertions": 100,
            "deletions": 0
          },
          {
            "hash": "6af5d785762fa96c28a4bc8726fae1545364a6f7",
            "messageTitle": "Added List command for all 4 tabs",
            "messageBody": "",
            "insertions": 34,
            "deletions": 7
          },
          {
            "hash": "7d8141dfa5cc3eb01b48baa3704a6ff1f5bf5486",
            "messageTitle": "Support editing for all 4 tabs",
            "messageBody": "",
            "insertions": 1348,
            "deletions": 21
          }
        ]
      },
      {
        "insertions": 10327,
        "deletions": 8944,
        "date": "2020-02-29",
        "commitResults": [
          {
            "hash": "851d37dce91b36ad1acfbb233607a9f3e352b655",
            "messageTitle": "reformat code",
            "messageBody": "",
            "insertions": 9128,
            "deletions": 8885
          },
          {
            "hash": "39e552c020b5e5e5acefe08932a36dde0c4edf3d",
            "messageTitle": "Try to fix Junit tests",
            "messageBody": "",
            "insertions": 1114,
            "deletions": 26
          },
          {
            "hash": "45dee28bbb0bc4b13bd907adea29b2db7234d93c",
            "messageTitle": "Fixed testing issues",
            "messageBody": "",
            "insertions": 85,
            "deletions": 33
          }
        ]
      },
      {
        "insertions": 323,
        "deletions": 94,
        "date": "2020-03-13",
        "commitResults": [
          {
            "hash": "c1dfa953f1216abd745437f1512ff0a5e8b436ce",
            "messageTitle": "Basic expense command",
            "messageBody": "",
            "insertions": 49,
            "deletions": 1
          },
          {
            "hash": "4d78533537493cf94c33eebaf875eda2cabaf66c",
            "messageTitle": "Add \"earnings\" and \"expenses\" command",
            "messageBody": "",
            "insertions": 65,
            "deletions": 14
          },
          {
            "hash": "b990301308833e494bc2fa08d66ee8994fb8a1f4",
            "messageTitle": "GUI- Changed command boxes colors",
            "messageBody": "",
            "insertions": 88,
            "deletions": 39
          },
          {
            "hash": "b988e1be2a779fe88f25c6d483f2018a94d03a4a",
            "messageTitle": "Change cells colors",
            "messageBody": "",
            "insertions": 5,
            "deletions": 5
          },
          {
            "hash": "00a0c9ebfcd97a01b64b297ea7d57bbab9fb02d5",
            "messageTitle": "Fixed empty cards colours",
            "messageBody": "",
            "insertions": 25,
            "deletions": 0
          },
          {
            "hash": "8b5049ddfe188cee86ae7d3908267a19d6399963",
            "messageTitle": "Fixed empty card colors",
            "messageBody": "",
            "insertions": 86,
            "deletions": 30
          },
          {
            "hash": "dcadd7316626252ad8a346ed9ec5215c7642aab0",
            "messageTitle": "Change scrollbar",
            "messageBody": "",
            "insertions": 5,
            "deletions": 5
          }
        ]
      },
      {
        "insertions": 2018,
        "deletions": 276,
        "date": "2020-03-22",
        "commitResults": [
          {
            "hash": "0c2978f46bbcc3307f778ab4ce1b5e3944fd99f5",
            "messageTitle": "Try Adding coursestudent",
            "messageBody": "",
            "insertions": 938,
            "deletions": 13
          },
          {
            "hash": "1addba9e889399d52de11e53da44ce114927e06d",
            "messageTitle": "Add coursestudent storage (alpha)",
            "messageBody": "",
            "insertions": 254,
            "deletions": 66
          },
          {
            "hash": "f4a5529a59280e7612b5b841baf6249413eb679f",
            "messageTitle": "Added support for assignment of students to courses",
            "messageBody": "",
            "insertions": 175,
            "deletions": 16
          },
          {
            "hash": "6c4f0d96f25017237e407fbe11a1c5615bf4abca",
            "messageTitle": "Succeed in showing list of students for courses",
            "messageBody": "",
            "insertions": 58,
            "deletions": 0
          },
          {
            "hash": "a7be8a5e169fbdfc75d6b240dfee1508f744289e",
            "messageTitle": "Added studentID to student, and course fee to course",
            "messageBody": "",
            "insertions": 131,
            "deletions": 70
          },
          {
            "hash": "2ef104b38527ba7f87e2da793231bc85fb8f628b",
            "messageTitle": "Fix some sampel test cases",
            "messageBody": "",
            "insertions": 6,
            "deletions": 6
          },
          {
            "hash": "52497dbe25e77e402fb25fdffcae14d1194e7567",
            "messageTitle": "Finally done with Course-Student assignment, all displayed on the GUI",
            "messageBody": "",
            "insertions": 146,
            "deletions": 49
          },
          {
            "hash": "d2b2c50df5b1c3fde857339371a578f07624d1db",
            "messageTitle": "Fix Test cases after adding course-students",
            "messageBody": "",
            "insertions": 310,
            "deletions": 56
          }
        ]
      }
    ]
  },
  "authorFinalContributionMap": {
    "lth08091998": 1176,
    "ivanteejj": 1838,
    "tiendat161": 105,
    "ShengXue97": 9627
  },
  "authorFileTypeContributionMap": {
    "lth08091998": {
      "java": 1175,
      "md": 0,
      "fxml": 1,
      "sh": 0,
      "bat": 0,
      "gradle": 0,
      "txt": 0
    },
    "ivanteejj": {
      "java": 1772,
      "md": 0,
      "fxml": 66,
      "sh": 0,
      "bat": 0,
      "gradle": 0,
      "txt": 0
    },
    "tiendat161": {
      "java": 105,
      "md": 0,
      "fxml": 0,
      "sh": 0,
      "bat": 0,
      "gradle": 0,
      "txt": 0
    },
    "ShengXue97": {
      "java": 9322,
      "md": 0,
      "fxml": 304,
      "sh": 0,
      "bat": 0,
      "gradle": 1,
      "txt": 0
    }
  },
  "authorContributionVariance": {
    "lth08091998": 77984.16,
    "ivanteejj": 87925.195,
    "tiendat161": 507.91336,
    "ShengXue97": 9704882.0
  },
  "authorDisplayNameMap": {
    "lth08091998": "CS2103-W14-1 LE T..HIEU",
    "ivanteejj": "CS2103-W14-1 TEE ..IVAN",
    "tiendat161": "CS2103-W14-1 NGUY.. DAT",
    "ShengXue97": "CS2103-W14-1 SIM .. XUE"
  }
}
