{
  "authorDailyContributionsMap": {
    "lth08091998": [
      {
        "insertions": 1,
        "deletions": 1,
        "date": "2020-02-18",
        "commitResults": [
          {
            "hash": "631a7399c17c57bc4890c54da10e35d96c56fc93",
            "messageTitle": "Test Travis",
            "messageBody": "",
            "insertions": 1,
            "deletions": 0
          },
          {
            "hash": "9b388a3610804c56b23a5e051654c51fd3e4b11c",
            "messageTitle": "Test Travis again",
            "messageBody": "",
            "insertions": 0,
            "deletions": 1
          }
        ]
      },
      {
        "insertions": 14,
        "deletions": 0,
        "date": "2020-03-17",
        "commitResults": [
          {
            "hash": "ec52dd3dd05305e770db9cc43afdc8e2ac6a26f6",
            "messageTitle": "Add teacher_id to course",
            "messageBody": "",
            "insertions": 14,
            "deletions": 0
          }
        ]
      },
      {
        "insertions": 192,
        "deletions": 16,
        "date": "2020-03-18",
        "commitResults": [
          {
            "hash": "eff6725bdf13fe35eb9b9999789e2fe7fedc2e6d",
            "messageTitle": "Add Assign",
            "messageBody": "",
            "insertions": 186,
            "deletions": 10
          },
          {
            "hash": "d41dba4388bf0194892c1c1102b4ad9484b05d0a",
            "messageTitle": "Change unique ID in Course in dummy data in tests",
            "messageBody": "",
            "insertions": 6,
            "deletions": 6
          }
        ]
      },
      {
        "insertions": 458,
        "deletions": 576,
        "date": "2020-03-26",
        "commitResults": [
          {
            "hash": "a5cc4025204511430ab84e4101ddc6e397a6148b",
            "messageTitle": "Refactor UniqueList",
            "messageBody": "",
            "insertions": 148,
            "deletions": 0
          },
          {
            "hash": "8013b212e9b9c98b6878f22340335d75f3dac5d1",
            "messageTitle": "Refactor CourseAddressBook",
            "messageBody": "",
            "insertions": 228,
            "deletions": 291
          },
          {
            "hash": "dc54587a4e6ca04a1814b01c1aae02f1ffb69fff",
            "messageTitle": "Refactor CourseStudentAddressBook",
            "messageBody": "",
            "insertions": 82,
            "deletions": 285
          }
        ]
      },
      {
        "insertions": 448,
        "deletions": 1280,
        "date": "2020-03-27",
        "commitResults": [
          {
            "hash": "554ee1b48db9aade0f757319d1747e4da077447a",
            "messageTitle": "Refactor AssignmentAddressBook",
            "messageBody": "",
            "insertions": 108,
            "deletions": 368
          },
          {
            "hash": "a39b879ca899eec4f805bb746ba8ac0dce8242a1",
            "messageTitle": "Refactor Finance Address Book",
            "messageBody": "",
            "insertions": 73,
            "deletions": 285
          },
          {
            "hash": "ad9d4f76bb78302ed36cb30d0bf2b46f4aae0017",
            "messageTitle": "Refactor Student Address Book",
            "messageBody": "",
            "insertions": 72,
            "deletions": 282
          },
          {
            "hash": "5010a5361f1018e0d7654ef685473caf88829d79",
            "messageTitle": "Refactor Teacher Address Book",
            "messageBody": "",
            "insertions": 85,
            "deletions": 290
          },
          {
            "hash": "a465e73bd64f65954a946c5f27d129aee62b58f3",
            "messageTitle": "Add UUID Manager and for course",
            "messageBody": "",
            "insertions": 73,
            "deletions": 29
          },
          {
            "hash": "212afe46d6fc5bf66a5a0ee84bf27d6efeeb07ce",
            "messageTitle": "getId to getID",
            "messageBody": "",
            "insertions": 37,
            "deletions": 26
          }
        ]
      },
      {
        "insertions": 319,
        "deletions": 90,
        "date": "2020-03-28",
        "commitResults": [
          {
            "hash": "ba185654ea1315277c3d6d56816c925a4baaa9fc",
            "messageTitle": "Add for Student and Assignment",
            "messageBody": "",
            "insertions": 47,
            "deletions": 47
          },
          {
            "hash": "d95de8de9cd9435b7907124f05d5777f47f3e9a9",
            "messageTitle": "Finish undo-redo for add/delete pair for course",
            "messageBody": "",
            "insertions": 270,
            "deletions": 12
          },
          {
            "hash": "f0d6c581faba858851efd29053ba330ba585a64f",
            "messageTitle": "Add EOF",
            "messageBody": "",
            "insertions": 2,
            "deletions": 31
          }
        ]
      },
      {
        "insertions": 665,
        "deletions": 565,
        "date": "2020-03-31",
        "commitResults": [
          {
            "hash": "10f381e3d83ef33c4160caec1f984f00f8195111",
            "messageTitle": "Refactor ModelManager CRUD methods",
            "messageBody": "",
            "insertions": 123,
            "deletions": 80
          },
          {
            "hash": "89eb86c5aeed26d2cf290e226f0c3a43dbe0d236",
            "messageTitle": "Finish refactor",
            "messageBody": "",
            "insertions": 43,
            "deletions": 304
          },
          {
            "hash": "0bff1b67de05c3f77949bed64f306b67f86c2be9",
            "messageTitle": "Solve conflict",
            "messageBody": "",
            "insertions": 46,
            "deletions": 30
          },
          {
            "hash": "5538e91fad8680896ed66b7de3a2f23a20b8e444",
            "messageTitle": "In middle of adding",
            "messageBody": "",
            "insertions": 81,
            "deletions": 11
          },
          {
            "hash": "414f708a84d7268fa88837120dd09a7a073b826c",
            "messageTitle": "Finish up",
            "messageBody": "",
            "insertions": 119,
            "deletions": 85
          },
          {
            "hash": "09c40af0a20aae477066506532a82aae0a427359",
            "messageTitle": "Finish up",
            "messageBody": "",
            "insertions": 253,
            "deletions": 55
          }
        ]
      },
      {
        "insertions": 53,
        "deletions": 5,
        "date": "2020-04-03",
        "commitResults": [
          {
            "hash": "258e9c4086f25579b3c839e9b68e35ad35c74253",
            "messageTitle": ".",
            "messageBody": "",
            "insertions": 53,
            "deletions": 5
          }
        ]
      },
      {
        "insertions": 757,
        "deletions": 401,
        "date": "2020-04-04",
        "commitResults": [
          {
            "hash": "3f1d438626793d19db77d2d54526d2493c6fa756",
            "messageTitle": "Update flow for observable Map",
            "messageBody": "",
            "insertions": 195,
            "deletions": 135
          },
          {
            "hash": "75c21bca71866078bb4978878fbbe77a541d3f54",
            "messageTitle": "Temporary commit",
            "messageBody": "",
            "insertions": 53,
            "deletions": 19
          },
          {
            "hash": "02e6606ee6b5fc3b3fa166750249f9b45250faf3",
            "messageTitle": "Finish",
            "messageBody": "",
            "insertions": 309,
            "deletions": 142
          },
          {
            "hash": "df67b79330ced26ec1474bfdfede2e236159e19d",
            "messageTitle": "Temp",
            "messageBody": "",
            "insertions": 51,
            "deletions": 35
          },
          {
            "hash": "88a5ed3e0d0855c8c817280d52f7bf2431597396",
            "messageTitle": "Select progress details",
            "messageBody": "",
            "insertions": 37,
            "deletions": 46
          },
          {
            "hash": "843f96d0321200004d37fdb3d1a533cb9d315f6a",
            "messageTitle": "Select multiple layers",
            "messageBody": "",
            "insertions": 25,
            "deletions": 7
          },
          {
            "hash": "f69161527795b29d03ef72e2a393310873193a0a",
            "messageTitle": "Too tired to think of commit message",
            "messageBody": "",
            "insertions": 87,
            "deletions": 17
          }
        ]
      },
      {
        "insertions": 187,
        "deletions": 49,
        "date": "2020-04-05",
        "commitResults": [
          {
            "hash": "c864b43831dccaef1b85197c7109e4b251221cb1",
            "messageTitle": "Finish other pages",
            "messageBody": "",
            "insertions": 187,
            "deletions": 49
          }
        ]
      },
      {
        "insertions": 75,
        "deletions": 4,
        "date": "2020-04-08",
        "commitResults": [
          {
            "hash": "2433ef1586533458d576ae8ffb3c589980227ccb",
            "messageTitle": "Add",
            "messageBody": "",
            "insertions": 75,
            "deletions": 4
          }
        ]
      },
      {
        "insertions": 160,
        "deletions": 41,
        "date": "2020-04-09",
        "commitResults": [
          {
            "hash": "da477075be4832416b332cd41935bb85cfab9b3b",
            "messageTitle": "EdgeManager support for opposite Command of delete",
            "messageBody": "",
            "insertions": 120,
            "deletions": 24
          },
          {
            "hash": "b1027b76a3ce909ab22492de2f161a2398af0b8b",
            "messageTitle": "Add Change",
            "messageBody": "",
            "insertions": 12,
            "deletions": 1
          },
          {
            "hash": "8534c2b4d691d491e9cd4989f69d1eb2c1d410d4",
            "messageTitle": "Fix stuff",
            "messageBody": "",
            "insertions": 28,
            "deletions": 16
          }
        ]
      },
      {
        "insertions": 56,
        "deletions": 28,
        "date": "2020-04-12",
        "commitResults": [
          {
            "hash": "2de67512ddd8c6f25e998650261cbcb6dc17ce3c",
            "messageTitle": "Fix bug",
            "messageBody": "",
            "insertions": 56,
            "deletions": 28
          }
        ]
      }
    ],
    "ivanteejj": [
      {
        "insertions": 1773,
        "deletions": 164,
        "date": "2020-03-14",
        "commitResults": [
          {
            "hash": "8d8f6f846d319ac84c33acd73d7258d8eb33327b",
            "messageTitle": "Completed part 1 of assignments ui",
            "messageBody": "",
            "insertions": 846,
            "deletions": 80
          },
          {
            "hash": "edbd32dba80e3b2269f8e9b8584af5e0d9ca2b8d",
            "messageTitle": "Completed initial implementation of assignments",
            "messageBody": "",
            "insertions": 610,
            "deletions": 47
          },
          {
            "hash": "64b3a4851110e72f761c1a90515b743152649e0b",
            "messageTitle": "Updated test cases",
            "messageBody": "",
            "insertions": 317,
            "deletions": 37
          }
        ]
      },
      {
        "insertions": 183,
        "deletions": 37,
        "date": "2020-03-18",
        "commitResults": [
          {
            "hash": "0495d9ccc4cefd2ba2b1073ea95e5ab9ea9938a8",
            "messageTitle": "Complete Add functionality for assignments",
            "messageBody": "",
            "insertions": 177,
            "deletions": 27
          },
          {
            "hash": "1765da0bd2d46895e2e6b5d1f47f4f80e1a4362c",
            "messageTitle": "Updated add command for assignment",
            "messageBody": "",
            "insertions": 6,
            "deletions": 10
          }
        ]
      },
      {
        "insertions": 173,
        "deletions": 256,
        "date": "2020-03-23",
        "commitResults": [
          {
            "hash": "8181d14b149e36168919081acb588b8862d0994b",
            "messageTitle": "Revert \"Updated add command for assignment\"",
            "messageBody": "This reverts commit 1765da0bd2d46895e2e6b5d1f47f4f80e1a4362c.\n",
            "insertions": 10,
            "deletions": 6
          },
          {
            "hash": "608a72ae86399f6235f6ade0a023c023eb3803ab",
            "messageTitle": "Refactored AddCommand and its variants and AddCommandParser and its varients",
            "messageBody": "",
            "insertions": 160,
            "deletions": 247
          },
          {
            "hash": "3d1b473b9bc0101cbce33bdd51430f06c32ceab7",
            "messageTitle": "added newline at eof",
            "messageBody": "",
            "insertions": 3,
            "deletions": 3
          }
        ]
      },
      {
        "insertions": 18,
        "deletions": 15,
        "date": "2020-03-24",
        "commitResults": [
          {
            "hash": "5c0836dbb678a834551a96f293acbb15bac1506e",
            "messageTitle": "Can display assignment ID in UI",
            "messageBody": "",
            "insertions": 16,
            "deletions": 12
          },
          {
            "hash": "bcc9a7f3102b644479c884e8e4483ae180853be6",
            "messageTitle": "Added Ivan\u0027s part for the DG",
            "messageBody": "",
            "insertions": 2,
            "deletions": 3
          }
        ]
      },
      {
        "insertions": 289,
        "deletions": 210,
        "date": "2020-03-28",
        "commitResults": [
          {
            "hash": "8736983c14a49196d10e9d00efe1229551c83048",
            "messageTitle": "Fixed buggy assign commands",
            "messageBody": "",
            "insertions": 50,
            "deletions": 27
          },
          {
            "hash": "dceb346a8d1c968a0b14288c99db0dc74728b0d4",
            "messageTitle": "refactored clear commands",
            "messageBody": "",
            "insertions": 11,
            "deletions": 26
          },
          {
            "hash": "85c3256ee052c74ec7a8b22d0752220a08c17d2c",
            "messageTitle": "added clear-assignments commands",
            "messageBody": "",
            "insertions": 38,
            "deletions": 21
          },
          {
            "hash": "972108f98ae49eb4041db39da18988da71aa33c9",
            "messageTitle": "Refactored list command functionality",
            "messageBody": "",
            "insertions": 38,
            "deletions": 28
          },
          {
            "hash": "7fecb8fcfa9b5ae4f8129ee9135b2bf0a2fa269c",
            "messageTitle": "Edit tests",
            "messageBody": "",
            "insertions": 18,
            "deletions": 13
          },
          {
            "hash": "3d15dd2e91ec6f60ecb7325a322ce7cfea9ea461",
            "messageTitle": "Completed delete command refactoring",
            "messageBody": "",
            "insertions": 118,
            "deletions": 85
          },
          {
            "hash": "a8adf950dd0a8c69d59dc45e750a1fd6388d8411",
            "messageTitle": "updated delete command test",
            "messageBody": "",
            "insertions": 16,
            "deletions": 10
          }
        ]
      },
      {
        "insertions": 1,
        "deletions": 1,
        "date": "2020-03-29",
        "commitResults": [
          {
            "hash": "d0400bbe2c832d0ca7cb8f21576ed7797721c47a",
            "messageTitle": "Update DeleteCommandTest.java",
            "messageBody": "",
            "insertions": 1,
            "deletions": 1
          }
        ]
      },
      {
        "insertions": 477,
        "deletions": 113,
        "date": "2020-03-30",
        "commitResults": [
          {
            "hash": "2e9328f31bc6899a218d06a3c89d642eaecd6b6f",
            "messageTitle": "Fixed bug where assignments AB cannot be loaded from save",
            "messageBody": "",
            "insertions": 17,
            "deletions": 6
          },
          {
            "hash": "d4465074cdb129634ee22c932f64b73f5febdc35",
            "messageTitle": "fixed ClearAssignmentABCommandTest",
            "messageBody": "",
            "insertions": 2,
            "deletions": 2
          },
          {
            "hash": "bcfe799a03a3233673c5a0b32e5269f38cb46afd",
            "messageTitle": "Update DeleteCommandTest.java",
            "messageBody": "",
            "insertions": 1,
            "deletions": 1
          },
          {
            "hash": "758cade0dc90d4c3ee10e65dd5f3072b2390a678",
            "messageTitle": "Update MainApp.java",
            "messageBody": "",
            "insertions": 0,
            "deletions": 5
          },
          {
            "hash": "1b9ffc56c7093cce67224437a3b4714fbf6765d0",
            "messageTitle": "progress ab + progress objects up",
            "messageBody": "",
            "insertions": 284,
            "deletions": 48
          },
          {
            "hash": "282ff01c0c99e46d419c9c4c01aaf92219c7e8e4",
            "messageTitle": "Refactored AssignStudenToCourseCommand a little",
            "messageBody": "",
            "insertions": 173,
            "deletions": 51
          }
        ]
      },
      {
        "insertions": 1051,
        "deletions": 507,
        "date": "2020-03-31",
        "commitResults": [
          {
            "hash": "6533f85c3e7479a1153314309da075b029370d1d",
            "messageTitle": "implemented composite id",
            "messageBody": "",
            "insertions": 314,
            "deletions": 86
          },
          {
            "hash": "81b3420176aa4109c21a1c0d0c89c1bee51a36af",
            "messageTitle": "Added test cases for CompositeIDBuilder",
            "messageBody": "",
            "insertions": 35,
            "deletions": 0
          },
          {
            "hash": "1dadf692a00195c891f0e2bbd513344c994a6f78",
            "messageTitle": "added tests for compositeid",
            "messageBody": "",
            "insertions": 22,
            "deletions": 0
          },
          {
            "hash": "ccd053ecd3fab9f08e48c22a357638c649493efb",
            "messageTitle": "test",
            "messageBody": "",
            "insertions": 2,
            "deletions": 1
          },
          {
            "hash": "7fcf1cf5efbd7e3e4cd98dddd0d6af3f6a24238f",
            "messageTitle": "added line at eof for 2 files",
            "messageBody": "",
            "insertions": 2,
            "deletions": 2
          },
          {
            "hash": "aa28cc667dd296788d5b9fc14b67bece2f671b1e",
            "messageTitle": "merged with hieu\u0027s modelmanager",
            "messageBody": "",
            "insertions": 104,
            "deletions": 102
          },
          {
            "hash": "35855070ad562d4fc3e7eeed66499f61bd5d66dc",
            "messageTitle": "fixed tests",
            "messageBody": "",
            "insertions": 10,
            "deletions": 6
          },
          {
            "hash": "35d139f4d010ee90bb6c3c6ea577402bab090578",
            "messageTitle": "Added some more checks for assigning student to course",
            "messageBody": "",
            "insertions": 293,
            "deletions": 261
          },
          {
            "hash": "e46b7abe3043bfb12fd0d49c5be72bbb26de2222",
            "messageTitle": "Completed AssignAssignmentToCourse implementation with UI support",
            "messageBody": "",
            "insertions": 269,
            "deletions": 49
          }
        ]
      },
      {
        "insertions": 290,
        "deletions": 96,
        "date": "2020-04-01",
        "commitResults": [
          {
            "hash": "f0646d6750b40d1a19d75c1ce2ea440bd4ecd77a",
            "messageTitle": "updated according to event firing",
            "messageBody": "",
            "insertions": 25,
            "deletions": 60
          },
          {
            "hash": "9e93e2a7c120e24829aa84e7f653909a2a553089",
            "messageTitle": "Fixed bug",
            "messageBody": "",
            "insertions": 17,
            "deletions": 15
          },
          {
            "hash": "5c99d0d59044d0bc7547333c743723dab84930ea",
            "messageTitle": "completed unassign for assignment FROM course",
            "messageBody": "",
            "insertions": 248,
            "deletions": 21
          }
        ]
      },
      {
        "insertions": 273,
        "deletions": 127,
        "date": "2020-04-02",
        "commitResults": [
          {
            "hash": "0f170e6ea3fb22e2e7fbfc57d6855716ecfed59c",
            "messageTitle": "completed unassignstudentfromcourse",
            "messageBody": "",
            "insertions": 114,
            "deletions": 3
          },
          {
            "hash": "05972507b2647e9474239a0d89ff494fe5b58d04",
            "messageTitle": "complete unassign student from course",
            "messageBody": "",
            "insertions": 1,
            "deletions": 1
          },
          {
            "hash": "aa5e8ef567c093c5503ae34393a82fb83e8116b7",
            "messageTitle": "make storage load from empty address book to prevent dependency issues - temporary fix. need to consider dependency issue when loading from storage",
            "messageBody": "",
            "insertions": 135,
            "deletions": 102
          },
          {
            "hash": "2cb5785d18a856804553af5bd1a485146b4ab3fa",
            "messageTitle": "fixed bug with assign student to course",
            "messageBody": "",
            "insertions": 6,
            "deletions": 4
          },
          {
            "hash": "c062598f0770185d69fc2a82432af9224ec79898",
            "messageTitle": "merged with dat\u0027s part",
            "messageBody": "",
            "insertions": 17,
            "deletions": 17
          }
        ]
      },
      {
        "insertions": 445,
        "deletions": 44,
        "date": "2020-04-03",
        "commitResults": [
          {
            "hash": "be345e80293e58b7ac677283d78b2e3b9ff520a7",
            "messageTitle": "updated user guide, added edit and find assignment commands",
            "messageBody": "",
            "insertions": 445,
            "deletions": 44
          }
        ]
      },
      {
        "insertions": 1232,
        "deletions": 507,
        "date": "2020-04-04",
        "commitResults": [
          {
            "hash": "70695dbb54893c3bd12f39fb1c1364796317714c",
            "messageTitle": "add functionality of progress manager",
            "messageBody": "",
            "insertions": 82,
            "deletions": 11
          },
          {
            "hash": "5550f571499c2502ddd46dc59892f54260449a29",
            "messageTitle": "getProgress manager",
            "messageBody": "",
            "insertions": 101,
            "deletions": 77
          },
          {
            "hash": "bc6402cc2a8d311fe539bf6f91d9863306d5c649",
            "messageTitle": "can get number of assignments done for a student and course",
            "messageBody": "",
            "insertions": 16,
            "deletions": 0
          },
          {
            "hash": "c3fdddf1fd73306ef3a478e6c82d2f023d6395d2",
            "messageTitle": "Started implementation on done command",
            "messageBody": "",
            "insertions": 179,
            "deletions": 70
          },
          {
            "hash": "e5040e8a9cd1ff154d2eca59dfc82c9e0ca4352d",
            "messageTitle": "done command implemented",
            "messageBody": "",
            "insertions": 78,
            "deletions": 24
          },
          {
            "hash": "5ffa90a3c641adf4aafdc3cec12754a0cf9bd9eb",
            "messageTitle": "undone completed with undo and redo",
            "messageBody": "",
            "insertions": 131,
            "deletions": 1
          },
          {
            "hash": "8ce887eeb69b5e9e405c0deed8a14353c20c64bb",
            "messageTitle": "Complete Undo \u0026 Redo of AssignStudentToC and AssignAssignmentToC",
            "messageBody": "",
            "insertions": 40,
            "deletions": 11
          },
          {
            "hash": "cd5ef657a6fe36d933ce7ce0dd188617628bed55",
            "messageTitle": "Added implementation of assign and unassign teacher to course",
            "messageBody": "",
            "insertions": 137,
            "deletions": 29
          },
          {
            "hash": "c3437a0add55b579c519f4b6492072e913fd216c",
            "messageTitle": "Fixed some bugs regarding date",
            "messageBody": "",
            "insertions": 40,
            "deletions": 37
          },
          {
            "hash": "35586380c90957a300fe6552b13154a9133a86ff",
            "messageTitle": "stashing",
            "messageBody": "",
            "insertions": 345,
            "deletions": 94
          },
          {
            "hash": "e61fee7c0012785bb6336957e03dbde3ad1254da",
            "messageTitle": "merged with edge manager",
            "messageBody": "",
            "insertions": 45,
            "deletions": 141
          },
          {
            "hash": "6e54120ce986a85d89be24877007239c316df6c7",
            "messageTitle": "updated test",
            "messageBody": "",
            "insertions": 1,
            "deletions": 0
          },
          {
            "hash": "c716b23d974884b3d5567d8a797d9e88d59e0d4b",
            "messageTitle": "fixed compositeIDtest",
            "messageBody": "",
            "insertions": 7,
            "deletions": 7
          },
          {
            "hash": "2d26bd6d32fd361e80a02219ffb346452869986b",
            "messageTitle": "added functionality for UI",
            "messageBody": "",
            "insertions": 15,
            "deletions": 3
          },
          {
            "hash": "b6c188edde24680146e83dd235527903d1c1a728",
            "messageTitle": "made method to remove all progress for 1 student",
            "messageBody": "",
            "insertions": 13,
            "deletions": 0
          },
          {
            "hash": "c113d5cfacec36e406e9bce28ffdc634ffeda076",
            "messageTitle": "added eof",
            "messageBody": "",
            "insertions": 2,
            "deletions": 2
          }
        ]
      },
      {
        "insertions": 28,
        "deletions": 18,
        "date": "2020-04-07",
        "commitResults": [
          {
            "hash": "0279fb6f58f58b8076ce3c677e000f8a6c987748",
            "messageTitle": "fixed storage for progress",
            "messageBody": "",
            "insertions": 28,
            "deletions": 18
          }
        ]
      },
      {
        "insertions": 387,
        "deletions": 282,
        "date": "2020-04-08",
        "commitResults": [
          {
            "hash": "be75d85c58e2856346ebad99024c2fff3fb9b8c9",
            "messageTitle": "completed basic command",
            "messageBody": "",
            "insertions": 10,
            "deletions": 4
          },
          {
            "hash": "21abfea5d4c11c004186e15b9a0cd9bb48810d2d",
            "messageTitle": "completed undone also",
            "messageBody": "",
            "insertions": 70,
            "deletions": 4
          },
          {
            "hash": "3db33da5042f0ac48bd4319f84387c36274c38e4",
            "messageTitle": "updated progressmanager to handle saving into storage during assign and unassign",
            "messageBody": "",
            "insertions": 41,
            "deletions": 7
          },
          {
            "hash": "61ed8a48a036d027806b3da9c6cf48c5685b6025",
            "messageTitle": "unassign assignment from course can remove progress now",
            "messageBody": "",
            "insertions": 36,
            "deletions": 20
          },
          {
            "hash": "dba09ef6a9e15e64da953d96ca50697a5868c56b",
            "messageTitle": "updated some parts",
            "messageBody": "",
            "insertions": 51,
            "deletions": 69
          },
          {
            "hash": "9914508224e02c287d45facfc6007ee0f28f1b3c",
            "messageTitle": "refactored get/has to take use via ID method",
            "messageBody": "",
            "insertions": 107,
            "deletions": 152
          },
          {
            "hash": "178a0241e5dad0a4cf78b83906fcc6ba311988da",
            "messageTitle": "temp changes to undo assign",
            "messageBody": "",
            "insertions": 72,
            "deletions": 26
          }
        ]
      },
      {
        "insertions": 361,
        "deletions": 210,
        "date": "2020-04-09",
        "commitResults": [
          {
            "hash": "d2f51042533da0fe101404c4b8fefd860cb4b417",
            "messageTitle": "completed undo/redo for assigning",
            "messageBody": "",
            "insertions": 56,
            "deletions": 8
          },
          {
            "hash": "2c420f21b46c03708de37f48c03633943116a4d5",
            "messageTitle": "updated UniqueProgressList",
            "messageBody": "",
            "insertions": 0,
            "deletions": 8
          },
          {
            "hash": "9894d7bb6169e7c86f3edf06d8d591c7adb5d808",
            "messageTitle": "fixed bugs regarding progressmanager",
            "messageBody": "",
            "insertions": 5,
            "deletions": 8
          },
          {
            "hash": "b1d97bb79357ee32db18339cbe64d0d73880d0bd",
            "messageTitle": "added some updates for DG",
            "messageBody": "",
            "insertions": 19,
            "deletions": 25
          },
          {
            "hash": "73a55b623ee2d14f85272849bf6b29bbda20f47b",
            "messageTitle": "fixed bug where you couldn\u0027t see the reason for invalid unassigning",
            "messageBody": "",
            "insertions": 63,
            "deletions": 47
          },
          {
            "hash": "3c88bbe125c3fcfd7a1c208bb2f2c39cdcf5b4fc",
            "messageTitle": "change for unassign teacher from course",
            "messageBody": "",
            "insertions": 25,
            "deletions": 12
          },
          {
            "hash": "83e59ff6db92ec6387d0b535ee363df7a18b2831",
            "messageTitle": "change checks for assign assignment to course",
            "messageBody": "",
            "insertions": 31,
            "deletions": 13
          },
          {
            "hash": "1287d40ac8a5a69c91a7d3192421ef0d90d73665",
            "messageTitle": "updated all assign and unassign commands to use preprocess undo",
            "messageBody": "",
            "insertions": 60,
            "deletions": 24
          },
          {
            "hash": "c86895bf748eaa224ad479450f88187bb17553cc",
            "messageTitle": "fixed bugs regarding done and undone \u0026\u0026 update progress equals and weakEquals",
            "messageBody": "",
            "insertions": 102,
            "deletions": 65
          }
        ]
      },
      {
        "insertions": 5,
        "deletions": 5,
        "date": "2020-04-10",
        "commitResults": [
          {
            "hash": "2261ccbccb942d1ac1099150aee27cfbe91e87ff",
            "messageTitle": "fixed bug for unassign of teachertocourse",
            "messageBody": "",
            "insertions": 5,
            "deletions": 2
          },
          {
            "hash": "46ebfd3c62628af459aabea72e8134d162d12068",
            "messageTitle": "minor changes to dg",
            "messageBody": "",
            "insertions": 0,
            "deletions": 3
          }
        ]
      },
      {
        "insertions": 6,
        "deletions": 12,
        "date": "2020-04-11",
        "commitResults": [
          {
            "hash": "234de72374c14a7f0f9a2b42ce5a0b48d46881af",
            "messageTitle": "update entity manager",
            "messageBody": "",
            "insertions": 6,
            "deletions": 12
          }
        ]
      },
      {
        "insertions": 258,
        "deletions": 451,
        "date": "2020-04-12",
        "commitResults": [
          {
            "hash": "8be164124613d6b313f43eaa571a52e6489e125d",
            "messageTitle": "updated modelclassdiagram",
            "messageBody": "",
            "insertions": 258,
            "deletions": 451
          }
        ]
      },
      {
        "insertions": 15979,
        "deletions": 16132,
        "date": "2020-04-13",
        "commitResults": [
          {
            "hash": "1ebfeee8a8d83e0b0be0540b38f24be49b20ed73",
            "messageTitle": "fixed style issues",
            "messageBody": "",
            "insertions": 15971,
            "deletions": 16123
          },
          {
            "hash": "e8941a0def66c1ac20aa774817cc920df39c243f",
            "messageTitle": "finished merge",
            "messageBody": "",
            "insertions": 1,
            "deletions": 1
          },
          {
            "hash": "31f8ca5b1b77c6b8b3bc9fac53990595b140c5db",
            "messageTitle": "completed ivan\u0027s part for DG",
            "messageBody": "",
            "insertions": 3,
            "deletions": 7
          },
          {
            "hash": "ce4c0aa86db1b5866ae8aeb681894372ac9eb3ff",
            "messageTitle": "finish ivan\u0027s PPP",
            "messageBody": "",
            "insertions": 4,
            "deletions": 1
          }
        ]
      }
    ],
    "tiendat161": [
      {
        "insertions": 44,
        "deletions": 7,
        "date": "2020-03-17",
        "commitResults": [
          {
            "hash": "c8a1279c92c07564bd0e480d7febc4b204a90701",
            "messageTitle": "Edit adding person to have unknown value of Phone, Email and Address",
            "messageBody": "",
            "insertions": 26,
            "deletions": 3
          },
          {
            "hash": "d120d14e1d6d45c8ea5558406e65acca327b8462",
            "messageTitle": "Make phone, address, email optional when adding a person",
            "messageBody": "",
            "insertions": 18,
            "deletions": 4
          }
        ]
      },
      {
        "insertions": 50,
        "deletions": 19,
        "date": "2020-03-18",
        "commitResults": [
          {
            "hash": "f5712108a3fc6fb4b6ddb16c2f85d82271b82788",
            "messageTitle": "Hide Phone, Email, Address and Tags if these info are Unknown",
            "messageBody": "",
            "insertions": 47,
            "deletions": 15
          },
          {
            "hash": "7cbf6bbe11d28a288746c6fd960938c16cd7fb93",
            "messageTitle": "fix testcase to pass for adding a new Person",
            "messageBody": "",
            "insertions": 3,
            "deletions": 4
          }
        ]
      },
      {
        "insertions": 56,
        "deletions": 72,
        "date": "2020-03-24",
        "commitResults": [
          {
            "hash": "05915afa62585c5b3760b1252d3bff0465e7d88f",
            "messageTitle": "Make adding a teacher optional for Phone, Email, Address, Salary, just Name is compulsory",
            "messageBody": "",
            "insertions": 56,
            "deletions": 72
          }
        ]
      },
      {
        "insertions": 244,
        "deletions": 168,
        "date": "2020-03-28",
        "commitResults": [
          {
            "hash": "1807e5a137235ed6dafbc5ea78d3d6c85e3725ab",
            "messageTitle": "Refactor Teacher class to Staff class and rename modelTeacher to modelStaff only",
            "messageBody": "",
            "insertions": 207,
            "deletions": 110
          },
          {
            "hash": "a64dd4dbc1e43c63899d511d70d62dc42d5134fe",
            "messageTitle": "Refactor Teacher class to Staff class and rename modelTeacher to modelStaff only",
            "messageBody": "",
            "insertions": 37,
            "deletions": 58
          }
        ]
      },
      {
        "insertions": 484,
        "deletions": 488,
        "date": "2020-03-29",
        "commitResults": [
          {
            "hash": "3b11153a2cb61d6568cd2fe71688776de6d31a46",
            "messageTitle": "Staff edit part 2",
            "messageBody": "",
            "insertions": 294,
            "deletions": 311
          },
          {
            "hash": "fc5ac974b55cf4e718fc05d1ee0c8c0bc426dbcf",
            "messageTitle": "Refactor Staff in Model.java",
            "messageBody": "",
            "insertions": 48,
            "deletions": 49
          },
          {
            "hash": "f76d707caaf1be249b8d7348c0dab9b33c10e0ac",
            "messageTitle": "Refactor Staff in Logic.java",
            "messageBody": "",
            "insertions": 25,
            "deletions": 26
          },
          {
            "hash": "fcd602edde5e2570dc539e6c3608ae7079687438",
            "messageTitle": "Refactor Add/Edit and Delete a teacher into a staff",
            "messageBody": "",
            "insertions": 117,
            "deletions": 102
          }
        ]
      },
      {
        "insertions": 242,
        "deletions": 523,
        "date": "2020-03-31",
        "commitResults": [
          {
            "hash": "36d69032b24367a3a1b7a1bfbe0924ec8a711ffc",
            "messageTitle": "Add enum permission level for staff",
            "messageBody": "",
            "insertions": 42,
            "deletions": 12
          },
          {
            "hash": "1c36b3893b375e9d3d1cefeb4b691648235b2e5d",
            "messageTitle": "Refactor Staff class in JsonAdaptedStaff and in some Travis Test",
            "messageBody": "",
            "insertions": 50,
            "deletions": 33
          },
          {
            "hash": "1400eb3dc596f55ab6ddbdb1ba51c335af52f60f",
            "messageTitle": "Solving conflicts",
            "messageBody": "",
            "insertions": 150,
            "deletions": 478
          }
        ]
      },
      {
        "insertions": 5,
        "deletions": 94,
        "date": "2020-04-01",
        "commitResults": [
          {
            "hash": "6014cefa1c59140ece600fff9746502b89326af7",
            "messageTitle": "Fix test case",
            "messageBody": "",
            "insertions": 4,
            "deletions": 93
          },
          {
            "hash": "1d577ad4320714d83c1efa458624d5970e50c943",
            "messageTitle": "Change UI to show ID, assigned Courses for Staff",
            "messageBody": "",
            "insertions": 1,
            "deletions": 1
          }
        ]
      },
      {
        "insertions": 2,
        "deletions": 5,
        "date": "2020-04-03",
        "commitResults": [
          {
            "hash": "17a13c239f077756a6c2c057c979ddd312a50ea0",
            "messageTitle": "no changes",
            "messageBody": "",
            "insertions": 2,
            "deletions": 5
          }
        ]
      },
      {
        "insertions": 401,
        "deletions": 442,
        "date": "2020-04-04",
        "commitResults": [
          {
            "hash": "86de6df600f530a8ad3ca713b07daeacbeebefbb",
            "messageTitle": "modify delete student with student ID instead of index",
            "messageBody": "",
            "insertions": 32,
            "deletions": 25
          },
          {
            "hash": "978319dbf9bb13f18fe129b4e574416018d40a67",
            "messageTitle": "Fix undo to insert student to the previous index",
            "messageBody": "",
            "insertions": 16,
            "deletions": 2
          },
          {
            "hash": "627e0e39ffc62aa327556f6f950c00aaa667562d",
            "messageTitle": "Refactor delete-course using course ID instead of course index",
            "messageBody": "",
            "insertions": 42,
            "deletions": 24
          },
          {
            "hash": "b1c4301e54e59c11ba38b20647696010100c1009",
            "messageTitle": "Refactor delete-assignment using assignment ID instead of assignment index",
            "messageBody": "",
            "insertions": 39,
            "deletions": 18
          },
          {
            "hash": "e6f4a21861d053acbd22a59fe7d5a7bed1722542",
            "messageTitle": "Refactor delete-teacher using teacher ID instead of teache index",
            "messageBody": "",
            "insertions": 84,
            "deletions": 21
          },
          {
            "hash": "039d8f6d961637a8ce70831ff16e6d48aee8860a",
            "messageTitle": "Hide testcase of deleting assignment using index, which is nolonger available",
            "messageBody": "",
            "insertions": 3,
            "deletions": 212
          },
          {
            "hash": "b5305fc25f34dff540f53eb134ea29bb7b271f12",
            "messageTitle": "Refactor add-staff to have a level field lvl/ to be either teacher/admin",
            "messageBody": "",
            "insertions": 41,
            "deletions": 30
          },
          {
            "hash": "8584061a43294129ec322316520d45fb27845e17",
            "messageTitle": "edit-staff now take ID instead of index",
            "messageBody": "",
            "insertions": 42,
            "deletions": 52
          },
          {
            "hash": "c038ee95aa2107eb42c40bc09d00f7c2f6b4ba97",
            "messageTitle": "edit-student now take ID instead of index",
            "messageBody": "",
            "insertions": 32,
            "deletions": 23
          },
          {
            "hash": "e82cd86860418069ab7725b93a24baa929a39b05",
            "messageTitle": "edit-course now take ID instead of index",
            "messageBody": "",
            "insertions": 38,
            "deletions": 20
          },
          {
            "hash": "57c566d831eca8c7a8cd0207a8ccb9473fda8fbb",
            "messageTitle": "edit-assignment now take ID instead of index",
            "messageBody": "",
            "insertions": 32,
            "deletions": 15
          }
        ]
      },
      {
        "insertions": 221,
        "deletions": 340,
        "date": "2020-04-07",
        "commitResults": [
          {
            "hash": "3d0fdcc4784013766921480c887a921da0d26a81",
            "messageTitle": "Edit student extends doableCommand",
            "messageBody": "",
            "insertions": 60,
            "deletions": 289
          },
          {
            "hash": "24d52c89058d0714b160269dc6ad89d08c714d44",
            "messageTitle": "EditStudentCommand extends EditCommand Extends UndoableCommand",
            "messageBody": "",
            "insertions": 49,
            "deletions": 20
          },
          {
            "hash": "c7bc6866bfe23e33a23f202e489081e88d02a686",
            "messageTitle": "add EOF",
            "messageBody": "",
            "insertions": 1,
            "deletions": 1
          },
          {
            "hash": "452ed015b73b9b12f0c908d1ff7da5cd74d9391e",
            "messageTitle": "EditTeacherCommand is Undoable, allow edit gender",
            "messageBody": "",
            "insertions": 45,
            "deletions": 11
          },
          {
            "hash": "372ea0fbe652e9f254364a9e0a3b71ae390b140a",
            "messageTitle": "EditCourseCommand is Undoable",
            "messageBody": "",
            "insertions": 32,
            "deletions": 8
          },
          {
            "hash": "64bb3bdc7a1cd872766ec39dbfabe96974901f16",
            "messageTitle": "EditAssignmentCommand is Undoable",
            "messageBody": "",
            "insertions": 34,
            "deletions": 11
          }
        ]
      },
      {
        "insertions": 176,
        "deletions": 145,
        "date": "2020-04-08",
        "commitResults": [
          {
            "hash": "badd2e3e69f92f08125954444ec9baff7f021ee1",
            "messageTitle": "Edit finance is Undoable and takes in ID instead of Index",
            "messageBody": "",
            "insertions": 61,
            "deletions": 33
          },
          {
            "hash": "e201c63d64eb821821f113566ce13062de6a371c",
            "messageTitle": "Delete Finance takes ID instead of Index",
            "messageBody": "",
            "insertions": 36,
            "deletions": 13
          },
          {
            "hash": "2b44dc8ad5fe32805508191542807b32ba122db4",
            "messageTitle": "Abstract some methods away in DeleteFinanceCommand",
            "messageBody": "",
            "insertions": 16,
            "deletions": 4
          },
          {
            "hash": "758d8ef5655ef4eaa5c6d7453465397499fc0e63",
            "messageTitle": "Deleted unnecessary methods",
            "messageBody": "",
            "insertions": 0,
            "deletions": 20
          },
          {
            "hash": "970dba106865d349c8e39969db6dd265e8dba90c",
            "messageTitle": "Abstract away unnecesary methods in EditFinanceCommand",
            "messageBody": "",
            "insertions": 12,
            "deletions": 17
          },
          {
            "hash": "9ef4358b63ff07a9196b7b2dc62405baccc2f910",
            "messageTitle": "abstract get and has method in DeleteStudentCommand",
            "messageBody": "",
            "insertions": 8,
            "deletions": 22
          },
          {
            "hash": "823de15253ac66991f0466ad8c09494dbb9b1761",
            "messageTitle": "Implement method getIndex return Index of obj in the list AB",
            "messageBody": "",
            "insertions": 39,
            "deletions": 20
          },
          {
            "hash": "4c6ba0ac5a5fd2a37c04ae18c5be53a674d01710",
            "messageTitle": "refactor DeleteFinanceCommand",
            "messageBody": "",
            "insertions": 4,
            "deletions": 16
          }
        ]
      },
      {
        "insertions": 223,
        "deletions": 464,
        "date": "2020-04-09",
        "commitResults": [
          {
            "hash": "954c90f57512dc567b1412667088702803da874d",
            "messageTitle": "Some refactors for DeleteAssignmentCommand and DeleteCourseCommand",
            "messageBody": "",
            "insertions": 16,
            "deletions": 68
          },
          {
            "hash": "1412447535a279cdc4008aa4d8581318eb3da40f",
            "messageTitle": "Small refactor for DeleteTeacherCommand",
            "messageBody": "",
            "insertions": 8,
            "deletions": 34
          },
          {
            "hash": "fd21196a4a780810ad04a6369ac6a36f2ea5e4de",
            "messageTitle": "Eliminate some redundant code for EditCommands",
            "messageBody": "",
            "insertions": 48,
            "deletions": 73
          },
          {
            "hash": "06430444419378dd94894b7c0a07055cd33b1fd6",
            "messageTitle": "Delete other clear Commands, implement only 1 clear-all command",
            "messageBody": "",
            "insertions": 22,
            "deletions": 188
          },
          {
            "hash": "cad92d4e3b73a3d232c79bd49a49a1ffa3cc3c89",
            "messageTitle": "save json file when clear",
            "messageBody": "",
            "insertions": 5,
            "deletions": 0
          },
          {
            "hash": "7fa6bb71bf6e7f1bbcaf1d5af896ca737de36028",
            "messageTitle": "fix bug clear-all not saved",
            "messageBody": "",
            "insertions": 1,
            "deletions": 0
          },
          {
            "hash": "a4a82b95756e043605e04d3780df3d3f791604a7",
            "messageTitle": "Restriction range for Amount to be 10 million",
            "messageBody": "",
            "insertions": 44,
            "deletions": 27
          },
          {
            "hash": "ae77407bf3514865a22f3fb36d23793df01bae87",
            "messageTitle": "Refactor name of all TeacherCommand to StaffCommand",
            "messageBody": "",
            "insertions": 53,
            "deletions": 48
          },
          {
            "hash": "9c3386dea08fd3d646ed699475013052699467a1",
            "messageTitle": "Change name for find and list teacher to find and list staff",
            "messageBody": "",
            "insertions": 26,
            "deletions": 26
          }
        ]
      },
      {
        "insertions": 548,
        "deletions": 401,
        "date": "2020-04-10",
        "commitResults": [
          {
            "hash": "1c6fb3806989d2d78f9ed20a20d12e33363db2ba",
            "messageTitle": "Rename Parser",
            "messageBody": "",
            "insertions": 28,
            "deletions": 70
          },
          {
            "hash": "906c97a8677a1bda9ed7d1608daabdb6137691d0",
            "messageTitle": "Fix AddFinance type cs, ct bug",
            "messageBody": "",
            "insertions": 52,
            "deletions": 100
          },
          {
            "hash": "ea89936bf7461d97bc0541025f692557c5ce4d62",
            "messageTitle": "Doc for Staff.java",
            "messageBody": "",
            "insertions": 56,
            "deletions": 32
          },
          {
            "hash": "40f7bbd204c5cb1d982c5968375279b3774a47ad",
            "messageTitle": "Doc for Assignment",
            "messageBody": "",
            "insertions": 44,
            "deletions": 12
          },
          {
            "hash": "bf85898c9e616234ced804823e07dc23ac010b08",
            "messageTitle": "Doc for Course",
            "messageBody": "",
            "insertions": 196,
            "deletions": 133
          },
          {
            "hash": "104a9d0caa69a13450c55821d82ed91a95178aef",
            "messageTitle": "Docs for Student",
            "messageBody": "",
            "insertions": 71,
            "deletions": 27
          },
          {
            "hash": "23636f99918dde679c1306ad5465d3c66ee1fcd2",
            "messageTitle": " Doc for Progress",
            "messageBody": "",
            "insertions": 38,
            "deletions": 15
          },
          {
            "hash": "03a7eb878191f6cc9434df157d6db9353699ee8f",
            "messageTitle": "Doc for Finance",
            "messageBody": "",
            "insertions": 63,
            "deletions": 12
          }
        ]
      },
      {
        "insertions": 579,
        "deletions": 462,
        "date": "2020-04-11",
        "commitResults": [
          {
            "hash": "29643b7a233e010b5ad41e393fcd203c67820c64",
            "messageTitle": "Remove unused files for model Assignment",
            "messageBody": "",
            "insertions": 21,
            "deletions": 58
          },
          {
            "hash": "a0067d449525bf3f257e7e0e799c63c6d5a6ed7c",
            "messageTitle": "Docs for modelGeneric and remove unused files in Finance",
            "messageBody": "",
            "insertions": 51,
            "deletions": 163
          },
          {
            "hash": "ac3a05ed19ebfa5b7a29c87b38fb33068eed42e1",
            "messageTitle": "Doc for Model Manager",
            "messageBody": "",
            "insertions": 372,
            "deletions": 227
          },
          {
            "hash": "0d9eebec560b05a4b1f64b0e0bfba0d21b7d2978",
            "messageTitle": "Doc for UserPrefs",
            "messageBody": "",
            "insertions": 60,
            "deletions": 3
          },
          {
            "hash": "1c93b04fc4245f82e602289649ca7fb5ca15eb58",
            "messageTitle": "Docs for ReadOnlyUserPrefs",
            "messageBody": "",
            "insertions": 8,
            "deletions": 1
          },
          {
            "hash": "7de121dae90da3c86c71fb833b68a636fa33c86a",
            "messageTitle": "Add JUnit test for Staff -\u003e StaffTest",
            "messageBody": "",
            "insertions": 33,
            "deletions": 0
          },
          {
            "hash": "ead1c699d09d47c8d5f8c935f4da0b0113d3fda9",
            "messageTitle": "JUnit Test for Student -\u003e StudentTest",
            "messageBody": "",
            "insertions": 34,
            "deletions": 10
          }
        ]
      },
      {
        "insertions": 216,
        "deletions": 79,
        "date": "2020-04-12",
        "commitResults": [
          {
            "hash": "db92badc6119f22f2becdcc6e67372e55acf07a4",
            "messageTitle": "More test for Staff",
            "messageBody": "",
            "insertions": 204,
            "deletions": 68
          },
          {
            "hash": "d623eff8c8b686f5c7c59483cb2d175a5fc9b426",
            "messageTitle": "Edit User Guide",
            "messageBody": "",
            "insertions": 12,
            "deletions": 11
          }
        ]
      },
      {
        "insertions": 11,
        "deletions": 1,
        "date": "2020-04-13",
        "commitResults": [
          {
            "hash": "01239b146309d66b33f85712e0237cc6553e35e8",
            "messageTitle": "Fix clear-all bug",
            "messageBody": "",
            "insertions": 11,
            "deletions": 1
          }
        ]
      }
    ],
    "ShengXue97": [
      {
        "insertions": 688,
        "deletions": 44,
        "date": "2020-02-23",
        "commitResults": [
          {
            "hash": "8b9fa5a55c68e53daf4affa8c566e370277a1398",
            "messageTitle": "Added left menu buttons!!!! :)",
            "messageBody": "",
            "insertions": 36,
            "deletions": 21
          },
          {
            "hash": "540d66278b3cc37bb9148d9b0aae7da484565e4f",
            "messageTitle": "Manage to add base code for different tabs??",
            "messageBody": "",
            "insertions": 135,
            "deletions": 0
          },
          {
            "hash": "a16445e4502e87b80be3db0c585b7882b18d6737",
            "messageTitle": "Trying to add different tabs",
            "messageBody": "",
            "insertions": 145,
            "deletions": 23
          },
          {
            "hash": "d7f8b3775112080ff6ddb4803958bd1417aee66e",
            "messageTitle": "Added base for course and finance tab",
            "messageBody": "",
            "insertions": 240,
            "deletions": 0
          },
          {
            "hash": "64af336c21ba6c62c1ec73dc8a36e176ff34af00",
            "messageTitle": "Added nice border",
            "messageBody": "",
            "insertions": 132,
            "deletions": 0
          }
        ]
      },
      {
        "insertions": 7910,
        "deletions": 562,
        "date": "2020-02-24",
        "commitResults": [
          {
            "hash": "bf5a23c6f17afbfbb0fc7400bfabe1acb1755715",
            "messageTitle": "still trying to make new tab work",
            "messageBody": "",
            "insertions": 1318,
            "deletions": 83
          },
          {
            "hash": "9b924ba58d526fb29e2c5970b32f2421dec35346",
            "messageTitle": "FINALLY MANAGED TO ADD TEACHER TAB!!!",
            "messageBody": "",
            "insertions": 1,
            "deletions": 5
          },
          {
            "hash": "21531721526ca49bb0b16e25df0a3b2a285dde8e",
            "messageTitle": "Moved teacher into packages",
            "messageBody": "",
            "insertions": 216,
            "deletions": 40
          },
          {
            "hash": "6b90565287c4c8f9189391ec459e6a280c511dce",
            "messageTitle": "Database for students, teachers, courses, and finances now work",
            "messageBody": "",
            "insertions": 3554,
            "deletions": 196
          },
          {
            "hash": "346ad9b17ebdbbe62910c099c4b9e6d1849a9121",
            "messageTitle": "Added description to cards",
            "messageBody": "",
            "insertions": 28,
            "deletions": 7
          },
          {
            "hash": "5afd062c2b77fda34705c54dab5e8792b51d160b",
            "messageTitle": "Support adding student command",
            "messageBody": "",
            "insertions": 183,
            "deletions": 41
          },
          {
            "hash": "f8de9f774c3a38e21dd83ab9e978bac5589d2f00",
            "messageTitle": "Add command for all 4",
            "messageBody": "",
            "insertions": 118,
            "deletions": 0
          },
          {
            "hash": "bda4890b171878c82df1cde4703ebbc077be3d23",
            "messageTitle": "Add command for all 4",
            "messageBody": "",
            "insertions": 76,
            "deletions": 82
          },
          {
            "hash": "574a3e23d14b85845ab4ca1af55398b6f9648fb6",
            "messageTitle": "Put Add Commands into packages",
            "messageBody": "",
            "insertions": 75,
            "deletions": 58
          },
          {
            "hash": "65ecd940dde19553887b0a45aacdfc23f2537c57",
            "messageTitle": "Now supports delete for all 4 tabs!",
            "messageBody": "",
            "insertions": 392,
            "deletions": 12
          },
          {
            "hash": "04956339aef56a1dc49774959502f7761c364029",
            "messageTitle": "Added Find commands for all 4 tabs",
            "messageBody": "",
            "insertions": 467,
            "deletions": 10
          },
          {
            "hash": "172fcb53b92192cb7db4cbe57f87cecb7be86bd3",
            "messageTitle": "Added List command for all 4 tabs",
            "messageBody": "",
            "insertions": 100,
            "deletions": 0
          },
          {
            "hash": "6af5d785762fa96c28a4bc8726fae1545364a6f7",
            "messageTitle": "Added List command for all 4 tabs",
            "messageBody": "",
            "insertions": 34,
            "deletions": 7
          },
          {
            "hash": "7d8141dfa5cc3eb01b48baa3704a6ff1f5bf5486",
            "messageTitle": "Support editing for all 4 tabs",
            "messageBody": "",
            "insertions": 1348,
            "deletions": 21
          }
        ]
      },
      {
        "insertions": 10327,
        "deletions": 8944,
        "date": "2020-02-29",
        "commitResults": [
          {
            "hash": "851d37dce91b36ad1acfbb233607a9f3e352b655",
            "messageTitle": "reformat code",
            "messageBody": "",
            "insertions": 9128,
            "deletions": 8885
          },
          {
            "hash": "39e552c020b5e5e5acefe08932a36dde0c4edf3d",
            "messageTitle": "Try to fix Junit tests",
            "messageBody": "",
            "insertions": 1114,
            "deletions": 26
          },
          {
            "hash": "45dee28bbb0bc4b13bd907adea29b2db7234d93c",
            "messageTitle": "Fixed testing issues",
            "messageBody": "",
            "insertions": 85,
            "deletions": 33
          }
        ]
      },
      {
        "insertions": 323,
        "deletions": 94,
        "date": "2020-03-13",
        "commitResults": [
          {
            "hash": "c1dfa953f1216abd745437f1512ff0a5e8b436ce",
            "messageTitle": "Basic expense command",
            "messageBody": "",
            "insertions": 49,
            "deletions": 1
          },
          {
            "hash": "4d78533537493cf94c33eebaf875eda2cabaf66c",
            "messageTitle": "Add \"earnings\" and \"expenses\" command",
            "messageBody": "",
            "insertions": 65,
            "deletions": 14
          },
          {
            "hash": "b990301308833e494bc2fa08d66ee8994fb8a1f4",
            "messageTitle": "GUI- Changed command boxes colors",
            "messageBody": "",
            "insertions": 88,
            "deletions": 39
          },
          {
            "hash": "b988e1be2a779fe88f25c6d483f2018a94d03a4a",
            "messageTitle": "Change cells colors",
            "messageBody": "",
            "insertions": 5,
            "deletions": 5
          },
          {
            "hash": "00a0c9ebfcd97a01b64b297ea7d57bbab9fb02d5",
            "messageTitle": "Fixed empty cards colours",
            "messageBody": "",
            "insertions": 25,
            "deletions": 0
          },
          {
            "hash": "8b5049ddfe188cee86ae7d3908267a19d6399963",
            "messageTitle": "Fixed empty card colors",
            "messageBody": "",
            "insertions": 86,
            "deletions": 30
          },
          {
            "hash": "dcadd7316626252ad8a346ed9ec5215c7642aab0",
            "messageTitle": "Change scrollbar",
            "messageBody": "",
            "insertions": 5,
            "deletions": 5
          }
        ]
      },
      {
        "insertions": 2018,
        "deletions": 276,
        "date": "2020-03-22",
        "commitResults": [
          {
            "hash": "0c2978f46bbcc3307f778ab4ce1b5e3944fd99f5",
            "messageTitle": "Try Adding coursestudent",
            "messageBody": "",
            "insertions": 938,
            "deletions": 13
          },
          {
            "hash": "1addba9e889399d52de11e53da44ce114927e06d",
            "messageTitle": "Add coursestudent storage (alpha)",
            "messageBody": "",
            "insertions": 254,
            "deletions": 66
          },
          {
            "hash": "f4a5529a59280e7612b5b841baf6249413eb679f",
            "messageTitle": "Added support for assignment of students to courses",
            "messageBody": "",
            "insertions": 175,
            "deletions": 16
          },
          {
            "hash": "6c4f0d96f25017237e407fbe11a1c5615bf4abca",
            "messageTitle": "Succeed in showing list of students for courses",
            "messageBody": "",
            "insertions": 58,
            "deletions": 0
          },
          {
            "hash": "a7be8a5e169fbdfc75d6b240dfee1508f744289e",
            "messageTitle": "Added studentID to student, and course fee to course",
            "messageBody": "",
            "insertions": 131,
            "deletions": 70
          },
          {
            "hash": "2ef104b38527ba7f87e2da793231bc85fb8f628b",
            "messageTitle": "Fix some sampel test cases",
            "messageBody": "",
            "insertions": 6,
            "deletions": 6
          },
          {
            "hash": "52497dbe25e77e402fb25fdffcae14d1194e7567",
            "messageTitle": "Finally done with Course-Student assignment, all displayed on the GUI",
            "messageBody": "",
            "insertions": 146,
            "deletions": 49
          },
          {
            "hash": "d2b2c50df5b1c3fde857339371a578f07624d1db",
            "messageTitle": "Fix Test cases after adding course-students",
            "messageBody": "",
            "insertions": 310,
            "deletions": 56
          }
        ]
      },
      {
        "insertions": 1003,
        "deletions": 1578,
        "date": "2020-03-26",
        "commitResults": [
          {
            "hash": "bcb978e27d53a286a97a8582a57c245c18b69769",
            "messageTitle": "Removed all CourseStudent",
            "messageBody": "",
            "insertions": 63,
            "deletions": 1391
          },
          {
            "hash": "3dba9ffeefdf4d4b28bf59f398408282d63db63f",
            "messageTitle": "Fixed coursestudent tests",
            "messageBody": "",
            "insertions": 37,
            "deletions": 20
          },
          {
            "hash": "fcc5740916fc70e35218e290b16f4faf160cd672",
            "messageTitle": "Add assigning student to course, and assigning course to student",
            "messageBody": "",
            "insertions": 294,
            "deletions": 109
          },
          {
            "hash": "f665f15d0bef760e7257c0bee68d23ead86f6fc9",
            "messageTitle": "Fix tests",
            "messageBody": "",
            "insertions": 29,
            "deletions": 3
          },
          {
            "hash": "610b05d7285905407321cfd0c32acbe2e96c548d",
            "messageTitle": "For Finance: Added FinanceType and Date For Course: Added AssignedTeacher",
            "messageBody": "",
            "insertions": 373,
            "deletions": 14
          },
          {
            "hash": "c21da5bff8fcd203986743f1af09396293c8a7b6",
            "messageTitle": "allow assigning teacher to course",
            "messageBody": "",
            "insertions": 207,
            "deletions": 41
          }
        ]
      },
      {
        "insertions": 712,
        "deletions": 179,
        "date": "2020-03-27",
        "commitResults": [
          {
            "hash": "8a40e58860ed027e072d68eaaf4954e52cfd7722",
            "messageTitle": "Tempt addition (Bug: teacher course does not save)",
            "messageBody": "",
            "insertions": 94,
            "deletions": 8
          },
          {
            "hash": "11c0e7da935a943f1ecaf6135fa55df8b5a06dd3",
            "messageTitle": "Fixed tests",
            "messageBody": "",
            "insertions": 61,
            "deletions": 89
          },
          {
            "hash": "d385f3d7c6678d54b0c2b9d3a7c63d4943d607fc",
            "messageTitle": "Fixed bug of assigning teacher to course not saving",
            "messageBody": "",
            "insertions": 5,
            "deletions": 9
          },
          {
            "hash": "ade776818c2b1f9fa3f1f21db7efc9e664e5bdfd",
            "messageTitle": "Added basics of paying teacher and student",
            "messageBody": "",
            "insertions": 259,
            "deletions": 26
          },
          {
            "hash": "0fa4511607a15482d2a979a45e9fdeeeabe2ddb8",
            "messageTitle": "Added proper feedback to user for invalid Finance commands",
            "messageBody": "",
            "insertions": 54,
            "deletions": 20
          },
          {
            "hash": "92ddb862a178d42d428f07326aa845974e2e65be",
            "messageTitle": "Allow paying of teacher and students (works)",
            "messageBody": "",
            "insertions": 96,
            "deletions": 11
          },
          {
            "hash": "f1f7a599da85d0eed27cea52fa1cdf33ce101fc3",
            "messageTitle": "Now paying checks if the course contains the teacher or student",
            "messageBody": "",
            "insertions": 24,
            "deletions": 0
          },
          {
            "hash": "639b9968bcd3291a1a098ff9a512c7b86551e107",
            "messageTitle": "fix tests",
            "messageBody": "",
            "insertions": 118,
            "deletions": 15
          },
          {
            "hash": "93dea3618d97974e9a420ffb6d7ad73b6cd0284a",
            "messageTitle": "Paying teacher should be negative amount",
            "messageBody": "",
            "insertions": 1,
            "deletions": 1
          }
        ]
      },
      {
        "insertions": 504,
        "deletions": 473,
        "date": "2020-03-28",
        "commitResults": [
          {
            "hash": "37299707145755da73abac5914a08c54dc619737",
            "messageTitle": "Lotsa bugs (try change course student impl)",
            "messageBody": "",
            "insertions": 148,
            "deletions": 69
          },
          {
            "hash": "31c026d7a945ba9db3972d3d9a23ea260275ae3b",
            "messageTitle": "Fixed bug :)) of course assignment not saving",
            "messageBody": "",
            "insertions": 69,
            "deletions": 288
          },
          {
            "hash": "42f14fd6b43cbacf60f860ae5e87e5450c18bb80",
            "messageTitle": "changed sample data",
            "messageBody": "",
            "insertions": 8,
            "deletions": 4
          },
          {
            "hash": "d89d280adcf790e20642139c4d2078494d2458b9",
            "messageTitle": "Fixed sample test cases!",
            "messageBody": "",
            "insertions": 246,
            "deletions": 81
          },
          {
            "hash": "9ead00df7f68e7d29d745bafbe7af1cbae74c5f3",
            "messageTitle": "Fixed tests",
            "messageBody": "",
            "insertions": 33,
            "deletions": 31
          }
        ]
      },
      {
        "insertions": 26,
        "deletions": 35,
        "date": "2020-03-29",
        "commitResults": [
          {
            "hash": "e7a105fb8ec8df6e293f402430e43b4410dcd260",
            "messageTitle": "Fix missing numbers for course and student",
            "messageBody": "",
            "insertions": 6,
            "deletions": 0
          },
          {
            "hash": "6b466c2449a17367558979613c2a7b06d1b92726",
            "messageTitle": "Fix UI sizes",
            "messageBody": "",
            "insertions": 20,
            "deletions": 35
          }
        ]
      },
      {
        "insertions": 329,
        "deletions": 128,
        "date": "2020-04-01",
        "commitResults": [
          {
            "hash": "5caef826bbda398c5b7bc399a8c6e26f6afb6ec5",
            "messageTitle": "Fixed some bugs",
            "messageBody": "",
            "insertions": 9,
            "deletions": 17
          },
          {
            "hash": "5c8c6d6a37c97d52776539df28e80768ae0f96ab",
            "messageTitle": "Try fix bug",
            "messageBody": "",
            "insertions": 27,
            "deletions": 41
          },
          {
            "hash": "ec2063c3bd5e2d9d3d5bd58e28fa1d33ac56cc2c",
            "messageTitle": "try fix bug",
            "messageBody": "",
            "insertions": 18,
            "deletions": 6
          },
          {
            "hash": "0ae5f2d3617e9d058c5c8a47596ab2d054234c55",
            "messageTitle": "Managed to add left menu buttons",
            "messageBody": "",
            "insertions": 106,
            "deletions": 52
          },
          {
            "hash": "8cb9fd8a2dda406d14f4854b56fcd2141f52be08",
            "messageTitle": "Added search by id",
            "messageBody": "",
            "insertions": 169,
            "deletions": 12
          }
        ]
      },
      {
        "insertions": 2105,
        "deletions": 505,
        "date": "2020-04-02",
        "commitResults": [
          {
            "hash": "c6a6e3c09ca5af066689e67f8b63f2e5057b4275",
            "messageTitle": "added color schemes :)",
            "messageBody": "",
            "insertions": 25,
            "deletions": 23
          },
          {
            "hash": "d480c8bfa4380f4c4f85cfba8fa9b4768898bf50",
            "messageTitle": "Added selecting student,teacher,course,finance,assignment",
            "messageBody": "",
            "insertions": 691,
            "deletions": 46
          },
          {
            "hash": "6e168e007965c9017a602ec097e401c9067f2af8",
            "messageTitle": "Fix mispell",
            "messageBody": "",
            "insertions": 1,
            "deletions": 1
          },
          {
            "hash": "15fd0dbb980794d0c12a1509c476e79ed79cd97a",
            "messageTitle": "Try fix select",
            "messageBody": "",
            "insertions": 129,
            "deletions": 69
          },
          {
            "hash": "2a8cafdfa37bd39fe7f138473d1eca3dded68c17",
            "messageTitle": "Merge branch \u0027master\u0027 of https://github.com/AY1920S2-CS2103-W14-1/main into UIRevamp",
            "messageBody": "# Conflicts:\n#\tsrc/main/java/seedu/address/logic/parser/ParserUtil.java\n#\tsrc/main/java/seedu/address/logic/parser/parserAdd/AddTeacherCommandParser.java\n#\tsrc/main/java/seedu/address/model/Model.java\n#\tsrc/main/java/seedu/address/model/ModelManager.java\n#\tsrc/main/java/seedu/address/model/modelStaff/TeacherIDContainsKeywordsPredicate.java\n#\tsrc/main/java/seedu/address/model/modelTeacher/Teacher.java\n#\tsrc/main/java/seedu/address/storage/StorageManager.java\n#\tsrc/main/java/seedu/address/storage/storageStaff/JsonStaffAddressBookStorage.java\n#\tsrc/main/java/seedu/address/ui/MainWindow.java\n",
            "insertions": 4,
            "deletions": 4
          },
          {
            "hash": "e38bd54a619ea632dd9f4b70f29ec84600acb506",
            "messageTitle": "Seperate course views in student and staff",
            "messageBody": "",
            "insertions": 65,
            "deletions": 20
          },
          {
            "hash": "c0eb844d6032ecd81b68c9e7351f1cac10641c99",
            "messageTitle": "Fixed empty cells color schemes",
            "messageBody": "",
            "insertions": 1,
            "deletions": 1
          },
          {
            "hash": "c816706700719316fbe85935b887de8a890bb67a",
            "messageTitle": "Updated tab headers",
            "messageBody": "",
            "insertions": 49,
            "deletions": 20
          },
          {
            "hash": "f524ca2163414204a1501b9dfc9eddbcd245ce1f",
            "messageTitle": "Fixed distorted tabs",
            "messageBody": "",
            "insertions": 11,
            "deletions": 11
          },
          {
            "hash": "a5b2c2455c8e589fb1d152c79927c7d44ecc92e0",
            "messageTitle": "Added nice icons for each tab",
            "messageBody": "",
            "insertions": 343,
            "deletions": 99
          },
          {
            "hash": "b3f45659c50b621dd8a7845bcf291127d82da32c",
            "messageTitle": "enabled selecting student, staff and course by clicking on it",
            "messageBody": "",
            "insertions": 92,
            "deletions": 26
          },
          {
            "hash": "c63fb1ec362064d6dfc9cfc05b28f376b06d97fa",
            "messageTitle": "Added Brand New Sample Data",
            "messageBody": "",
            "insertions": 153,
            "deletions": 35
          },
          {
            "hash": "29457464715b759578028d40c8664c57d482edc8",
            "messageTitle": "Added back loading from sample data",
            "messageBody": "",
            "insertions": 18,
            "deletions": 21
          },
          {
            "hash": "187a983e9b117aa0b309e060657763b197ab2ade",
            "messageTitle": "Removed extra panels in finance and assignment",
            "messageBody": "",
            "insertions": 23,
            "deletions": 3
          },
          {
            "hash": "962f995951a97f3fe3de229b423ac21e21146ca2",
            "messageTitle": "fix weird travis tests",
            "messageBody": "",
            "insertions": 2,
            "deletions": 2
          },
          {
            "hash": "87393aa8e35e6d79f7b273b79c7acd861cbb2f39",
            "messageTitle": "Clicking the buttons only work in the right view!!",
            "messageBody": "",
            "insertions": 27,
            "deletions": 16
          },
          {
            "hash": "cb86c57f4bf706ca3b748639c3560c4d17f65364",
            "messageTitle": "Added cute icons :D",
            "messageBody": "",
            "insertions": 2,
            "deletions": 2
          },
          {
            "hash": "9ad87dd2703eb060399c6b62808320de40ceec02",
            "messageTitle": "updated icons",
            "messageBody": "",
            "insertions": 20,
            "deletions": 19
          },
          {
            "hash": "0a863452884eb00ff97b42a285cf12d29d79a4ae",
            "messageTitle": "No longer show the names, just the id in the list",
            "messageBody": "",
            "insertions": 39,
            "deletions": 37
          },
          {
            "hash": "ffff4e7f64cf838aaa2353645cb6c582de01f769",
            "messageTitle": "changed color scheme",
            "messageBody": "",
            "insertions": 6,
            "deletions": 6
          },
          {
            "hash": "0b91054c60ca4ad8276ef80448c1adfae8ef02e7",
            "messageTitle": "Added basic home button",
            "messageBody": "",
            "insertions": 27,
            "deletions": 7
          },
          {
            "hash": "a67ea28ae8cb9d1326a97956993e26f659979c5c",
            "messageTitle": "Finished summary panel",
            "messageBody": "",
            "insertions": 93,
            "deletions": 20
          },
          {
            "hash": "f8051deb759dcd7cf94941501cf1d41ca15ebcba",
            "messageTitle": "Added switching using commands",
            "messageBody": "",
            "insertions": 269,
            "deletions": 2
          },
          {
            "hash": "42c043f03e0e0fbd6b36c5b345850c42db7e92be",
            "messageTitle": "Fix Summary panel size",
            "messageBody": "",
            "insertions": 13,
            "deletions": 13
          },
          {
            "hash": "84fd20aa4ce260b286609c9c9e311d36befc69ec",
            "messageTitle": "Fix Travis test",
            "messageBody": "",
            "insertions": 1,
            "deletions": 1
          },
          {
            "hash": "9d4541960be609501540adc67d486a2a6008416c",
            "messageTitle": "Fix Travis again",
            "messageBody": "",
            "insertions": 1,
            "deletions": 1
          }
        ]
      },
      {
        "insertions": 2554,
        "deletions": 670,
        "date": "2020-04-04",
        "commitResults": [
          {
            "hash": "426754893d06635fda70628b472f5f427deaa703",
            "messageTitle": "Detailed and General student cards",
            "messageBody": "",
            "insertions": 280,
            "deletions": 29
          },
          {
            "hash": "c3608fc247cefcee9a86c0c2dffa0bd27d9e8834",
            "messageTitle": "Changed UI for general cards",
            "messageBody": "",
            "insertions": 469,
            "deletions": 27
          },
          {
            "hash": "6f5480c364a850b1d97b08fa7f1cd8aab5deb9ee",
            "messageTitle": "Switch all cards to general view",
            "messageBody": "",
            "insertions": 547,
            "deletions": 365
          },
          {
            "hash": "8c8284caf41ea24676d5054ec1f52db94ac1197c",
            "messageTitle": "added scroll to detailed panel",
            "messageBody": "",
            "insertions": 29,
            "deletions": 7
          },
          {
            "hash": "0d0cb0ce60ad807949794c1a48b1ba9a5dc311c6",
            "messageTitle": "Added support for detailed panel for all 5 tabs",
            "messageBody": "",
            "insertions": 395,
            "deletions": 105
          },
          {
            "hash": "c272c4555b6d174ce5d9299f0fc2cbe2114a205b",
            "messageTitle": "allow detailed panels",
            "messageBody": "",
            "insertions": 15,
            "deletions": 5
          },
          {
            "hash": "eca4cade14f6a5b429ca0ac673d98646e2cb2a7f",
            "messageTitle": "test",
            "messageBody": "",
            "insertions": 225,
            "deletions": 0
          },
          {
            "hash": "6ae20712d52b67109e46f998cc042ff89f54b507",
            "messageTitle": "test",
            "messageBody": "",
            "insertions": 2,
            "deletions": 1
          },
          {
            "hash": "d1097d0a4725ffd1785d8672374542607e144a10",
            "messageTitle": "Change color scheme of progress",
            "messageBody": "",
            "insertions": 17,
            "deletions": 5
          },
          {
            "hash": "d6d55e2840000f7c4ac7871bbca58546ed05917a",
            "messageTitle": "Added progress to course",
            "messageBody": "",
            "insertions": 260,
            "deletions": 32
          },
          {
            "hash": "74e9616ea11c99268dfeb5f19209c960e6d6b302",
            "messageTitle": "fix command box size",
            "messageBody": "",
            "insertions": 5,
            "deletions": 3
          },
          {
            "hash": "a91a9b3df78de8ac05bd290d70c75300fc0cdc47",
            "messageTitle": "Added gender for staff and student",
            "messageBody": "",
            "insertions": 267,
            "deletions": 64
          },
          {
            "hash": "3d498ab6a248209a3688a59fe0f0a42000873370",
            "messageTitle": "fix travis",
            "messageBody": "",
            "insertions": 27,
            "deletions": 3
          },
          {
            "hash": "753ff1e345cf83601471bd075914d48e3fdad986",
            "messageTitle": "Fix staff bug",
            "messageBody": "",
            "insertions": 16,
            "deletions": 24
          }
        ]
      },
      {
        "insertions": 429,
        "deletions": 103,
        "date": "2020-04-05",
        "commitResults": [
          {
            "hash": "9f3c8f5a22363690175d138e9a000c2441fbd4bd",
            "messageTitle": "Added progress sample data, fixed selecting student, course finance and assignment",
            "messageBody": "",
            "insertions": 400,
            "deletions": 63
          },
          {
            "hash": "02d85ebc266deb8664a0991995da1cd50e7449ed",
            "messageTitle": "Selecting progress of student and course now works perfectly! (Supports ui clicking too :P)",
            "messageBody": "",
            "insertions": 29,
            "deletions": 40
          }
        ]
      },
      {
        "insertions": 14,
        "deletions": 29,
        "date": "2020-04-06",
        "commitResults": [
          {
            "hash": "159cb5f8445ba6f19a8b6cd4f7d471829b14601d",
            "messageTitle": "Revert travis?",
            "messageBody": "",
            "insertions": 14,
            "deletions": 29
          }
        ]
      },
      {
        "insertions": 424,
        "deletions": 310,
        "date": "2020-04-09",
        "commitResults": [
          {
            "hash": "56b6a20af26f1d9f8fa9b3cc4d7cb1674dc125fe",
            "messageTitle": "Added checks for whether ID exists, and added support for UI staff level",
            "messageBody": "",
            "insertions": 98,
            "deletions": 22
          },
          {
            "hash": "fb55534863ffc6f7e1d6e4e7d2cd6210b507b8a9",
            "messageTitle": "Fix summary panel showing wrong number when using find command",
            "messageBody": "",
            "insertions": 27,
            "deletions": 3
          },
          {
            "hash": "bdc71863fa0af2ebb3a0e271b2f29b07ad05ea64",
            "messageTitle": "Fix summary panel not updating properly",
            "messageBody": "",
            "insertions": 29,
            "deletions": 27
          },
          {
            "hash": "fd4bc273647c48fd672c62c37051621f15660d9c",
            "messageTitle": "fix missing progress for courseid 6 and 8",
            "messageBody": "",
            "insertions": 6,
            "deletions": 33
          },
          {
            "hash": "ca37b153947e0ec4ed4414db74974c687f1c663c",
            "messageTitle": "Fix bug of assigned stuffs not showing",
            "messageBody": "",
            "insertions": 47,
            "deletions": 179
          },
          {
            "hash": "c9b5e07d6948dcff511214f26b66c6dfdca294ee",
            "messageTitle": "Fixed bugs",
            "messageBody": "",
            "insertions": 14,
            "deletions": 2
          },
          {
            "hash": "d653717b9578dbaf4663f66b93b392496d8dbfab",
            "messageTitle": "auto switches to correct tab when executing lsit or find commands",
            "messageBody": "",
            "insertions": 13,
            "deletions": 2
          },
          {
            "hash": "17de7df62376315aad43d6c36f894c5e6a7e0990",
            "messageTitle": "fix null main window",
            "messageBody": "",
            "insertions": 3,
            "deletions": 1
          },
          {
            "hash": "d25d8b2540c0b8bfbc8ea70d8969ea7b3ff023cd",
            "messageTitle": "Added F2 to go to previous command, F3 to go to next command",
            "messageBody": "",
            "insertions": 73,
            "deletions": 3
          },
          {
            "hash": "d18c9682e5806490bd6713c11794f2be30236dcb",
            "messageTitle": "Now supports up and down key to select previous and next commands",
            "messageBody": "",
            "insertions": 4,
            "deletions": 3
          },
          {
            "hash": "4278781427d0047fc96cf828a7e51d2532914bd2",
            "messageTitle": "remove print",
            "messageBody": "",
            "insertions": 0,
            "deletions": 20
          },
          {
            "hash": "662d3564e3aff59dea7b0591929e804f5f24a385",
            "messageTitle": "now supports CTRL+UP or CRTL+DOWN to quickly shift between tabs",
            "messageBody": "",
            "insertions": 95,
            "deletions": 1
          },
          {
            "hash": "e982382372fa30bae253dcc10e8c27d8e04ab905",
            "messageTitle": "Added feedback to user for undoa nd redo",
            "messageBody": "",
            "insertions": 15,
            "deletions": 14
          }
        ]
      },
      {
        "insertions": 32,
        "deletions": 22,
        "date": "2020-04-10",
        "commitResults": [
          {
            "hash": "30017efa7f9cfe8794f6838ef1b777b87ca4bec7",
            "messageTitle": "bug fix",
            "messageBody": "",
            "insertions": 32,
            "deletions": 22
          }
        ]
      },
      {
        "insertions": 42,
        "deletions": 24,
        "date": "2020-04-13",
        "commitResults": [
          {
            "hash": "6ef78272ff1e1425e6f5bd1891d412262b29be39",
            "messageTitle": "Update UG",
            "messageBody": "",
            "insertions": 25,
            "deletions": 9
          },
          {
            "hash": "506ee3dc33a456ab880ee605d2ac6b73504f1a04",
            "messageTitle": "update UG",
            "messageBody": "",
            "insertions": 6,
            "deletions": 6
          },
          {
            "hash": "5168a5c6284071f5583329d72414cbd3f0467ff7",
            "messageTitle": "fix eof",
            "messageBody": "",
            "insertions": 11,
            "deletions": 9
          }
        ]
      }
    ]
  },
  "authorFinalContributionMap": {
    "lth08091998": 2257,
    "ivanteejj": 5583,
    "tiendat161": 2716,
    "ShengXue97": 11820
  },
  "authorFileTypeContributionMap": {
    "lth08091998": {
      "docs": 0,
      "functional-code": 2145,
      "test-code": 112
    },
    "ivanteejj": {
      "docs": 0,
      "functional-code": 4653,
      "test-code": 928,
      "other": 2
    },
    "tiendat161": {
      "docs": 0,
      "functional-code": 2293,
      "test-code": 423
    },
    "ShengXue97": {
      "docs": 0,
      "functional-code": 10647,
      "test-code": 1172,
      "other": 1
    }
  },
  "authorContributionVariance": {
    "lth08091998": 109017.766,
    "ivanteejj": 1.6883202E7,
    "tiendat161": 75638.29,
    "ShengXue97": 7406031.5
  },
  "authorDisplayNameMap": {
    "lth08091998": "CS2103-W14-1 LE T..HIEU",
    "ivanteejj": "CS2103-W14-1 TEE ..IVAN",
    "tiendat161": "CS2103-W14-1 NGUY.. DAT",
    "ShengXue97": "CS2103-W14-1 SIM .. XUE"
  }
}
