{
  "authorDailyContributionsMap": {
    "lth08091998": [
      {
        "insertions": 1,
        "deletions": 1,
        "date": "2020-02-18",
        "commitResults": [
          {
            "hash": "631a7399c17c57bc4890c54da10e35d96c56fc93",
            "messageTitle": "Test Travis",
            "messageBody": "",
            "insertions": 1,
            "deletions": 0
          },
          {
            "hash": "9b388a3610804c56b23a5e051654c51fd3e4b11c",
            "messageTitle": "Test Travis again",
            "messageBody": "",
            "insertions": 0,
            "deletions": 1
          }
        ]
      }
    ],
    "ivanteejj": [],
    "tiendat161": [],
    "ShengXue97": [
      {
        "insertions": 688,
        "deletions": 44,
        "date": "2020-02-23",
        "commitResults": [
          {
            "hash": "8b9fa5a55c68e53daf4affa8c566e370277a1398",
            "messageTitle": "Added left menu buttons!!!! :)",
            "messageBody": "",
            "insertions": 36,
            "deletions": 21
          },
          {
            "hash": "540d66278b3cc37bb9148d9b0aae7da484565e4f",
            "messageTitle": "Manage to add base code for different tabs??",
            "messageBody": "",
            "insertions": 135,
            "deletions": 0
          },
          {
            "hash": "a16445e4502e87b80be3db0c585b7882b18d6737",
            "messageTitle": "Trying to add different tabs",
            "messageBody": "",
            "insertions": 145,
            "deletions": 23
          },
          {
            "hash": "d7f8b3775112080ff6ddb4803958bd1417aee66e",
            "messageTitle": "Added base for course and finance tab",
            "messageBody": "",
            "insertions": 240,
            "deletions": 0
          },
          {
            "hash": "64af336c21ba6c62c1ec73dc8a36e176ff34af00",
            "messageTitle": "Added nice border",
            "messageBody": "",
            "insertions": 132,
            "deletions": 0
          }
        ]
      },
      {
        "insertions": 7910,
        "deletions": 562,
        "date": "2020-02-24",
        "commitResults": [
          {
            "hash": "bf5a23c6f17afbfbb0fc7400bfabe1acb1755715",
            "messageTitle": "still trying to make new tab work",
            "messageBody": "",
            "insertions": 1318,
            "deletions": 83
          },
          {
            "hash": "9b924ba58d526fb29e2c5970b32f2421dec35346",
            "messageTitle": "FINALLY MANAGED TO ADD TEACHER TAB!!!",
            "messageBody": "",
            "insertions": 1,
            "deletions": 5
          },
          {
            "hash": "21531721526ca49bb0b16e25df0a3b2a285dde8e",
            "messageTitle": "Moved teacher into packages",
            "messageBody": "",
            "insertions": 216,
            "deletions": 40
          },
          {
            "hash": "6b90565287c4c8f9189391ec459e6a280c511dce",
            "messageTitle": "Database for students, teachers, courses, and finances now work",
            "messageBody": "",
            "insertions": 3554,
            "deletions": 196
          },
          {
            "hash": "346ad9b17ebdbbe62910c099c4b9e6d1849a9121",
            "messageTitle": "Added description to cards",
            "messageBody": "",
            "insertions": 28,
            "deletions": 7
          },
          {
            "hash": "5afd062c2b77fda34705c54dab5e8792b51d160b",
            "messageTitle": "Support adding student command",
            "messageBody": "",
            "insertions": 183,
            "deletions": 41
          },
          {
            "hash": "f8de9f774c3a38e21dd83ab9e978bac5589d2f00",
            "messageTitle": "Add command for all 4",
            "messageBody": "",
            "insertions": 118,
            "deletions": 0
          },
          {
            "hash": "bda4890b171878c82df1cde4703ebbc077be3d23",
            "messageTitle": "Add command for all 4",
            "messageBody": "",
            "insertions": 76,
            "deletions": 82
          },
          {
            "hash": "574a3e23d14b85845ab4ca1af55398b6f9648fb6",
            "messageTitle": "Put Add Commands into packages",
            "messageBody": "",
            "insertions": 75,
            "deletions": 58
          },
          {
            "hash": "65ecd940dde19553887b0a45aacdfc23f2537c57",
            "messageTitle": "Now supports delete for all 4 tabs!",
            "messageBody": "",
            "insertions": 392,
            "deletions": 12
          },
          {
            "hash": "04956339aef56a1dc49774959502f7761c364029",
            "messageTitle": "Added Find commands for all 4 tabs",
            "messageBody": "",
            "insertions": 467,
            "deletions": 10
          },
          {
            "hash": "172fcb53b92192cb7db4cbe57f87cecb7be86bd3",
            "messageTitle": "Added List command for all 4 tabs",
            "messageBody": "",
            "insertions": 100,
            "deletions": 0
          },
          {
            "hash": "6af5d785762fa96c28a4bc8726fae1545364a6f7",
            "messageTitle": "Added List command for all 4 tabs",
            "messageBody": "",
            "insertions": 34,
            "deletions": 7
          },
          {
            "hash": "7d8141dfa5cc3eb01b48baa3704a6ff1f5bf5486",
            "messageTitle": "Support editing for all 4 tabs",
            "messageBody": "",
            "insertions": 1348,
            "deletions": 21
          }
        ]
      },
      {
        "insertions": 10327,
        "deletions": 8944,
        "date": "2020-02-29",
        "commitResults": [
          {
            "hash": "851d37dce91b36ad1acfbb233607a9f3e352b655",
            "messageTitle": "reformat code",
            "messageBody": "",
            "insertions": 9128,
            "deletions": 8885
          },
          {
            "hash": "39e552c020b5e5e5acefe08932a36dde0c4edf3d",
            "messageTitle": "Try to fix Junit tests",
            "messageBody": "",
            "insertions": 1114,
            "deletions": 26
          },
          {
            "hash": "45dee28bbb0bc4b13bd907adea29b2db7234d93c",
            "messageTitle": "Fixed testing issues",
            "messageBody": "",
            "insertions": 85,
            "deletions": 33
          }
        ]
      }
    ]
  },
  "authorFinalContributionMap": {
    "lth08091998": 0,
    "ivanteejj": 0,
    "tiendat161": 0,
    "ShengXue97": 9388
  },
  "authorFileTypeContributionMap": {
    "lth08091998": {
      "java": 0,
      "md": 0,
      "fxml": 0,
      "sh": 0,
      "bat": 0,
      "gradle": 0,
      "txt": 0
    },
    "ivanteejj": {
      "java": 0,
      "md": 0,
      "fxml": 0,
      "sh": 0,
      "bat": 0,
      "gradle": 0,
      "txt": 0
    },
    "tiendat161": {
      "java": 0,
      "md": 0,
      "fxml": 0,
      "sh": 0,
      "bat": 0,
      "gradle": 0,
      "txt": 0
    },
    "ShengXue97": {
      "java": 9103,
      "md": 0,
      "fxml": 284,
      "sh": 0,
      "bat": 0,
      "gradle": 1,
      "txt": 0
    }
  },
  "authorContributionVariance": {
    "lth08091998": 0.234375,
    "ivanteejj": 0.0,
    "tiendat161": 0.0,
    "ShengXue97": 2.456284E7
  },
  "authorDisplayNameMap": {
    "lth08091998": "CS2103-W14-1 LE T..HIEU",
    "ivanteejj": "CS2103-W14-1 TEE ..IVAN",
    "tiendat161": "CS2103-W14-1 NGUY.. DAT",
    "ShengXue97": "CS2103-W14-1 SIM .. XUE"
  }
}
